sample_index,alpha1,alpha2,alpha3,delta1,v1_max_excess,v2_max_excess,v1_verdict,v2_verdict,sim_verdict
0,0.428187295513188,0.863838497282127,0.0850909369692279,1.31613195588403,2.036225e-01,0.000000e+00,stable,stable,not_audited
1,0.627313225679853,0.269862859015508,0.313629292746174,1.27841005039627,2.036225e-01,0.000000e+00,stable,stable,not_audited
2,0.83919488374682,-0.520637626878081,0.259619622459823,1.2007567994596,2.036219e-01,0.000000e+00,stable,stable,not_audited
3,0.29976632282144,0.421089655623124,0.291737622628031,-1.19016093349256,2.036245e-01,0.000000e+00,stable,stable,not_audited
4,0.737723815118203,0.167144790388317,0.217830015743343,1.28666738204971,2.036206e-01,0.000000e+00,stable,stable,not_audited
5,0.544147504145527,1.00255044140703,0.364702270129827,-1.36431459801586,2.036200e-01,0.000000e+00,stable,stable,not_audited
6,0.867177089075579,-1.00784561953828,0.0980986436012488,1.09017461476141,2.036192e-01,0.000000e+00,stable,stable,not_audited
7,-0.943403495098137,1.03139834556209,0.829292530006961,-0.653506862720516,2.036188e-01,0.000000e+00,stable,stable,not_audited
8,0.828686676657926,-0.630666384290274,0.581123237236721,1.15102418690782,2.036188e-01,0.000000e+00,stable,stable,not_audited
9,0.509657503255122,-1.59912977457327,0.0841787263866056,0.743735258103109,2.036180e-01,0.000000e+00,stable,stable,not_audited
10,0.448606402208813,0.105406948812111,0.287442895292914,1.139528264692,2.036178e-01,0.000000e+00,stable,stable,not_audited
11,0.942331246611731,0.667700049818723,0.0805757845663729,1.423119082565,2.036177e-01,0.000000e+00,stable,stable,not_audited
12,0.0497837379721986,-0.0222974586744293,0.251158598477121,-0.927315626676117,2.036176e-01,0.000000e+00,stable,stable,not_audited
13,0.74885700766595,1.439037166684,0.152112945426725,1.58278861294362,2.036285e-01,0.000000e+00,stable,stable,not_audited
14,0.922367048170972,0.423260216590533,1.01275811698677,-1.37207160081067,2.036173e-01,0.000000e+00,stable,stable,not_audited
15,0.951082336642775,1.32869729722815,1.57216084237405,-1.63389853429113,2.036287e-01,0.000000e+00,stable,stable,not_audited
16,0.767307945630125,-1.629708724341,1.04137682905862,0.879895458366303,2.036172e-01,0.000000e+00,stable,stable,not_audited
17,0.467964688677803,0.00916705968752085,0.172365682769016,1.120650036845,2.036169e-01,0.000000e+00,stable,stable,not_audited
18,0.403042426918913,0.834893359321134,0.147992822686189,-1.25670697764498,2.036168e-01,0.000000e+00,stable,stable,not_audited
19,-0.765202589352718,0.534557349717879,1.43391640730257,0.638063257669735,2.036294e-01,0.000000e+00,stable,stable,not_audited
20,0.323385886143797,-0.477095336910854,0.1153475639536,0.942940690624503,2.036164e-01,0.000000e+00,stable,stable,not_audited
21,0.433565081028745,-0.433342093058901,0.134322217455667,1.09349065411216,2.036307e-01,0.000000e+00,stable,stable,not_audited
22,0.582821341482833,1.37296386933975,0.0552245500429202,1.53361512923486,2.036309e-01,0.000000e+00,stable,stable,not_audited
23,-0.680396050602973,0.30805313782045,0.212708595229897,-0.618583447569794,2.036309e-01,0.000000e+00,stable,stable,not_audited
24,-0.317846724771417,0.754962974307984,0.263650461223811,-0.9230092263109,2.036151e-01,0.000000e+00,stable,stable,not_audited
25,0.750323720638411,-0.853770246063581,0.0500525638396822,-1.04301727873109,2.036148e-01,0.000000e+00,stable,stable,not_audited
26,-0.748887970417495,1.22564602372232,0.454250617126756,0.906374118775962,2.036321e-01,0.000000e+00,stable,stable,not_audited
27,0.210482293223492,0.0219007077913504,0.135434102238526,-1.10419819683621,2.036321e-01,0.000000e+00,stable,stable,not_audited
28,0.159904944054743,-0.75754225365403,0.89174393905365,-0.859101226098653,2.036332e-01,0.000000e+00,stable,stable,not_audited
29,-0.75074095409968,1.93303095656802,1.68016621658954,0.989866371331098,2.036140e-01,0.000000e+00,stable,stable,not_audited
30,0.693449606161196,0.742673518661054,0.255603052591579,-1.31898286850822,2.036139e-01,0.000000e+00,stable,stable,not_audited
31,0.257896875460273,0.157835358481853,0.0862809145313178,1.17247810664616,2.036340e-01,0.000000e+00,stable,stable,not_audited
32,0.0843581287983974,0.754323956611345,1.26314813739676,1.23487671788992,2.036346e-01,0.000000e+00,stable,stable,not_audited
33,0.921409099046032,0.0625298243551637,0.35400986589213,-1.44851497985598,2.036352e-01,0.000000e+00,stable,stable,not_audited
34,0.582295510217134,1.99331249828988,0.529469267266194,-1.68360627121596,2.036358e-01,0.000000e+00,stable,stable,not_audited
35,0.879738137022468,0.294432872453138,0.138610227950405,1.29128037568127,2.036122e-01,0.000000e+00,stable,stable,not_audited
36,0.927226301196137,1.93726436172959,0.153398033991725,1.79572699900567,2.036365e-01,0.000000e+00,stable,stable,not_audited
37,-0.614271759620449,0.494452338678966,0.488742432129089,-0.666094326701957,2.036119e-01,0.000000e+00,stable,stable,not_audited
38,-0.988950419733667,1.94990339863197,1.44381566907905,-1.00560519447385,2.036374e-01,0.000000e+00,stable,stable,not_audited
39,0.882569536575304,-0.8040951650348,0.650600620949371,1.26259349161779,2.036376e-01,0.000000e+00,stable,stable,not_audited
40,-0.99063546359726,0.90469271638378,0.0566715852160094,-0.629508293936127,2.036376e-01,0.000000e+00,stable,stable,not_audited
41,0.901315701944673,1.42929884022585,0.135757360645236,1.46831290927091,2.036112e-01,0.000000e+00,stable,stable,not_audited
42,-0.519604777529094,0.644218627716681,0.367120044192343,0.762593067633174,2.036106e-01,0.000000e+00,stable,stable,not_audited
43,0.71309167966842,-1.62508069729985,0.394314881410523,-0.81517830271747,2.036105e-01,0.000000e+00,stable,stable,not_audited
44,0.993252092705303,-1.45283741573393,0.329560326422131,-1.16885735157546,2.036393e-01,0.000000e+00,stable,stable,not_audited
45,0.603647546055743,-0.777235660732275,0.11898706425166,1.14411438780358,2.036397e-01,0.000000e+00,stable,stable,not_audited
46,0.853237505781082,1.10450415866582,0.257688667418469,1.65594641806345,2.036398e-01,0.000000e+00,stable,stable,not_audited
47,0.90360320722976,-0.725533401440058,0.0876725247038616,-1.30722644604475,2.036402e-01,0.000000e+00,stable,stable,not_audited
48,0.364172489361211,-0.0270013475302249,0.0582332103787531,-1.01974820190976,2.036098e-01,0.000000e+00,stable,stable,not_audited
49,0.901199807227578,1.48163919520533,1.07657293037224,1.74780631371006,2.036408e-01,0.000000e+00,stable,stable,not_audited
50,0.72835587193735,-1.28226710622791,0.295583828796241,0.899919864951249,2.036092e-01,0.000000e+00,stable,stable,not_audited
51,-0.0492405049435082,0.631339356146675,1.54763026720492,0.976547424218859,2.036087e-01,0.000000e+00,stable,stable,not_audited
52,0.733620238191314,-0.464526279589506,0.629997407092535,-1.06989847167459,2.036083e-01,0.000000e+00,stable,stable,not_audited
53,0.972770995314012,-1.18242270429895,0.428301718158804,1.01913303724783,2.036079e-01,0.000000e+00,stable,stable,not_audited
54,0.851572215270079,-0.860741994885297,1.88143149178696,-1.27712795071112,2.036445e-01,0.000000e+00,stable,stable,not_audited
55,0.133397947223308,0.428973137616509,0.435496970487744,1.241420060173,2.036447e-01,0.000000e+00,stable,stable,not_audited
56,0.953799767453676,0.574683950677572,0.217685202143556,-1.63483236216044,2.036449e-01,0.000000e+00,stable,stable,not_audited
57,-0.564915515025063,1.14752559342406,0.371561151786042,-1.05765445339523,2.036452e-01,0.000000e+00,stable,stable,not_audited
58,0.759586153349288,1.69683554872452,1.11030835519389,1.4272039603965,2.036074e-01,0.000000e+00,stable,stable,not_audited
59,0.92286801871088,-0.422469212631644,1.27122849826557,-1.41994350156523,2.036456e-01,0.000000e+00,stable,stable,not_audited
60,0.613584675432504,1.17264432351792,0.652356018237345,1.30242191101697,2.036071e-01,0.000000e+00,stable,stable,not_audited
61,0.22090914090037,0.571598255348317,0.107268124928076,1.06193368707986,2.036070e-01,0.000000e+00,stable,stable,not_audited
62,-0.784228088175593,0.606421868105348,0.982847715757886,-0.710268124180285,2.036464e-01,0.000000e+00,stable,stable,not_audited
63,0.283019429564777,-1.39457064333302,0.0694771324033058,0.768149634493844,2.036464e-01,0.000000e+00,stable,stable,not_audited
64,-0.869984596478143,0.629843123041398,0.994729392472403,-0.509437205876302,2.036066e-01,0.000000e+00,stable,stable,not_audited
65,-0.710223704282668,1.08425672639246,0.115659208676787,-0.956306153575903,2.036475e-01,0.000000e+00,stable,stable,not_audited
66,0.734643923791463,0.680801309583755,0.297735246569396,-1.25660520829793,2.036065e-01,0.000000e+00,stable,stable,not_audited
67,0.469997708196658,-1.33994636679787,1.2670413729918,0.935609494115596,2.036478e-01,0.000000e+00,stable,stable,not_audited
68,-0.515043223639334,1.6381827449638,0.831749185208164,-0.976137103965347,2.036063e-01,0.000000e+00,stable,stable,not_audited
69,-0.086900081665493,1.63795686942819,0.259964429391095,-1.44553987536155,2.036481e-01,0.000000e+00,stable,stable,not_audited
70,-0.52965806146196,0.734021654535005,1.12122966511552,0.757891425127517,2.036062e-01,0.000000e+00,stable,stable,not_audited
71,0.0377498130354703,0.905634520099928,1.43405641634308,-1.33584193491683,2.036486e-01,0.000000e+00,stable,stable,not_audited
72,-0.408575292064423,-0.388424045770174,0.0569909495230032,-0.467734262595229,2.036060e-01,0.000000e+00,stable,stable,not_audited
73,0.0147097866285255,1.68163330151644,0.13073804476777,-1.50913212554354,2.036494e-01,0.000000e+00,stable,stable,not_audited
74,0.689937690636438,1.20458622105789,0.48013695121139,1.68943523215469,2.036495e-01,0.000000e+00,stable,stable,not_audited
75,0.55577114608164,1.5871514477338,0.239686612393516,1.71302258950048,2.036497e-01,0.000000e+00,stable,stable,not_audited
76,0.263653778196576,1.66357842991322,0.21044008282547,-1.61459541471704,2.036500e-01,0.000000e+00,stable,stable,not_audited
77,-0.207361560606275,0.348060758591236,1.67646445218184,-0.819299792703468,2.036054e-01,0.000000e+00,stable,stable,not_audited
78,0.828961083414817,1.83435291141271,0.6182198678987,-1.4453548606742,2.036054e-01,0.000000e+00,stable,stable,not_audited
79,0.704790911128381,-1.19285540440712,0.150021214753854,-0.884211663695982,2.036052e-01,0.000000e+00,stable,stable,not_audited
80,0.114679397432014,0.829355046383649,0.878068308234709,1.36971522980639,2.036511e-01,0.000000e+00,stable,stable,not_audited
81,-0.222225505764134,0.759856781659823,0.41646591301274,-1.17537201298425,2.036513e-01,0.000000e+00,stable,stable,not_audited
82,0.489864939189755,1.90928321903993,0.47324498076362,1.76365271765295,2.036515e-01,0.000000e+00,stable,stable,not_audited
83,0.862955487496782,0.451440772215116,0.0884904498852069,-1.62683038612855,2.036521e-01,0.000000e+00,stable,stable,not_audited
84,0.671651362483557,1.3142567042782,0.173316262505134,1.72505658708038,2.036523e-01,0.000000e+00,stable,stable,not_audited
85,-0.00875063135465981,1.71167302480535,0.555959375559168,1.52658246818906,2.036526e-01,0.000000e+00,stable,stable,not_audited
86,0.271098361456403,0.183725266041451,1.45766287823883,-1.29486521588049,2.036527e-01,0.000000e+00,stable,stable,not_audited
87,0.842568242279018,0.668953289678794,0.458825086175564,-1.67333411436221,2.036535e-01,0.000000e+00,stable,stable,not_audited
88,0.637542128186242,1.29202768570852,1.37170516273715,-1.29781093463019,2.036040e-01,0.000000e+00,stable,stable,not_audited
89,0.772604774368927,-0.813196321365031,0.107428741057646,-1.30441386171675,2.036541e-01,0.000000e+00,stable,stable,not_audited
90,0.82936466089263,1.65908711544349,0.194267621303273,-1.40567695604756,2.036039e-01,0.000000e+00,stable,stable,not_audited
91,0.907587388597857,-0.294319564018944,0.106919612207483,1.50178897457758,2.036548e-01,0.000000e+00,stable,stable,not_audited
92,0.553834498895298,-1.90194634518839,0.0576300478801191,-0.609158302554144,2.036037e-01,0.000000e+00,stable,stable,not_audited
93,0.796840269459139,-1.05393313969687,0.291721289003873,1.25775769022731,2.036550e-01,0.000000e+00,stable,stable,not_audited
94,0.64856902888434,-1.46134456350202,0.888167057481747,-0.784161145171943,2.036036e-01,0.000000e+00,stable,stable,not_audited
95,-0.0674811390861407,0.268853219622986,0.0706582778069773,-0.851235496976889,2.036030e-01,0.000000e+00,stable,stable,not_audited
96,0.730584968393536,-0.102442765006629,0.100419671649455,1.47884702109824,2.036571e-01,0.000000e+00,stable,stable,not_audited
97,-0.170446219615607,-0.690539036270149,1.13705456494438,-0.714538270018882,2.036583e-01,0.000000e+00,stable,stable,not_audited
98,-0.0660747730249351,-0.501696052329694,0.810489588074232,0.893890458150151,2.036592e-01,0.000000e+00,stable,stable,not_audited
99,-0.136588911809987,0.88022709117238,0.10243332881548,-0.944456429350563,2.036020e-01,0.000000e+00,stable,stable,not_audited
100,-0.194645068284157,1.14368017400453,0.7642951924425,1.3442811619719,2.036602e-01,0.000000e+00,stable,stable,not_audited
101,-0.0531718887014383,1.0152419602012,0.488872428814764,-1.38733083192405,2.036606e-01,0.000000e+00,stable,stable,not_audited
102,0.628861299926976,1.44223391292145,0.240243386382824,-1.79645442902047,2.036608e-01,0.000000e+00,stable,stable,not_audited
103,0.069589571522134,-0.466779484262812,0.571616177970374,1.02136094533637,2.036622e-01,0.000000e+00,stable,stable,not_audited
104,0.812705653756844,1.98675263248103,0.412081454002981,-1.98453427231191,2.036624e-01,0.000000e+00,stable,stable,not_audited
105,0.312209936574958,0.639227219081624,0.257829401521668,-1.494759683057,2.036635e-01,0.000000e+00,stable,stable,not_audited
106,0.868432017423545,-0.190187235440092,0.112618511518666,-1.56604684848058,2.036640e-01,0.000000e+00,stable,stable,not_audited
107,-0.209643170619231,-0.454006450525744,0.0770223086269149,-0.570811779479965,2.036008e-01,0.000000e+00,stable,stable,not_audited
108,0.789362657859837,-0.146293954194986,0.116760170394802,-1.54272283107575,2.036646e-01,0.000000e+00,stable,stable,not_audited
109,-0.887813769497057,1.53113937943561,0.0573009234859948,-0.746842435319727,2.036006e-01,0.000000e+00,stable,stable,not_audited
110,-0.691070854543254,1.49262075353076,0.405988381621671,-1.18133998588375,2.036650e-01,0.000000e+00,stable,stable,not_audited
111,0.955040261232487,0.141943774216441,0.0522453641419557,-1.69260950287423,2.036656e-01,0.000000e+00,stable,stable,not_audited
112,-0.89338624986719,1.31210428920055,1.72018891892252,0.984521479198855,2.036667e-01,0.000000e+00,stable,stable,not_audited
113,0.908746884317825,-0.75205570362729,0.140735178759178,1.46521111323635,2.036671e-01,0.000000e+00,stable,stable,not_audited
114,-0.90631426686268,0.712841316401726,1.05856780852803,-0.706708139772619,2.036681e-01,0.000000e+00,stable,stable,not_audited
115,-0.476462946971577,-0.00508236066997481,0.0612023210834666,-0.782741403455392,2.036690e-01,0.000000e+00,stable,stable,not_audited
116,-0.0852057543781088,-0.807939173036644,0.163227679610006,0.528958834224143,2.035993e-01,0.000000e+00,stable,stable,not_audited
117,0.75404811881486,-0.358424978961593,0.707821281703619,-1.01944972950997,2.035986e-01,0.000000e+00,stable,stable,not_audited
118,-0.203825764509474,-0.481126771725613,0.0800762872491617,-0.834144667211129,2.036748e-01,0.000000e+00,stable,stable,not_audited
119,0.63736347536365,0.750555199476509,0.384312932893838,-1.74730618229184,2.036749e-01,0.000000e+00,stable,stable,not_audited
120,0.810211210063957,1.47561766336582,1.52950065394848,-1.98025947815078,2.036750e-01,0.000000e+00,stable,stable,not_audited
121,0.456307160568471,0.690707987505089,0.168777492167738,1.64989539340189,2.036755e-01,0.000000e+00,stable,stable,not_audited
122,0.205048680093782,0.481415891368239,1.82997457671462,1.46786778980984,2.036761e-01,0.000000e+00,stable,stable,not_audited
123,0.149084616299806,0.976218160697506,0.394646637205988,-1.57859894455453,2.036775e-01,0.000000e+00,stable,stable,not_audited
124,-0.514532852328985,1.91335518687739,0.0849724231298173,-1.47795589250804,2.036784e-01,0.000000e+00,stable,stable,not_audited
125,0.625220214083656,-1.33207896688334,0.586092330993994,0.766052783985843,2.035975e-01,0.000000e+00,stable,stable,not_audited
126,0.456023082957582,-0.804580525676417,1.08356764967201,1.24310806750514,2.036789e-01,0.000000e+00,stable,stable,not_audited
127,-0.297391213606231,1.68700543483507,0.756924540467871,-1.53918180094587,2.036791e-01,0.000000e+00,stable,stable,not_audited
128,0.74427749787624,0.107172304349782,1.28214769170728,1.67135219465239,2.036794e-01,0.000000e+00,stable,stable,not_audited
129,0.935827149332175,1.71496012982521,0.0625188357101842,1.36822399045295,2.035973e-01,0.000000e+00,stable,stable,not_audited
130,-0.657316390830974,1.26740542320974,0.742867260646837,1.20031407662979,2.036813e-01,0.000000e+00,stable,stable,not_audited
131,0.539282863419055,1.80904508185052,0.801626719553639,-1.98250286770647,2.036815e-01,0.000000e+00,stable,stable,not_audited
132,-0.605212048833736,0.514019633499746,0.287293614034231,0.946755319123245,2.036821e-01,0.000000e+00,stable,stable,not_audited
133,-0.192228723941112,-0.527938169834554,0.946161434123165,-0.845048851254004,2.036824e-01,0.000000e+00,stable,stable,not_audited
134,-0.388775832041143,0.589400585786923,0.0723058742725997,-1.15402439613458,2.036824e-01,0.000000e+00,stable,stable,not_audited
135,0.484478538940041,1.88026240552882,0.388735879520855,1.98582830223971,2.036832e-01,0.000000e+00,stable,stable,not_audited
136,-0.627219030779609,1.18193850781059,0.231619079823567,0.761980614982704,2.035965e-01,0.000000e+00,stable,stable,not_audited
137,-0.708559115988913,1.89149221162164,0.130828583605324,-1.38948729639241,2.036850e-01,0.000000e+00,stable,stable,not_audited
138,0.610291753371615,-1.4019911015263,0.152144719581326,1.18173343243419,2.036887e-01,0.000000e+00,stable,stable,not_audited
139,-0.0726585132889346,-0.194449310436938,0.148452132240892,-0.691522611668067,2.035953e-01,0.000000e+00,stable,stable,not_audited
140,-0.675126504332644,0.889806612224108,0.436271992470381,1.09381878887051,2.036951e-01,0.000000e+00,stable,stable,not_audited
141,0.400068778585301,-1.69644278108929,0.674922117132922,-0.535357468364435,2.035947e-01,0.000000e+00,stable,stable,not_audited
142,-0.151482747809979,-0.727882027565491,0.312345878589315,-0.817273983484271,2.036952e-01,0.000000e+00,stable,stable,not_audited
143,0.699657992263877,1.01542364603204,0.56882360152473,-1.97254115982698,2.036962e-01,0.000000e+00,stable,stable,not_audited
144,-0.0347095895327252,-0.0985331974808732,0.227935631872042,1.21619146008802,2.036963e-01,0.000000e+00,stable,stable,not_audited
145,0.597241477931626,-1.62815054896884,0.0975273708527273,-1.11080559548851,2.036967e-01,0.000000e+00,stable,stable,not_audited
146,0.483845871932289,-0.4080185949251,0.0786285487533284,1.48180785586762,2.036989e-01,0.000000e+00,stable,stable,not_audited
147,0.133010829010008,1.86924582388526,0.20857795300512,-1.92348222131654,2.036992e-01,0.000000e+00,stable,stable,not_audited
148,0.0393877271694147,1.84595801457429,0.0719021895317526,1.87810693471436,2.037005e-01,0.000000e+00,stable,stable,not_audited
149,0.603495961193531,0.589467074770802,0.318606627415451,1.84697647532121,2.037008e-01,0.000000e+00,stable,stable,not_audited
150,0.247459185325552,0.152287136271781,0.0541346631528237,1.51927444298673,2.037010e-01,0.000000e+00,stable,stable,not_audited
151,0.673816054255868,0.838092836196478,1.1041788585079,-1.9471684393982,2.037011e-01,0.000000e+00,stable,stable,not_audited
152,-0.433665716956178,1.36054498220156,1.07396284389825,1.47137063325685,2.037014e-01,0.000000e+00,stable,stable,not_audited
153,-0.841614932072009,1.55621264422222,1.06692977172074,1.25550561990494,2.037024e-01,0.000000e+00,stable,stable,not_audited
154,0.958717469354615,-0.270536549852981,0.230593068941672,-1.8213088050537,2.037033e-01,0.000000e+00,stable,stable,not_audited
155,-0.68157216111833,0.872985910719163,0.984707885455498,0.643747004083583,2.035936e-01,0.000000e+00,stable,stable,not_audited
156,0.449983349651368,0.415918477509664,1.81728773939693,1.7357256512794,2.037043e-01,0.000000e+00,stable,stable,not_audited
157,0.27651870926101,1.0190918765137,0.679373429143119,-1.80929514755965,2.037048e-01,0.000000e+00,stable,stable,not_audited
158,0.918022489936328,-1.04958068711161,1.40457822793152,1.58153243905562,2.037049e-01,0.000000e+00,stable,stable,not_audited
159,-0.409573448153327,-0.135525943693706,0.297993432186604,0.890062569978936,2.037066e-01,0.000000e+00,stable,stable,not_audited
160,0.00415981623976491,-0.00732174637837191,0.199920285311282,-1.32314147170029,2.037072e-01,0.000000e+00,stable,stable,not_audited
161,0.931972823599604,-1.61821719814634,0.129533936941868,-1.41819079421003,2.037086e-01,0.000000e+00,stable,stable,not_audited
162,-0.964475211212595,1.88765668610614,0.0881098156681044,-0.74455914147549,2.035928e-01,0.000000e+00,stable,stable,not_audited
163,-0.870307767286972,1.84769090034706,0.138565975032541,-1.38498542444956,2.037128e-01,0.000000e+00,stable,stable,not_audited
164,0.166021102625778,0.08052865268892,0.0965249039672406,-1.49497546678079,2.037129e-01,0.000000e+00,stable,stable,not_audited
165,-0.795625240834498,1.94729627460249,0.10131820169614,1.4755133741622,2.037130e-01,0.000000e+00,stable,stable,not_audited
166,-0.772820664890929,0.717975759426098,0.122575340158925,0.978588218418875,2.037137e-01,0.000000e+00,stable,stable,not_audited
167,0.358494374655195,-0.686027746793052,0.208978074972394,-1.36248156885194,2.037144e-01,0.000000e+00,stable,stable,not_audited
168,0.883183123576714,-0.316476788791145,0.0530615047938947,1.82963488694231,2.037151e-01,0.000000e+00,stable,stable,not_audited
169,0.971472844283648,-1.38631009861657,0.0948233019516826,0.861315566679375,2.035923e-01,0.000000e+00,stable,stable,not_audited
170,-0.265555173424057,1.32830361239682,0.10749167848154,-1.63869778220568,2.037164e-01,0.000000e+00,stable,stable,not_audited
171,-0.146666715193426,0.384562447401082,0.38798382026017,-1.39553151235178,2.037170e-01,0.000000e+00,stable,stable,not_audited
172,-0.00261621327250383,-1.23738570100525,0.106357410371466,-0.402747197185419,2.035920e-01,0.000000e+00,stable,stable,not_audited
173,-0.694667674622849,0.642436720713559,1.74565407915877,1.03799384004877,2.037198e-01,0.000000e+00,stable,stable,not_audited
174,0.525279686622679,-1.71942083358335,0.807606721511961,1.07855726297822,2.037201e-01,0.000000e+00,stable,stable,not_audited
175,0.505957094015659,-1.733027165839,0.47555739715903,-1.05224391824132,2.037201e-01,0.000000e+00,stable,stable,not_audited
176,-0.197408816435537,1.76453813507518,0.0569099108859243,-1.83328411544396,2.037203e-01,0.000000e+00,stable,stable,not_audited
177,0.793437847142205,-1.99003255700356,0.189624172773603,1.20577448629347,2.037207e-01,0.000000e+00,stable,stable,not_audited
178,0.188845304330739,1.56348002836843,0.0814145359441875,-1.08220901432809,2.035916e-01,0.000000e+00,stable,stable,not_audited
179,0.312176992773147,0.843612539282789,0.309249933029207,1.87770619013751,2.037234e-01,0.000000e+00,stable,stable,not_audited
180,-0.0703585292121763,-0.377654957631919,1.77624548816178,0.623384825413906,2.035913e-01,0.000000e+00,stable,stable,not_audited
181,0.922523272882434,-1.8856816637716,0.405826099789695,-1.38197210220044,2.037271e-01,0.000000e+00,stable,stable,not_audited
182,0.906229482977417,-0.289766497272141,0.701671630241409,1.91304095117769,2.037272e-01,0.000000e+00,stable,stable,not_audited
183,0.352806192371811,-0.686416546620559,0.382607296553163,-1.41401516221414,2.037292e-01,0.000000e+00,stable,stable,not_audited
184,0.699829156736597,-1.67053504660515,0.234410678860447,1.29608995102701,2.037302e-01,0.000000e+00,stable,stable,not_audited
185,0.601079374594493,0.0396691697518672,0.121342352808275,-1.84880244133445,2.037313e-01,0.000000e+00,stable,stable,not_audited
186,0.221348244709905,-0.0450969130758105,0.127920305462699,-1.57526138424781,2.037335e-01,0.000000e+00,stable,stable,not_audited
187,-0.686871077146627,0.58962308311044,0.117705880006106,0.547750937946551,2.035905e-01,0.000000e+00,stable,stable,not_audited
188,-0.347209629798345,-0.929288697133574,0.449338159464534,0.385058363164932,2.037366e-01,0.000000e+00,stable,stable,not_audited
189,0.21754846698214,-0.617468939388574,1.98715036318822,-1.35884451749818,2.037373e-01,0.000000e+00,stable,stable,not_audited
190,0.0577287756531661,-0.0507162957317515,0.168111209026299,-1.46219511784813,2.037373e-01,0.000000e+00,stable,stable,not_audited
191,0.436000339714821,0.832144135950245,1.26662776932272,-1.03408918059319,2.035903e-01,0.000000e+00,stable,stable,not_audited
192,-0.125829234577477,1.02059683052391,1.0351252389346,1.7283937506906,2.037386e-01,0.000000e+00,stable,stable,not_audited
193,-0.0303065998368268,-0.108874862666415,0.587003779025932,1.37108793786841,2.037392e-01,0.000000e+00,stable,stable,not_audited
194,0.866205995822642,-1.94151808662837,0.372835641697574,-1.35413167424265,2.037393e-01,0.000000e+00,stable,stable,not_audited
195,0.265869966521366,-0.326151187402596,0.08325061924621,1.53387146274515,2.037415e-01,0.000000e+00,stable,stable,not_audited
196,0.185622001018841,-0.119702788653775,0.761763089425323,0.78539907046664,2.035901e-01,0.000000e+00,stable,stable,not_audited
197,-0.0251074308222792,0.176618552306931,0.0953715964465042,-0.7588784873973,2.035898e-01,0.000000e+00,stable,stable,not_audited
198,0.998754319233673,-0.661608120007463,1.45564267188133,1.94287931750007,2.037449e-01,0.000000e+00,stable,stable,not_audited
199,-0.23931943780843,1.82727897414877,0.719672119571876,-1.95234547925618,2.037461e-01,0.000000e+00,stable,stable,not_audited
200,0.309496758183101,-0.0728974790295092,1.73261577518946,1.69033916931544,2.037485e-01,0.000000e+00,stable,stable,not_audited
201,-0.705099196607914,1.50029666420315,0.121653891090491,-0.749629518817418,2.035896e-01,0.000000e+00,stable,stable,not_audited
202,-0.535524216722492,1.02786243398129,0.0961361546907799,-0.721847239582343,2.035896e-01,0.000000e+00,stable,stable,not_audited
203,0.402973511281551,-1.50659947362884,0.363437209464622,-1.15114043413024,2.037516e-01,0.000000e+00,stable,stable,not_audited
204,-0.765584121396862,1.42831452909186,0.362615965184553,-1.44517368559494,2.037525e-01,0.000000e+00,stable,stable,not_audited
205,0.548941371804108,-0.82051473471511,0.145720427561133,1.60450331418904,2.037528e-01,0.000000e+00,stable,stable,not_audited
206,0.41877269679479,-0.869613325184741,0.124269105785932,-1.47702389003105,2.037528e-01,0.000000e+00,stable,stable,not_audited
207,-0.315068695592155,1.90174766427303,0.136901641340559,1.96068683856091,2.037532e-01,0.000000e+00,stable,stable,not_audited
208,0.258111767908323,0.799258097045555,0.0803274463878449,1.9755701059119,2.037533e-01,0.000000e+00,stable,stable,not_audited
209,0.609911150691305,-0.479086603374392,1.08006473895103,1.78853988741798,2.037552e-01,0.000000e+00,stable,stable,not_audited
210,-0.327033198469241,1.66342626118631,0.35608053353895,1.88559029819879,2.037559e-01,0.000000e+00,stable,stable,not_audited
211,-0.19753249138935,1.56374324973866,0.106416021785405,1.9440585544715,2.037570e-01,0.000000e+00,stable,stable,not_audited
212,0.584357515289626,1.29389709419629,0.86085864128988,-1.12845776133189,2.035890e-01,0.000000e+00,stable,stable,not_audited
213,0.839896544064953,0.697226275347277,0.573430729076592,-1.11611986945858,2.035890e-01,0.000000e+00,stable,stable,not_audited
214,-0.949178719921809,1.14699862491471,0.0625593230631511,-1.14275166834409,2.037591e-01,0.000000e+00,stable,stable,not_audited
215,0.556768858658239,0.100749932652354,0.361025482115828,1.9730896611161,2.037601e-01,0.000000e+00,stable,stable,not_audited
216,0.862094026188359,-1.09181601312215,1.77344584545414,1.77143250991206,2.037607e-01,0.000000e+00,stable,stable,not_audited
217,-0.208399769251227,0.951812864702232,0.278443229081657,1.73527231137181,2.037608e-01,0.000000e+00,stable,stable,not_audited
218,-0.863447282646326,1.93567779405629,0.200792910543271,1.6078370114165,2.037612e-01,0.000000e+00,stable,stable,not_audited
219,0.210939462729659,1.50865306250541,0.456195934364792,1.05196047547116,2.035888e-01,0.000000e+00,stable,stable,not_audited
220,0.564733218326777,-0.134056937756629,0.153051514741013,-1.9085249176358,2.037624e-01,0.000000e+00,stable,stable,not_audited
221,-0.30142300884284,1.78435303162317,0.80860647369099,-1.9732481416902,2.037626e-01,0.000000e+00,stable,stable,not_audited
222,-0.105649382917331,1.40429359145394,0.0720794623467385,-0.939885499467366,2.035887e-01,0.000000e+00,stable,stable,not_audited
223,-0.222790322237267,1.37357533478825,0.765113691259322,1.89117817336234,2.037638e-01,0.000000e+00,stable,stable,not_audited
224,-0.225876607585305,1.58025999366364,0.865364331198057,-1.96503572992365,2.037648e-01,0.000000e+00,stable,stable,not_audited
225,-0.578114468669394,0.885415128087752,0.195229408650521,1.40974584120716,2.037652e-01,0.000000e+00,stable,stable,not_audited
226,-0.446613678225393,1.34767190951486,0.0722932971517853,0.812567900432394,2.035886e-01,0.000000e+00,stable,stable,not_audited
227,0.937683397272454,-1.59713461008265,0.132673046412331,-1.65386585774039,2.037660e-01,0.000000e+00,stable,stable,not_audited
228,0.359706019784792,0.0785230960112315,0.0708061350557331,1.85640997616333,2.037667e-01,0.000000e+00,stable,stable,not_audited
229,-0.679196210918799,1.46966648796649,0.779797126433219,1.58787428446547,2.037670e-01,0.000000e+00,stable,stable,not_audited
230,0.345093301792113,-0.462454391177678,0.160678078158401,-1.6378114542835,2.037673e-01,0.000000e+00,stable,stable,not_audited
231,-0.29976779058588,0.998364060586753,1.45268304726591,1.71337628720187,2.037690e-01,0.000000e+00,stable,stable,not_audited
232,0.272131665670865,1.27673426760472,0.449489587183039,1.03209658420095,2.035884e-01,0.000000e+00,stable,stable,not_audited
233,0.93275292324088,-1.73381921899255,0.845596231243149,1.62682981802175,2.037758e-01,0.000000e+00,stable,stable,not_audited
234,-0.288867182821833,-1.01617145555773,1.37347126883127,-0.469082801543197,2.037763e-01,0.000000e+00,stable,stable,not_audited
235,0.640586037051232,-1.60622899693099,0.233168989670613,-1.4198760889786,2.037772e-01,0.000000e+00,stable,stable,not_audited
236,-0.251689743335455,1.4571863892973,0.37076824781615,1.95613499582793,2.037772e-01,0.000000e+00,stable,stable,not_audited
237,0.342578535955013,-1.92198528413137,0.583358729331495,-0.856241197688741,2.037795e-01,0.000000e+00,stable,stable,not_audited
238,0.197003557279489,0.0790746276732457,0.335092622035742,1.78714957074198,2.037808e-01,0.000000e+00,stable,stable,not_audited
239,-0.240456674294968,-0.203352188813526,0.378189806787144,-1.23884932853088,2.037814e-01,0.000000e+00,stable,stable,not_audited
240,-0.714291208290846,0.459970120851625,0.863947936010511,0.479793609484306,2.035877e-01,0.000000e+00,stable,stable,not_audited
241,-0.167660061852592,0.753176917331305,0.438739704804469,1.77165156071557,2.037827e-01,0.000000e+00,stable,stable,not_audited
242,0.609106306227418,1.55272804248993,0.217470107365044,1.1532493683804,2.035877e-01,0.000000e+00,stable,stable,not_audited
243,-0.284284139594135,0.953036380469836,0.216179481788644,1.77240127169252,2.037867e-01,0.000000e+00,stable,stable,not_audited
244,0.639828862730207,-0.432846451540948,0.0710111973355905,-1.95965765277554,2.037879e-01,0.000000e+00,stable,stable,not_audited
245,0.711545697171882,-0.998163980824846,0.806607951857008,0.798205113898694,2.035875e-01,0.000000e+00,stable,stable,not_audited
246,-0.659973390911585,-0.255208574092358,0.154713751033913,-0.509752872087527,2.037892e-01,0.000000e+00,stable,stable,not_audited
247,-0.238933203420288,-0.0800927508659159,0.747652831242785,-0.590116119086685,2.035873e-01,0.000000e+00,stable,stable,not_audited
248,0.756286426114076,-1.58977065101755,0.0614549994766959,1.5889743031295,2.037931e-01,0.000000e+00,stable,stable,not_audited
249,0.808012735881412,1.62506240984904,0.611416884231976,-1.20635039384467,2.035872e-01,0.000000e+00,stable,stable,not_audited
250,-0.322506715735921,-0.19427999226088,0.11010613006391,0.515219311133786,2.035872e-01,0.000000e+00,stable,stable,not_audited
251,0.00458433357517429,-0.663135410457158,1.43334567183085,-1.2900726774969,2.037946e-01,0.000000e+00,stable,stable,not_audited
252,0.840621125224332,1.37656710235913,0.907523683992135,-1.18314182236842,2.035872e-01,0.000000e+00,stable,stable,not_audited
253,-0.510562103476634,0.720234329672645,1.6251976933246,-1.48718981366216,2.037959e-01,0.000000e+00,stable,stable,not_audited
254,0.335528044737819,-0.0991385981565291,1.44986294976518,-1.88761467973108,2.037973e-01,0.000000e+00,stable,stable,not_audited
255,0.157848568827437,1.10111288893716,0.0873333442008046,0.958593448382072,2.035870e-01,0.000000e+00,stable,stable,not_audited
256,-0.3563680675474,0.28297344160787,0.0664055745906203,-1.43212549190481,2.038005e-01,0.000000e+00,stable,stable,not_audited
257,0.477610527171405,-1.01773117484916,1.85691003292818,-0.699460317592076,2.035869e-01,0.000000e+00,stable,stable,not_audited
258,-0.0923103880353211,-0.396156165596694,0.0780890237490808,-1.34970231015454,2.038012e-01,0.000000e+00,stable,stable,not_audited
259,-0.421215494907753,1.02010353093986,0.157841670268447,-0.747532491770422,2.035869e-01,0.000000e+00,stable,stable,not_audited
260,0.362037576629402,-1.51736158084857,0.0998414383914904,-1.22254387005988,2.038019e-01,0.000000e+00,stable,stable,not_audited
261,0.23596182514762,0.0159184147385214,0.133390105113568,1.87001065395348,2.038020e-01,0.000000e+00,stable,stable,not_audited
262,-0.940343749048333,1.55650737391093,1.27583222123657,0.642598422788759,2.035869e-01,0.000000e+00,stable,stable,not_audited
263,0.00385224601600154,0.686909595684756,0.573098878902125,1.96527255934111,2.038049e-01,0.000000e+00,stable,stable,not_audited
264,0.218781680612097,-1.82400612022752,0.0545883769579667,0.761444243939011,2.038074e-01,0.000000e+00,stable,stable,not_audited
265,0.530142637929934,-0.569780090093293,0.115562441844188,-1.8919855518354,2.038079e-01,0.000000e+00,stable,stable,not_audited
266,0.304203161437653,-1.37674279838015,1.52339458987727,-1.25305703864892,2.038082e-01,0.000000e+00,stable,stable,not_audited
267,0.253737829572211,-1.29186688552454,0.355264641797243,1.24550256550632,2.038094e-01,0.000000e+00,stable,stable,not_audited
268,-0.428914747485806,0.20193914834882,1.11486680784609,1.3372091524843,2.038140e-01,0.000000e+00,stable,stable,not_audited
269,0.716969345669442,-0.871326388820423,1.60295346641391,0.813956027471577,2.035864e-01,0.000000e+00,stable,stable,not_audited
270,-0.559650317100007,0.296763177600158,0.174522716539462,1.24403878661957,2.038198e-01,0.000000e+00,stable,stable,not_audited
271,-0.00478072250558326,-0.489712226961528,0.317837603618584,1.44940254334323,2.038216e-01,0.000000e+00,stable,stable,not_audited
272,-0.164595936886341,-0.708860243788513,0.135327341936987,1.1001999040679,2.038251e-01,0.000000e+00,stable,stable,not_audited
273,-0.517552670935209,-0.463972303888309,0.0934468260053144,-0.655837200993606,2.038274e-01,0.000000e+00,stable,stable,not_audited
274,-0.435422602114698,-0.298665674117668,0.102436402121965,1.00121091636965,2.038296e-01,0.000000e+00,stable,stable,not_audited
275,0.663649817654038,-1.27484225777983,0.100308975012443,-1.76956507582824,2.038313e-01,0.000000e+00,stable,stable,not_audited
276,0.704701379031381,-1.46777009201156,0.518900246045276,1.71900430393478,2.038329e-01,0.000000e+00,stable,stable,not_audited
277,0.776710961199987,-1.85795405607394,0.896864106260971,1.59023606733881,2.038334e-01,0.000000e+00,stable,stable,not_audited
278,-0.420381337745309,-0.258703636000779,0.42871787527764,-1.06723240609968,2.038336e-01,0.000000e+00,stable,stable,not_audited
279,-0.946714325561522,1.85177494930143,1.69015889343537,-1.73004245620855,2.038338e-01,0.000000e+00,stable,stable,not_audited
280,-0.514529571052535,-0.412666602221642,1.36872747782585,0.735684223610895,2.038344e-01,0.000000e+00,stable,stable,not_audited
281,0.281341899612013,-0.106560173936944,0.522184779484296,-1.96906888362526,2.038347e-01,0.000000e+00,stable,stable,not_audited
282,0.157869819746786,-1.99226922324993,0.42287877407717,-0.361654103147148,2.038385e-01,0.000000e+00,stable,stable,not_audited
283,0.0803437297368479,-1.53397218901088,1.03441814309356,0.820264931638961,2.038395e-01,0.000000e+00,stable,stable,not_audited
284,0.307121875279282,-1.88624566529453,0.711460763557068,0.925318090548751,2.038403e-01,0.000000e+00,stable,stable,not_audited
285,-0.052281847583892,-0.854221171203501,0.0643296149346733,-1.19276486678066,2.038415e-01,0.000000e+00,stable,stable,not_audited
286,-0.891026728364874,0.992769938071795,0.544175551026656,1.31580084358232,2.038422e-01,0.000000e+00,stable,stable,not_audited
287,-0.436147032968467,0.122471296379152,0.111232901943644,1.34281293542587,2.038423e-01,0.000000e+00,stable,stable,not_audited
288,-0.228908021184706,-1.12379479861876,0.398840194836869,-0.555274675494284,2.038470e-01,0.000000e+00,stable,stable,not_audited
289,-0.711745461215435,0.668265798502873,0.536528716182853,-1.35270739019855,2.038484e-01,0.000000e+00,stable,stable,not_audited
290,0.747226468526871,-1.72587220403326,0.222268172139886,1.67805307946843,2.038509e-01,0.000000e+00,stable,stable,not_audited
291,-0.543427849743221,1.16855739491403,0.1139564091704,-1.85288853174798,2.038543e-01,0.000000e+00,stable,stable,not_audited
292,-0.504428560924566,1.00988621541337,0.919739228542382,1.81890072111848,2.038568e-01,0.000000e+00,stable,stable,not_audited
293,0.838092323929079,-0.525613267306893,0.205949045024575,-0.901081350466371,2.035852e-01,0.000000e+00,stable,stable,not_audited
294,-0.230808727731344,0.653309733388627,0.0521503617423772,-1.9160758801114,2.038570e-01,0.000000e+00,stable,stable,not_audited
295,0.186173164669757,-0.368693911162666,1.78358568064044,-1.8238488179758,2.038580e-01,0.000000e+00,stable,stable,not_audited
296,0.617597307401622,-1.99644292949078,1.39882358225316,1.36999472090885,2.038583e-01,0.000000e+00,stable,stable,not_audited
297,-0.781480394036432,1.2630700624366,1.25850926844779,1.66208749789625,2.038594e-01,0.000000e+00,stable,stable,not_audited
298,0.676841323511445,-1.15585737128178,0.0700176264188462,-1.93201197414706,2.038613e-01,0.000000e+00,stable,stable,not_audited
299,-0.301277092010042,-0.616264044485264,0.155412255765581,-1.01020303734916,2.038621e-01,0.000000e+00,stable,stable,not_audited
300,-0.947367229278299,1.28237791126692,0.267086275412837,-1.48082996898822,2.038632e-01,0.000000e+00,stable,stable,not_audited
301,0.23431343448386,-1.98506783174487,0.349800928212097,-0.671665228940953,2.038638e-01,0.000000e+00,stable,stable,not_audited
302,0.669982295459363,-1.59192083278358,0.0517764637419434,-1.70228684260248,2.038643e-01,0.000000e+00,stable,stable,not_audited
303,0.788426760440819,0.0966949816296045,0.186116193795301,-0.977092101809599,2.035851e-01,0.000000e+00,stable,stable,not_audited
304,0.00720349282593213,-0.0338443855153887,0.091399973584584,1.83136591032837,2.038649e-01,0.000000e+00,stable,stable,not_audited
305,-0.932265051753507,1.37631133151541,1.91104397318715,-1.56372843073538,2.038649e-01,0.000000e+00,stable,stable,not_audited
306,-0.353869371618563,-0.172861775706177,0.233260712527853,-1.29844360256927,2.038651e-01,0.000000e+00,stable,stable,not_audited
307,-0.104701231187027,-0.542081652244994,0.6196795630524,1.39616367997317,2.038673e-01,0.000000e+00,stable,stable,not_audited
308,-0.653290863648102,0.684316227648172,0.620784588277827,-1.48582837508782,2.038682e-01,0.000000e+00,stable,stable,not_audited
309,-0.923021957956658,1.19180602547876,1.18075186196628,1.47424048898296,2.038725e-01,0.000000e+00,stable,stable,not_audited
310,0.581031346874152,-1.56346397609191,1.77234832245906,-1.64053760722545,2.038746e-01,0.000000e+00,stable,stable,not_audited
311,-0.885424777055674,0.488419357461685,0.121252909165967,0.970448633883205,2.038777e-01,0.000000e+00,stable,stable,not_audited
312,0.896380039487171,-1.87440704243472,0.149449418796785,1.83396728610955,2.038780e-01,0.000000e+00,stable,stable,not_audited
313,-0.478671348997555,0.372605334081419,0.0681261916891732,-1.53403208558668,2.038785e-01,0.000000e+00,stable,stable,not_audited
314,-0.753432638496987,0.399484442526552,1.04529237071659,1.14559392043178,2.038823e-01,0.000000e+00,stable,stable,not_audited
315,-0.481354514857867,0.617255392649765,0.109069144917079,-1.69431172933499,2.038826e-01,0.000000e+00,stable,stable,not_audited
316,0.753084214875545,-0.967165485121808,0.0621532310554813,-0.794394108244918,2.035845e-01,0.000000e+00,stable,stable,not_audited
317,0.442287260943284,-0.750832688911252,0.302068057253247,1.98461632742191,2.038905e-01,0.000000e+00,stable,stable,not_audited
318,-0.697019626501328,1.00958164772691,0.190586119651519,-1.69410769175699,2.038923e-01,0.000000e+00,stable,stable,not_audited
319,-0.445745185505904,0.888761867560804,1.30105177545892,1.93475571721755,2.038991e-01,0.000000e+00,stable,stable,not_audited
320,0.666944707599605,-1.37732943104254,0.1674042142222,1.91849177380641,2.039015e-01,0.000000e+00,stable,stable,not_audited
321,0.0595592093643353,-0.577105451659786,0.136863657343569,-1.67247630231985,2.039028e-01,0.000000e+00,stable,stable,not_audited
322,-0.224051316289401,-0.239313540207994,0.196411827601309,1.52512270567725,2.039069e-01,0.000000e+00,stable,stable,not_audited
323,0.00875299548115249,0.686694090360899,0.332106837217273,0.819852935540775,2.035842e-01,0.000000e+00,stable,stable,not_audited
324,-0.910297609109104,1.33152716382397,0.156167392401721,-1.66487318999796,2.039084e-01,0.000000e+00,stable,stable,not_audited
325,0.80725957524165,-1.9230440465019,1.26436228885171,1.78721867873755,2.039113e-01,0.000000e+00,stable,stable,not_audited
326,0.95526401924072,-1.92586937793647,0.128762676701002,1.96816787057307,2.039142e-01,0.000000e+00,stable,stable,not_audited
327,-0.459216053139569,0.888524809218055,1.61012041513322,1.96091549237316,2.039146e-01,0.000000e+00,stable,stable,not_audited
328,-0.549046427788654,-0.116763610357845,0.21919478347245,1.0950488201711,2.039155e-01,0.000000e+00,stable,stable,not_audited
329,0.351048011583501,-1.82380000877921,0.220214314328944,-1.18786528794128,2.039163e-01,0.000000e+00,stable,stable,not_audited
330,-0.564267153368662,-0.441535537843838,0.0615559499895135,0.636667629758239,2.039175e-01,0.000000e+00,stable,stable,not_audited
331,-0.839197167349867,1.5562015968734,0.123432172533662,1.92026913968048,2.039196e-01,0.000000e+00,stable,stable,not_audited
332,-0.856045369677739,0.368351281365817,0.421707060378329,0.967137432069766,2.039258e-01,0.000000e+00,stable,stable,not_audited
333,0.0411508616515524,-1.64551750471303,1.74862273084783,-0.663305117926067,2.039346e-01,0.000000e+00,stable,stable,not_audited
334,0.777136686750041,-1.80871126229896,1.36891415568338,0.636775903462405,2.035837e-01,0.000000e+00,stable,stable,not_audited
335,-0.685849707766076,0.844242133692245,0.500743252538099,-1.70206195916451,2.039370e-01,0.000000e+00,stable,stable,not_audited
336,0.0819372127084421,-0.942966172609477,1.58862934161801,-1.51912884362383,2.039382e-01,0.000000e+00,stable,stable,not_audited
337,0.939159541562409,-1.99307038589024,0.0594970746533287,1.97230585281695,2.039385e-01,0.000000e+00,stable,stable,not_audited
338,-0.536716256579796,0.140277891384257,0.126152901094477,1.39690439809899,2.039402e-01,0.000000e+00,stable,stable,not_audited
339,-0.409892700777635,0.723575446950501,0.465633905176158,1.99964357115269,2.039450e-01,0.000000e+00,stable,stable,not_audited
340,-0.925105384470329,0.245354407026765,0.239086864595047,-0.594855106775785,2.039483e-01,0.000000e+00,stable,stable,not_audited
341,-0.696214602544333,0.120868639082776,0.204589938648255,-1.08070500205683,2.039489e-01,0.000000e+00,stable,stable,not_audited
342,0.711416799328486,-1.84323379335686,0.0857244804510997,-1.8211425863193,2.039577e-01,0.000000e+00,stable,stable,not_audited
343,0.575370508690125,-1.39695828582773,0.0925221190163865,1.95130438765091,2.039640e-01,0.000000e+00,stable,stable,not_audited
344,-0.797526643965526,1.31680665125405,1.18636888472335,-1.93461941135008,2.039658e-01,0.000000e+00,stable,stable,not_audited
345,-0.998799261323136,1.14945557135355,1.57913557781547,-1.52155971361511,2.039698e-01,0.000000e+00,stable,stable,not_audited
346,-0.165760056867187,-0.0705645050659636,0.249881496639918,1.8537176278859,2.039668e-01,0.000000e+00,stable,stable,not_audited
347,-0.100521174047284,-0.170722926273689,0.42790191279179,1.88205543252392,2.039703e-01,0.000000e+00,stable,stable,not_audited
348,0.21717500970011,0.335578890317932,0.110808772349821,0.822366035399642,2.035833e-01,0.000000e+00,stable,stable,not_audited
349,-0.762404736971671,0.995537226377358,0.743415892913342,1.77902111467755,2.039741e-01,0.000000e+00,stable,stable,not_audited
350,-0.56652414800113,0.207200583091643,0.648608023973758,1.46675271916284,2.039770e-01,0.000000e+00,stable,stable,not_audited
351,-0.0975243760767621,-0.357446364410806,1.82769364235196,1.77206562150376,2.039790e-01,0.000000e+00,stable,stable,not_audited
352,0.47254187635271,-1.80850690044381,0.109975401441774,-1.57434861853797,2.040078e-01,0.000000e+00,stable,stable,not_audited
353,-0.0592700056908441,-1.4203188264403,0.0639173247045562,-0.768429513702408,2.040079e-01,0.000000e+00,stable,stable,not_audited
354,0.443647321618522,-1.25744161761883,0.192437217366153,-1.97401279856715,2.040125e-01,0.000000e+00,stable,stable,not_audited
355,-0.0182088327350817,0.919407151709122,0.88243749390399,-0.836274514479255,2.035828e-01,0.000000e+00,stable,stable,not_audited
356,0.727889065032664,-1.98651301122173,1.6149279439105,1.86109756891103,2.040153e-01,0.000000e+00,stable,stable,not_audited
357,0.0275349939896119,-1.7528930674288,1.17151903314144,0.386071817398115,2.040179e-01,0.000000e+00,stable,stable,not_audited
358,-0.285311559797956,0.108183046428277,0.0815490842562363,-1.93413968868641,2.040260e-01,0.000000e+00,stable,stable,not_audited
359,-0.0670264012633116,-0.797853936356301,0.379567733539054,1.55164283974544,2.040322e-01,0.000000e+00,stable,stable,not_audited
360,0.0356590962181886,-1.26295595492761,0.094251209326098,-1.28544441017452,2.040349e-01,0.000000e+00,stable,stable,not_audited
361,-0.945572862426244,1.37706770452897,0.138314971482999,-1.91286841522728,2.040351e-01,0.000000e+00,stable,stable,not_audited
362,-0.869468729977675,0.405099986604556,0.19410502970209,1.11495812607866,2.040395e-01,0.000000e+00,stable,stable,not_audited
363,-0.212756619362308,-0.958466864875372,1.28561307993319,-1.0458439900059,2.040397e-01,0.000000e+00,stable,stable,not_audited
364,0.00534874569219013,-0.636492953587426,1.74785919474668,-1.85781382688291,2.040532e-01,0.000000e+00,stable,stable,not_audited
365,0.404642660456894,-1.44475183941522,0.210898187281189,-1.85235875950176,2.040546e-01,0.000000e+00,stable,stable,not_audited
366,0.226234727449934,-1.17192389377645,0.304131689025616,-1.78355597877523,2.040560e-01,0.000000e+00,stable,stable,not_audited
367,0.128022313661055,1.4932799260365,1.02983463773504,-0.959595572979593,2.035824e-01,0.000000e+00,stable,stable,not_audited
368,-0.128413454589968,-1.46179140277778,0.101820299588337,0.312499523424753,2.040601e-01,0.000000e+00,stable,stable,not_audited
369,0.138001906094214,-1.78678524395299,0.107588483232281,0.866044785647557,2.040640e-01,0.000000e+00,stable,stable,not_audited
370,-0.237664111518046,-0.455295995203856,1.47355869664659,1.61663292693616,2.040730e-01,0.000000e+00,stable,stable,not_audited
371,0.452720952910033,-1.71158867119115,0.55087742182738,-1.73528047534583,2.040731e-01,0.000000e+00,stable,stable,not_audited
372,-0.781270687805043,0.573409094976678,0.670708324825208,-1.57710168569624,2.040861e-01,0.000000e+00,stable,stable,not_audited
373,-0.687996666103597,0.0188429153582863,0.11920449713478,1.1334750945226,2.040863e-01,0.000000e+00,stable,stable,not_audited
374,0.867512362951072,1.137109604869,0.158664399017063,-1.09990063484969,2.035822e-01,0.000000e+00,stable,stable,not_audited
375,-0.512901209867296,0.420434974597143,1.60775319304757,-1.941915953838,2.040903e-01,0.000000e+00,stable,stable,not_audited
376,-0.0458587010233914,-0.474280980940603,0.0786969586015072,1.97982407376896,2.040929e-01,0.000000e+00,stable,stable,not_audited
377,0.123049978395853,-1.33638734250591,0.127096812632012,-1.47945731441209,2.040941e-01,0.000000e+00,stable,stable,not_audited
378,-0.056721060702146,-0.972646088283419,0.685789925800814,-0.416715967229298,2.035821e-01,0.000000e+00,stable,stable,not_audited
379,-0.342750498648328,-0.847785699122013,0.911882386469826,-0.852695839245829,2.041003e-01,0.000000e+00,stable,stable,not_audited
380,0.032281795338533,-1.2373551611866,0.262230820451077,-1.40471643795902,2.041108e-01,0.000000e+00,stable,stable,not_audited
381,0.341566222735272,-1.41587271650749,0.122082316166917,-1.88049309786498,2.041203e-01,0.000000e+00,stable,stable,not_audited
382,0.268054154757248,0.949090050091227,1.27007363093438,-0.918092658318673,2.035819e-01,0.000000e+00,stable,stable,not_audited
383,-0.19752458958615,-0.656186900835259,0.243454852027827,-1.5591275548119,2.041207e-01,0.000000e+00,stable,stable,not_audited
384,-0.0816216366076111,-1.46333553753026,0.451232901543625,-0.657511320844511,2.041246e-01,0.000000e+00,stable,stable,not_audited
385,-0.341260010439491,0.28672116432429,1.11610986014265,-0.593800551880846,2.035819e-01,0.000000e+00,stable,stable,not_audited
386,0.131856571694064,-1.38617785846137,1.66784060294497,-1.48655591313462,2.041277e-01,0.000000e+00,stable,stable,not_audited
387,-0.84867066104757,0.721243109230722,0.628205319184148,1.68244284438324,2.041501e-01,0.000000e+00,stable,stable,not_audited
388,-0.0301238677026965,-0.655405024176517,1.95841934914227,1.95550590507005,2.041566e-01,0.000000e+00,stable,stable,not_audited
389,-0.140677300727728,-0.461758854449498,0.430767929148428,1.93065548227434,2.041574e-01,0.000000e+00,stable,stable,not_audited
390,0.123444761844724,-0.984636959477396,0.103593842079178,1.94166358888214,2.041611e-01,0.000000e+00,stable,stable,not_audited
391,0.176243260513173,-1.62094411376687,0.758499379669587,-1.3421859364883,2.041638e-01,0.000000e+00,stable,stable,sim_non_perturbative
392,-0.462996248864473,-0.423946432203754,0.481250245650637,1.22956255679249,2.041701e-01,0.000000e+00,stable,stable,not_audited
393,0.1362048430354,-1.59049440859201,0.25464540006787,1.27893858476196,2.041714e-01,0.000000e+00,stable,stable,not_audited
394,0.466896160825234,-1.0185785743311,0.109110146392569,0.655847948858079,2.035816e-01,0.000000e+00,stable,stable,not_audited
395,-0.954980889416009,1.09610356165505,0.25245232580179,1.92190806817364,2.041974e-01,0.000000e+00,stable,stable,not_audited
396,0.188655479146197,0.231909321966724,0.885822435030924,0.779631642490197,2.035815e-01,0.000000e+00,stable,stable,not_audited
397,-0.945256787177346,0.686254876301978,0.540808817925086,1.48182101053817,2.042102e-01,0.000000e+00,stable,stable,not_audited
398,-0.158163986271207,-0.591409019236034,0.135130632163701,-1.84806670249876,2.042153e-01,0.000000e+00,stable,stable,not_audited
399,-0.319190535755455,-0.809659478636952,1.84880801450505,1.11064917054268,2.042203e-01,0.000000e+00,stable,stable,not_audited
400,0.322361900657767,-1.74537421872691,0.250574148612835,1.63710490667909,2.042272e-01,0.000000e+00,stable,stable,not_audited
401,-0.122448985954572,-0.970258709560116,0.0774999436872341,1.49183667525549,2.042327e-01,0.000000e+00,stable,stable,not_audited
402,-0.061332832825297,-1.04230122344677,0.0508673748206538,-1.58203713476881,2.042518e-01,0.000000e+00,stable,stable,not_audited
403,-0.90477729547993,0.274923274542273,0.444680750063128,-0.971971448598813,2.042695e-01,0.000000e+00,stable,stable,not_audited
404,-0.322952202697192,-0.925515781323817,0.0626982788937728,-0.891293783994692,2.042796e-01,0.000000e+00,stable,stable,not_audited
405,-0.347181351161756,-0.694580702595117,0.0879701877219923,1.27126820853808,2.042841e-01,0.000000e+00,stable,stable,not_audited
406,-0.0659150687172536,-1.24189042343854,0.0904202675553085,-1.31132783011641,2.042994e-01,0.000000e+00,stable,stable,not_audited
407,-0.253798206010555,-0.527781977101368,0.282227278625772,1.81600498993646,2.043067e-01,0.000000e+00,stable,stable,not_audited
408,-0.67598722324633,-0.0443803208003177,0.140795221645713,0.300488854864983,2.035811e-01,0.000000e+00,stable,stable,not_audited
409,-0.612559173753267,-0.343121448143074,0.430154007485828,0.915441932069395,2.043061e-01,0.000000e+00,stable,stable,not_audited
410,-0.669619359037674,-0.120122397416463,1.62725512492745,1.16231212615805,2.043122e-01,0.000000e+00,stable,stable,not_audited
411,-0.996105806027628,1.07798955354633,0.293224489652163,1.97136579632215,2.043124e-01,0.000000e+00,stable,stable,not_audited
412,-0.0781582325506862,-1.06074641550034,0.0811947806779768,1.57636474079052,2.043145e-01,0.000000e+00,stable,stable,not_audited
413,-0.243295122720342,-1.14745818429345,1.56396437538515,-0.744226655577901,2.043331e-01,0.000000e+00,stable,stable,not_audited
414,-0.556003935888547,0.161203254934216,1.32257120160277,1.98318887822736,2.043566e-01,0.000000e+00,stable,stable,not_audited
415,-0.553697046853719,-0.209046704587051,0.108715308086006,1.47238524963741,2.043694e-01,0.000000e+00,stable,stable,not_audited
416,-0.434573631705139,-0.486409451507409,0.18350026193065,-1.41798329843608,2.043851e-01,0.000000e+00,stable,stable,not_audited
417,0.0624056394698447,-1.60318449059067,0.196947355657735,-1.18568200561356,2.043978e-01,0.000000e+00,stable,stable,not_audited
418,-0.375940724720696,-0.58247712231733,0.237027072731095,1.48675758222788,2.044209e-01,0.000000e+00,stable,stable,not_audited
419,-0.351641590307504,-0.989806211257876,1.50700636037803,0.549126221668584,2.044177e-01,0.000000e+00,stable,stable,not_audited
420,-0.615209624942083,0.193598221755508,0.147990674690366,1.95527611427011,2.044277e-01,0.000000e+00,stable,stable,not_audited
421,-0.182755985244597,-0.934952705484545,0.0638616694379606,-1.57808350030994,2.044567e-01,0.000000e+00,stable,stable,not_audited
422,-0.427961024165475,-0.440383393053243,0.0822240476558041,-1.58715109383121,2.044587e-01,0.000000e+00,stable,stable,not_audited
423,0.808597013228917,-1.79661788545201,0.16147880086105,0.628952486189525,2.035805e-01,0.000000e+00,stable,stable,not_audited
424,0.165555094069658,-1.41486609669485,0.524824073015259,-1.99044532350933,2.045221e-01,0.000000e+00,stable,stable,not_audited
425,-0.35494294072314,-0.707331018292047,0.453268228886402,-1.41976177118312,2.045399e-01,0.000000e+00,stable,stable,not_audited
426,-0.17654102881232,-0.77349386815348,0.0795200582981448,1.95562046604874,2.045523e-01,0.000000e+00,stable,stable,not_audited
427,0.523956311650704,0.155463717512045,1.0008674694964,-0.86164274217544,2.035804e-01,0.000000e+00,stable,stable,not_audited
428,0.141050093336614,1.07673065807768,0.453019102105226,-0.884007404158187,2.035804e-01,0.000000e+00,stable,stable,not_audited
429,0.338492927035267,-1.93683049764046,0.188487285001175,1.75209670836488,2.045729e-01,0.000000e+00,stable,stable,not_audited
430,0.345424562860784,0.114576933783959,0.786638341977873,0.800915031730088,2.035803e-01,0.000000e+00,stable,stable,not_audited
431,-0.00689095425686581,-1.1800924680698,0.092351114926109,-1.93776205121995,2.046510e-01,0.000000e+00,stable,stable,not_audited
432,-0.837485294875806,0.435451013507939,1.829799104453,-1.86454612784387,2.046602e-01,0.000000e+00,stable,stable,not_audited
433,-0.546721131149019,-0.459260185231418,0.791366242751223,-1.16415211210597,2.046696e-01,0.000000e+00,stable,stable,not_audited
434,-0.38782285461826,-0.594173170190842,0.66353545486674,1.64187276531967,2.047049e-01,0.000000e+00,stable,stable,not_audited
435,-0.702092719992097,1.44383021410789,0.348844500455485,-0.668537806452423,2.035801e-01,0.000000e+00,stable,stable,not_audited
436,-0.330224563660745,-0.912904890964593,0.0670399886368165,-1.15588639869059,2.047797e-01,7.558908e-04,stable,stable,not_audited
437,-0.15006121702269,-0.0695840417941342,1.17061593124893,0.586584903234479,2.035800e-01,0.000000e+00,stable,stable,not_audited
438,-0.201024508281303,-0.967862956201569,0.080404119282332,-1.72743315345864,2.048250e-01,2.629652e-03,stable,stable,not_audited
439,0.157466446228625,0.500856377451113,0.752037581211705,-0.799213928139391,2.035800e-01,0.000000e+00,stable,stable,not_audited
440,0.00563792981023448,1.16776986467969,1.11737279871578,0.853392868190063,2.035799e-01,0.000000e+00,stable,stable,not_audited
441,0.34841488237272,-0.862103463746048,1.39529419344848,-0.627239016497192,2.035799e-01,0.000000e+00,stable,stable,not_audited
442,-0.755754831463014,-0.010691446623704,0.0711659055090981,1.41509359410577,2.049723e-01,9.106299e-03,stable,stable,not_audited
443,-0.35154871590512,-0.686880912810975,0.0867860030500974,1.79120157950191,2.049912e-01,9.971917e-03,stable,stable,not_audited
444,0.471352115769369,0.480686274756828,0.740137770721286,-0.887086347398508,2.035798e-01,0.000000e+00,stable,stable,not_audited
445,-0.691907386376733,-0.028595689503494,0.212120121959021,1.73964122918706,2.049994e-01,1.035557e-02,stable,stable,not_audited
446,-0.983072487458357,0.571901476110525,1.63880354531476,-1.81385173755403,2.050434e-01,1.241889e-02,stable,stable,not_audited
447,0.924620777329143,-1.15961686328507,0.473855830176117,0.777033211113585,2.035797e-01,0.000000e+00,stable,stable,not_audited
448,0.242909497417185,-1.85904211738081,0.135562325548565,-1.90067595036582,2.050961e-01,1.493490e-02,stable,stable,not_audited
449,-0.0890097061944329,-1.1783484137429,1.69554199320086,-1.97447101670785,2.051449e-01,1.730768e-02,stable,stable,not_audited
450,-0.201458593888201,-1.21487699880476,1.3268473112576,1.14517523503857,2.051473e-01,1.742534e-02,stable,stable,not_audited
451,0.998551674129853,1.50367488610202,0.107028724074341,-1.13895019088442,2.035797e-01,0.000000e+00,stable,stable,not_audited
452,-0.20905425822432,-1.1498226711124,1.41726158260872,1.38199274102081,2.052349e-01,2.178134e-02,stable,stable,not_audited
453,-0.797736032730136,0.202520477860808,0.0697103154011828,1.94043781176018,2.052434e-01,2.221134e-02,stable,stable,not_audited
454,-0.778015287188487,0.157590457887938,1.55052580837748,-1.94490622324731,2.052762e-01,2.386626e-02,stable,stable,not_audited
455,-0.899213923468246,0.377124954473846,1.09890490323982,-1.88636060239507,2.052862e-01,2.437797e-02,stable,stable,not_audited
456,-0.100733179395238,-1.44411250052488,0.131880742212741,-1.07664784673372,2.053282e-01,2.651884e-02,stable,stable,not_audited
457,0.145979733344015,-1.99725234655168,0.0775887234464495,0.71871893850492,2.053970e-01,3.006547e-02,stable,stable,not_audited
458,0.146188578829678,0.79928084667972,0.456033840981541,0.836384497423323,2.035795e-01,0.000000e+00,stable,stable,not_audited
459,-0.802276886624068,-0.128627688127273,0.106766484099499,-0.445395916634546,2.054334e-01,3.195823e-02,stable,stable,not_audited
460,-0.863662237335261,0.282365250193852,0.0533383747306298,1.90510279960985,2.054490e-01,3.276715e-02,stable,stable,not_audited
461,0.0167999576907567,-1.69482556453914,0.0810438757776637,-1.02980893549219,2.054562e-01,3.314283e-02,stable,stable,not_audited
462,-0.863668929046224,0.231520151945737,0.973347283105706,1.7744303018874,2.055225e-01,3.661394e-02,stable,stable,not_audited
463,-0.842039990832436,0.0259454341365268,0.493945160641415,-1.10670895547794,2.056637e-01,4.403621e-02,stable,stable,not_audited
464,-0.209765137807578,-1.3015931975183,0.530816227638008,0.626740052785754,2.057037e-01,4.614460e-02,stable,stable,not_audited
465,0.0395726954395299,-1.70638388909522,0.483024896095652,-1.39410804049074,2.168477e-01,6.320605e-02,stable,stable,not_audited
466,-0.144495073232646,-1.34807741539689,0.589016852980081,-1.41254130575128,2.249336e-01,7.660886e-02,stable,stable,not_audited
467,-0.927900988687462,0.300841180819095,0.0578573615053431,1.85068850321234,2.245400e-01,7.585082e-02,stable,stable,not_audited
468,-0.166899994495099,-1.31145443566599,0.62196056393464,-1.45173336510831,2.364929e-01,9.342278e-02,stable,stable,not_audited
469,-0.595523893962602,-0.46228067625709,0.254244387571417,-1.42479269389738,2.404196e-01,9.915235e-02,stable,stable,not_audited
470,0.24175524624679,0.223627136777692,0.79863553819942,-0.773545617986255,2.035791e-01,0.000000e+00,stable,stable,not_audited
471,-0.895321937939438,0.123529614502978,0.137970232237289,-1.37769236317501,2.478416e-01,1.109495e-01,stable,reject,not_audited
472,-0.290613837786589,-1.02392502269645,0.109025306105479,1.8416219955879,2.496205e-01,1.140111e-01,stable,reject,not_audited
473,-0.108493901815,-1.49419086517008,0.0739569585792425,-0.982386050275845,2.545000e-01,1.223660e-01,stable,reject,not_audited
474,-0.000241819566801471,-1.71482377199657,0.897955668746197,1.01015576528444,2.671425e-01,1.462591e-01,stable,reject,not_audited
475,-0.747121537208283,-0.15176115034394,0.0633623801102855,1.8799121091295,2.769740e-01,1.670843e-01,stable,reject,not_audited
476,-0.0152068682736268,-1.64675479786277,0.0764251072489887,-1.7220258955633,2.877745e-01,1.931269e-01,stable,reject,not_audited
477,-0.566982725588401,-0.613648343615632,0.917476540900395,-0.323442916411772,2.921863e-01,2.038351e-01,stable,reject,not_audited
478,0.508438745565469,-0.586323221271519,0.249696728107523,0.723369172155866,2.035784e-01,0.000000e+00,stable,stable,not_audited
479,0.972771905118653,-0.514296627102497,0.711847367007884,0.873552478384436,2.035784e-01,0.000000e+00,stable,stable,not_audited
480,0.608309639946703,1.88500442645762,0.175155301390913,-1.0784659356203,2.035784e-01,0.000000e+00,stable,stable,not_audited
481,0.880829730942156,-1.12587777231802,0.119266215500139,0.754899812008474,2.035783e-01,0.000000e+00,stable,stable,not_audited
482,0.264369913771411,-1.1531144782596,1.35500233038571,0.518324597591762,2.035782e-01,0.000000e+00,stable,stable,not_audited
483,-0.0198965413312913,-0.0493611237039,0.141500404311735,-0.627625872659878,2.035780e-01,0.000000e+00,stable,stable,not_audited
484,-0.350644477086506,0.593526648566943,0.294900775649714,0.622604872529117,2.035778e-01,0.000000e+00,stable,stable,not_audited
485,-0.000693847762428978,-1.45414487253462,0.52440093210558,-0.263615263313425,2.035778e-01,0.000000e+00,stable,stable,not_audited
486,-0.149238720667317,-0.0214998711601262,1.96974118047005,-0.577496771203833,2.035773e-01,0.000000e+00,stable,stable,not_audited
487,0.481041099781528,-0.791978071620221,0.674111624222322,0.667924707782851,2.035771e-01,0.000000e+00,stable,stable,not_audited
488,-0.4100942480648,0.649791667811703,0.980871141060255,0.605703071451164,2.035771e-01,0.000000e+00,stable,stable,not_audited
489,0.0277059174761711,1.25754030808493,0.0926901808208158,0.835685909648956,2.035764e-01,0.000000e+00,stable,stable,not_audited
490,0.21237150868649,-1.10113512687878,0.0603106749748871,0.493904634609573,2.035763e-01,0.000000e+00,stable,stable,not_audited
491,-0.092412355754084,1.21813727800811,0.600106432086058,0.79475208630502,2.035762e-01,0.000000e+00,stable,stable,not_audited
492,-0.630972507704359,1.30654863503604,0.173847311742731,0.632847264312211,2.035756e-01,0.000000e+00,stable,stable,not_audited
493,-0.767837492163266,0.646646798115241,0.0636236390930155,-0.437256090954076,2.035754e-01,0.000000e+00,stable,stable,not_audited
494,-0.26394131540481,1.29213017636718,0.400056899901611,0.745805773465732,2.035753e-01,0.000000e+00,stable,stable,not_audited
495,-0.614717230783294,1.21544264690606,0.121483059983166,-0.614345264723223,2.035746e-01,0.000000e+00,stable,stable,not_audited
496,-0.854009883411262,1.20450902411784,0.297993205561307,-0.520099882414657,2.035745e-01,0.000000e+00,stable,stable,not_audited
497,0.850409831518693,0.807234584640212,0.56699550360557,-0.9612385908632,2.035745e-01,0.000000e+00,stable,stable,not_audited
498,0.428293017266691,0.525013727679506,1.23527719251748,-0.824128165520277,2.035745e-01,0.000000e+00,stable,stable,not_audited
499,0.605377360615843,0.986322826387109,1.12527466447525,0.923589214770292,2.035744e-01,0.000000e+00,stable,stable,not_audited
500,0.886710724493734,-0.379518446274064,0.357774870201532,0.816170295299665,2.035737e-01,0.000000e+00,stable,stable,not_audited
501,0.961535030276139,0.0599267438367925,0.146179885447656,0.888739775300082,2.035736e-01,0.000000e+00,stable,stable,not_audited
502,-0.352133966484754,1.55197517476877,0.206047531430254,0.740600081603506,2.035735e-01,0.000000e+00,stable,stable,not_audited
503,-0.784521186577297,0.901220414137339,0.0542780336964662,0.476884938094396,2.035734e-01,0.000000e+00,stable,stable,not_audited
504,0.526579073518149,0.339900057246673,0.137808351310708,-0.809416649304526,2.035731e-01,0.000000e+00,stable,stable,not_audited
505,-0.898603710771739,0.969296821344226,0.960590208115092,-0.437047758052036,2.035729e-01,0.000000e+00,stable,stable,not_audited
506,0.82702426439219,0.715409393756691,0.399091650703262,0.922801341576764,2.035728e-01,0.000000e+00,stable,stable,not_audited
507,-0.193860169493588,1.99566476723147,0.975835366357688,-0.831677313005621,2.035727e-01,0.000000e+00,stable,stable,not_audited
508,0.321616173071858,-0.822534158093975,0.466600192961289,0.567895255853621,2.035725e-01,0.000000e+00,stable,stable,not_audited
509,-0.173155966328476,-0.333056526080408,0.631217613377084,0.468829687905992,2.035725e-01,0.000000e+00,stable,stable,not_audited
510,0.359291016277563,1.71914770080593,0.281961780070593,0.92229757512562,2.035722e-01,0.000000e+00,stable,stable,not_audited
511,0.559613350920507,-0.373687043164901,0.0713886551764882,0.710472371735444,2.035720e-01,0.000000e+00,stable,stable,not_audited
512,-0.345725806610052,0.184788386201022,0.255620703249393,-0.500931253926439,2.035720e-01,0.000000e+00,stable,stable,not_audited
513,0.0493337471765241,1.59747347074621,1.0413937172788,-0.83356352498132,2.035719e-01,0.000000e+00,stable,stable,not_audited
514,0.596395708998488,1.55650966126116,0.211681731907314,-0.949169322381856,2.035717e-01,0.000000e+00,stable,stable,not_audited
515,0.185254163456428,1.64743295592805,0.1595037676263,-0.867076486210109,2.035716e-01,0.000000e+00,stable,stable,not_audited
516,0.720738934475371,1.71730966678416,0.258621042745721,0.988882279980453,2.035715e-01,0.000000e+00,stable,stable,not_audited
517,0.0965627925121413,1.47220313712214,0.433630987339271,0.822292199100231,2.035713e-01,0.000000e+00,stable,stable,not_audited
518,0.409615955215893,1.09645263234009,0.0697379792360712,0.849894647355889,2.035711e-01,0.000000e+00,stable,stable,not_audited
519,-0.278400650557158,0.844610982477628,0.149912865849947,0.631939597295064,2.035710e-01,0.000000e+00,stable,stable,not_audited
520,0.437771941633247,0.245898438105992,0.294738657654875,-0.748080425703359,2.035708e-01,0.000000e+00,stable,stable,not_audited
521,-0.942704255287471,0.813728533297271,0.23968502066572,0.362621136392833,2.035706e-01,0.000000e+00,stable,stable,not_audited
522,0.365968768534874,-0.110425037977349,0.411807346945578,-0.67738726156667,2.035705e-01,0.000000e+00,stable,stable,not_audited
523,-0.512932157185143,-0.451182134039454,0.219251332183883,0.229324244999443,2.035704e-01,0.000000e+00,stable,stable,not_audited
524,0.0658482228739314,0.799235347931521,1.74380564606811,0.716406464526281,2.035702e-01,0.000000e+00,stable,stable,not_audited
525,-0.026859515747779,1.81845433054044,0.612017555925741,0.817296010292312,2.035699e-01,0.000000e+00,stable,stable,not_audited
526,-0.206710974020155,0.830550438071031,0.0505817573004143,-0.637861926210239,2.035696e-01,0.000000e+00,stable,stable,not_audited
527,0.995877466932673,0.686411870804148,1.90184858354739,-0.910720664733677,2.035695e-01,0.000000e+00,stable,stable,not_audited
528,-0.215835821318667,-0.559149564823956,0.248207330701399,-0.37626273875366,2.035693e-01,0.000000e+00,stable,stable,not_audited
529,-0.630537488848203,1.16553505982604,0.886222068412655,0.554345919844281,2.035692e-01,0.000000e+00,stable,stable,not_audited
530,0.220131843656675,0.978911762756146,1.46292448594207,0.765608926568151,2.035691e-01,0.000000e+00,stable,stable,not_audited
531,-0.101072616721872,-0.454796179756649,0.145765589959873,0.447960338700576,2.035688e-01,0.000000e+00,stable,stable,not_audited
532,-0.108055499468335,0.935043454858791,0.101714973226751,-0.671469594852496,2.035687e-01,0.000000e+00,stable,stable,not_audited
533,-0.557471476524476,0.186171019159012,0.875030535670683,-0.386974667673764,2.035686e-01,0.000000e+00,stable,stable,not_audited
534,0.761282523926518,-0.365341588754618,0.617410173027955,0.726013874360911,2.035685e-01,0.000000e+00,stable,stable,not_audited
535,0.977675330303833,-0.116474318421873,0.148526024539166,0.804756345274287,2.035683e-01,0.000000e+00,stable,stable,not_audited
536,-0.751493988367497,-0.0351081396385489,0.652539310523835,0.195505965953557,2.035683e-01,0.000000e+00,stable,stable,not_audited
537,-0.26669222793039,1.26724519393995,1.12040895830457,0.669300865525886,2.035683e-01,0.000000e+00,stable,stable,not_audited
538,-0.79689638732496,0.631121335986453,0.0645883880805904,-0.375898921704322,2.035681e-01,0.000000e+00,stable,stable,not_audited
539,-0.424457984706537,0.79612502675875,0.109827322983437,0.549950664962507,2.035679e-01,0.000000e+00,stable,stable,not_audited
540,0.0107959096044072,-0.660221604222991,0.579774455308141,0.443883344992745,2.035678e-01,0.000000e+00,stable,stable,not_audited
541,0.993067400448994,-0.133347993914565,0.167104380934475,0.79744858007885,2.035676e-01,0.000000e+00,stable,stable,not_audited
542,-0.176367452310436,0.925525400713868,0.162144842586986,0.640223592670152,2.035676e-01,0.000000e+00,stable,stable,not_audited
543,0.417689786572494,1.50302665032643,0.0520520624089407,-0.848347987137531,2.035676e-01,0.000000e+00,stable,stable,not_audited
544,0.701350097420282,-1.03647444414303,0.0927524890429261,-0.608586352455855,2.035674e-01,0.000000e+00,stable,stable,not_audited
545,-0.737598679818161,0.935459417064692,1.41767491600429,0.459796567020331,2.035673e-01,0.000000e+00,stable,stable,not_audited
546,0.524877919072998,0.244501252287268,0.215816441872723,-0.728659469546285,2.035673e-01,0.000000e+00,stable,stable,not_audited
547,-0.758606232613856,1.01034233092193,0.220877178489543,-0.464870298695943,2.035672e-01,0.000000e+00,stable,stable,not_audited
548,0.0521410415651484,-1.40587107443018,0.702015546908981,-0.278869010839525,2.035671e-01,0.000000e+00,stable,stable,not_audited
549,0.48019384863622,0.323779244684254,0.0584460047144771,-0.725100351326883,2.035671e-01,0.000000e+00,stable,stable,not_audited
550,-0.28640702593104,1.93512164570982,1.91474793559291,0.732284364754328,2.035669e-01,0.000000e+00,stable,stable,not_audited
551,-0.582412368853136,0.507068625232588,0.0925107567405246,-0.432308971298053,2.035667e-01,0.000000e+00,stable,stable,not_audited
552,-0.933818838733529,1.42562407216897,0.991076129095184,0.471840160948412,2.035666e-01,0.000000e+00,stable,stable,not_audited
553,-0.461302335386602,0.471525582722388,0.492811006116036,0.468945549646067,2.035664e-01,0.000000e+00,stable,stable,not_audited
554,-0.703230810075236,0.659581479066022,0.285087681043347,-0.411805099940966,2.035664e-01,0.000000e+00,stable,stable,not_audited
555,0.865973514787732,0.0467641064780486,0.0768108620453127,-0.77232525667532,2.035664e-01,0.000000e+00,stable,stable,not_audited
556,-0.910555122079671,1.44551173321127,0.442073857551258,0.480994298891559,2.035662e-01,0.000000e+00,stable,stable,not_audited
557,-0.288158522959491,1.29036998993255,0.215872171953411,0.643871454143064,2.035662e-01,0.000000e+00,stable,stable,not_audited
558,0.572014031317395,1.19098166266023,0.160631063074251,0.828535523792313,2.035662e-01,0.000000e+00,stable,stable,not_audited
559,0.23766863529211,1.91708277355077,0.3112299717185,-0.830989513100765,2.035660e-01,0.000000e+00,stable,stable,not_audited
560,-0.0156968121808257,-1.16688365090953,0.207244783783879,0.301956783245814,2.035657e-01,0.000000e+00,stable,stable,not_audited
561,0.58508278579639,1.40119656321147,1.07042906552256,0.843725576004315,2.035656e-01,0.000000e+00,stable,stable,not_audited
562,0.853730654241954,-1.76034751385998,1.02244397970019,0.527467273421284,2.035655e-01,0.000000e+00,stable,stable,not_audited
563,0.4239990251769,0.74689298831144,0.42639913608534,-0.739182401753824,2.035654e-01,0.000000e+00,stable,stable,not_audited
564,-0.969924990759988,1.64591602138376,0.341370199143943,0.487698042511159,2.035654e-01,0.000000e+00,stable,stable,not_audited
565,0.101341971848622,-0.148176989218368,0.0620993569941171,0.542178413844515,2.035653e-01,0.000000e+00,stable,stable,not_audited
566,0.4259612642355,0.788902710675765,0.372633593342323,-0.740929751741494,2.035651e-01,0.000000e+00,stable,stable,not_audited
567,0.41136972492184,1.70324538065763,0.13889995565326,0.829176123080429,2.035650e-01,0.000000e+00,stable,stable,not_audited
568,0.4831573153233,-0.585605135083405,0.794464236895428,-0.583479275738702,2.035648e-01,0.000000e+00,stable,stable,not_audited
569,0.503432976916338,0.898573693995714,0.423524918815263,-0.759930801854526,2.035645e-01,0.000000e+00,stable,stable,not_audited
570,0.856037081357624,-0.982726913341968,0.5602268226394,0.62548518119394,2.035644e-01,0.000000e+00,stable,stable,not_audited
571,-0.529514592111834,1.66273311498067,0.115441041388375,-0.609134016091567,2.035644e-01,0.000000e+00,stable,stable,not_audited
572,-0.330998248772604,1.41528502265121,0.630223618453827,0.624706898882013,2.035641e-01,0.000000e+00,stable,stable,not_audited
573,0.926651125624346,0.440728998459808,0.137525600833792,0.791792125380406,2.035640e-01,0.000000e+00,stable,stable,not_audited
574,0.695051845003535,1.39247244558573,0.843796486508851,-0.83758000686068,2.035639e-01,0.000000e+00,stable,stable,not_audited
575,0.69368638395714,0.918885404441127,0.456710147696579,-0.7914835501016,2.035639e-01,0.000000e+00,stable,stable,not_audited
576,0.483287012241497,0.930730231624123,0.354325105305948,0.748626530930979,2.035637e-01,0.000000e+00,stable,stable,not_audited
577,0.633161290785437,-0.426738002376843,1.17652959551906,0.627678390317481,2.035635e-01,0.000000e+00,stable,stable,not_audited
578,0.739362631382078,1.28059896647097,1.94168914204483,0.825174268535351,2.035633e-01,0.000000e+00,stable,stable,not_audited
579,0.290658540886813,0.989421085501453,0.0828883354185428,0.707445454845602,2.035632e-01,0.000000e+00,stable,stable,not_audited
580,0.349624825044584,0.846694235675502,0.872028748424641,-0.699906454185049,2.035629e-01,0.000000e+00,stable,stable,not_audited
581,0.13306982466955,-0.349497032489876,0.135782322730366,0.493017360209258,2.035624e-01,0.000000e+00,stable,stable,not_audited
582,-0.636916444235434,1.81221425721338,0.22349723319771,0.577617309567267,2.035624e-01,0.000000e+00,stable,stable,not_audited
583,0.781870585119488,-1.87895704339893,0.193193144529351,-0.45358730757867,2.035620e-01,0.000000e+00,stable,stable,not_audited
584,-0.678616081982078,0.0229403282266114,0.0971644788260369,-0.243955224302553,2.035620e-01,0.000000e+00,stable,stable,not_audited
585,-0.743181202831366,1.58860194885756,0.340085572127631,0.513991451299995,2.035619e-01,0.000000e+00,stable,stable,not_audited
586,0.721857493814712,-0.00807163777013753,0.0625628301787617,-0.671073131416171,2.035616e-01,0.000000e+00,stable,stable,not_audited
587,-0.763482937617373,0.690781352898054,0.233367827723625,0.359188590283879,2.035616e-01,0.000000e+00,stable,stable,not_audited
588,-0.0870912896482104,1.55561668902049,0.496243219047116,0.662954709656136,2.035615e-01,0.000000e+00,stable,stable,not_audited
589,0.721288724422474,1.44008323973026,0.426141495749593,0.802250287960172,2.035612e-01,0.000000e+00,stable,stable,not_audited
590,0.351859285919011,1.30788285712247,0.227888449453846,-0.721479093341962,2.035611e-01,0.000000e+00,stable,stable,not_audited
591,0.958654764962143,0.453478788838476,0.849742928793656,0.752883069366456,2.035610e-01,0.000000e+00,stable,stable,not_audited
592,0.0104297808774407,0.237503684213293,0.262777420581906,-0.525490201388799,2.035610e-01,0.000000e+00,stable,stable,not_audited
593,0.865847479830043,-1.02922364393436,0.792532133596063,-0.579601313577088,2.035609e-01,0.000000e+00,stable,stable,not_audited
594,0.105962805052231,0.000566871328860241,0.0555827958941763,-0.517781947293685,2.035608e-01,0.000000e+00,stable,stable,not_audited
595,0.787492908816276,0.94123038092999,0.214881770403198,0.761729766945987,2.035607e-01,0.000000e+00,stable,stable,not_audited
596,0.378060754266973,0.390909180742828,0.347871328490916,-0.624482484140748,2.035605e-01,0.000000e+00,stable,stable,not_audited
597,-0.265323693446013,-0.252720718391969,0.0607254554139025,-0.360058143311869,2.035604e-01,0.000000e+00,stable,stable,not_audited
598,0.13390629058024,-0.403859068646076,0.243076095662499,-0.465053365095234,2.035604e-01,0.000000e+00,stable,stable,not_audited
599,0.799471730893982,-0.565379819515176,0.161560572867998,0.61012118768317,2.035603e-01,0.000000e+00,stable,stable,not_audited
600,-0.752247916393858,1.39269073968191,0.27180849222957,0.463813424555424,2.035599e-01,0.000000e+00,stable,stable,not_audited
601,0.907215027512286,-0.338631548522063,1.7994784204656,0.650735556018113,2.035599e-01,0.000000e+00,stable,stable,not_audited
602,0.959637167197257,1.97559040688219,0.706301592239215,0.858142571031165,2.035598e-01,0.000000e+00,stable,stable,not_audited
603,0.540187522264166,1.80198551116919,1.61619106730114,0.776943771187313,2.035598e-01,0.000000e+00,stable,stable,not_audited
604,0.16394406742229,-0.159414742495951,1.5582653342799,-0.499856359629145,2.035597e-01,0.000000e+00,stable,stable,not_audited
605,0.805205296101265,-1.05197311588251,1.4947155161344,-0.548199584006008,2.035597e-01,0.000000e+00,stable,stable,not_audited
606,0.547648494853692,-0.0581096312679943,0.153011339313526,0.602093995166001,2.035597e-01,0.000000e+00,stable,stable,not_audited
607,-0.571138937746553,0.319036754368858,0.249661850016392,0.346261752504966,2.035596e-01,0.000000e+00,stable,stable,not_audited
608,0.543004144873657,-1.69564551519217,0.41067218288777,0.383975072840334,2.035596e-01,0.000000e+00,stable,stable,not_audited
609,0.95138858190261,1.65020322869743,0.083073583481392,0.82700137765168,2.035595e-01,0.000000e+00,stable,stable,not_audited
610,0.389296999353113,1.17593855600054,1.53283784790437,0.690872634475382,2.035595e-01,0.000000e+00,stable,stable,not_audited
611,-0.502143382878131,-0.367085785233555,0.442169926689992,-0.220851736502911,2.035595e-01,0.000000e+00,stable,stable,not_audited
612,0.327718993116221,-0.352726157746152,1.18760841617663,0.511197336694115,2.035592e-01,0.000000e+00,stable,stable,not_audited
613,-0.26431837316686,1.1101615492808,0.426975050299716,0.542546854518729,2.035591e-01,0.000000e+00,stable,stable,not_audited
614,0.653421894014218,-0.554516352633734,0.427846669107588,0.559889505857851,2.035589e-01,0.000000e+00,stable,stable,not_audited
615,0.434631640996636,-1.4764750821052,1.40648747624839,0.376911901886343,2.035587e-01,0.000000e+00,stable,stable,not_audited
616,0.980820840396808,0.801173734525105,0.224109396769618,-0.748693034816027,2.035587e-01,0.000000e+00,stable,stable,not_audited
617,0.199786293311897,0.967925118409853,0.108881087055598,0.621233354697388,2.035586e-01,0.000000e+00,stable,stable,not_audited
618,-0.465774858503196,0.0439189311518762,0.871159580947348,-0.325490953967757,2.035585e-01,0.000000e+00,stable,stable,not_audited
619,0.128211628598153,1.69167226636416,0.832281968984254,-0.673386789503453,2.035584e-01,0.000000e+00,stable,stable,not_audited
620,-0.431054326750575,0.218536602233792,0.0799913336562702,-0.367837755086279,2.035584e-01,0.000000e+00,stable,stable,not_audited
621,-0.679922221597931,0.0899701219273039,0.198143963267001,-0.242198528063895,2.035584e-01,0.000000e+00,stable,stable,not_audited
622,0.072098631327268,0.632026979537128,1.57100451866926,-0.553320972381081,2.035582e-01,0.000000e+00,stable,stable,not_audited
623,0.176393130653946,-0.202837631109411,0.152821210689452,-0.478742145099842,2.035581e-01,0.000000e+00,stable,stable,not_audited
624,-0.150351558512522,1.22157351133316,0.0559693904362586,0.562675893139487,2.035577e-01,0.000000e+00,stable,stable,not_audited
625,0.868919798572629,1.87431634465087,0.264527605660165,0.790491596419259,2.035574e-01,0.000000e+00,stable,stable,not_audited
626,-0.588681123806855,1.67092109450385,0.078677327748295,0.510638949066992,2.035574e-01,0.000000e+00,stable,stable,not_audited
627,0.950823181687519,1.08741706583054,0.347620810699338,-0.73941801441483,2.035572e-01,0.000000e+00,stable,stable,not_audited
628,0.636148484744784,-0.474333612713399,0.408121987909006,0.542153456098869,2.035572e-01,0.000000e+00,stable,stable,not_audited
629,-0.213952284684912,1.63908450804266,0.71865398722,0.583454205068926,2.035571e-01,0.000000e+00,stable,stable,not_audited
630,0.933254002196522,-1.41898550240967,0.202302070394739,-0.50203862539006,2.035571e-01,0.000000e+00,stable,stable,not_audited
631,0.791243444975052,-0.0705139104145061,0.301062065874131,0.610208624422629,2.035570e-01,0.000000e+00,stable,stable,not_audited
632,0.636126450354439,1.50117547909418,0.374410748771752,0.717793534128731,2.035570e-01,0.000000e+00,stable,stable,not_audited
633,0.881235855587311,1.73635914064502,0.194018294234211,-0.767387341348421,2.035567e-01,0.000000e+00,stable,stable,not_audited
634,0.402207938026143,0.809661307635531,1.97453536146785,0.612341748038904,2.035565e-01,0.000000e+00,stable,stable,not_audited
635,0.563336881963647,-1.96103681865107,1.74603165425681,-0.319437675919229,2.035565e-01,0.000000e+00,stable,stable,not_audited
636,0.19478395459536,1.32134516704196,0.0883230539533651,-0.619232193846602,2.035564e-01,0.000000e+00,stable,stable,not_audited
637,-0.244223226764591,1.781685931791,0.114959617435492,-0.577230859889201,2.035562e-01,0.000000e+00,stable,stable,not_audited
638,0.957213810814156,1.96174621058088,0.0728150343638657,0.784098049927653,2.035562e-01,0.000000e+00,stable,stable,not_audited
639,0.409820544520557,-0.079797908988209,0.840377880671979,-0.521392285611966,2.035561e-01,0.000000e+00,stable,stable,not_audited
640,0.973008807611531,0.505116239625434,0.220877895476997,-0.67637794068648,2.035561e-01,0.000000e+00,stable,stable,not_audited
641,0.510052321943283,0.215157659387287,1.65638577203515,0.569151782030533,2.035560e-01,0.000000e+00,stable,stable,not_audited
642,0.698173315880477,-1.88993253743126,1.04029828916514,-0.36898804761708,2.035560e-01,0.000000e+00,stable,stable,not_audited
643,-0.176408295702915,1.8887919885355,0.107165788522809,-0.594114384817239,2.035558e-01,0.000000e+00,stable,stable,not_audited
644,0.0212440610202143,0.192626478726682,1.40951048321174,0.458510774838258,2.035556e-01,0.000000e+00,stable,stable,not_audited
645,0.285339075546404,1.2892087087865,0.628688040331605,-0.616414651419262,2.035555e-01,0.000000e+00,stable,stable,not_audited
646,0.732809988450651,1.67165482048441,0.0541223362991988,0.71464215719354,2.035553e-01,0.000000e+00,stable,stable,not_audited
647,0.289614150781614,0.20750844189646,0.163592623137616,0.514753240519597,2.035553e-01,0.000000e+00,stable,stable,not_audited
648,-0.532089313251793,1.61283934605761,0.273925443685151,0.488455479125733,2.035552e-01,0.000000e+00,stable,stable,not_audited
649,-0.4261045564054,1.62462977883104,0.826664610943287,0.509577206016542,2.035551e-01,0.000000e+00,stable,stable,not_audited
650,-0.654050437070364,0.920024840993919,0.0561446646149142,-0.374271464213806,2.035551e-01,0.000000e+00,stable,stable,not_audited
651,-0.694117784500128,1.63016310360462,0.603622775547161,-0.451002402387192,2.035549e-01,0.000000e+00,stable,stable,not_audited
652,0.847521394876675,-1.04983736012278,0.197474522674918,0.494230563520663,2.035549e-01,0.000000e+00,stable,stable,not_audited
653,-0.305449941654124,-0.555112583579449,0.809738991840469,0.243554570088409,2.035548e-01,0.000000e+00,stable,stable,not_audited
654,0.380281150479945,0.332435805357067,0.0861087922441019,0.534723671353255,2.035547e-01,0.000000e+00,stable,stable,not_audited
655,0.83318202162181,0.207730164664852,0.247474960648847,0.603488928282257,2.035547e-01,0.000000e+00,stable,stable,not_audited
656,0.323301446847905,1.92754017274869,0.651577324717975,-0.658537880506239,2.035546e-01,0.000000e+00,stable,stable,not_audited
657,0.15266139338548,-1.21308789826579,0.966471243265302,-0.290255877502149,2.035546e-01,0.000000e+00,stable,stable,not_audited
658,0.95668533086695,0.598322872471732,1.03411744803482,0.652557727632763,2.035546e-01,0.000000e+00,stable,stable,not_audited
659,0.861139897476406,-0.222182430677965,0.72294217391329,-0.569790735487517,2.035546e-01,0.000000e+00,stable,stable,not_audited
660,-0.177341214569431,1.1333679281855,0.179035245798276,-0.500954909246277,2.035544e-01,0.000000e+00,stable,stable,not_audited
661,0.554469564688102,1.15139039747372,0.115744922976732,0.629497186069287,2.035544e-01,0.000000e+00,stable,stable,not_audited
662,-0.60684699388412,1.72383419679679,0.261325493047955,0.471848592730303,2.035543e-01,0.000000e+00,stable,stable,not_audited
663,0.808184742331053,0.824791708097524,1.07457925593065,0.641429432665421,2.035543e-01,0.000000e+00,stable,stable,not_audited
664,0.683498313033881,-1.57250624884982,0.152595233672839,-0.388965733041953,2.035542e-01,0.000000e+00,stable,stable,not_audited
665,-0.0669091141445713,1.57009542484374,0.324361765811451,0.555506692323022,2.035540e-01,0.000000e+00,stable,stable,not_audited
666,0.744085359564975,-1.56819473417516,0.132264101398647,-0.401520354614627,2.035540e-01,0.000000e+00,stable,stable,not_audited
667,0.768574192341789,0.0780238083712823,1.42904128956526,-0.569959667719238,2.035540e-01,0.000000e+00,stable,stable,not_audited
668,-0.30740064839875,0.855589668355283,0.194142312797102,-0.43753267186848,2.035539e-01,0.000000e+00,stable,stable,not_audited
669,0.795726475602362,-0.9314104715222,1.52603516773044,-0.481209158386469,2.035539e-01,0.000000e+00,stable,stable,sim_perturbative
670,0.338603427824042,1.27462559540936,0.100811722190823,0.595951328759998,2.035539e-01,0.000000e+00,stable,stable,not_audited
671,-0.565922761849797,1.68749116055515,1.58921458272139,-0.468654445295983,2.035538e-01,0.000000e+00,stable,stable,not_audited
672,-0.0213706704849146,-0.793137974060727,1.3349965374545,-0.2948094540536,2.035537e-01,0.000000e+00,stable,stable,not_audited
673,-0.531251447166667,1.09818472170492,0.564105845895746,0.411956862569105,2.035537e-01,0.000000e+00,stable,stable,not_audited
674,-0.244064477067338,1.02863389314111,0.0824551006282941,0.465921340747623,2.035537e-01,0.000000e+00,stable,stable,not_audited
675,0.918607817600867,-1.41550626495421,0.215571695134962,0.453513364599326,2.035537e-01,0.000000e+00,stable,stable,not_audited
676,0.894362221947303,0.254965863969218,0.434472089818673,0.594514131794539,2.035534e-01,0.000000e+00,stable,stable,not_audited
677,-0.250378354998618,1.08501768891311,0.0519398008807503,0.466318743530572,2.035534e-01,0.000000e+00,stable,stable,not_audited
678,-0.572807211378277,0.307471328105249,0.394709809309762,0.291424206479277,2.035534e-01,0.000000e+00,stable,stable,not_audited
679,-0.709543004907411,0.647660265787302,0.156706394853778,-0.301403577713441,2.035533e-01,0.000000e+00,stable,stable,not_audited
680,0.2721556296913,-1.77251324326123,0.191869257605925,0.219916529203684,2.035533e-01,0.000000e+00,stable,stable,not_audited
681,0.941091181070613,1.56487468328634,0.37675072632113,-0.693932709207941,2.035533e-01,0.000000e+00,stable,stable,not_audited
682,0.254670640754979,-0.360235644793155,0.713037912307975,-0.419188159346115,2.035533e-01,0.000000e+00,stable,stable,not_audited
683,0.894737805931823,-1.86675704742339,1.64524962377132,-0.393193418400331,2.035533e-01,0.000000e+00,stable,stable,sim_perturbative
684,0.760185497357948,0.0951202112247795,0.0534376492693328,-0.556581744117941,2.035532e-01,0.000000e+00,stable,stable,not_audited
685,0.389345968428454,1.35070952893394,0.0935867499411998,-0.596684529707156,2.035532e-01,0.000000e+00,stable,stable,not_audited
686,0.37253613038762,0.125807230750601,0.125940335992595,0.490312078350922,2.035532e-01,0.000000e+00,stable,stable,not_audited
687,-0.455376123841392,0.102028661613945,0.0969848909420807,0.293353911446711,2.035531e-01,0.000000e+00,stable,stable,not_audited
688,0.831482543948898,-1.30878688920384,0.28058169797933,0.437792245291015,2.035530e-01,0.000000e+00,stable,stable,not_audited
689,0.975117659142703,-0.291404470228305,0.278205754001863,-0.556822205581653,2.035530e-01,0.000000e+00,stable,stable,not_audited
690,-0.0432852153153389,-0.734824426081747,0.0700187926212344,0.289041507933237,2.035529e-01,0.000000e+00,stable,stable,not_audited
691,0.0613908349621186,0.597442204497092,0.06945758717522,-0.470672502185763,2.035528e-01,0.000000e+00,stable,stable,not_audited
692,0.945611352069139,-1.23426861219138,0.489182424289788,-0.463846651151289,2.035528e-01,0.000000e+00,stable,stable,not_audited
693,-0.213141256990161,1.79286072742981,0.136420502163395,-0.527115100069859,2.035527e-01,0.000000e+00,stable,stable,not_audited
694,0.716436284730984,-1.47553941851249,1.39980327671306,0.388054582338111,2.035525e-01,0.000000e+00,stable,stable,not_audited
695,-0.870204424145538,0.314477397577816,0.131920464788878,0.166983281902876,2.035522e-01,0.000000e+00,stable,stable,not_audited
696,0.997803874584545,0.235884875727013,0.0849275326709612,0.583639163685227,2.035521e-01,0.000000e+00,stable,stable,not_audited
697,0.806482476989575,0.228202460306779,0.718446532875307,0.553365921884934,2.035520e-01,0.000000e+00,stable,stable,not_audited
698,0.989759945400065,1.86460639419814,0.789506529464704,0.69054997255464,2.035520e-01,0.000000e+00,stable,stable,not_audited
699,0.30622356621625,-1.47710246523475,1.11753356311026,0.274684560872543,2.035520e-01,0.000000e+00,stable,stable,not_audited
700,-0.0189024362546371,-0.0694418101278809,0.189901114324813,-0.373417904538793,2.035520e-01,0.000000e+00,stable,stable,not_audited
701,-0.507078279788446,1.7366944559007,0.0982077003006024,-0.457350545038843,2.035519e-01,0.000000e+00,stable,stable,not_audited
702,0.632403510973925,0.733421974042829,0.513913571370063,0.562895479540389,2.035519e-01,0.000000e+00,stable,stable,not_audited
703,0.856673523580306,1.96904651519694,1.04683957090716,0.676497265107844,2.035519e-01,0.000000e+00,stable,stable,not_audited
704,0.127099662191087,-1.0257141678989,1.72532914266028,-0.286995788407065,2.035519e-01,0.000000e+00,stable,stable,not_audited
705,-0.424747913888621,1.73775955506535,0.684881392609153,0.469843654418012,2.035518e-01,0.000000e+00,stable,stable,not_audited
706,0.85513894152213,0.0794279653352539,0.224748091730032,0.54256155906139,2.035517e-01,0.000000e+00,stable,stable,not_audited
707,-0.625017522498575,1.73729586725749,0.077234173555434,0.43109039275496,2.035517e-01,0.000000e+00,stable,stable,not_audited
708,0.72647690249166,0.0633458324635341,1.3548568258999,0.520686796986669,2.035517e-01,0.000000e+00,stable,stable,not_audited
709,0.897693186608329,0.307837452822686,0.0507354206001537,0.565133552273111,2.035516e-01,0.000000e+00,stable,stable,not_audited
710,-0.737548477256943,0.786689625311245,0.0827070820665268,0.295749977957323,2.035515e-01,0.000000e+00,stable,stable,not_audited
711,0.0679151525981379,1.09921456725212,0.255503859052641,-0.494987965618597,2.035515e-01,0.000000e+00,stable,stable,not_audited
712,0.507169950205816,0.478912611937016,0.0634017129104715,-0.515863763660436,2.035515e-01,0.000000e+00,stable,stable,not_audited
713,0.884946210910179,0.755563920938272,1.63013218509531,0.591055146508987,2.035514e-01,0.000000e+00,stable,stable,not_audited
714,0.437024150168904,-0.544768148889117,1.39040497234193,-0.411488724996055,2.035514e-01,0.000000e+00,stable,stable,not_audited
715,0.853762204521577,1.36490630125727,0.271802364313327,0.625725224059635,2.035513e-01,0.000000e+00,stable,stable,not_audited
716,0.118890604876373,1.38675902548005,0.213394384949322,0.521014079810564,2.035512e-01,0.000000e+00,stable,stable,not_audited
717,-0.208128054468202,1.44346611607911,0.662162874300253,-0.472442735146253,2.035512e-01,0.000000e+00,stable,stable,not_audited
718,0.788065833668991,1.42912321235331,0.0840545501856996,0.615348156096315,2.035511e-01,0.000000e+00,stable,stable,not_audited
719,0.48649275827164,0.158049114169506,1.57353745454187,-0.478022273377912,2.035510e-01,0.000000e+00,stable,stable,not_audited
720,0.869366451154128,0.42908515729946,0.856633947321662,0.555764809782286,2.035509e-01,0.000000e+00,stable,stable,not_audited
721,-0.536154058321449,1.98897450696656,1.24691048690576,-0.457093078310492,2.035508e-01,0.000000e+00,stable,stable,not_audited
722,-0.133086864164062,0.530203649987879,1.07356492278372,-0.397092072943443,2.035508e-01,0.000000e+00,stable,stable,not_audited
723,-0.529430576917305,1.74031159464654,0.454692753555701,-0.436153901758702,2.035508e-01,0.000000e+00,stable,stable,not_audited
724,0.992551126044823,-0.374835372333375,0.309550769179226,0.5122670247931,2.035508e-01,0.000000e+00,stable,stable,not_audited
725,-0.274341061406292,1.57057513291334,0.0810283426680868,-0.463712984884386,2.035507e-01,0.000000e+00,stable,stable,not_audited
726,-0.222558643649027,-0.855297047893547,0.240825911113604,-0.185796843384624,2.035506e-01,0.000000e+00,stable,stable,not_audited
727,0.674389618599373,1.98094175308013,0.201839244700508,-0.622324386098226,2.035505e-01,0.000000e+00,stable,stable,not_audited
728,-0.867715407637148,0.959267367167445,0.112758019134831,0.272091671785603,2.035504e-01,0.000000e+00,stable,stable,not_audited
729,0.569568758557242,-1.00359046426844,0.654610795602954,0.375804736252591,2.035503e-01,0.000000e+00,stable,stable,not_audited
730,0.834631245319011,-1.09687396563945,0.383715236487517,-0.414771815481471,2.035501e-01,0.000000e+00,stable,stable,not_audited
731,0.802276678619917,-1.84580825892952,1.36249195655414,0.333426079109698,2.035500e-01,0.000000e+00,stable,stable,not_audited
732,0.25166115256846,-0.417592205421216,0.412898568315901,0.366058791017365,2.035499e-01,0.000000e+00,stable,stable,not_audited
733,-0.00732877891705497,1.60171392906389,1.10027043938071,0.492197974532258,2.035499e-01,0.000000e+00,stable,stable,not_audited
734,0.163955453287907,0.832155876203085,0.129118509056492,-0.456864167392934,2.035497e-01,0.000000e+00,stable,stable,not_audited
735,0.0779328474065886,-0.778288222874396,0.855376184349839,0.284284123381888,2.035497e-01,0.000000e+00,stable,stable,not_audited
736,0.187114463349731,0.722039927431937,0.186672415184494,0.450989942569078,2.035497e-01,0.000000e+00,stable,stable,not_audited
737,0.744594512052169,0.337135936863187,0.0651413418516221,0.505266903198885,2.035496e-01,0.000000e+00,stable,stable,not_audited
738,0.0157777600890567,1.5384592290154,0.24547108733123,0.486243551440143,2.035496e-01,0.000000e+00,stable,stable,not_audited
739,-0.47618311328681,1.4090780221066,0.0523600628846425,-0.395941972639074,2.035496e-01,0.000000e+00,stable,stable,not_audited
740,-0.147423410785061,1.07820171890691,1.06244334618325,-0.423749670329735,2.035496e-01,0.000000e+00,stable,stable,not_audited
741,0.85644137070407,0.977470663072758,0.32831092480964,-0.560716930261288,2.035495e-01,0.000000e+00,stable,stable,not_audited
742,0.082200326019443,-0.545156594523376,0.984091886708267,-0.311129979996968,2.035495e-01,0.000000e+00,stable,stable,not_audited
743,-0.324699034101449,-0.0604687494150247,1.92844149507888,0.271078806814266,2.035495e-01,0.000000e+00,stable,stable,not_audited
744,0.53583242847003,1.87703141622539,0.068641455227358,0.576072693542891,2.035495e-01,0.000000e+00,stable,stable,not_audited
745,-0.308409014351093,0.425838667059446,0.765157918333417,-0.330430091399031,2.035494e-01,0.000000e+00,stable,stable,not_audited
746,0.901029566110813,1.43744321175975,1.04921321578883,0.591103972980672,2.035494e-01,0.000000e+00,stable,stable,sim_perturbative
747,0.627629745913912,1.57063031173477,1.70903533850326,0.56596601666282,2.035494e-01,0.000000e+00,stable,stable,not_audited
748,0.753990991775191,0.863559435457877,0.177611069844665,0.536193995382499,2.035494e-01,0.000000e+00,stable,stable,not_audited
749,0.29859559444713,1.03960529929866,1.06622486288025,-0.482882426533358,2.035492e-01,0.000000e+00,stable,stable,not_audited
750,0.00406972572896946,0.174221439994604,0.106108150338518,0.364393577109543,2.035492e-01,0.000000e+00,stable,stable,not_audited
751,-0.789977030208023,1.4085748457886,1.37853494878427,0.328937493747312,2.035492e-01,0.000000e+00,stable,stable,not_audited
752,-0.964164585319343,0.591961227504859,0.726019231661285,-0.166820624926947,2.035489e-01,0.000000e+00,stable,stable,not_audited
753,0.622322914248836,-1.322567839006,0.239494091443785,0.334419077407486,2.035489e-01,0.000000e+00,stable,stable,not_audited
754,-0.315282370600649,0.89319629616132,0.177129339580327,0.366884526637759,2.035489e-01,0.000000e+00,stable,stable,not_audited
755,0.678887315706591,1.42134394715284,1.34951545807884,-0.548766387850277,2.035488e-01,0.000000e+00,stable,stable,not_audited
756,-0.738904250795545,1.92773771165756,0.0853318929781033,-0.381620222055439,2.035487e-01,0.000000e+00,stable,stable,not_audited
757,0.755668572947349,0.647252412172234,0.130307440674589,-0.507903135144216,2.035487e-01,0.000000e+00,stable,stable,not_audited
758,0.0721292075576718,1.85736949177011,0.188050244292284,-0.497378285120414,2.035487e-01,0.000000e+00,stable,stable,not_audited
759,0.518054951464135,0.433751446599542,0.177990506182992,-0.460108923311003,2.035487e-01,0.000000e+00,stable,stable,not_audited
760,0.406872266439628,1.56635031631728,0.240415144468047,0.519964011435997,2.035486e-01,0.000000e+00,stable,stable,not_audited
761,0.498366877139163,0.543830873549736,0.12883313273487,-0.463594122512968,2.035486e-01,0.000000e+00,stable,stable,not_audited
762,0.162971581729399,1.51040554530195,0.276392743643732,0.483939384638722,2.035486e-01,0.000000e+00,stable,stable,not_audited
763,-0.392822350878542,-0.752753436511254,1.05634242560652,-0.117526260086245,2.035486e-01,0.000000e+00,stable,stable,not_audited
764,0.931638624564356,-0.13120794063951,0.180205773971968,0.474702391539328,2.035485e-01,0.000000e+00,stable,stable,not_audited
765,0.796534924461706,0.790695287337956,0.82375181089265,0.516018247228843,2.035484e-01,0.000000e+00,stable,stable,not_audited
766,-0.167442476101208,1.32390316503412,0.0574239012712308,0.419904634679098,2.035484e-01,0.000000e+00,stable,stable,not_audited
767,-0.891079630250088,0.335502324107431,0.271737601565154,-0.139297418404901,2.035484e-01,0.000000e+00,stable,stable,not_audited
768,0.272260118560174,1.96971789286501,0.342135373008972,0.522018145770555,2.035483e-01,0.000000e+00,stable,stable,sim_perturbative
769,0.526123736240338,-1.71624285654508,0.0640146566597283,-0.263193322170399,2.035483e-01,0.000000e+00,stable,stable,not_audited
770,0.64212724375055,0.890290795140516,0.605878585298426,0.498653073406027,2.035482e-01,0.000000e+00,stable,stable,not_audited
771,0.751561383923846,0.848967992310766,1.80811337659636,0.508187183679478,2.035482e-01,0.000000e+00,stable,stable,not_audited
772,0.620115081355582,-0.428023123710882,0.0712298124912541,-0.398604224599584,2.035480e-01,0.000000e+00,stable,stable,not_audited
773,0.170506897540562,0.700094963704192,1.54295245809501,0.415778099157713,2.035480e-01,0.000000e+00,stable,stable,not_audited
774,0.207217564866685,-1.46581144038414,0.0724037953564457,0.20714543006691,2.035479e-01,0.000000e+00,stable,stable,not_audited
775,0.679333494909141,0.563309413258564,0.858754776052647,-0.474259774814227,2.035479e-01,0.000000e+00,stable,stable,not_audited
776,-0.405347917461165,1.88882312391056,1.63937103087632,0.415242453319911,2.035478e-01,0.000000e+00,stable,stable,not_audited
777,0.318192259213935,0.312838998896874,0.207476237089848,0.405307980923533,2.035478e-01,0.000000e+00,stable,stable,not_audited
778,-0.536826974998006,1.22989045082608,1.15537395863419,0.338783910667701,2.035477e-01,0.000000e+00,stable,stable,not_audited
779,0.937928123897773,-0.119615209367151,0.107247858405195,-0.459213916126733,2.035477e-01,0.000000e+00,stable,stable,not_audited
780,0.0332260319117057,-0.305959837322243,0.074932755303204,-0.301335729784799,2.035477e-01,0.000000e+00,stable,stable,not_audited
781,-0.579438999454649,1.09933150090381,0.108127853213865,0.318170257110732,2.035476e-01,0.000000e+00,stable,stable,not_audited
782,0.785773001685131,1.06824828923138,0.829142371189727,-0.512080821778969,2.035476e-01,0.000000e+00,stable,stable,not_audited
783,-0.621966332987881,0.136362550915606,0.632259409540609,0.195872377040762,2.035476e-01,0.000000e+00,stable,stable,not_audited
784,0.229405932228736,1.70187717370187,0.132436391012921,0.482596378117868,2.035476e-01,0.000000e+00,stable,stable,not_audited
785,0.470098044398964,0.809721180571172,0.79063571312875,0.456032229809291,2.035476e-01,0.000000e+00,stable,stable,not_audited
786,0.682152456052548,-1.97499016915096,1.95642577085767,-0.259629547451778,2.035475e-01,0.000000e+00,stable,stable,not_audited
787,0.668296182437413,-0.538207793490807,0.403289799083961,0.387668711576532,2.035475e-01,0.000000e+00,stable,stable,not_audited
788,-0.148265178499911,1.89991032566299,1.59878656570724,0.44095720551428,2.035473e-01,0.000000e+00,stable,stable,not_audited
789,-0.144267511953218,0.87616575610646,0.819499748152958,-0.365846549847602,2.035472e-01,0.000000e+00,stable,stable,not_audited
790,0.268702383078494,0.410132132871645,1.86492892979296,-0.392846014067493,2.035472e-01,0.000000e+00,stable,stable,not_audited
791,-0.281986233734362,-0.782738610499938,0.0544862187524788,-0.151880947606438,2.035472e-01,0.000000e+00,stable,stable,not_audited
792,-0.365923994948311,1.14768747722645,0.265787750050086,0.351663955470283,2.035472e-01,0.000000e+00,stable,stable,sim_perturbative
793,-0.404825470135625,-0.697458297612127,0.614967331139439,-0.117576174435198,2.035471e-01,0.000000e+00,stable,stable,not_audited
794,-0.495494208818772,1.40074461375516,0.160561578705208,0.349942564845601,2.035471e-01,0.000000e+00,stable,stable,not_audited
795,-0.843753989189439,1.13498783226775,1.42479034572257,-0.260520847581457,2.035471e-01,0.000000e+00,stable,stable,not_audited
796,-0.305186073179408,0.766390217632114,0.359430283019817,-0.328552261479626,2.035471e-01,0.000000e+00,stable,stable,not_audited
797,-0.541681488430635,0.372049419146413,0.0926685277460329,0.241979310373533,2.035470e-01,0.000000e+00,stable,stable,not_audited
798,0.910303123470283,-0.0628524233319165,0.0778216750216988,-0.441618930333115,2.035469e-01,0.000000e+00,stable,stable,not_audited
799,0.881495653284429,1.6235059235357,0.162426581657919,-0.532292652117981,2.035468e-01,0.000000e+00,stable,stable,not_audited
800,-0.700075934385271,-0.337961377797129,0.100625293023638,0.0255146186499653,2.035467e-01,0.000000e+00,stable,stable,not_audited
801,0.159773011030956,0.986029186198706,0.0936521805981063,-0.407434620257443,2.035467e-01,0.000000e+00,stable,stable,not_audited
802,-0.0467127397704173,1.28278291517606,0.185254949439283,0.398526726656164,2.035466e-01,0.000000e+00,stable,stable,not_audited
803,0.480429809464387,-1.39474573198398,1.4765625557438,-0.264525614904559,2.035465e-01,0.000000e+00,stable,stable,not_audited
804,0.437079745276223,0.649165533330927,0.188213253146625,-0.415711025391909,2.035464e-01,0.000000e+00,stable,stable,not_audited
805,0.430633342640394,1.97812789033207,0.308915580207185,-0.489891523328045,2.035463e-01,0.000000e+00,stable,stable,not_audited
806,0.445679742404784,1.37392867308156,0.0514110403730433,-0.457408087261929,2.035463e-01,0.000000e+00,stable,stable,not_audited
807,-0.349561242718579,1.46511126241388,0.238673343224388,-0.36189914902739,2.035463e-01,0.000000e+00,stable,stable,not_audited
808,0.780296891914461,-0.668944336744575,0.0684355126884641,-0.367814529842823,2.035461e-01,0.000000e+00,stable,stable,not_audited
809,-0.565126707561398,0.037410519860543,0.284404496929436,0.183370476697245,2.035461e-01,0.000000e+00,stable,stable,not_audited
810,0.473636095466191,0.866431746509734,0.121870571299122,0.425996535542273,2.035461e-01,0.000000e+00,stable,stable,not_audited
811,0.936068624041086,0.604229238021574,0.554870034899488,0.462751310014968,2.035460e-01,0.000000e+00,stable,stable,not_audited
812,-0.886248353245148,0.774374279383688,0.827881720955964,0.194409159530994,2.035459e-01,0.000000e+00,stable,stable,not_audited
813,0.169391333776646,-0.996409095215973,0.172694010322087,0.232414393571771,2.035458e-01,0.000000e+00,stable,stable,not_audited
814,0.328956038758013,1.89126696432709,0.104122656810589,0.458746357036157,2.035457e-01,0.000000e+00,stable,stable,not_audited
815,0.639398321017175,-1.02824044362272,0.243136044946107,-0.311435504100986,2.035456e-01,0.000000e+00,stable,stable,not_audited
816,0.371798693170067,1.18972906938969,0.0909515312402645,0.422135799883678,2.035456e-01,0.000000e+00,stable,stable,not_audited
817,0.520969642072573,-0.57563512113556,0.162651847874047,0.327354087370979,2.035456e-01,0.000000e+00,stable,stable,not_audited
818,0.879177895162764,-0.345250967475359,0.58820461869936,-0.389551937101347,2.035455e-01,0.000000e+00,stable,stable,sim_perturbative
819,-0.149791824718225,0.661342833192991,0.0631470125778861,0.318281763428989,2.035455e-01,0.000000e+00,stable,stable,not_audited
820,-0.639693217158914,0.0460091729216607,0.10810122438456,-0.157048770049962,2.035455e-01,0.000000e+00,stable,stable,not_audited
821,0.245052716615366,1.51579287221766,0.903877628549712,0.423417665991229,2.035455e-01,0.000000e+00,stable,stable,not_audited
822,0.921165157731485,-0.404524129428175,0.170840729789827,-0.388628448624287,2.035454e-01,0.000000e+00,stable,stable,not_audited
823,-0.648936486889435,1.39380774247508,0.567174454542224,0.295590875935663,2.035454e-01,0.000000e+00,stable,stable,not_audited
824,0.157670569793318,-1.48643777163104,1.57197859158819,0.165000459190938,2.035454e-01,0.000000e+00,stable,stable,not_audited
825,0.778445356978229,-0.72515353484922,0.144575873820726,0.346295368998648,2.035453e-01,0.000000e+00,stable,stable,not_audited
826,-0.0643189244204009,0.127455236906863,0.575722691849184,0.284740674336088,2.035452e-01,0.000000e+00,stable,stable,not_audited
827,0.935394278700121,1.09532833232574,0.584694950044117,-0.467314609712269,2.035452e-01,0.000000e+00,stable,stable,not_audited
828,0.910295452967706,-1.09468742292302,0.439524116224027,0.335022320794321,2.035451e-01,0.000000e+00,stable,stable,not_audited
829,0.545457648748482,0.615394189166135,0.123303507755573,-0.395374132137191,2.035450e-01,0.000000e+00,stable,stable,not_audited
830,0.498516961640648,1.99143854867307,0.090298873757951,-0.460235465839515,2.035449e-01,0.000000e+00,stable,stable,not_audited
831,-0.160882149009966,-0.790487545698144,0.132111337988331,0.168496034776821,2.035449e-01,0.000000e+00,stable,stable,not_audited
832,0.186409788060885,-0.111695240516865,0.484389878473652,-0.299164666202472,2.035449e-01,0.000000e+00,stable,stable,sim_perturbative
833,0.684565322264137,-0.78487323570988,0.513192437658298,-0.320916102527253,2.035448e-01,0.000000e+00,stable,stable,not_audited
834,0.00461835807389233,0.751717181085516,0.161943807692128,-0.332118693522975,2.035448e-01,0.000000e+00,stable,stable,not_audited
835,0.386091429655331,0.333971350634263,0.595394412042096,-0.353898210488891,2.035448e-01,0.000000e+00,stable,stable,not_audited
836,0.381997186862699,1.80573580594841,0.0840987645181447,-0.43469281686562,2.035448e-01,0.000000e+00,stable,stable,not_audited
837,0.970525901811184,1.11023172815862,1.87929434437059,0.457646779044671,2.035447e-01,0.000000e+00,stable,stable,not_audited
838,0.0207767653892101,1.39531033190722,0.0857143683839773,0.372117177886031,2.035447e-01,0.000000e+00,stable,stable,not_audited
839,0.11649329941944,0.877171435025533,1.66247844110176,0.352516212432229,2.035447e-01,0.000000e+00,stable,stable,not_audited
840,-0.507757156849522,1.08213232839173,0.167314815795435,0.280923378747205,2.035447e-01,0.000000e+00,stable,stable,not_audited
841,0.493365983141525,-1.53288774172897,0.17663147258784,0.228656282458588,2.035447e-01,0.000000e+00,stable,stable,not_audited
842,0.628799803778499,1.78044762674794,1.89596660867432,0.455580750794907,2.035447e-01,0.000000e+00,stable,stable,not_audited
843,0.213223733755164,0.073859900997221,0.385676450487034,0.312090315557521,2.035447e-01,0.000000e+00,stable,stable,not_audited
844,0.66140393410778,0.588251577690883,0.227909519956982,-0.396439429231621,2.035446e-01,0.000000e+00,stable,stable,not_audited
845,-0.269273900474947,1.81944656993697,0.650458169729543,0.359426041604586,2.035446e-01,0.000000e+00,stable,stable,not_audited
846,0.706026206934945,1.48869348646403,0.0607709003820382,0.445067562408774,2.035446e-01,0.000000e+00,stable,stable,not_audited
847,-0.22302034879004,1.48328917264801,0.132098930688895,0.344269250741791,2.035445e-01,0.000000e+00,stable,stable,not_audited
848,0.321663617551976,1.78139403303909,1.45661833538981,0.419938244772067,2.035445e-01,0.000000e+00,stable,stable,not_audited
849,-0.0653550303032179,0.204614137918568,0.0666451988278207,-0.277076502231655,2.035445e-01,0.000000e+00,stable,stable,not_audited
850,0.938718404579728,-1.42286774872092,0.245856253896035,0.304566569030349,2.035445e-01,0.000000e+00,stable,stable,not_audited
851,0.166454011767061,0.00321843771055352,1.86445949823892,-0.296065210289082,2.035444e-01,0.000000e+00,stable,stable,not_audited
852,-0.0706097926021723,1.905143279553,1.30854326189758,0.383731161531591,2.035444e-01,0.000000e+00,stable,stable,not_audited
853,0.152451289673513,1.77049095680044,1.70037953142021,0.398198238146524,2.035443e-01,0.000000e+00,stable,stable,not_audited
854,-0.306160535441657,-0.224810501432918,0.278423440033811,-0.194094817362401,2.035443e-01,0.000000e+00,stable,stable,not_audited
855,0.844242279784997,0.848661949085535,0.139790708991609,-0.42053262031795,2.035443e-01,0.000000e+00,stable,stable,not_audited
856,-0.0871319864694718,-0.830892010294772,0.988361310856855,0.174255940384494,2.035442e-01,0.000000e+00,stable,stable,not_audited
857,0.405617080106027,-0.547829019257418,0.711192697377298,0.286189549180087,2.035442e-01,0.000000e+00,stable,stable,not_audited
858,-0.00917778181281137,1.12294915694898,1.27557267057388,-0.339121638030311,2.035441e-01,0.000000e+00,stable,stable,not_audited
859,0.944302930154717,0.0169518810887359,0.908959949477809,-0.382661770342969,2.035441e-01,0.000000e+00,stable,stable,not_audited
860,-0.819674845166673,0.176294781726341,0.249085473695843,0.107180594983669,2.035441e-01,0.000000e+00,stable,stable,not_audited
861,0.114562429696968,0.744413122678039,0.683277921304555,-0.329888935635577,2.035441e-01,0.000000e+00,stable,stable,not_audited
862,0.734823991682064,0.634121371146172,0.217285046362978,0.392402165386901,2.035441e-01,0.000000e+00,stable,stable,not_audited
863,0.224397732912382,0.35204712117269,0.430380157127674,0.317225875798119,2.035440e-01,0.000000e+00,stable,stable,not_audited
864,0.0826562928653516,-1.1132925304267,0.936057601442279,0.177751808710278,2.035440e-01,0.000000e+00,stable,stable,not_audited
865,-0.163404723112194,0.983581109719529,0.342316890654835,0.30750864378094,2.035439e-01,0.000000e+00,stable,stable,not_audited
866,-0.884061033860148,1.56501099424979,0.0528156936757617,-0.246477352782335,2.035439e-01,0.000000e+00,stable,stable,not_audited
867,0.746025757490501,0.194122846299885,0.0707960885683874,-0.366626068417409,2.035439e-01,0.000000e+00,stable,stable,not_audited
868,0.12581826622841,1.93553530369788,1.92176768565718,0.39174469128392,2.035439e-01,0.000000e+00,stable,stable,not_audited
869,0.661206237548278,1.50417140781508,0.840274242439998,0.422249435430246,2.035439e-01,0.000000e+00,stable,stable,not_audited
870,-0.546995701753885,0.322957622215756,0.0776449203874867,0.193992963291437,2.035438e-01,0.000000e+00,stable,stable,not_audited
871,0.166902772425713,1.16106142864786,0.0661220925766267,-0.352875488418638,2.035438e-01,0.000000e+00,stable,stable,not_audited
872,0.772085696792729,-0.0368585698607675,0.0546991451297527,0.352346396784829,2.035437e-01,0.000000e+00,stable,stable,not_audited
873,0.0504894694445042,0.389709677879618,0.969149839578362,-0.292117879437911,2.035437e-01,0.000000e+00,stable,stable,not_audited
874,-0.190421731074632,0.761401033947887,0.0904402734798132,0.283099043035672,2.035436e-01,0.000000e+00,stable,stable,not_audited
875,0.0960824097794961,1.40484855957418,1.21804273166213,0.354733610752814,2.035436e-01,0.000000e+00,stable,stable,not_audited
876,-0.0621840719967497,1.54727915777457,0.100191445718108,0.345042495381209,2.035436e-01,0.000000e+00,stable,stable,sim_perturbative
877,0.309567364544245,-1.87943533330783,0.086959732865961,-0.135425192076317,2.035436e-01,0.000000e+00,stable,stable,not_audited
878,0.646816921830008,0.875662980345542,0.557930178178523,0.383076610543778,2.035436e-01,0.000000e+00,stable,stable,not_audited
879,0.139268204965017,1.77292118108163,0.231787008619137,-0.377081986471388,2.035436e-01,0.000000e+00,stable,stable,not_audited
880,-0.363439796062735,1.3394832093454,0.0822681044201199,0.297122241745276,2.035436e-01,0.000000e+00,stable,stable,not_audited
881,0.82937527893975,1.26231080157904,0.182712933698021,0.41172248770241,2.035434e-01,0.000000e+00,stable,stable,not_audited
882,0.212316425606764,0.300908079670072,0.254022785090399,0.296643567142274,2.035432e-01,0.000000e+00,stable,stable,not_audited
883,0.432078582352454,0.440076716096028,0.0607039497090078,0.327894178296344,2.035432e-01,0.000000e+00,stable,stable,not_audited
884,0.913579559314597,1.41520146101168,0.584841081347884,-0.419105008909058,2.035432e-01,0.000000e+00,stable,stable,not_audited
885,-0.145577489106958,1.17681127694852,0.220230319645403,0.303998283967303,2.035432e-01,0.000000e+00,stable,stable,not_audited
886,-0.0463799307705846,0.744712139289385,0.058181762721749,-0.289942946041585,2.035431e-01,0.000000e+00,stable,stable,sim_perturbative
887,0.984737267093099,-0.207723880143633,0.724314783443618,-0.350520175220674,2.035431e-01,0.000000e+00,stable,stable,not_audited
888,0.464334098840315,1.88437647287361,0.28556936558544,-0.398941438603229,2.035431e-01,0.000000e+00,stable,stable,not_audited
889,-0.635566614104174,-0.374422843336091,0.928444678745497,0.0602733652693979,2.035431e-01,0.000000e+00,stable,stable,not_audited
890,0.295915977288089,0.983743801702539,0.11356279788279,0.339761326736196,2.035431e-01,0.000000e+00,stable,stable,not_audited
891,-0.867828277589623,1.76164714853011,0.0545270692800009,0.247845634488818,2.035431e-01,0.000000e+00,stable,stable,not_audited
892,-0.13385554829811,-0.661317422451235,1.11879015582444,-0.168145069746434,2.035430e-01,0.000000e+00,stable,stable,not_audited
893,0.708250547387306,1.10890779656225,1.25192344245053,0.381801842922878,2.035430e-01,0.000000e+00,stable,stable,not_audited
894,-0.223460906474039,0.923455260457032,0.0727073326207212,0.274890940892377,2.035429e-01,0.000000e+00,stable,stable,not_audited
895,0.104030659658719,1.70091290064322,0.642292252549643,0.351155150570833,2.035429e-01,0.000000e+00,stable,stable,not_audited
896,0.702003078000097,-1.45818696634641,0.782876691542489,-0.238509578133498,2.035429e-01,0.000000e+00,stable,stable,not_audited
897,-0.0968833105333688,1.36525356888884,0.203653178974315,-0.313011711265725,2.035429e-01,0.000000e+00,stable,stable,not_audited
898,-0.498415637465814,1.19026838204488,0.0966858853609551,-0.254947624947203,2.035428e-01,0.000000e+00,stable,stable,not_audited
899,0.930865501764098,0.869830645842829,0.369556308773363,0.386135100862536,2.035428e-01,0.000000e+00,stable,stable,not_audited
900,-0.389349827656859,1.696217345118,0.241503532945692,-0.297533452605487,2.035428e-01,0.000000e+00,stable,stable,not_audited
901,0.217604530323277,-0.126068798101254,0.213368752799628,-0.260511439794705,2.035428e-01,0.000000e+00,stable,stable,not_audited
902,0.0903332485787662,-1.43788671564359,0.165812423529332,0.127410731417778,2.035428e-01,0.000000e+00,stable,stable,not_audited
903,0.439864343744654,-0.397376888592262,0.124258759395549,-0.271128551119195,2.035427e-01,0.000000e+00,stable,stable,not_audited
904,-0.0124372261141235,0.715027756095421,0.0613627762335854,0.283059671037576,2.035427e-01,0.000000e+00,stable,stable,not_audited
905,-0.0374607734631814,1.40173324910249,0.19336062556714,0.317297130592084,2.035427e-01,0.000000e+00,stable,stable,not_audited
906,0.667243541764169,1.3149900697217,0.0662055866698002,0.379127276787897,2.035427e-01,0.000000e+00,stable,stable,sim_perturbative
907,-0.987219900984675,1.36309311796921,0.139342068942987,0.191538144509736,2.035426e-01,0.000000e+00,stable,stable,not_audited
908,-0.801392824345159,1.82312405180572,0.0961610875748079,0.251055543144853,2.035426e-01,0.000000e+00,stable,stable,not_audited
909,0.702719309524972,0.352076799603718,0.0650254125490624,0.331249210715989,2.035424e-01,0.000000e+00,stable,stable,not_audited
910,-0.679813899498806,1.31012487528541,0.139944824627533,0.228005183038253,2.035423e-01,0.000000e+00,stable,stable,not_audited
911,-0.540924943772946,-0.195089140771046,1.56390540767425,0.120183495215176,2.035423e-01,0.000000e+00,stable,stable,not_audited
912,0.432846802276392,0.171102553708388,0.0709929757402499,-0.291072845262753,2.035423e-01,0.000000e+00,stable,stable,not_audited
913,0.0890009760082078,-0.0289083898156348,0.782845549789988,0.239754385125782,2.035422e-01,0.000000e+00,stable,stable,not_audited
914,-0.537508017746323,1.39781596248302,0.18222600171326,-0.249445465401326,2.035422e-01,0.000000e+00,stable,stable,not_audited
915,0.841600940325582,0.503033169415678,1.56401727898017,-0.343507256028107,2.035422e-01,0.000000e+00,stable,stable,not_audited
916,-0.194226671713065,1.90758086747693,0.698825880030474,0.312584536415374,2.035422e-01,0.000000e+00,stable,stable,not_audited
917,-0.557576793308556,0.527030386613469,0.22923531598157,-0.185714609233318,2.035421e-01,0.000000e+00,stable,stable,not_audited
918,0.649283637027162,-0.772172345922891,0.0555803168689078,-0.259373115201252,2.035421e-01,0.000000e+00,stable,stable,not_audited
919,0.574501060697069,-1.22369739785032,0.102502724329759,0.22189861277094,2.035421e-01,0.000000e+00,stable,stable,sim_perturbative
920,-0.473708490296384,1.06849313101764,0.771649762384162,-0.233814053484543,2.035420e-01,0.000000e+00,stable,stable,not_audited
921,-0.676355771017374,1.37341747001767,0.880109068326259,-0.227322849129536,2.035420e-01,0.000000e+00,stable,stable,not_audited
922,0.523972099249823,-0.754770771702713,0.726153831153053,0.243698257344966,2.035420e-01,0.000000e+00,stable,stable,not_audited
923,0.922154987738262,-0.978004735894642,1.00817095938637,0.27409306499665,2.035419e-01,0.000000e+00,stable,stable,not_audited
924,0.174839357173724,0.00496708359299314,0.220167205296255,-0.245719121226578,2.035419e-01,0.000000e+00,stable,stable,not_audited
925,0.932019826814813,1.5514556736392,0.226503384551032,0.384027468884046,2.035419e-01,0.000000e+00,stable,stable,not_audited
926,0.149619795357454,-0.642961646431085,0.408171120032065,-0.200133645783835,2.035419e-01,0.000000e+00,stable,stable,not_audited
927,0.545453848952228,1.2695571342075,1.92948443317622,-0.341512454221289,2.035419e-01,0.000000e+00,stable,stable,not_audited
928,-0.857725923035006,1.95896065805025,0.627754066479035,0.237468213736995,2.035418e-01,0.000000e+00,stable,stable,not_audited
929,0.629371406982223,-1.93913667384785,0.272566671625575,-0.171909918691482,2.035417e-01,0.000000e+00,stable,stable,not_audited
930,0.716850235246731,1.53202929904169,0.155583588733662,0.359415358501728,2.035417e-01,0.000000e+00,stable,stable,sim_perturbative
931,0.0832489672434074,1.14354951989344,0.0700268838650052,-0.288785220971248,2.035416e-01,0.000000e+00,stable,stable,not_audited
932,0.00825711471463997,-0.50165989927443,0.257939021288095,0.185577779503411,2.035416e-01,0.000000e+00,stable,stable,not_audited
933,-0.437901198619732,1.86871612357995,0.212572674597178,-0.273181710061672,2.035416e-01,0.000000e+00,stable,stable,not_audited
934,-0.361160014055102,-0.552496379249783,0.957239357956739,0.113663418393741,2.035416e-01,0.000000e+00,stable,stable,not_audited
935,0.996194487327398,1.91151660679063,0.278714287430765,-0.391561548026374,2.035416e-01,0.000000e+00,stable,stable,not_audited
936,-0.215407696158541,0.135031645212556,0.214566188423949,-0.197374547770035,2.035415e-01,0.000000e+00,stable,stable,not_audited
937,0.267099254626516,1.70287187897791,0.231765491748305,0.325672107600663,2.035415e-01,0.000000e+00,stable,stable,not_audited
938,-0.521357692404193,-0.395288162945231,0.130236936479607,-0.0907095268968579,2.035415e-01,0.000000e+00,stable,stable,not_audited
939,0.536830095838389,0.0969312748697493,0.172625543774974,-0.277285386906166,2.035415e-01,0.000000e+00,stable,stable,not_audited
940,0.846235195632537,1.9203247735949,0.120444994167627,-0.375633814114929,2.035415e-01,0.000000e+00,stable,stable,not_audited
941,-0.846535592467917,1.6646280141028,0.340845904247171,0.212790340067831,2.035415e-01,0.000000e+00,stable,stable,not_audited
942,0.753620921484796,-1.19905472632498,1.31388429959559,-0.232069922728939,2.035414e-01,0.000000e+00,stable,stable,sim_perturbative
943,0.0691852714505332,1.23763821470365,0.165536215301659,0.285498956472858,2.035414e-01,0.000000e+00,stable,stable,not_audited
944,-0.573752979354301,1.02706385663793,0.444332425458682,0.205056046194627,2.035414e-01,0.000000e+00,stable,stable,not_audited
945,-0.172806055503539,1.43527035329953,0.206719723929223,0.270404456749944,2.035413e-01,0.000000e+00,stable,stable,not_audited
946,0.709152979440054,1.16816912465466,0.585750442757245,0.333559059702098,2.035413e-01,0.000000e+00,stable,stable,not_audited
947,-0.531994326891934,1.1765569815419,1.79358457171561,0.218458535692604,2.035413e-01,0.000000e+00,stable,stable,not_audited
948,0.988560066107087,-1.06250977126817,0.288064849684753,-0.261120641163655,2.035413e-01,0.000000e+00,stable,stable,not_audited
949,0.839556146525492,1.16171270214531,1.92846528316837,0.342117374225756,2.035413e-01,0.000000e+00,stable,stable,not_audited
950,0.273494196948761,1.10050157707264,0.291962577820613,0.293946951929611,2.035413e-01,0.000000e+00,stable,stable,not_audited
951,0.206206534926982,0.824033944300386,0.851349024056362,-0.274154503897249,2.035412e-01,0.000000e+00,stable,stable,not_audited
952,0.9026140519585,0.264711527426507,0.407629203924831,-0.307664106045162,2.035411e-01,0.000000e+00,stable,stable,not_audited
953,-0.197411581808562,1.16560955828854,0.212079215638847,-0.249911025677568,2.035411e-01,0.000000e+00,stable,stable,not_audited
954,-0.210590859417659,1.95617061947696,0.59070259264977,-0.284924543382414,2.035411e-01,0.000000e+00,stable,stable,not_audited
955,0.978193350230163,1.74845670469656,0.0511806086739926,0.364518737079867,2.035411e-01,0.000000e+00,stable,stable,not_audited
956,0.0907160799308753,-1.26350462613899,0.0560775985880891,0.127497673054494,2.035411e-01,0.000000e+00,stable,stable,not_audited
957,0.647379082855319,1.56042374167398,1.94638827346582,0.334122035750273,2.035410e-01,0.000000e+00,stable,stable,sim_perturbative
958,-0.806605455344536,0.0180436829221002,0.085010032323196,0.0612542746002531,2.035410e-01,0.000000e+00,stable,stable,sim_perturbative
959,-0.613133428689972,0.083643372203519,0.121246887787315,-0.121174427102127,2.035410e-01,0.000000e+00,stable,stable,not_audited
960,0.74045282800302,-1.80863365585785,1.89372104714074,0.184799573394026,2.035410e-01,0.000000e+00,stable,stable,not_audited
961,-0.617665617966278,0.608448338548386,0.188421415677771,-0.164051307918056,2.035410e-01,0.000000e+00,stable,stable,not_audited
962,0.0499605670365304,0.144034406120082,0.111938681130617,-0.218412947392564,2.035410e-01,0.000000e+00,stable,stable,not_audited
963,0.319506187658268,0.514667365656123,0.377980753118481,0.262769675951838,2.035409e-01,0.000000e+00,stable,stable,not_audited
964,0.813697759857796,1.6193044275867,0.35706272113098,0.343128466155333,2.035409e-01,0.000000e+00,stable,stable,not_audited
965,-0.454864015826226,0.886401086675985,0.351773773166305,-0.200011034814817,2.035408e-01,0.000000e+00,stable,stable,not_audited
966,-0.322183586211841,0.913215751873012,0.167085652888887,0.216133267249375,2.035408e-01,0.000000e+00,stable,stable,not_audited
967,0.119296367811126,-0.111951591221566,0.515983666804783,-0.208222366729243,2.035408e-01,0.000000e+00,stable,stable,not_audited
968,0.830798959317113,1.23870824885807,0.953427663178749,-0.327448932056344,2.035408e-01,0.000000e+00,stable,stable,not_audited
969,0.97785786505674,-0.535961073573702,1.530928917001,0.269583095878101,2.035408e-01,0.000000e+00,stable,stable,not_audited
970,-0.0561112485586996,1.94022219291306,0.740144527910617,-0.285495382727812,2.035407e-01,0.000000e+00,stable,stable,not_audited
971,-0.846018265145713,1.23703749074019,0.215704796114411,0.1713139667952,2.035407e-01,0.000000e+00,stable,stable,not_audited
972,-0.370753045953172,1.56638637654101,0.125563223563605,-0.240586441765092,2.035407e-01,0.000000e+00,stable,stable,not_audited
973,0.927573190022346,-1.01844336350611,0.202625048014146,-0.239828326566861,2.035406e-01,0.000000e+00,stable,stable,not_audited
974,0.985207767190625,-0.0598756382278238,0.174819750717104,-0.285131391974064,2.035406e-01,0.000000e+00,stable,stable,not_audited
975,0.653364772594217,1.60608367754541,0.405848550067574,-0.320952996171801,2.035406e-01,0.000000e+00,stable,stable,not_audited
976,-0.832680950119443,0.994035300578954,0.408567329343039,-0.154130368905636,2.035406e-01,0.000000e+00,stable,stable,not_audited
977,0.0641004957484721,1.45687439005557,0.583358113055569,-0.270147944317471,2.035406e-01,0.000000e+00,stable,stable,not_audited
978,0.570323189509355,-0.760886761773164,0.156425472525262,0.215790869584004,2.035406e-01,0.000000e+00,stable,stable,not_audited
979,0.855747492620504,1.07335943716131,0.29811945512009,0.314573888536352,2.035405e-01,0.000000e+00,stable,stable,not_audited
980,0.0389467751453159,-0.248065209443425,0.380095739438141,0.18566691980084,2.035405e-01,0.000000e+00,stable,stable,not_audited
981,0.00679792537252388,1.7074610959432,0.633690972452087,-0.274652811393839,2.035405e-01,0.000000e+00,stable,stable,not_audited
982,-0.126306000863945,0.697904865290792,0.291274475766042,0.218117233325525,2.035405e-01,0.000000e+00,stable,stable,not_audited
983,-0.38722838923075,1.98731315085739,0.0529202555519638,0.252923678373221,2.035405e-01,0.000000e+00,stable,stable,not_audited
984,0.134823384853588,0.114616044110953,0.899355437422744,-0.214186102366967,2.035405e-01,0.000000e+00,stable,stable,sim_perturbative
985,0.0276148801406257,0.862560800302892,0.300050837997537,0.238724929682004,2.035404e-01,0.000000e+00,stable,stable,not_audited
986,0.40449960221651,-0.800415500083623,0.355150355049068,-0.19336753452022,2.035404e-01,0.000000e+00,stable,stable,not_audited
987,-0.275486543562453,-0.596562437231521,0.732012000389155,0.112986263207203,2.035404e-01,0.000000e+00,stable,stable,not_audited
988,0.280652988706328,0.370591662071032,0.214845384452295,-0.238342105127226,2.035404e-01,0.000000e+00,stable,stable,not_audited
989,-0.627661073397897,0.335414999295989,0.0610978227648284,0.132549490362402,2.035404e-01,0.000000e+00,stable,stable,not_audited
990,0.162849282158413,0.024239734679119,0.446864581444266,-0.21011454480569,2.035404e-01,0.000000e+00,stable,stable,not_audited
991,0.246509847843772,0.565419662285832,0.271431422952691,0.241381198909947,2.035403e-01,0.000000e+00,stable,stable,not_audited
992,0.11525509550659,0.353482356859473,0.272900798468894,0.219710595044317,2.035403e-01,0.000000e+00,stable,stable,not_audited
993,0.911407682332045,-0.100914494403517,0.164209739785225,0.267206054512646,2.035403e-01,0.000000e+00,stable,stable,not_audited
994,-0.141843475283338,0.339262000870031,0.325148202611788,-0.190643490093004,2.035402e-01,0.000000e+00,stable,stable,not_audited
995,0.049346514298902,0.256668033294685,0.154892541362569,-0.205355519861253,2.035402e-01,0.000000e+00,stable,stable,not_audited
996,-0.377480704336638,0.367871286413464,0.28003158768152,-0.164873524265883,2.035402e-01,0.000000e+00,stable,stable,not_audited
997,0.12433362885179,-0.706976064182341,1.12405395003944,0.15906465921296,2.035401e-01,0.000000e+00,stable,stable,not_audited
998,-0.464867649924898,0.955123438864603,0.10065413423514,-0.185934950317942,2.035401e-01,0.000000e+00,stable,stable,not_audited
999,0.653146515571713,1.97356832434506,1.23348561521593,0.312809343606113,2.035401e-01,0.000000e+00,stable,stable,not_audited
1000,-0.850191828007742,1.82513445841441,0.140100016508272,0.190503591621818,2.035400e-01,0.000000e+00,stable,stable,not_audited
1001,0.600120124410415,-0.343353813837551,0.720920132270354,-0.224628989472779,2.035400e-01,0.000000e+00,stable,stable,not_audited
1002,-0.61807209742817,1.6056882915323,0.398359919634456,-0.201741153262737,2.035400e-01,0.000000e+00,stable,stable,not_audited
1003,-0.0746487522866677,-1.57898385307223,0.17898655578021,-0.020417125582828,2.035400e-01,0.000000e+00,stable,stable,not_audited
1004,0.726889457737896,-0.0571074299588137,0.0515535991566974,0.245006125230119,2.035400e-01,0.000000e+00,stable,stable,not_audited
1005,0.933735068696381,1.50743364046811,0.293628442560586,0.310889814091753,2.035399e-01,0.000000e+00,stable,stable,not_audited
1006,0.55572073523396,0.712464052973116,0.45516775272343,-0.259527796115228,2.035399e-01,0.000000e+00,stable,stable,not_audited
1007,-0.746241904064344,1.96794981568852,0.14829920289963,-0.202489101892142,2.035398e-01,0.000000e+00,stable,stable,sim_perturbative
1008,-0.129871562150653,1.98385154230733,0.102344225998958,0.251955185788075,2.035398e-01,0.000000e+00,stable,stable,sim_perturbative
1009,0.760092708869302,-1.06567609338452,0.0511439740879523,0.199612140574391,2.035398e-01,0.000000e+00,stable,stable,not_audited
1010,0.842981730083339,1.63613841823991,0.24233445758497,-0.302677926271703,2.035398e-01,0.000000e+00,stable,stable,not_audited
1011,0.997141669742901,-1.57234590541091,1.07782116577705,-0.198049760741138,2.035398e-01,0.000000e+00,stable,stable,not_audited
1012,0.323299981926584,-1.80281474247162,0.44033041455802,0.103331875241127,2.035397e-01,0.000000e+00,stable,stable,not_audited
1013,0.446748102027759,1.01013298177178,0.498817326924288,0.256282518374401,2.035397e-01,0.000000e+00,stable,stable,not_audited
1014,0.220763816985356,1.00542329679354,0.174432423434819,0.239484916542708,2.035397e-01,0.000000e+00,stable,stable,not_audited
1015,0.694322794830664,-1.51899149505225,0.107937671035359,0.170395436576428,2.035397e-01,0.000000e+00,stable,stable,not_audited
1016,0.864720756173796,1.71713055130494,0.202355424186129,-0.304629634253244,2.035397e-01,0.000000e+00,stable,stable,not_audited
1017,0.852512722075394,-1.5947577397988,0.257251992630497,-0.181190420939958,2.035397e-01,0.000000e+00,stable,stable,not_audited
1018,0.354296258208469,0.0355859237382044,0.212221400570439,0.209459022049126,2.035397e-01,0.000000e+00,stable,stable,not_audited
1019,-0.181861593880271,1.67401354344335,1.67233690418645,0.230176881032484,2.035396e-01,0.000000e+00,stable,stable,not_audited
1020,0.0218372358386931,0.479187653069572,0.433198802721029,0.197602362618973,2.035396e-01,0.000000e+00,stable,stable,not_audited
1021,0.933004100949196,-0.659167160293653,0.135385945496447,0.224682104353779,2.035395e-01,0.000000e+00,stable,stable,not_audited
1022,0.990104154532562,0.577106214209002,0.762422355651689,0.270810567054048,2.035395e-01,0.000000e+00,stable,stable,not_audited
1023,0.947495606865327,-0.396880192566173,0.0735049280641231,-0.234546820972289,2.035395e-01,0.000000e+00,stable,stable,not_audited
1024,0.985236455816693,1.40284993453076,0.361832635843569,0.294521133701613,2.035395e-01,0.000000e+00,stable,stable,not_audited
1025,0.0550417152187486,1.56146663457817,0.495022471023992,-0.240274460531462,2.035395e-01,0.000000e+00,stable,stable,not_audited
1026,0.884532588309999,1.99939677594298,0.0952663681822836,-0.303733972687293,2.035395e-01,0.000000e+00,stable,stable,not_audited
1027,0.280101358374389,1.8840485157836,0.785031123834547,-0.264216783575973,2.035394e-01,0.000000e+00,stable,stable,not_audited
1028,-0.24092571321995,0.987578753036666,1.96477211921535,0.193757397728909,2.035394e-01,0.000000e+00,stable,stable,not_audited
1029,0.619424589867299,-1.83150763036944,1.52548506039341,-0.138219086777368,2.035394e-01,0.000000e+00,stable,stable,not_audited
1030,-0.396066659321473,0.903203580208587,0.469977040102874,0.174656985169569,2.035394e-01,0.000000e+00,stable,stable,not_audited
1031,0.367526869615678,-0.848113719588378,1.73384689598594,-0.163468825862088,2.035394e-01,0.000000e+00,stable,stable,not_audited
1032,-0.692864191571122,-0.137415375517041,0.1327478471236,-0.0607683296607846,2.035394e-01,0.000000e+00,stable,stable,not_audited
1033,-0.39607886722964,-0.369512774561094,0.187436748055443,-0.096882694845617,2.035393e-01,0.000000e+00,stable,stable,sim_perturbative
1034,-0.191636026505877,0.30609543249854,0.133786799782293,-0.163099721010534,2.035393e-01,0.000000e+00,stable,stable,not_audited
1035,0.18305212787259,-0.0492165207645026,0.0684943417160776,0.181009164878811,2.035393e-01,0.000000e+00,stable,stable,sim_perturbative
1036,-0.0936277429379346,-1.16279344113425,0.199488640277418,0.0796103574181308,2.035393e-01,0.000000e+00,stable,stable,not_audited
1037,-0.0597152495012179,-0.29859995229401,0.0693316144543255,-0.144566500647032,2.035392e-01,0.000000e+00,stable,stable,not_audited
1038,0.175367348803937,1.92383192283715,0.146482704543623,0.249653141853301,2.035392e-01,0.000000e+00,stable,stable,not_audited
1039,0.505371855693341,-0.25656257698071,0.311781205589721,0.196640579218517,2.035392e-01,0.000000e+00,stable,stable,not_audited
1040,0.608346858159039,0.652106808331238,0.101987972328425,-0.236184992724738,2.035392e-01,0.000000e+00,stable,stable,not_audited
1041,-0.328896721862612,0.958357351790387,0.0599138611495426,-0.177435183970939,2.035392e-01,0.000000e+00,stable,stable,not_audited
1042,-0.289896289327694,1.77980890334705,0.0624217081509468,0.212774715679589,2.035392e-01,0.000000e+00,stable,stable,not_audited
1043,0.315105115182739,-0.651646308759976,0.133799817235863,0.16219088583374,2.035391e-01,0.000000e+00,stable,stable,sim_perturbative
1044,0.678328827510396,-0.809481966031625,0.0631393550999376,0.186733894528788,2.035391e-01,0.000000e+00,stable,stable,not_audited
1045,0.24865748711671,0.419643022211655,0.089128719026537,0.201054582051523,2.035391e-01,0.000000e+00,stable,stable,not_audited
1046,0.241208755488144,0.976052547558633,1.3825046388582,-0.220484735898191,2.035391e-01,0.000000e+00,stable,stable,not_audited
1047,-0.804175524160914,-0.0402910744196165,0.191371499219451,-0.039117230027724,2.035391e-01,0.000000e+00,stable,stable,not_audited
1048,0.176880939303909,0.998724024605857,0.199130133313857,0.216063268494669,2.035391e-01,0.000000e+00,stable,stable,not_audited
1049,0.375579175102691,1.60765002798187,0.394083151616131,-0.247734559886376,2.035391e-01,0.000000e+00,stable,stable,not_audited
1050,0.500966323522595,0.836241093836767,0.154384025573316,0.2303931963487,2.035390e-01,0.000000e+00,stable,stable,not_audited
1051,-0.651161012411615,0.81409040879752,1.66191612373617,0.136329061997,2.035390e-01,0.000000e+00,stable,stable,not_audited
1052,0.298496793243174,1.53224438575641,0.303190176328972,-0.237715637247242,2.035390e-01,0.000000e+00,stable,stable,not_audited
1053,0.689522833673575,0.917304110540337,0.543110618455356,-0.241424517857006,2.035389e-01,0.000000e+00,stable,stable,not_audited
1054,0.168214176166243,-1.1222118650321,1.33898895418042,-0.117420237230092,2.035389e-01,0.000000e+00,stable,stable,not_audited
1055,-0.948076658920968,1.76987582447882,0.387705935563518,0.151843748580052,2.035389e-01,0.000000e+00,stable,stable,not_audited
1056,0.496207824175376,1.501495007954,0.257420885161473,0.24462193874891,2.035389e-01,0.000000e+00,stable,stable,not_audited
1057,0.633309449030769,-1.54765134313252,0.0908992153743376,0.143842742066084,2.035389e-01,0.000000e+00,stable,stable,not_audited
1058,0.320097216901654,1.38576121743602,0.788057515740562,-0.23054447440322,2.035389e-01,0.000000e+00,stable,stable,not_audited
1059,0.521059872953447,1.03349765304537,0.962871855342977,-0.231312855935911,2.035388e-01,0.000000e+00,stable,stable,not_audited
1060,0.271244237012221,-0.435079955686819,0.69942948667934,-0.161151832117411,2.035388e-01,0.000000e+00,stable,stable,not_audited
1061,-0.0183347611873574,1.06432536142732,0.494687126917554,0.196554244763031,2.035388e-01,0.000000e+00,stable,stable,not_audited
1062,0.765518145754654,-1.40495439177967,0.122925525600185,0.161029454765338,2.035388e-01,0.000000e+00,stable,stable,not_audited
1063,-0.22118449119353,0.233590649264491,0.84843516598148,0.145013330770131,2.035387e-01,0.000000e+00,stable,stable,not_audited
1064,-0.404048308820214,0.117240269192209,1.03252776592136,-0.120076216723221,2.035387e-01,0.000000e+00,stable,stable,not_audited
1065,0.370804118233893,1.5973275312096,0.0810108236433624,0.235815745799024,2.035387e-01,0.000000e+00,stable,stable,not_audited
1066,0.114807450985289,0.74797534695039,0.499494590053221,0.192060413730846,2.035387e-01,0.000000e+00,stable,stable,not_audited
1067,-0.675026825625645,1.98152937699287,1.93911073776297,0.179274468529009,2.035387e-01,0.000000e+00,stable,stable,not_audited
1068,0.54621855766758,-1.70290347332868,0.89626946081069,0.123580966780874,2.035387e-01,0.000000e+00,stable,stable,not_audited
1069,-0.853542762850951,1.4340547999702,0.151232631363358,-0.140551779525197,2.035387e-01,0.000000e+00,stable,stable,not_audited
1070,0.0599573716008712,-1.71091587313585,0.0723763493213312,-0.0460646254688313,2.035387e-01,0.000000e+00,stable,stable,sim_perturbative
1071,0.226609218950099,-0.647168217157911,0.548433394061563,-0.143728983083395,2.035386e-01,0.000000e+00,stable,stable,not_audited
1072,0.340945695082838,-0.325137530312182,0.096621923005955,-0.166959450576042,2.035386e-01,0.000000e+00,stable,stable,not_audited
1073,-0.00650806451300601,0.0699617411952675,0.123385949444844,0.153381935130955,2.035386e-01,0.000000e+00,stable,stable,not_audited
1074,0.632420714365204,1.03878787825674,1.40439337393895,0.228780944573866,2.035386e-01,0.000000e+00,stable,stable,not_audited
1075,0.0184548684021111,-0.622427776686335,0.166588557569552,-0.121746068472678,2.035385e-01,0.000000e+00,stable,stable,not_audited
1076,-0.00474453906511862,1.50666348418696,0.440193297974593,0.203112153530366,2.035385e-01,0.000000e+00,stable,stable,not_audited
1077,0.816752022013818,-1.11163606755951,0.0667609408314642,0.169482729308915,2.035385e-01,0.000000e+00,stable,stable,not_audited
1078,0.157864819809123,1.01830140453953,1.42898345362838,-0.196522647795766,2.035384e-01,0.000000e+00,stable,stable,not_audited
1079,0.387157806407087,-0.237758645872347,0.302807192967843,-0.169153676150813,2.035384e-01,0.000000e+00,stable,stable,not_audited
1080,0.94463699580921,0.666838411358824,0.199264313887126,0.231754034813532,2.035384e-01,0.000000e+00,stable,stable,not_audited
1081,-0.967446411589582,0.370041604417796,1.14621412194709,-0.0479404455562797,2.035384e-01,0.000000e+00,stable,stable,not_audited
1082,0.146905175572334,-0.529158997554473,0.121140827243635,-0.137063981599608,2.035384e-01,0.000000e+00,stable,stable,not_audited
1083,0.846949832043949,0.322506093146749,0.135960479910778,0.214960498861798,2.035384e-01,0.000000e+00,stable,stable,not_audited
1084,-0.800592365743179,0.881224375769638,0.29684598800385,-0.112124573089753,2.035384e-01,0.000000e+00,stable,stable,not_audited
1085,0.884850167248576,1.59701321706087,0.0840029053243275,-0.247808540294473,2.035383e-01,0.000000e+00,stable,stable,not_audited
1086,-0.221923298949148,1.60046532118838,0.276404228604463,0.186142130896286,2.035383e-01,0.000000e+00,stable,stable,not_audited
1087,0.617868551769922,1.73349180144275,0.275755413735416,0.236939507741238,2.035383e-01,0.000000e+00,stable,stable,not_audited
1088,0.995472986007043,-0.386408485624609,0.158712103595079,-0.199725059577191,2.035383e-01,0.000000e+00,stable,stable,not_audited
1089,0.47947293230723,0.539546407648868,0.157019108994729,-0.196253738093262,2.035383e-01,0.000000e+00,stable,stable,not_audited
1090,-0.908268298805594,1.98380130164627,0.104134466010297,-0.150643368276971,2.035383e-01,0.000000e+00,stable,stable,not_audited
1091,0.149479314593887,-0.69776252743906,0.279366516321802,0.126429353645076,2.035383e-01,0.000000e+00,stable,stable,not_audited
1092,-0.440137373787147,1.27854759021645,0.438205950234545,0.159157707791416,2.035382e-01,0.000000e+00,stable,stable,not_audited
1093,0.452170607612088,0.401880780539823,0.0746901034762977,0.189814037725996,2.035382e-01,0.000000e+00,stable,stable,not_audited
1094,0.960201199693454,-1.67388914826583,0.745496187852365,-0.153209653635382,2.035382e-01,0.000000e+00,stable,stable,not_audited
1095,0.488971433858981,1.33337994863462,0.221908747966303,-0.217627806067006,2.035382e-01,0.000000e+00,stable,stable,sim_perturbative
1096,0.529318252603207,-0.0981945079317883,0.0841276105310309,0.177529231989788,2.035382e-01,0.000000e+00,stable,stable,sim_perturbative
1097,0.824462799582425,1.99207987263223,0.156120731933013,-0.250175928393882,2.035382e-01,0.000000e+00,stable,stable,not_audited
1098,0.751014748095379,0.706795780644615,1.27533862304338,-0.214058576481999,2.035382e-01,0.000000e+00,stable,stable,not_audited
1099,-0.0427282009673075,1.30468502195729,1.09669140544204,-0.184950766628749,2.035382e-01,0.000000e+00,stable,stable,not_audited
1100,0.940403201121028,-0.592970466428667,0.909559463549958,-0.185469192343247,2.035381e-01,0.000000e+00,stable,stable,not_audited
1101,-0.188640564902776,-0.12953305723982,0.197288501554572,0.118500175482564,2.035381e-01,0.000000e+00,stable,stable,not_audited
1102,0.869079823466624,1.62496643880986,1.92554409354031,0.238295683718851,2.035380e-01,0.000000e+00,stable,stable,not_audited
1103,0.450261941876951,0.776523299718193,0.148152310491236,-0.194774382730759,2.035380e-01,0.000000e+00,stable,stable,not_audited
1104,-0.582046422119509,1.61673835740175,0.543561608049971,0.155777877471238,2.035380e-01,0.000000e+00,stable,stable,not_audited
1105,-0.751605360596614,1.2101938930755,0.23669836469479,-0.126564475695733,2.035380e-01,0.000000e+00,stable,stable,sim_perturbative
1106,-0.374679444265425,0.319791447246612,0.149535863602046,0.119404540406182,2.035379e-01,0.000000e+00,stable,stable,not_audited
1107,-0.210871157867885,0.0224450553200466,0.483923826808818,-0.120354462435786,2.035379e-01,0.000000e+00,stable,stable,not_audited
1108,-0.355604107400886,1.36851147430806,0.595189096070586,0.160316739776508,2.035379e-01,0.000000e+00,stable,stable,not_audited
1109,0.637110780024699,-1.30521378503143,0.369541675884768,-0.135425821135267,2.035379e-01,0.000000e+00,stable,stable,not_audited
1110,0.613798021154548,0.643710239182731,0.119824255045509,-0.195534382684145,2.035379e-01,0.000000e+00,stable,stable,not_audited
1111,-0.174362464003497,-1.17425998545914,0.24178415222283,-0.0489099087389995,2.035379e-01,0.000000e+00,stable,stable,not_audited
1112,0.0468618455264962,-0.0692415479037631,0.0688551494624246,0.135855062654089,2.035378e-01,0.000000e+00,stable,stable,not_audited
1113,0.907075748559715,1.55624932745052,0.827464062530797,-0.229923004472282,2.035378e-01,0.000000e+00,stable,stable,not_audited
1114,0.668517531688338,1.05877585700608,0.112425551144737,-0.206273252142936,2.035378e-01,0.000000e+00,stable,stable,sim_perturbative
1115,0.0446185911039709,0.243890329604348,0.211348807419262,0.146016760920833,2.035378e-01,0.000000e+00,stable,stable,not_audited
1116,0.393498756909292,-0.137106526175653,1.96753746321234,0.15606878604732,2.035377e-01,0.000000e+00,stable,stable,not_audited
1117,0.929190770888684,-0.494037051194741,0.097520636436519,0.177496904150846,2.035377e-01,0.000000e+00,stable,stable,not_audited
1118,-0.489149889478422,0.190017096608339,0.083349102414517,0.0984001814905056,2.035377e-01,0.000000e+00,stable,stable,not_audited
1119,0.485291783614332,-1.01988775356922,1.21461878813156,-0.130658274093219,2.035377e-01,0.000000e+00,stable,stable,not_audited
1120,0.277856499951676,-0.705335461894411,1.15932209894312,0.126711363126025,2.035377e-01,0.000000e+00,stable,stable,not_audited
1121,0.853482075253539,0.0801116511201529,0.207935451317955,0.18751630432945,2.035376e-01,0.000000e+00,stable,stable,not_audited
1122,-0.437219890130546,1.08965137322283,0.584082631541634,0.139688180558033,2.035376e-01,0.000000e+00,stable,stable,not_audited
1123,-0.270479659207917,0.903549084359082,0.738203651739407,0.14448539346813,2.035376e-01,0.000000e+00,stable,stable,not_audited
1124,0.971032558692042,1.12079479893114,0.617304342295243,-0.217679926958487,2.035376e-01,0.000000e+00,stable,stable,not_audited
1125,0.894334614250469,0.451125921135455,0.195097333798133,0.198138307557512,2.035376e-01,0.000000e+00,stable,stable,not_audited
1126,-0.87780524244254,1.71101279606693,0.447240143146624,-0.128375256794278,2.035375e-01,0.000000e+00,stable,stable,sim_perturbative
1127,0.568311428395931,-0.847680897434708,0.127193944304205,0.140206038622199,2.035375e-01,0.000000e+00,stable,stable,not_audited
1128,-0.164339145070053,1.42982598671954,0.342005878422413,-0.165594495022604,2.035375e-01,0.000000e+00,stable,stable,sim_perturbative
1129,-0.457667462888297,1.73696816462776,1.16339704112841,-0.157192011707726,2.035375e-01,0.000000e+00,stable,stable,not_audited
1130,-0.963976661430568,1.86692086655458,0.707368144707459,-0.127325055388229,2.035375e-01,0.000000e+00,stable,stable,not_audited
1131,0.956500036646569,-1.18408636009555,0.546909961120659,-0.154230934234799,2.035375e-01,0.000000e+00,stable,stable,not_audited
1132,0.557829694589857,-1.10060476102191,0.0585604479582492,0.129987669205039,2.035375e-01,0.000000e+00,stable,stable,not_audited
1133,0.209817944160154,1.9664339200832,0.0878177995871031,0.198915357083721,2.035375e-01,0.000000e+00,stable,stable,not_audited
1134,0.570063640724352,-0.0392444031546266,0.107647769510881,0.164567767160325,2.035375e-01,0.000000e+00,stable,stable,not_audited
1135,0.286730041324252,0.497345295884229,0.0566508597111653,-0.16264326634501,2.035374e-01,0.000000e+00,stable,stable,not_audited
1136,0.407355246690618,0.501150125215353,0.330683724828957,0.169301575414776,2.035374e-01,0.000000e+00,stable,stable,not_audited
1137,-0.364343182154982,1.36041428267748,1.35663637069907,-0.148870961717443,2.035374e-01,0.000000e+00,stable,stable,not_audited
1138,0.53318977442967,-1.22709600161008,0.461410765769621,0.121420906844027,2.035374e-01,0.000000e+00,stable,stable,not_audited
1139,-0.471781844499256,1.24471652580528,0.702822778333243,0.13768820291204,2.035374e-01,0.000000e+00,stable,stable,not_audited
1140,0.970614336742861,1.52942221388396,0.0631157258481637,-0.219120996781573,2.035374e-01,0.000000e+00,stable,stable,not_audited
1141,-0.449155859692154,0.960264178249264,1.2272988341707,-0.128907809554215,2.035374e-01,0.000000e+00,stable,stable,not_audited
1142,0.391283278873518,1.90946861712455,0.335906025345501,0.201229373165753,2.035373e-01,0.000000e+00,stable,stable,not_audited
1143,0.303855208698758,0.246367946169,1.28008955528001,0.154057280341076,2.035373e-01,0.000000e+00,stable,stable,not_audited
1144,-0.0512819179587336,1.11042825656395,0.0595363538213911,-0.157970656075583,2.035373e-01,0.000000e+00,stable,stable,not_audited
1145,0.450559093293092,0.0177344801214065,1.42256112393908,-0.154940716799605,2.035373e-01,0.000000e+00,stable,stable,not_audited
1146,0.964669275362046,-0.664013428741743,0.0972878349946818,0.164102209486436,2.035373e-01,0.000000e+00,stable,stable,sim_perturbative
1147,-0.0980585459077467,0.963429932713705,0.0945727905868921,-0.149678576326297,2.035372e-01,0.000000e+00,stable,stable,not_audited
1148,-0.528842273791015,0.265854173213774,0.186753759865744,0.0923356733700738,2.035372e-01,0.000000e+00,stable,stable,not_audited
1149,-0.497163409908154,0.223967639320942,1.03645359119506,0.0933126268450741,2.035372e-01,0.000000e+00,stable,stable,not_audited
1150,0.518538166338456,-1.1096257550261,0.193607505049922,-0.121876089069748,2.035372e-01,0.000000e+00,stable,stable,not_audited
1151,0.432287906474021,0.382416967559372,0.0778116731274983,0.162324306066062,2.035372e-01,0.000000e+00,stable,stable,not_audited
1152,0.806947188189001,-1.56037129452737,0.726891046861584,0.125263481407695,2.035372e-01,0.000000e+00,stable,stable,sim_perturbative
1153,-0.509939051380241,0.596416874287162,0.493440375418069,0.106968636715965,2.035371e-01,0.000000e+00,stable,stable,not_audited
1154,0.86085175185739,0.0673622256273365,0.544400948445735,-0.173562212015792,2.035371e-01,0.000000e+00,stable,stable,not_audited
1155,0.368151348075945,1.2963006444832,0.445125653669121,0.179323133099718,2.035371e-01,0.000000e+00,stable,stable,not_audited
1156,0.788432773210471,-0.370165756654039,1.5024374451761,-0.158344970764281,2.035371e-01,0.000000e+00,stable,stable,not_audited
1157,0.989919068926817,-0.522704949820161,0.0897975858555476,0.164169725929541,2.035370e-01,0.000000e+00,stable,stable,not_audited
1158,0.0728607506436338,0.320795888777525,0.168924031174019,0.136292513616818,2.035370e-01,0.000000e+00,stable,stable,not_audited
1159,0.281183852421354,0.782892742010269,0.0939365380938873,0.160750828694962,2.035370e-01,0.000000e+00,stable,stable,not_audited
1160,0.157636051908293,0.900483577227854,0.0793775467210271,-0.157100474076258,2.035370e-01,0.000000e+00,stable,stable,not_audited
1161,0.14130958294845,1.33477228134292,0.239548849398617,-0.166785501865246,2.035370e-01,0.000000e+00,stable,stable,not_audited
1162,0.672797277188009,1.53443971755502,0.123883336774416,0.195467161730855,2.035370e-01,0.000000e+00,stable,stable,not_audited
1163,0.472058163619468,1.03836007553759,1.23693028693012,0.175402917944786,2.035370e-01,0.000000e+00,stable,stable,not_audited
1164,0.543594422388947,0.894577084994698,0.432237369737857,0.175314879813684,2.035370e-01,0.000000e+00,stable,stable,not_audited
1165,-0.0416643795846157,0.0798296167447079,0.204430089502941,0.119437305154122,2.035369e-01,0.000000e+00,stable,stable,not_audited
1166,-0.594429663898518,0.115156077986027,1.5206249071559,0.0735563580526275,2.035369e-01,0.000000e+00,stable,stable,not_audited
1167,0.663446633794295,0.150897620479363,0.735788498499871,-0.160261836303168,2.035368e-01,0.000000e+00,stable,stable,not_audited
1168,-0.243531315825301,1.86312921210171,1.32722773885805,-0.157388633332606,2.035368e-01,0.000000e+00,stable,stable,not_audited
1169,-0.509984299369928,1.36452957047646,0.859063364308048,-0.128669173560359,2.035368e-01,0.000000e+00,stable,stable,sim_perturbative
1170,-0.195202157642779,1.72365454608138,0.13423344380011,0.155472252152456,2.035368e-01,0.000000e+00,stable,stable,not_audited
1171,0.158259819014743,1.83586947034618,1.63833604556958,0.174818136503544,2.035368e-01,0.000000e+00,stable,stable,not_audited
1172,-0.872237705945057,1.22399913273999,0.129554286212976,-0.0981109733796541,2.035368e-01,0.000000e+00,stable,stable,not_audited
1173,0.995496003821821,-0.823035361441322,0.115009438435528,-0.150872372187679,2.035368e-01,0.000000e+00,stable,stable,sim_perturbative
1174,-0.0821045066371331,0.258310757651453,1.33256171228001,-0.119748472712424,2.035367e-01,0.000000e+00,stable,stable,not_audited
1175,-0.851799191664862,0.719270851660381,0.34578934095912,0.0770023601915453,2.035367e-01,0.000000e+00,stable,stable,sim_perturbative
1176,0.812156512902549,-0.915974321161071,0.076150211447644,-0.137060820704541,2.035367e-01,0.000000e+00,stable,stable,not_audited
1177,0.208509326595844,1.7234010815361,1.39959531780741,-0.171660200392828,2.035367e-01,0.000000e+00,stable,stable,not_audited
1178,0.84729060316633,-1.01052002186373,1.28495161114458,-0.135552230858052,2.035366e-01,0.000000e+00,stable,stable,not_audited
1179,0.779076154690517,-0.967398049497776,1.96471519211549,-0.132234898352546,2.035366e-01,0.000000e+00,stable,stable,not_audited
1180,0.982411607514407,1.99808688042774,1.86187067918375,-0.206378593246757,2.035366e-01,0.000000e+00,stable,stable,not_audited
1181,0.717030643052573,1.02555299620547,0.331165937108326,-0.176418661778247,2.035366e-01,0.000000e+00,stable,stable,not_audited
1182,0.846672383523315,1.5954121638649,1.12067150054468,0.192972836237279,2.035366e-01,0.000000e+00,stable,stable,not_audited
1183,-0.621033997629671,1.9879851216198,0.232767302484134,0.135810983888214,2.035366e-01,0.000000e+00,stable,stable,not_audited
1184,0.176252184459644,0.419566825078428,0.128543234664123,0.136471521739204,2.035366e-01,0.000000e+00,stable,stable,not_audited
1185,0.869405539077099,0.289758662650082,0.0706892981689735,-0.165923115749555,2.035365e-01,0.000000e+00,stable,stable,not_audited
1186,-0.224393277463239,1.97479617868441,0.222939880587881,-0.154489609939803,2.035365e-01,0.000000e+00,stable,stable,sim_perturbative
1187,0.74384424477607,-0.254796172169059,0.390923173833422,-0.147264545947517,2.035365e-01,0.000000e+00,stable,stable,not_audited
1188,0.913599768121634,-1.38982778045874,0.284702729517499,-0.125787070897807,2.035365e-01,0.000000e+00,stable,stable,not_audited
1189,0.396942675458324,0.233752648285108,0.391835114808235,-0.141292323362946,2.035365e-01,0.000000e+00,stable,stable,not_audited
1190,0.759883809365805,-0.645881029527182,0.082143111689531,0.136754247603262,2.035364e-01,0.000000e+00,stable,stable,not_audited
1191,-0.00592372077681147,-1.57554327506627,0.9218188194279,-0.0338892288881321,2.035364e-01,0.000000e+00,stable,stable,not_audited
1192,0.869968733878471,-1.59004000550422,0.63122001379274,-0.115679098236876,2.035364e-01,0.000000e+00,stable,stable,not_audited
1193,-0.717531915719295,1.30860511678691,0.149276393551885,0.106884923084554,2.035364e-01,0.000000e+00,stable,stable,not_audited
1194,0.51472378036316,-0.349892156499653,0.760685521049126,-0.130644096928621,2.035364e-01,0.000000e+00,stable,stable,not_audited
1195,0.881731015075348,0.387493325473018,0.785102126178415,0.165452986416723,2.035364e-01,0.000000e+00,stable,stable,sim_perturbative
1196,0.737417194282467,1.59753175301563,0.707546787408719,0.183638940423574,2.035364e-01,0.000000e+00,stable,stable,not_audited
1197,0.476575798918696,0.978862660555081,0.219991088947615,0.159999203506826,2.035364e-01,0.000000e+00,stable,stable,not_audited
1198,0.178296383856055,-0.362086448062506,0.0924402784913689,-0.110127630944691,2.035364e-01,0.000000e+00,stable,stable,not_audited
1199,-0.461160582952046,0.571205758452394,0.952672499427827,-0.0984706507163948,2.035363e-01,0.000000e+00,stable,stable,not_audited
1200,0.535910096185716,1.64943398372326,0.314022039978743,-0.175580535648892,2.035363e-01,0.000000e+00,stable,stable,not_audited
1201,-0.779460230202537,1.43016853187166,1.86404129933875,-0.105298550374487,2.035363e-01,0.000000e+00,stable,stable,not_audited
1202,-0.0359277995270908,-0.624460631340694,1.81575997911475,-0.0845164897300557,2.035363e-01,0.000000e+00,stable,stable,sim_perturbative
1203,-0.910486233050612,1.91177685385734,1.25436449317598,-0.111218238864916,2.035363e-01,0.000000e+00,stable,stable,not_audited
1204,0.358608649392171,0.883079373833857,0.738265687752283,0.149539188728213,2.035362e-01,0.000000e+00,stable,stable,not_audited
1205,0.0555598560416415,1.29098046391172,0.152088776168164,0.143844835278266,2.035362e-01,0.000000e+00,stable,stable,sim_perturbative
1206,0.606243599028174,0.784037918797416,1.91120148642483,0.156492981604351,2.035362e-01,0.000000e+00,stable,stable,not_audited
1207,0.301810694308207,-0.662431246440249,0.177940913353818,0.104391828122526,2.035361e-01,0.000000e+00,stable,stable,not_audited
1208,-0.376767443970421,-0.163700766821659,0.196175789434642,-0.0732428860970091,2.035361e-01,0.000000e+00,stable,stable,not_audited
1209,0.36978711068428,-1.2743409883375,0.397416320467557,-0.0883923183638138,2.035361e-01,0.000000e+00,stable,stable,not_audited
1210,0.670688507765608,0.243454545862197,0.0780316068147268,0.14617657058093,2.035361e-01,0.000000e+00,stable,stable,not_audited
1211,0.192572489712128,1.5859032193912,0.174104368876713,-0.154131938084194,2.035361e-01,0.000000e+00,stable,stable,not_audited
1212,-0.417293240128939,1.92513656057711,0.128586312162038,0.134534892558293,2.035361e-01,0.000000e+00,stable,stable,not_audited
1213,0.379772754812618,0.544103801408634,1.04906660951451,0.139198130981811,2.035361e-01,0.000000e+00,stable,stable,not_audited
1214,0.608351348539354,1.73100192261575,0.710651552701835,-0.172292233184195,2.035361e-01,0.000000e+00,stable,stable,not_audited
1215,0.370470065340347,-0.781860222848939,0.267052338084627,0.103870088537153,2.035361e-01,0.000000e+00,stable,stable,not_audited
1216,0.0584231464655647,-1.24001834742813,0.283726588748636,0.0628346719111632,2.035361e-01,0.000000e+00,stable,stable,not_audited
1217,0.408022786543407,0.326446159652098,0.601496960302071,-0.134833264985119,2.035361e-01,0.000000e+00,stable,stable,not_audited
1218,0.170917386400802,1.02990424404343,0.990693214934009,0.13965078816853,2.035361e-01,0.000000e+00,stable,stable,not_audited
1219,0.583549374965299,1.60483301870694,0.154580715473512,-0.167808020377225,2.035360e-01,0.000000e+00,stable,stable,sim_perturbative
1220,-0.51769721945534,0.314149395202039,0.699328031356437,-0.0796958006258524,2.035360e-01,0.000000e+00,stable,stable,not_audited
1221,-0.528552240114711,-0.183759734203634,1.02305405795139,-0.0559392650293655,2.035360e-01,0.000000e+00,stable,stable,not_audited
1222,0.751929133573153,-0.684463520918259,0.158832582559267,-0.125370931238124,2.035360e-01,0.000000e+00,stable,stable,not_audited
1223,-0.141646316800037,0.28796976686421,0.503772525040786,-0.103314297582903,2.035360e-01,0.000000e+00,stable,stable,not_audited
1224,-0.34218773034789,0.234510687508947,1.69973565853271,-0.0889107443981096,2.035360e-01,0.000000e+00,stable,stable,not_audited
1225,0.965022052484917,1.50172606963212,0.656558242442354,-0.176097015130331,2.035359e-01,0.000000e+00,stable,stable,not_audited
1226,-0.483721877183864,0.890568696445762,0.761262360561661,0.100057414915474,2.035359e-01,0.000000e+00,stable,stable,not_audited
1227,-0.765182854841896,1.55992620231483,0.0904175853510249,0.10307116366188,2.035359e-01,0.000000e+00,stable,stable,not_audited
1228,-0.135163724559376,1.03224639589496,0.269470131258219,-0.121236004121981,2.035359e-01,0.000000e+00,stable,stable,not_audited
1229,0.450193836176037,1.2484040339409,1.4121089364624,0.150971173768454,2.035359e-01,0.000000e+00,stable,stable,sim_perturbative
1230,-0.818166674031867,1.3351623820463,0.268130242346903,0.0918828619241654,2.035359e-01,0.000000e+00,stable,stable,not_audited
1231,-0.581324872954969,0.183583912056158,0.410416686521277,-0.0669078305362871,2.035359e-01,0.000000e+00,stable,stable,not_audited
1232,0.909806105950373,0.065356870092308,0.0514936596868935,0.144733368041171,2.035358e-01,0.000000e+00,stable,stable,not_audited
1233,0.106721599619524,-1.68332063829631,1.22954084663375,-0.0401476944855239,2.035358e-01,0.000000e+00,stable,stable,not_audited
1234,-0.584996416978903,0.964400636899903,0.417777966731552,0.09413992987231,2.035358e-01,0.000000e+00,stable,stable,not_audited
1235,0.888920015950632,1.68182289560699,0.114621132431188,0.172826116851931,2.035358e-01,0.000000e+00,stable,stable,not_audited
1236,0.00834977400969961,1.80209218627651,0.158694378572865,-0.14233019814074,2.035358e-01,0.000000e+00,stable,stable,not_audited
1237,0.942483746107123,-1.02678857110873,0.591624720841773,0.121475511247574,2.035358e-01,0.000000e+00,stable,stable,not_audited
1238,0.367021684414738,0.937865814335213,0.125674175987112,0.138800245142673,2.035358e-01,0.000000e+00,stable,stable,sim_perturbative
1239,0.518598532602706,-1.25429862121705,0.106128912014107,-0.0924969410328753,2.035357e-01,0.000000e+00,stable,stable,not_audited
1240,0.711302453186736,-1.2923693003151,1.61296744046602,-0.101930923602116,2.035357e-01,0.000000e+00,stable,stable,not_audited
1241,-0.595730610612004,1.61667999484992,0.0540182892292657,-0.109313568316833,2.035357e-01,0.000000e+00,stable,stable,not_audited
1242,0.690267691136435,-1.88725858163215,0.195589648202759,-0.0825825339417992,2.035357e-01,0.000000e+00,stable,stable,not_audited
1243,0.927520893380484,-1.25238754663578,1.8928750060833,0.113330014337452,2.035357e-01,0.000000e+00,stable,stable,not_audited
1244,0.377773161086306,0.343711237829169,0.105813986459618,0.124602738326646,2.035357e-01,0.000000e+00,stable,stable,not_audited
1245,0.728782625011836,1.62754364433658,0.585100878498848,-0.161976117459784,2.035357e-01,0.000000e+00,stable,stable,not_audited
1246,0.373073780303908,0.299950681736609,0.465262817868179,-0.122929143734973,2.035356e-01,0.000000e+00,stable,stable,not_audited
1247,0.175314915908428,-1.13158211768942,0.903156949680159,-0.0722368902499311,2.035356e-01,0.000000e+00,stable,stable,not_audited
1248,0.690694977367187,-1.65870397625816,0.505910188280009,-0.0887086704212372,2.035356e-01,0.000000e+00,stable,stable,not_audited
1249,0.513043288930034,0.38172784059622,1.18862499820401,-0.129279987254342,2.035356e-01,0.000000e+00,stable,stable,not_audited
1250,0.76432469055669,-0.764610219006137,0.0519467770527763,-0.114612314359422,2.035355e-01,0.000000e+00,stable,stable,not_audited
1251,0.142309331908548,0.767826736657215,0.18455611426735,0.120667442530968,2.035355e-01,0.000000e+00,stable,stable,not_audited
1252,-0.127348649386982,1.90351222180125,0.0911315332835884,-0.132774387525647,2.035355e-01,0.000000e+00,stable,stable,not_audited
1253,0.555525752594061,1.87282804818897,0.0817914286011121,0.156499808089735,2.035355e-01,0.000000e+00,stable,stable,not_audited
1254,0.919037105104954,0.719723958138621,0.249102704663479,-0.148140172749722,2.035354e-01,0.000000e+00,stable,stable,not_audited
1255,-0.399060329761775,1.93366537052988,0.149551030246532,-0.121024779467621,2.035354e-01,0.000000e+00,stable,stable,not_audited
1256,0.648010731417626,-0.560203945346627,0.844457386877759,0.112303774384248,2.035354e-01,0.000000e+00,stable,stable,not_audited
1257,0.32716514736065,0.0873572783950705,0.913945703054956,0.112207744064174,2.035354e-01,0.000000e+00,stable,stable,not_audited
1258,0.766858254432307,1.33838042997225,0.331905883940881,0.152668087770889,2.035354e-01,0.000000e+00,stable,stable,not_audited
1259,0.972458459412196,-1.31925172433557,1.88227882475795,0.109315803947359,2.035354e-01,0.000000e+00,stable,stable,not_audited
1260,0.0657793461201499,-0.56513791369729,0.459734045476904,0.0807687924395535,2.035353e-01,0.000000e+00,stable,stable,not_audited
1261,0.475298144452412,-1.24405154534791,1.00354456886898,-0.0849068935249646,2.035353e-01,0.000000e+00,stable,stable,sim_perturbative
1262,0.128774615020122,0.0974891193411045,0.541546528710257,-0.101943943606452,2.035353e-01,0.000000e+00,stable,stable,sim_perturbative
1263,0.116245182372426,-1.15478909046972,0.934859365995999,-0.0638012121053215,2.035352e-01,0.000000e+00,stable,stable,not_audited
1264,0.660305973725611,0.211262137101133,0.0686259096610275,0.12674222550189,2.035352e-01,0.000000e+00,stable,stable,not_audited
1265,0.856556920908466,-0.922282981443453,0.281078220965161,-0.111180734585092,2.035352e-01,0.000000e+00,stable,stable,not_audited
1266,0.967301973307761,1.1847095529054,1.3657804813223,0.153172454033915,2.035351e-01,0.000000e+00,stable,stable,not_audited
1267,-0.765351355281073,1.98558398941519,0.202227243466556,-0.103059025529141,2.035351e-01,0.000000e+00,stable,stable,not_audited
1268,0.351741428430881,0.337649499641408,1.05774682698041,0.114489120827942,2.035350e-01,0.000000e+00,stable,stable,not_audited
1269,0.239814802627438,1.54465313354619,0.968401453059115,0.132842757970029,2.035350e-01,0.000000e+00,stable,stable,not_audited
1270,0.86601364600588,1.36048061071393,0.080542544390321,0.149745366485631,2.035349e-01,0.000000e+00,stable,stable,not_audited
1271,0.652217338833456,-0.869447808209089,0.302723954215987,-0.100029010553769,2.035348e-01,0.000000e+00,stable,stable,not_audited
1272,-0.251410570480187,1.61200366852174,0.299108909414796,0.114367794999866,2.035348e-01,0.000000e+00,stable,stable,sim_perturbative
1273,0.796890910766795,-1.83618455542365,0.438738674807367,0.0829737184896082,2.035348e-01,0.000000e+00,stable,stable,not_audited
1274,0.0081615667490571,0.839387783876099,0.0805749295927865,-0.108980895478056,2.035348e-01,0.000000e+00,stable,stable,not_audited
1275,0.778409688810975,0.442482014412207,0.652946820468958,-0.130664146548403,2.035348e-01,0.000000e+00,stable,stable,sim_perturbative
1276,0.828778355058658,0.789107618997216,0.11506508009152,0.137534304975264,2.035347e-01,0.000000e+00,stable,stable,not_audited
1277,0.634540008835367,-1.99854996408262,0.152677426497221,-0.0674612160582433,2.035347e-01,0.000000e+00,stable,stable,not_audited
1278,0.120579822583874,-0.537383219022145,0.196149878060328,-0.0801332331134144,2.035346e-01,0.000000e+00,stable,stable,not_audited
1279,-0.872847171757597,1.52173841086772,0.207159961595623,0.0818387886872505,2.035346e-01,0.000000e+00,stable,stable,not_audited
1280,-0.476459387670424,1.63463927588395,0.324868389046375,0.102967936061643,2.035345e-01,0.000000e+00,stable,stable,not_audited
1281,0.869390371702891,0.833744939808836,0.920663132863622,-0.137220445447587,2.035345e-01,0.000000e+00,stable,stable,not_audited
1282,0.739802260828756,0.398111250176768,0.661281465063696,0.125524787544085,2.035345e-01,0.000000e+00,stable,stable,not_audited
1283,0.750244433220505,1.7824156311792,1.2872167294537,-0.147585292584246,2.035345e-01,0.000000e+00,stable,stable,not_audited
1284,0.338341516891169,-0.0819381929019334,0.760154381009297,0.10071164925309,2.035345e-01,0.000000e+00,stable,stable,not_audited
1285,0.355109307242908,0.582351415457405,1.02736670694634,-0.114053684868958,2.035344e-01,0.000000e+00,stable,stable,not_audited
1286,0.679099118741109,0.0825433935543947,0.885416095243717,-0.116550873891005,2.035344e-01,0.000000e+00,stable,stable,not_audited
1287,-0.593596858596509,0.844962712437164,0.376007695773309,-0.0768392946061867,2.035343e-01,0.000000e+00,stable,stable,not_audited
1288,-0.677929406040049,1.61122992917049,0.100248560524842,-0.0915770964702143,2.035342e-01,0.000000e+00,stable,stable,not_audited
1289,0.0188260684682917,0.305329082483563,0.117707566717926,-0.0930617971891037,2.035342e-01,0.000000e+00,stable,stable,not_audited
1290,0.302914947223566,-0.570011201524106,0.285056482274361,0.0859348813273284,2.035342e-01,0.000000e+00,stable,stable,not_audited
1291,0.925661392002938,-1.44586189928045,0.110564079144663,0.0943123494162088,2.035342e-01,0.000000e+00,stable,stable,not_audited
1292,0.619755718131936,1.61634256388385,1.1281840588063,0.137588347409305,2.035341e-01,0.000000e+00,stable,stable,not_audited
1293,-0.895687131563155,1.70276313082739,0.91628877825507,0.082414065498924,2.035341e-01,0.000000e+00,stable,stable,not_audited
1294,0.336947285469525,1.37704922436658,0.564735809347458,-0.124540387738873,2.035341e-01,0.000000e+00,stable,stable,not_audited
1295,0.935649744513412,-0.62572172179977,0.241826858568892,-0.1102994501423,2.035341e-01,0.000000e+00,stable,stable,not_audited
1296,0.386667681300208,1.62518710763506,0.674081303560852,-0.129644501365678,2.035340e-01,0.000000e+00,stable,stable,not_audited
1297,0.818752392918018,-1.19944492629041,0.210584490874924,0.0940284552856863,2.035340e-01,0.000000e+00,stable,stable,not_audited
1298,-0.747376328948573,1.11602698587642,0.128859605194664,0.0742904435640748,2.035340e-01,0.000000e+00,stable,stable,not_audited
1299,0.821392010210793,-0.378111791771413,0.584029727943407,0.110106186859136,2.035340e-01,0.000000e+00,stable,stable,not_audited
1300,0.44921816078316,0.51806822056794,0.144562298773318,-0.112820808792303,2.035340e-01,0.000000e+00,stable,stable,not_audited
1301,0.365323135150713,-1.09650176226288,0.148519748328368,-0.0744161316472494,2.035340e-01,0.000000e+00,stable,stable,not_audited
1302,0.810449467872453,-0.200316519709777,0.526656423320108,-0.112521282226487,2.035339e-01,0.000000e+00,stable,stable,sim_perturbative
1303,-0.903606473771051,1.72856719623789,0.260464750783556,0.0815020784541911,2.035339e-01,0.000000e+00,stable,stable,not_audited
1304,0.900907580788141,-1.57457151792409,0.223577020841096,0.0883800373315848,2.035339e-01,0.000000e+00,stable,stable,not_audited
1305,-0.191794786565416,1.58245533498147,1.25320396529772,0.107467070873774,2.035338e-01,0.000000e+00,stable,stable,not_audited
1306,0.732536767224513,1.04631545174704,0.0827200833580563,-0.128980322823097,2.035338e-01,0.000000e+00,stable,stable,sim_perturbative
1307,0.526617855636278,-0.987897193921088,0.0946539547804834,0.0841792244816899,2.035338e-01,0.000000e+00,stable,stable,not_audited
1308,0.522845278391679,-1.89263120944232,0.233842198667099,-0.0591751373898011,2.035338e-01,0.000000e+00,stable,stable,not_audited
1309,0.328817057865413,-0.887129946335242,0.0799963364104802,0.0765709637238285,2.035337e-01,0.000000e+00,stable,stable,not_audited
1310,-0.0844693277924586,0.868165877419291,0.375947594941273,-0.0970942102393488,2.035337e-01,0.000000e+00,stable,stable,not_audited
1311,-0.359688233365674,0.6760520588938,0.305120078564217,-0.0809348102382661,2.035337e-01,0.000000e+00,stable,stable,not_audited
1312,0.573773541692665,0.888076332827322,0.582743885235095,-0.120450310498858,2.035337e-01,0.000000e+00,stable,stable,not_audited
1313,-0.970302996811941,0.640565805222344,0.0784583089784973,0.0414724081520115,2.035337e-01,0.000000e+00,stable,stable,not_audited
1314,0.51380956955194,0.542924924441447,1.22668061206196,0.112216186064642,2.035336e-01,0.000000e+00,stable,stable,not_audited
1315,-0.439934348391945,1.23248365738256,1.52431235504535,-0.0890909779720308,2.035336e-01,0.000000e+00,stable,stable,not_audited
1316,0.660088791590156,0.830532408043189,0.825894063273881,-0.121027993674358,2.035336e-01,0.000000e+00,stable,stable,not_audited
1317,0.984016383702422,0.463218327756877,0.0831416681438963,0.125091628202453,2.035335e-01,0.000000e+00,stable,stable,not_audited
1318,-0.960350951859464,1.22021638690368,1.79705448518493,-0.0625411564279099,2.035335e-01,0.000000e+00,stable,stable,sim_perturbative
1319,-0.566766147543777,1.92887051291861,1.94476481886431,-0.0973725272098671,2.035335e-01,0.000000e+00,stable,stable,not_audited
1320,0.710022904722819,1.30307141979865,0.051559212952717,-0.128276799041298,2.035334e-01,0.000000e+00,stable,stable,not_audited
1321,0.425458595051936,-0.270148882557734,1.16926871303994,0.092584294635992,2.035334e-01,0.000000e+00,stable,stable,sim_perturbative
1322,-0.214755043064235,0.262921820020551,0.103212338340161,-0.0762390790023986,2.035334e-01,0.000000e+00,stable,stable,not_audited
1323,-0.712318102582894,0.761278589917748,0.0975111563661827,-0.0630280073712064,2.035334e-01,0.000000e+00,stable,stable,not_audited
1324,0.855115403267944,0.434349321580739,0.114496309076735,0.119124284256781,2.035334e-01,0.000000e+00,stable,stable,not_audited
1325,0.626816727989612,-0.749002739037129,0.692471186884757,0.0898734307957372,2.035333e-01,0.000000e+00,stable,stable,not_audited
1326,0.241965427365523,1.76682743848987,0.104906242816787,0.118912788904586,2.035332e-01,0.000000e+00,stable,stable,not_audited
1327,0.536292714534386,0.870352527712974,0.173936417181975,0.114132297944435,2.035332e-01,0.000000e+00,stable,stable,not_audited
1328,-0.805277058748428,1.92994192246228,0.0650714020828334,0.0853058390799997,2.035332e-01,0.000000e+00,stable,stable,not_audited
1329,-0.0735413310972755,-0.281585257054081,0.829510380629661,-0.0674736896476165,2.035331e-01,0.000000e+00,stable,stable,not_audited
1330,0.561144180322919,-1.21476042243247,0.0786255280753932,0.0755148252551407,2.035331e-01,0.000000e+00,stable,stable,not_audited
1331,0.323853418872006,1.56935015838672,0.654340247780009,0.116729866161455,2.035331e-01,0.000000e+00,stable,stable,not_audited
1332,0.929782584935459,1.36260525891698,0.1527480141787,-0.130549565632339,2.035330e-01,0.000000e+00,stable,stable,not_audited
1333,-0.167165527900781,1.66303651096727,1.21214155875108,-0.102581379794795,2.035330e-01,0.000000e+00,stable,stable,not_audited
1334,-0.927253177620864,0.851858295743978,0.0977523433074298,0.0505408452725193,2.035330e-01,0.000000e+00,stable,stable,not_audited
1335,0.978994862732273,-1.08027172626502,0.324538802919576,0.0946044916442639,2.035330e-01,0.000000e+00,stable,stable,not_audited
1336,-0.570138801089797,1.6603319753937,0.406115772879157,-0.0877611858306682,2.035330e-01,0.000000e+00,stable,stable,not_audited
1337,-0.143598807772589,0.231882182018757,0.114051017442022,-0.075746935057613,2.035330e-01,0.000000e+00,stable,stable,not_audited
1338,-0.118826822325137,-0.340490467430125,1.00895988241605,-0.0629859762300653,2.035330e-01,0.000000e+00,stable,stable,not_audited
1339,0.446647245886274,0.283938757206679,1.56053860175945,-0.0995228320637014,2.035330e-01,0.000000e+00,stable,stable,not_audited
1340,0.840488987202923,1.5758902449778,0.765055780948998,-0.12994285790254,2.035330e-01,0.000000e+00,stable,stable,not_audited
1341,0.853921814451104,0.173629357815908,0.164056236548768,0.110423064478717,2.035329e-01,0.000000e+00,stable,stable,not_audited
1342,0.468217608463648,1.74491509700994,0.91263350107752,-0.121900907691475,2.035329e-01,0.000000e+00,stable,stable,not_audited
1343,-0.29130449600559,0.870864795531843,0.581416246179707,0.0825741370296074,2.035329e-01,0.000000e+00,stable,stable,not_audited
1344,-0.169561571723971,-0.0354885521483652,0.131211751692308,0.0677016020879027,2.035329e-01,0.000000e+00,stable,stable,not_audited
1345,0.820558763516928,-0.545932739172929,0.296161121767418,0.0971753808170148,2.035329e-01,0.000000e+00,stable,stable,not_audited
1346,0.357287930031059,0.703731865536979,0.381894377305033,0.102493497874559,2.035329e-01,0.000000e+00,stable,stable,not_audited
1347,0.122959063630687,-0.955938720082393,0.0531750646678089,0.058424715480728,2.035328e-01,0.000000e+00,stable,stable,not_audited
1348,0.778775314079555,-0.372453762173024,0.388266975384688,-0.0980160212388115,2.035328e-01,0.000000e+00,stable,stable,not_audited
1349,-0.151936301446099,1.96225145225047,0.430212485460637,-0.105240522154451,2.035327e-01,0.000000e+00,stable,stable,not_audited
1350,0.463507216873195,-0.324499941884717,0.177212014733742,-0.0872877914234691,2.035327e-01,0.000000e+00,stable,stable,sim_perturbative
1351,0.531623524637064,0.0460385213608685,0.691370818941384,-0.0956688220132962,2.035326e-01,0.000000e+00,stable,stable,not_audited
1352,0.47437768999938,-0.242712358341879,0.521147386678647,-0.0886293492283601,2.035326e-01,0.000000e+00,stable,stable,not_audited
1353,0.281280959406633,1.89462646061707,0.0601534663566878,-0.115928711853162,2.035326e-01,0.000000e+00,stable,stable,not_audited
1354,0.605133914469745,1.34047031595914,0.143096448023552,0.117171073229212,2.035326e-01,0.000000e+00,stable,stable,not_audited
1355,-0.455510076268054,0.772351036799511,0.584665097935264,-0.0715765937528323,2.035326e-01,0.000000e+00,stable,stable,not_audited
1356,0.489573785424562,0.222510096879838,0.470863558808049,-0.0968233017331881,2.035326e-01,0.000000e+00,stable,stable,not_audited
1357,-0.509270128681589,1.18036618966171,1.09674396555999,0.0775679030865835,2.035325e-01,0.000000e+00,stable,stable,not_audited
1358,0.736879566830451,0.228276572122514,0.187299946137257,-0.104173777836542,2.035325e-01,0.000000e+00,stable,stable,not_audited
1359,0.650254682764244,1.38072289869256,0.183858505157402,0.117767790337211,2.035325e-01,0.000000e+00,stable,stable,not_audited
1360,0.973530966389986,-1.64845819236928,0.169337054854846,-0.0800232790007553,2.035325e-01,0.000000e+00,stable,stable,sim_perturbative
1361,-0.0391223643957831,0.207188516147666,0.290381133627457,-0.0765844387539978,2.035325e-01,0.000000e+00,stable,stable,not_audited
1362,0.562445117348525,0.530297505809153,0.27925433990036,-0.102836645431533,2.035325e-01,0.000000e+00,stable,stable,not_audited
1363,-0.552765797692265,1.05149185905379,0.283727702429167,0.0724742863383505,2.035324e-01,0.000000e+00,stable,stable,not_audited
1364,0.893680894465548,0.894434875062278,0.594178961844371,0.117055792644973,2.035324e-01,0.000000e+00,stable,stable,not_audited
1365,-0.448727976748441,1.87664633064959,0.252734573030192,0.091377528150705,2.035323e-01,0.000000e+00,stable,stable,not_audited
1366,0.636460253899638,-1.60206016202642,0.272237118888404,0.0658574291252347,2.035323e-01,0.000000e+00,stable,stable,not_audited
1367,-0.159193783241626,1.05240208477902,0.0713584799422921,0.0864868237147829,2.035322e-01,0.000000e+00,stable,stable,not_audited
1368,-0.930582973776524,0.911711316355428,0.983429784295289,0.0488137950936554,2.035321e-01,0.000000e+00,stable,stable,not_audited
1369,0.830939283295695,0.427068000985399,0.0838293313915368,0.106862617178713,2.035321e-01,0.000000e+00,stable,stable,not_audited
1370,0.294585393816644,0.952465753311304,1.86083956719629,-0.0982820386048895,2.035320e-01,0.000000e+00,stable,stable,not_audited
1371,0.774651130059923,-0.521912951429187,0.501074097654852,0.0900452721453013,2.035320e-01,0.000000e+00,stable,stable,not_audited
1372,0.146378944233262,1.57594648242028,1.00393045898768,-0.102776004042711,2.035320e-01,0.000000e+00,stable,stable,not_audited
1373,-0.855379523106615,1.73653058853353,1.11159367896482,-0.0718874572274897,2.035320e-01,0.000000e+00,stable,stable,not_audited
1374,-0.770729097037494,1.99861199122816,0.413009344033529,0.0800088750023309,2.035319e-01,0.000000e+00,stable,stable,not_audited
1375,0.821271947583236,-0.221732183683111,0.0987758111972521,0.0958566139278614,2.035319e-01,0.000000e+00,stable,stable,not_audited
1376,0.55742189911584,1.43569945995638,0.305306228774118,0.111627419923337,2.035319e-01,0.000000e+00,stable,stable,not_audited
1377,0.597227899435168,1.97661821705945,0.104500642526856,0.119111358891022,2.035319e-01,0.000000e+00,stable,stable,sim_perturbative
1378,0.364503272227164,-0.137970004679742,0.091528399955355,-0.0820900244819596,2.035319e-01,0.000000e+00,stable,stable,not_audited
1379,0.348942745522098,-1.48466732606155,1.63952407208256,0.0525716205220492,2.035319e-01,0.000000e+00,stable,stable,not_audited
1380,0.109176955003328,0.850624976014831,1.12853448307771,-0.0898738388271814,2.035318e-01,0.000000e+00,stable,stable,not_audited
1381,-0.297247546890851,0.521543876081202,0.0814027103340246,-0.0692576783384464,2.035318e-01,0.000000e+00,stable,stable,not_audited
1382,-0.254027889385994,1.61535487664172,0.318682880391008,-0.0900879528641161,2.035318e-01,0.000000e+00,stable,stable,not_audited
1383,0.269360178509475,-0.853814661108852,0.110104665867767,-0.0638076262593503,2.035318e-01,0.000000e+00,stable,stable,not_audited
1384,0.186940080596153,1.67296728450428,1.77635127841554,-0.102723190844934,2.035316e-01,0.000000e+00,stable,stable,not_audited
1385,0.747775206986813,0.68391437718499,0.0610165784824318,0.104486842614804,2.035316e-01,0.000000e+00,stable,stable,not_audited
1386,-0.638043534113741,0.105868768727444,1.61181309870607,0.0400990966006853,2.035316e-01,0.000000e+00,stable,stable,not_audited
1387,-0.728357425403804,0.97577408037533,1.67842629368038,-0.059183151276794,2.035315e-01,0.000000e+00,stable,stable,not_audited
1388,0.586637336090198,1.84750767122212,0.0555074924132175,-0.114502975911184,2.035315e-01,0.000000e+00,stable,stable,not_audited
1389,0.774430719035676,0.561492965162918,0.686042488558323,-0.102845359025873,2.035315e-01,0.000000e+00,stable,stable,not_audited
1390,0.434196823241224,-0.768079239985047,0.0502047098706983,0.0709396461982625,2.035314e-01,0.000000e+00,stable,stable,not_audited
1391,-0.626568783140731,1.89141837695702,0.0732917850832045,-0.0805875084342131,2.035314e-01,0.000000e+00,stable,stable,not_audited
1392,0.678933762699189,0.609634587617948,1.99173279535257,-0.100328841763452,2.035314e-01,0.000000e+00,stable,stable,sim_perturbative
1393,-0.661873258567211,0.835656607894803,0.246367948886162,-0.0582286679136068,2.035313e-01,0.000000e+00,stable,stable,not_audited
1394,0.19809348513921,-1.18248502669394,1.42298107102055,-0.0505606939066665,2.035312e-01,0.000000e+00,stable,stable,not_audited
1395,-0.531678577018387,-0.557305239409505,0.116462556728513,-0.018391604194731,2.035311e-01,0.000000e+00,stable,stable,not_audited
1396,-0.0541070116599272,-0.618406401641765,1.0332548713524,-0.0515250746208162,2.035310e-01,0.000000e+00,stable,stable,not_audited
1397,0.719317023131873,1.56042594906908,0.171145566996985,0.110449854786349,2.035309e-01,0.000000e+00,stable,stable,not_audited
1398,-0.750874143231728,1.82348853306485,0.385007735336348,0.0728571491590202,2.035309e-01,0.000000e+00,stable,stable,not_audited
1399,-0.570584970410609,0.0700247886465246,0.612047959089319,0.0416564595216586,2.035309e-01,0.000000e+00,stable,stable,not_audited
1400,0.240976691485056,1.54524363371807,0.334445484008628,0.0979830736152572,2.035308e-01,0.000000e+00,stable,stable,not_audited
1401,0.203718680615267,1.86689443552419,0.130721971425691,0.101041120306816,2.035308e-01,0.000000e+00,stable,stable,not_audited
1402,-0.201942591870235,1.90768723997224,0.390196069983549,-0.0907540627934575,2.035308e-01,0.000000e+00,stable,stable,sim_perturbative
1403,-0.889918446667825,1.57432865327249,0.498752033175114,0.062464302685675,2.035308e-01,0.000000e+00,stable,stable,not_audited
1404,-0.511112716421212,1.41602802872846,0.586776741026618,-0.0734026711623612,2.035307e-01,0.000000e+00,stable,stable,not_audited
1405,-0.483415852236462,1.66220300974275,0.591809181999304,-0.0783680866447578,2.035307e-01,0.000000e+00,stable,stable,not_audited
1406,0.444060419664448,0.839007505520896,0.185274674635705,0.0922904142655474,2.035305e-01,0.000000e+00,stable,stable,not_audited
1407,0.794833696200833,1.93148198971071,0.260213783070964,0.113360379675333,2.035305e-01,0.000000e+00,stable,stable,not_audited
1408,0.132764181478949,1.54436933940902,0.103736259015027,-0.0928688519405436,2.035305e-01,0.000000e+00,stable,stable,sim_perturbative
1409,0.208206408981951,1.08098744688738,0.901979038998224,-0.0882503360050204,2.035304e-01,0.000000e+00,stable,stable,not_audited
1410,-0.0226134427447542,-0.93313930517425,1.47340932535738,0.042780369290202,2.035303e-01,0.000000e+00,stable,stable,not_audited
1411,0.602134650488725,-1.7832000860512,0.162484086664664,-0.0526662069022001,2.035303e-01,0.000000e+00,stable,stable,sim_perturbative
1412,-0.296783546244418,1.26121996284235,0.530793259549614,-0.0756355285607346,2.035303e-01,0.000000e+00,stable,stable,not_audited
1413,-0.230833598611127,1.84621364577418,1.24835548874424,0.0860386513108971,2.035303e-01,0.000000e+00,stable,stable,not_audited
1414,0.911710632684924,-0.880846562500197,0.422988752467295,0.0797362579985452,2.035303e-01,0.000000e+00,stable,stable,not_audited
1415,0.349735045325079,0.879983285593309,0.134860075183776,-0.0885462149565557,2.035303e-01,0.000000e+00,stable,stable,not_audited
1416,0.489672414048383,0.817929935671565,0.18514344862098,0.0912793623785038,2.035303e-01,0.000000e+00,stable,stable,not_audited
1417,-0.443651495643155,1.07211917408734,0.082236103726937,-0.0672729879853817,2.035302e-01,0.000000e+00,stable,stable,not_audited
1418,-0.556145079972286,1.12859377932198,0.244757053482871,-0.064184301692062,2.035302e-01,0.000000e+00,stable,stable,sim_perturbative
1419,0.410785247681235,1.72350429068937,1.02600996181452,0.099877753315571,2.035302e-01,0.000000e+00,stable,stable,not_audited
1420,0.873307367062978,-1.30645545169426,0.383978521578797,-0.0712355104761098,2.035302e-01,0.000000e+00,stable,stable,not_audited
1421,0.68321041208738,1.57164176760291,0.117521561937448,0.10371909426413,2.035301e-01,0.000000e+00,stable,stable,not_audited
1422,0.162947904970676,0.835347485713714,0.359767087015692,-0.0817218351948432,2.035301e-01,0.000000e+00,stable,stable,not_audited
1423,0.917857582145206,0.184087423415191,0.113239746845052,0.0929872307104671,2.035301e-01,0.000000e+00,stable,stable,not_audited
1424,0.768986394305819,0.141776390811151,0.291302494460053,-0.0886667466898552,2.035301e-01,0.000000e+00,stable,stable,not_audited
1425,0.0317232204814331,1.14293846053946,0.378786478110036,0.0821862935776725,2.035301e-01,0.000000e+00,stable,stable,not_audited
1426,0.262957088530739,1.80286620121902,0.475846978307021,0.0964582142486026,2.035301e-01,0.000000e+00,stable,stable,not_audited
1427,0.164545965423039,-0.421244884028061,0.0717559048438866,-0.0614443432256526,2.035301e-01,0.000000e+00,stable,stable,not_audited
1428,-0.54757689779196,0.19112724488392,1.09102198058199,0.043887403745178,2.035301e-01,0.000000e+00,stable,stable,sim_perturbative
1429,0.130360150536101,0.176729011253574,0.903868192507562,-0.0705046250774493,2.035301e-01,0.000000e+00,stable,stable,not_audited
1430,0.771089082698928,0.416343962450876,1.27190622417547,-0.0915697311607668,2.035301e-01,0.000000e+00,stable,stable,not_audited
1431,0.312328992275646,0.598761333037432,0.111538854218769,0.0818702133058244,2.035301e-01,0.000000e+00,stable,stable,not_audited
1432,0.886960122646459,-0.546779687951637,0.237568851591443,0.0818376491709607,2.035301e-01,0.000000e+00,stable,stable,not_audited
1433,0.543865366510531,-0.620939934397173,0.103450577522868,0.0704500442696339,2.035300e-01,0.000000e+00,stable,stable,not_audited
1434,-0.162908079213411,1.24808344786295,0.161386094870115,-0.0773140675752002,2.035300e-01,0.000000e+00,stable,stable,not_audited
1435,-0.705456876841008,0.732929218840041,0.226820925337521,0.0488788884978875,2.035300e-01,0.000000e+00,stable,stable,not_audited
1436,0.940452460208002,-0.602859121382673,1.48993287098342,0.0817941525394597,2.035300e-01,0.000000e+00,stable,stable,not_audited
1437,0.117171450151715,-0.0465817862084814,1.33214639259839,-0.0653100042710673,2.035300e-01,0.000000e+00,stable,stable,not_audited
1438,0.941877401238522,-0.182204405880466,1.65656944368552,-0.0870833311070722,2.035300e-01,0.000000e+00,stable,stable,not_audited
1439,0.761288674642803,-0.821093056144193,0.692519262590987,0.0733845441468639,2.035300e-01,0.000000e+00,stable,stable,not_audited
1440,0.538710958622178,0.326276195165538,1.17466390383117,-0.0831372241052992,2.035300e-01,0.000000e+00,stable,stable,not_audited
1441,0.689466632451742,-0.950635865548907,0.758884940010278,-0.0690443568701642,2.035300e-01,0.000000e+00,stable,stable,not_audited
1442,0.231688354701634,-1.92915008105445,0.446747651276871,0.0247782992879206,2.035299e-01,0.000000e+00,stable,stable,not_audited
1443,0.572933734974725,-0.463988002732729,0.629216171913812,-0.0721670155083267,2.035299e-01,0.000000e+00,stable,stable,sim_perturbative
1444,0.5318245753944,0.146210187385263,1.05076599655015,-0.0792668570187172,2.035299e-01,0.000000e+00,stable,stable,not_audited
1445,0.682272649674691,1.61637887179619,0.249317059042453,0.100143492163641,2.035299e-01,0.000000e+00,stable,stable,not_audited
1446,0.848097856199634,-0.236557788126351,0.98436909184645,0.0824737228504282,2.035299e-01,0.000000e+00,stable,stable,not_audited
1447,-0.880137394747923,1.20533497145954,0.784563836201144,0.05012718241389,2.035299e-01,0.000000e+00,stable,stable,sim_perturbative
1448,-0.126322914776898,0.844931039402495,1.20556619046038,0.069980031255759,2.035299e-01,0.000000e+00,stable,stable,not_audited
1449,0.0156656910134225,1.24053939874555,0.120030581622427,-0.0794248715662258,2.035299e-01,0.000000e+00,stable,stable,not_audited
1450,0.894137343620454,1.36386121950861,0.337091323477593,-0.10115659872732,2.035299e-01,0.000000e+00,stable,stable,not_audited
1451,0.52709049956957,0.241754666367003,0.316248162959724,-0.0795749055495525,2.035299e-01,0.000000e+00,stable,stable,not_audited
1452,0.865967422171607,-0.669730420542847,1.29450138591613,0.0764574744122442,2.035299e-01,0.000000e+00,stable,stable,not_audited
1453,0.214782122341753,-0.350672235682773,0.482393367461849,-0.0615367151041564,2.035299e-01,0.000000e+00,stable,stable,not_audited
1454,0.444811335581399,1.67494188106851,0.258988049866215,0.094494854942289,2.035299e-01,0.000000e+00,stable,stable,not_audited
1455,0.815276795224291,0.784817492596866,0.371836651749611,-0.0923636958416827,2.035298e-01,0.000000e+00,stable,stable,not_audited
1456,0.513126942464254,-0.995859692763984,0.223099604010077,0.0603126373284031,2.035298e-01,0.000000e+00,stable,stable,not_audited
1457,0.969552860916143,1.11568807074664,0.301211407131909,-0.099002570049928,2.035298e-01,0.000000e+00,stable,stable,not_audited
1458,-0.716055694797443,1.97061853071165,0.193891598058117,-0.0683040015634409,2.035298e-01,0.000000e+00,stable,stable,not_audited
1459,0.0619058864748088,1.73558099645238,0.206181301492462,-0.0856468968088253,2.035298e-01,0.000000e+00,stable,stable,not_audited
1460,-0.420660334997393,1.69631451293657,0.361539070813871,-0.0720879971128934,2.035298e-01,0.000000e+00,stable,stable,not_audited
1461,0.0614979630696368,1.27509214769003,0.0549886083681409,-0.079152411600957,2.035298e-01,0.000000e+00,stable,stable,not_audited
1462,0.689399556254522,0.550839993464018,0.638642342013157,0.0855127858715501,2.035298e-01,0.000000e+00,stable,stable,not_audited
1463,0.960233256772601,0.528736555127072,0.0908706787041522,-0.0911609031147094,2.035298e-01,0.000000e+00,stable,stable,not_audited
1464,-0.410332626934581,0.755980443512437,0.229693658015372,-0.0575537416705307,2.035298e-01,0.000000e+00,stable,stable,not_audited
1465,0.406789419005595,-0.325451582030552,0.0819931825810847,-0.065884689397788,2.035298e-01,0.000000e+00,stable,stable,not_audited
1466,0.30864500831112,1.72055812996797,0.103512225814217,-0.0884544637104032,2.035297e-01,0.000000e+00,stable,stable,not_audited
1467,-0.165522080827937,1.30508703285805,0.232336571315815,0.071696288907237,2.035297e-01,0.000000e+00,stable,stable,not_audited
1468,0.266287524903799,-0.555728157236527,1.79174767067208,-0.0569581200788778,2.035297e-01,0.000000e+00,stable,stable,not_audited
1469,-0.588727911739197,1.21085306412832,0.876398203376668,-0.0574217707530087,2.035296e-01,0.000000e+00,stable,stable,not_audited
1470,-0.018706428554359,1.1457660463481,0.128195569770648,-0.0723196069848779,2.035296e-01,0.000000e+00,stable,stable,not_audited
1471,-0.333985042473642,0.318397636089376,0.178787304685214,-0.0505966647997149,2.035296e-01,0.000000e+00,stable,stable,not_audited
1472,-0.222777028476318,-0.00229517122460154,0.0734239519825307,0.0484532151869312,2.035295e-01,0.000000e+00,stable,stable,not_audited
1473,-0.810993894925565,1.56641758774374,0.295347072607974,0.0552083691450682,2.035295e-01,0.000000e+00,stable,stable,not_audited
1474,-0.0450341401166252,1.14981909763414,0.263093333629856,-0.0710733846883758,2.035295e-01,0.000000e+00,stable,stable,not_audited
1475,-0.701795031725182,1.86216396870032,1.64430928058757,0.0629281658415231,2.035295e-01,0.000000e+00,stable,stable,sim_perturbative
1476,0.387423896941041,-0.696206120200451,0.927610850206301,0.0570797995826635,2.035294e-01,0.000000e+00,stable,stable,not_audited
1477,0.187431853357351,1.64435187338204,0.867627476138107,0.0813769694208641,2.035293e-01,0.000000e+00,stable,stable,sim_perturbative
1478,-0.110045701443705,-0.241696292031069,0.307077315223286,-0.0475394459415335,2.035293e-01,0.000000e+00,stable,stable,not_audited
1479,0.93679473087324,-0.583074700711773,0.0853574923215963,-0.0728094478539409,2.035293e-01,0.000000e+00,stable,stable,not_audited
1480,0.414972557350084,-0.452468580478902,0.068761045930148,0.060501046725884,2.035292e-01,0.000000e+00,stable,stable,not_audited
1481,0.528715722523473,0.452760568626582,0.723667612760048,-0.0745907134975985,2.035291e-01,0.000000e+00,stable,stable,not_audited
1482,-0.403164724623208,0.833714333715154,0.125831041753387,-0.0550121772256276,2.035291e-01,0.000000e+00,stable,stable,not_audited
1483,-0.102499003548304,-1.31090972244844,1.12226206013594,-0.0199311954212231,2.035290e-01,0.000000e+00,stable,stable,not_audited
1484,-0.0644080031443349,-1.07354155299302,0.41272105642732,-0.0304172360047612,2.035290e-01,0.000000e+00,stable,stable,not_audited
1485,0.262566174051877,-1.06363098710156,0.341916589164996,-0.0451664190957781,2.035289e-01,0.000000e+00,stable,stable,not_audited
1486,0.00408574277745499,1.16883799679981,0.310987694377538,-0.0699990198223557,2.035289e-01,0.000000e+00,stable,stable,not_audited
1487,-0.368115710024517,-0.266125721946331,1.06698461434821,0.0353528545076593,2.035289e-01,0.000000e+00,stable,stable,not_audited
1488,0.384235805592428,1.76916940851976,0.24964829700209,0.0845050675733194,2.035288e-01,0.000000e+00,stable,stable,not_audited
1489,0.167640983312299,-0.679077246349463,0.510752422528083,-0.0483315000449707,2.035288e-01,0.000000e+00,stable,stable,not_audited
1490,0.251191712368829,-1.30272384267881,0.136916155209278,-0.0392113648757164,2.035284e-01,0.000000e+00,stable,stable,not_audited
1491,0.604185848646589,1.22892550635978,0.0520781097887167,0.0817125698494503,2.035282e-01,0.000000e+00,stable,stable,not_audited
1492,0.753553994920156,1.09177452191856,0.748787421593451,0.0831024301938834,2.035281e-01,0.000000e+00,stable,stable,not_audited
1493,-0.0571936143879326,0.696323548168586,1.32106690426876,0.0607271860932097,2.035281e-01,0.000000e+00,stable,stable,not_audited
1494,-0.390467479454961,1.89282196805931,0.0842381834927542,0.0671620402610089,2.035280e-01,0.000000e+00,stable,stable,not_audited
1495,-0.155844642262475,-0.575710569154282,0.162800100468804,0.0368517483454345,2.035280e-01,0.000000e+00,stable,stable,sim_perturbative
1496,-0.217369803134268,1.4254988316068,0.167718568534319,0.0653977314633165,2.035278e-01,0.000000e+00,stable,stable,not_audited
1497,-0.29708556582689,1.93073274248485,0.0624829130346117,-0.0693273909854586,2.035278e-01,0.000000e+00,stable,stable,not_audited
1498,-0.24387609599101,0.349181826810033,0.567737493427224,0.0498417434254939,2.035276e-01,0.000000e+00,stable,stable,not_audited
1499,0.293877985822615,1.83053164223168,0.834957431313683,-0.079596038849254,2.035273e-01,0.000000e+00,stable,stable,sim_perturbative
1500,-0.440319835513544,1.20698057472012,0.0786968674986054,-0.0561737612621744,2.035273e-01,0.000000e+00,stable,stable,not_audited
1501,0.680846009752487,-1.46017888456219,0.138657269045868,-0.0498854584230792,2.035271e-01,0.000000e+00,stable,stable,not_audited
1502,0.828874386708275,0.491789432037503,0.918827669102121,-0.0765675551760372,2.035271e-01,0.000000e+00,stable,stable,not_audited
1503,-0.0320517956328771,0.925523441922062,0.0919879326172745,-0.0624210766293256,2.035269e-01,0.000000e+00,stable,stable,not_audited
1504,0.356514891164513,1.77994962462099,0.354791618555336,-0.0794469095636012,2.035268e-01,0.000000e+00,stable,stable,not_audited
1505,0.803686831329504,1.80634466554342,0.134031738094637,0.0873548546823946,2.035267e-01,0.000000e+00,stable,stable,not_audited
1506,0.151318100288691,-0.309089557346007,0.689516836612648,0.0507166984063856,2.035266e-01,0.000000e+00,stable,stable,not_audited
1507,0.0970318367641081,-0.505517270227731,0.0753298396983176,0.0460377927819415,2.035266e-01,0.000000e+00,stable,stable,not_audited
1508,-0.347789795202384,-0.172223146237001,0.173468570487465,-0.0358203261982848,2.035263e-01,0.000000e+00,stable,stable,not_audited
1509,0.729209070126728,-1.17833764968156,0.240311186426182,0.0542289008231824,2.035262e-01,0.000000e+00,stable,stable,not_audited
1510,0.828578779359538,0.828432521598184,0.200532278447447,0.0779771556804603,2.035260e-01,0.000000e+00,stable,stable,not_audited
1511,0.76575732150736,0.37710286192512,0.346681220664519,-0.0724677732325878,2.035260e-01,0.000000e+00,stable,stable,not_audited
1512,-0.188164278819131,1.75193052824232,1.25507343131535,0.0668480481352902,2.035259e-01,0.000000e+00,stable,stable,not_audited
1513,-0.352338978962446,1.01274192089787,0.362122401851158,-0.0541363152289061,2.035258e-01,0.000000e+00,stable,stable,not_audited
1514,0.122836007945478,0.11433284795141,0.563822746512213,-0.0546807622607066,2.035256e-01,0.000000e+00,stable,stable,not_audited
1515,0.299939608044122,0.746728944451615,0.167081505010175,0.0661614660324652,2.035256e-01,0.000000e+00,stable,stable,not_audited
1516,0.0505741526623193,1.46805742981301,0.372942975622477,-0.0684617384618487,2.035255e-01,0.000000e+00,stable,stable,not_audited
1517,0.0873420637423323,1.4176448463381,1.65322860640046,0.0686845557193232,2.035255e-01,0.000000e+00,stable,stable,not_audited
1518,-0.050768571496595,-0.00816792645948317,0.0882667230122137,0.0480822787006572,2.035255e-01,0.000000e+00,stable,stable,not_audited
1519,0.213115398725783,-0.311289410511953,0.155479868628487,-0.0510733263529326,2.035253e-01,0.000000e+00,stable,stable,not_audited
1520,0.760917829068068,-0.35933701203417,0.0889813042208521,-0.0630478668439387,2.035246e-01,0.000000e+00,stable,stable,not_audited
1521,0.0187171947173295,0.566645778579089,0.60888646382483,0.0565945442570706,2.035246e-01,0.000000e+00,stable,stable,not_audited
1522,0.479058610878367,0.139346810610355,1.62287645604894,-0.0621241559703143,2.035245e-01,0.000000e+00,stable,stable,not_audited
1523,-0.236637919877707,1.31483699937722,0.327773496546573,-0.0592121174758247,2.035244e-01,0.000000e+00,stable,stable,not_audited
1524,-0.80172022040882,0.758144833283156,0.125282815663613,-0.0349597522878249,2.035244e-01,0.000000e+00,stable,stable,not_audited
1525,-0.0315555162808452,-0.0161477882073611,0.0579579963976028,-0.0475003729058414,2.035244e-01,0.000000e+00,stable,stable,not_audited
1526,0.68252894131075,0.785822792655456,0.0661818929407643,0.0725233472407369,2.035243e-01,0.000000e+00,stable,stable,not_audited
1527,0.480692914621388,0.745681802454843,0.569518420908494,-0.0682319811544041,2.035243e-01,0.000000e+00,stable,stable,not_audited
1528,0.487410676352776,0.114838923969739,0.103378796122573,-0.0616824257508171,2.035241e-01,0.000000e+00,stable,stable,not_audited
1529,0.8910293954017,1.23698053215428,0.68138314223409,-0.0795318599528707,2.035239e-01,0.000000e+00,stable,stable,not_audited
1530,0.68114798114479,-1.8824879483493,1.88024676797531,-0.040177973356456,2.035236e-01,0.000000e+00,stable,stable,not_audited
1531,-0.256171435246274,1.5935860961672,0.0557939337453909,0.0609443735807087,2.035236e-01,0.000000e+00,stable,stable,not_audited
1532,0.538278895042468,1.79562452114961,0.119429975600962,0.0774701929062052,2.035233e-01,0.000000e+00,stable,stable,not_audited
1533,0.897040312179146,0.957191411621057,0.0571133144829353,0.0762899035053128,2.035232e-01,0.000000e+00,stable,stable,not_audited
1534,0.896346387047193,1.51747088579166,0.151813659484987,0.0804456441865264,2.035229e-01,0.000000e+00,stable,stable,not_audited
1535,0.892317822560964,-0.661060885007339,0.999963024503737,0.0602399303131245,2.035225e-01,0.000000e+00,stable,stable,not_audited
1536,0.601413644349401,1.29792689862826,0.540675502764694,0.073221276305468,2.035225e-01,0.000000e+00,stable,stable,sim_perturbative
1537,0.802229599117676,1.94597717104816,0.140495260547848,-0.0817365143045237,2.035225e-01,0.000000e+00,stable,stable,not_audited
1538,0.787230562722126,-0.462642188879275,0.174862098784097,-0.0598968779166227,2.035223e-01,0.000000e+00,stable,stable,not_audited
1539,-0.918253322080506,1.67923337611809,0.729011056553422,-0.0445484543597501,2.035222e-01,0.000000e+00,stable,stable,not_audited
1540,0.712814079955147,1.51485521592099,0.37580011088318,-0.0762569304399419,2.035220e-01,0.000000e+00,stable,stable,not_audited
1541,0.775585732447845,-0.531433583282615,0.945845434486163,-0.0585543861586706,2.035220e-01,0.000000e+00,stable,stable,not_audited
1542,-0.534750151071044,0.553130229079272,1.55119474008768,0.0388689824932769,2.035217e-01,0.000000e+00,stable,stable,not_audited
1543,0.599880891030529,-1.95593404851761,0.199638284333557,-0.0348427184238074,2.035217e-01,0.000000e+00,stable,stable,not_audited
1544,0.891826491764493,1.69763864543962,1.02342149547684,-0.0796691187773186,2.035215e-01,0.000000e+00,stable,stable,not_audited
1545,0.376857747229942,0.401307457216118,0.357998260564561,-0.0591023238742507,2.035213e-01,0.000000e+00,stable,stable,not_audited
1546,0.384284538882067,-1.59114669582683,0.375562083887151,0.0333794341894351,2.035213e-01,0.000000e+00,stable,stable,not_audited
1547,0.590042727753344,1.23439424007379,0.465066502780045,0.0704587450252312,2.035211e-01,0.000000e+00,stable,stable,not_audited
1548,-0.52362404325906,1.92577190355794,1.11701780805746,-0.0559372096135711,2.035210e-01,0.000000e+00,stable,stable,not_audited
1549,0.276270191219569,-1.4517598382109,0.123791275672701,-0.0316702493539207,2.035208e-01,0.000000e+00,stable,stable,not_audited
1550,0.00527597740704633,0.928970158015177,1.14568794113003,0.0562576476928749,2.035208e-01,0.000000e+00,stable,stable,not_audited
1551,0.0836340995038019,1.40926630632543,0.322533413511644,-0.0621182023553597,2.035204e-01,0.000000e+00,stable,stable,not_audited
1552,0.550877087667839,-0.176028149650619,0.317234363011738,0.0555597351503412,2.035203e-01,0.000000e+00,stable,stable,sim_perturbative
1553,0.287416764916742,0.456877831876717,0.272017097648397,0.0566466884643333,2.035203e-01,0.000000e+00,stable,stable,not_audited
1554,0.980961177193113,0.736391661545306,0.212344994751239,0.0715056568016177,2.035202e-01,0.000000e+00,stable,stable,not_audited
1555,-0.326576901423885,1.15371062773792,0.0774617087145246,0.0507603951523681,2.035202e-01,0.000000e+00,stable,stable,not_audited
1556,0.83452574002997,1.725651087521,1.90060967594192,-0.0767144190464462,2.035201e-01,0.000000e+00,stable,stable,not_audited
1557,0.629568509895269,1.18167086701897,0.153373183785099,-0.069096470215475,2.035201e-01,0.000000e+00,stable,stable,not_audited
1558,0.603307954100471,-1.68299945556901,0.308153195470168,0.0380184854069912,2.035200e-01,0.000000e+00,stable,stable,not_audited
1559,0.648030786054552,-0.00597567882785111,1.3730092674723,0.0586358126818221,2.035199e-01,0.000000e+00,stable,stable,not_audited
1560,-0.436139093211133,-0.759334507885048,0.862030820572215,-0.011527644007068,2.035198e-01,0.000000e+00,stable,stable,not_audited
1561,0.943687729133933,1.39604150641904,0.819673297750139,0.0751238566177044,2.035197e-01,0.000000e+00,stable,stable,not_audited
1562,0.443624102838392,-0.85642586772522,1.02630031764266,-0.0446262177308387,2.035197e-01,0.000000e+00,stable,stable,not_audited
1563,0.478541679423793,-0.544962589072562,0.0509301123218782,0.0490174816753814,2.035196e-01,0.000000e+00,stable,stable,not_audited
1564,0.310410299002019,1.49230330821635,1.13365481513794,0.0655095560977785,2.035196e-01,0.000000e+00,stable,stable,sim_perturbative
1565,0.882309325274806,-0.504939691520082,1.15285139194231,0.0577487822042455,2.035195e-01,0.000000e+00,stable,stable,sim_perturbative
1566,0.282020403637007,0.503695315038021,0.110766692390114,-0.0556582570852497,2.035194e-01,0.000000e+00,stable,stable,not_audited
1567,0.909214077350745,-0.863929012129424,0.182283483103232,0.0544432115069964,2.035193e-01,0.000000e+00,stable,stable,not_audited
1568,0.761729713411544,0.959289904469451,1.77342934944124,0.0680184661324885,2.035193e-01,0.000000e+00,stable,stable,not_audited
1569,0.516230625195926,-0.654393752038896,0.184881613788566,0.048081472104561,2.035192e-01,0.000000e+00,stable,stable,not_audited
1570,0.320614247572056,-1.78123292919307,0.0659178548634292,0.0254191984011864,2.035188e-01,0.000000e+00,stable,stable,not_audited
1571,0.120029431304253,1.24133116736721,0.104113572181414,0.0583311653682648,2.035187e-01,0.000000e+00,stable,stable,not_audited
1572,0.558584891108581,1.23444779640863,0.290191686406478,0.0656213418634386,2.035186e-01,0.000000e+00,stable,stable,not_audited
1573,-0.277171986095307,1.79504709157023,0.152882173681192,-0.0558905415359416,2.035185e-01,0.000000e+00,stable,stable,sim_perturbative
1574,0.48977308975254,-1.64752804658109,0.101847801786599,0.0333366758770977,2.035183e-01,0.000000e+00,stable,stable,not_audited
1575,-0.494472581441594,1.02211529243728,0.545361655743688,0.0426675628995214,2.035182e-01,0.000000e+00,stable,stable,not_audited
1576,-0.30922685064575,-0.149354667726511,1.00417608259754,0.0315924681189244,2.035182e-01,0.000000e+00,stable,stable,not_audited
1577,0.192496994258851,-0.0609257249992219,0.605865096619433,-0.0459079610942563,2.035182e-01,0.000000e+00,stable,stable,not_audited
1578,-0.527853216655852,1.55833432711435,0.0871647195736562,-0.0477599060458014,2.035181e-01,0.000000e+00,stable,stable,not_audited
1579,-0.1752154535815,1.39533626425726,0.12648627993359,-0.0530803227147445,2.035181e-01,0.000000e+00,stable,stable,not_audited
1580,0.573914906898296,-0.787984472710944,0.061650469634387,-0.0459878638538147,2.035180e-01,0.000000e+00,stable,stable,not_audited
1581,0.833686281517185,0.388458766734632,0.0863682636123416,0.061476639104681,2.035179e-01,0.000000e+00,stable,stable,not_audited
1582,0.263702953858129,0.136476735702616,0.257028720599939,0.0486471062274769,2.035178e-01,0.000000e+00,stable,stable,not_audited
1583,0.0277804270277777,1.61223196820846,1.7551426470019,-0.0576830556861763,2.035177e-01,0.000000e+00,stable,stable,not_audited
1584,0.268331033649693,-1.8565047271409,0.432854540840826,-0.0204602465101298,2.035177e-01,0.000000e+00,stable,stable,not_audited
1585,-0.330932463407897,0.38130189764711,0.114440307096546,-0.0377738012402096,2.035177e-01,0.000000e+00,stable,stable,not_audited
1586,-0.919818138413437,0.919543305232065,0.592903914941224,-0.0282792863657773,2.035176e-01,0.000000e+00,stable,stable,not_audited
1587,0.378998863944499,0.387954423624735,1.61616764225885,-0.0525391746194785,2.035175e-01,0.000000e+00,stable,stable,not_audited
1588,-0.0894171948221942,-0.21429900217401,0.578655157469077,-0.0358208143248355,2.035174e-01,0.000000e+00,stable,stable,not_audited
1589,0.868004828226639,0.232400352263356,0.505260353020601,0.0592833166008542,2.035174e-01,0.000000e+00,stable,stable,not_audited
1590,0.0707836156641795,1.34525652034879,1.99760554083447,-0.0552874526497127,2.035174e-01,0.000000e+00,stable,stable,not_audited
1591,-0.0137628740358604,1.25621584206231,0.0546476919704379,0.0528780981588493,2.035173e-01,0.000000e+00,stable,stable,not_audited
1592,-0.0307181888720498,0.62355082048395,1.90473632144403,-0.0462411530105102,2.035172e-01,0.000000e+00,stable,stable,not_audited
1593,0.0866005256646099,-1.22582151854513,0.134866213539199,0.0252248773003547,2.035170e-01,0.000000e+00,stable,stable,not_audited
1594,0.18177591271612,1.97994131078026,1.87468760974414,0.0610505571499931,2.035170e-01,0.000000e+00,stable,stable,not_audited
1595,0.446201267096373,1.75793828825535,0.51327547936628,-0.0632289255172243,2.035170e-01,0.000000e+00,stable,stable,not_audited
1596,-0.292252949152358,0.606483280085891,0.168025270252199,0.0400584408870479,2.035169e-01,0.000000e+00,stable,stable,not_audited
1597,-0.400582170305212,1.97463201445548,0.417248911013118,-0.0513348748833251,2.035169e-01,0.000000e+00,stable,stable,not_audited
1598,-0.662557196680307,-0.185095260744863,1.38283749432469,0.0146818473752681,2.035169e-01,0.000000e+00,stable,stable,not_audited
1599,0.0180708644128758,1.45635296762344,0.540811351301954,-0.0539797362295953,2.035169e-01,0.000000e+00,stable,stable,not_audited
1600,0.572291500408612,-1.33932475708381,0.221685764993023,0.0373497772430555,2.035168e-01,0.000000e+00,stable,stable,not_audited
1601,0.46087766775766,0.143743921643149,0.122276520709291,-0.0502514632272035,2.035168e-01,0.000000e+00,stable,stable,not_audited
1602,0.968504183901116,-1.77157220222404,0.446492475327323,0.041404626626186,2.035168e-01,0.000000e+00,stable,stable,not_audited
1603,0.831821378382386,0.653496667758483,0.231476378606611,0.0602248309854487,2.035168e-01,0.000000e+00,stable,stable,not_audited
1604,0.952617020609593,1.19394108869123,0.435819410363225,0.06554018523578,2.035167e-01,0.000000e+00,stable,stable,not_audited
1605,0.354023407764887,1.55649443854694,1.40720587334447,-0.0595793979683235,2.035167e-01,0.000000e+00,stable,stable,not_audited
1606,0.846485241604304,1.14490108738141,0.065384561865761,0.0634367966547438,2.035166e-01,0.000000e+00,stable,stable,not_audited
1607,-0.00992507014567556,1.17399330895543,0.176668995007647,-0.0503599605013654,2.035166e-01,0.000000e+00,stable,stable,not_audited
1608,-0.85293615455472,0.937745970965858,1.6742400724719,0.0292576560487139,2.035165e-01,0.000000e+00,stable,stable,not_audited
1609,0.850290164227205,0.492930237592751,1.39624824176792,-0.0585285199451617,2.035165e-01,0.000000e+00,stable,stable,not_audited
1610,-0.612804884091902,1.01805170115308,0.289856887122928,-0.0361125884350066,2.035162e-01,0.000000e+00,stable,stable,not_audited
1611,0.875129623151975,0.891559070454277,0.157572160944494,0.0609227787499846,2.035161e-01,0.000000e+00,stable,stable,not_audited
1612,-0.704923923284172,1.24596523898997,0.33054424686399,-0.0365115716031061,2.035161e-01,0.000000e+00,stable,stable,not_audited
1613,0.335445919238543,0.26179187265962,0.0619015618574984,-0.0473126867920526,2.035160e-01,0.000000e+00,stable,stable,not_audited
1614,0.0932468932463753,-0.045990600873048,0.764619512387437,-0.0396457162356525,2.035159e-01,0.000000e+00,stable,stable,not_audited
1615,0.54895452929102,1.26248156347982,0.679953701993282,-0.0582972284928054,2.035158e-01,0.000000e+00,stable,stable,not_audited
1616,-0.149490232969755,0.449875970315754,0.319578769134263,-0.0396118682909496,2.035158e-01,0.000000e+00,stable,stable,sim_perturbative
1617,0.807694353675125,-0.215524524200396,0.0548932972696134,-0.0508962823659098,2.035158e-01,0.000000e+00,stable,stable,not_audited
1618,0.611707842920697,-1.48464423196837,0.28041129178958,0.0349406982639557,2.035157e-01,0.000000e+00,stable,stable,not_audited
1619,0.848262823921348,-0.836318295409792,0.114668211794689,-0.0460199969232757,2.035155e-01,0.000000e+00,stable,stable,not_audited
1620,0.951199754452944,0.932423892497144,0.748460636907218,-0.0609675396577671,2.035155e-01,0.000000e+00,stable,stable,not_audited
1621,0.781452827885736,1.21888062464471,0.135621040676889,-0.060237229892619,2.035153e-01,0.000000e+00,stable,stable,not_audited
1622,-0.885396669068557,1.31320918857485,0.0744378977358704,0.0319465791964579,2.035150e-01,0.000000e+00,stable,stable,not_audited
1623,0.00157896297115778,0.459190682673083,0.315459751838637,0.0417366058495703,2.035150e-01,0.000000e+00,stable,stable,not_audited
1624,-0.126125197508546,0.0769443166854606,0.417194341498021,-0.034955143619414,2.035147e-01,0.000000e+00,stable,stable,not_audited
1625,0.0399336925166449,-0.194736194553287,0.20840092592259,0.0355962721440632,2.035147e-01,0.000000e+00,stable,stable,not_audited
1626,0.368333833048722,-0.407832047130658,1.2125524923896,0.0399809864708152,2.035145e-01,0.000000e+00,stable,stable,not_audited
1627,-0.257046029073219,1.89078484751601,0.71679935116598,0.0489997993354723,2.035144e-01,0.000000e+00,stable,stable,not_audited
1628,0.962590768018646,0.935960860983681,0.0738009464052065,0.0592823848414255,2.035143e-01,0.000000e+00,stable,stable,not_audited
1629,0.589079282098785,0.260070743233356,0.889732789101845,-0.0490455087502921,2.035140e-01,0.000000e+00,stable,stable,not_audited
1630,-0.47523385894202,1.21270955806422,0.079790182258966,0.0389384619030295,2.035140e-01,0.000000e+00,stable,stable,not_audited
1631,0.214280628700926,0.340681598840127,1.54146929594103,-0.0435422506103464,2.035140e-01,0.000000e+00,stable,stable,not_audited
1632,-0.62716495591977,1.34514285454572,0.194033879628718,-0.0371745506836716,2.035139e-01,0.000000e+00,stable,stable,not_audited
1633,0.836153838004219,1.44585315572407,0.882052905390434,0.0604525252231616,2.035139e-01,0.000000e+00,stable,stable,not_audited
1634,0.151177363800478,0.256327988419477,0.442665936525521,-0.0416276132599145,2.035139e-01,0.000000e+00,stable,stable,not_audited
1635,-0.188547926418436,1.64208653189792,0.0823774754184956,0.0475281261962115,2.035138e-01,0.000000e+00,stable,stable,not_audited
1636,-0.58444592776885,0.967873847971612,0.235751260716518,0.0339320402766945,2.035136e-01,0.000000e+00,stable,stable,not_audited
1637,0.457312518355553,0.869620689227067,0.67548669759471,0.0511114702283049,2.035135e-01,0.000000e+00,stable,stable,not_audited
1638,0.556061193393129,1.25501705331823,0.336974954340497,-0.0546634336059395,2.035129e-01,0.000000e+00,stable,stable,not_audited
1639,0.359734363541162,1.66844472869091,1.14415090905971,0.0545631866298457,2.035126e-01,0.000000e+00,stable,stable,not_audited
1640,-0.480235461261172,0.238669579536489,0.103058931147396,-0.0271958546000635,2.035126e-01,0.000000e+00,stable,stable,not_audited
1641,0.164453121332705,-1.38378990105473,0.30164520214707,-0.0223033710834388,2.035124e-01,0.000000e+00,stable,stable,not_audited
1642,0.255737639699297,1.0432690049297,0.574403195085583,-0.0484652896646973,2.035122e-01,0.000000e+00,stable,stable,not_audited
1643,-0.869009039043952,1.92609134058465,0.317638477038095,0.0370899385838555,2.035122e-01,0.000000e+00,stable,stable,not_audited
1644,0.0951966116906922,-0.206894993150828,0.10646842883508,-0.034843786715671,2.035117e-01,0.000000e+00,stable,stable,not_audited
1645,0.599194506929595,1.41101849369697,0.717573885712279,0.0552368673137722,2.035117e-01,0.000000e+00,stable,stable,not_audited
1646,0.170466590115347,-0.776282163249498,0.152999225882214,0.0303099887575078,2.035116e-01,0.000000e+00,stable,stable,not_audited
1647,0.60626618677942,0.36097697484815,0.0750827590301185,0.0479266290334035,2.035112e-01,0.000000e+00,stable,stable,not_audited
1648,-0.83525782596671,1.8318065572625,0.289352878689009,0.0362483284649415,2.035110e-01,0.000000e+00,stable,stable,not_audited
1649,0.768077308958039,-0.655551125006848,0.639917523708669,-0.0424404422841624,2.035108e-01,0.000000e+00,stable,stable,not_audited
1650,-0.829660140460804,1.16144100472064,0.422073783163045,0.0291803509410946,2.035105e-01,0.000000e+00,stable,stable,not_audited
1651,-0.76515162526833,0.649859995301581,0.0611250104927841,-0.0242828546285396,2.035104e-01,0.000000e+00,stable,stable,not_audited
1652,0.512210887053347,-1.0527954506242,0.485776483943777,0.0338537154147351,2.035096e-01,0.000000e+00,stable,stable,not_audited
1653,0.290575926914649,-0.239522068708155,0.641442578213982,0.0372005203433305,2.035093e-01,0.000000e+00,stable,stable,not_audited
1654,-0.0496263402547178,1.08199926332434,0.483906632857364,-0.0423828694474646,2.035090e-01,0.000000e+00,stable,stable,not_audited
1655,0.474356265711437,0.381931156973474,0.466340279661756,-0.0449989375272573,2.035090e-01,0.000000e+00,stable,stable,not_audited
1656,0.934526544913684,-0.091989297673631,0.0825871346241298,0.0481112949269629,2.035089e-01,0.000000e+00,stable,stable,not_audited
1657,-0.607813020237827,1.32042123314889,0.0555356525748652,-0.0346071418140566,2.035081e-01,0.000000e+00,stable,stable,not_audited
1658,0.764798518098316,-1.55038783842171,0.19695889580214,-0.033311160462077,2.035077e-01,0.000000e+00,stable,stable,not_audited
1659,-0.183828570300768,-0.919110600920179,1.28793221003848,-0.017202375502881,2.035075e-01,0.000000e+00,stable,stable,not_audited
1660,0.807937749438352,1.53888678873723,1.53813602078743,-0.055458177619133,2.035065e-01,0.000000e+00,stable,stable,not_audited
1661,-0.289812992774225,0.356503063074245,0.566773481834584,-0.0309381409169527,2.035065e-01,0.000000e+00,stable,stable,not_audited
1662,0.828755268568262,0.821688849406103,1.78807139296699,0.0514546215411436,2.035064e-01,0.000000e+00,stable,stable,not_audited
1663,0.359781985353028,1.11667405983827,0.347517291637162,0.0470388815556468,2.035055e-01,0.000000e+00,stable,stable,not_audited
1664,0.796582663973676,-0.147776503091797,0.630041723177932,0.0442258257225987,2.035051e-01,0.000000e+00,stable,stable,not_audited
1665,0.225108817893313,-0.722449288266834,0.0756477205467335,-0.0300505673559097,2.035050e-01,0.000000e+00,stable,stable,not_audited
1666,0.657114983533449,1.03564124873295,0.547533095447607,0.049862774568012,2.035045e-01,0.000000e+00,stable,stable,not_audited
1667,0.222819569421153,0.233891521275435,0.0532815885486344,0.0383543741773429,2.035044e-01,0.000000e+00,stable,stable,not_audited
1668,0.627168434452237,0.774738723502761,0.859618680470983,0.0478173575821317,2.035044e-01,0.000000e+00,stable,stable,not_audited
1669,-0.136227553997129,-0.886396531502661,0.09539621525257,-0.01888402493248,2.035042e-01,0.000000e+00,stable,stable,not_audited
1670,-0.175737921591939,0.24105999496304,0.323466070932769,-0.0312697333726433,2.035034e-01,0.000000e+00,stable,stable,not_audited
1671,-0.0290952818571973,0.807785636346692,1.61037794837964,-0.0385798500360159,2.035033e-01,0.000000e+00,stable,stable,not_audited
1672,0.99633199649859,-0.25222060385651,0.0971840187860566,0.0450107494817247,2.035016e-01,0.000000e+00,stable,stable,not_audited
1673,0.694604068311899,0.755302402709649,1.73651105849211,-0.0475124567837717,2.035015e-01,0.000000e+00,stable,stable,sim_perturbative
1674,-0.198604942748572,1.09044849717526,0.474423094194859,-0.0376031110534512,2.035014e-01,0.000000e+00,stable,stable,not_audited
1675,0.784710566219436,1.94720564241986,0.369114136734757,0.055019053246816,2.035009e-01,0.000000e+00,stable,stable,not_audited
1676,-0.197556715385209,1.56145360852033,0.0692220290068106,-0.0407782516567186,2.035004e-01,0.000000e+00,stable,stable,sim_perturbative
1677,-0.0887697714513995,1.97509799987337,1.66187571698701,0.0449516297343182,2.035003e-01,0.000000e+00,stable,stable,not_audited
1678,0.833720308960373,0.118982464550982,0.10123219112838,0.0448696452757353,2.035002e-01,0.000000e+00,stable,stable,not_audited
1679,0.724364440267622,0.636807510051716,1.21656712554913,-0.0465006567730242,2.034995e-01,0.000000e+00,stable,stable,not_audited
1680,-0.564253436453867,1.76062034655135,1.70152031235562,0.0365898890958336,2.034993e-01,0.000000e+00,stable,stable,not_audited
1681,-0.840359715744087,1.88429874482735,1.48611306716152,-0.033112227202408,2.034992e-01,0.000000e+00,stable,stable,not_audited
1682,0.891656384830114,0.275106753610893,1.43513314395886,0.0461955671320777,2.034991e-01,0.000000e+00,stable,stable,not_audited
1683,0.660367840381986,-1.7738572936887,0.0667178729614234,0.0268811338286672,2.034987e-01,0.000000e+00,stable,stable,not_audited
1684,0.739201710201802,-0.81667192856024,0.139669559142275,0.0366500238402265,2.034986e-01,0.000000e+00,stable,stable,not_audited
1685,-0.0367106560738785,0.0531424001008896,0.0635161958609123,-0.0309759378985288,2.034983e-01,0.000000e+00,stable,stable,not_audited
1686,-0.867918090973975,0.360683361679007,0.28330165768061,-0.0144046321231754,2.034982e-01,0.000000e+00,stable,stable,not_audited
1687,0.276293422431414,-0.673935648204429,0.205097342931729,-0.0299839877149757,2.034979e-01,0.000000e+00,stable,stable,not_audited
1688,-0.208594987701976,-0.160290476290502,0.169717297542971,-0.025401249676587,2.034977e-01,0.000000e+00,stable,stable,not_audited
1689,-0.485010064245217,-0.400374342251391,0.09354376436558,0.0144466154257947,2.034976e-01,0.000000e+00,stable,stable,not_audited
1690,-0.102860244965733,-0.415190331267967,0.955454020834437,0.0246769036525278,2.034961e-01,0.000000e+00,stable,stable,not_audited
1691,0.872253731805247,-0.145579712098995,0.0916478452545138,0.0422472753015515,2.034952e-01,0.000000e+00,stable,stable,not_audited
1692,-0.0771331009366969,1.59984728797414,0.317929543227779,-0.0411405345587121,2.034947e-01,0.000000e+00,stable,stable,not_audited
1693,0.13883519548474,-0.147965467332291,0.633220531365545,0.0315437517574431,2.034946e-01,0.000000e+00,stable,stable,not_audited
1694,0.68400462567889,1.0658382964848,1.09787606433982,-0.0470447732111543,2.034946e-01,0.000000e+00,stable,stable,not_audited
1695,0.619293506736962,1.69589577829425,0.0957076100105574,0.0496827598169265,2.034942e-01,0.000000e+00,stable,stable,not_audited
1696,0.46874865225202,-0.671213404073058,0.613454376439307,-0.0324586905736803,2.034935e-01,0.000000e+00,stable,stable,sim_perturbative
1697,0.641259869021475,0.722612304790907,0.202699236863228,-0.0442807126543576,2.034935e-01,0.000000e+00,stable,stable,not_audited
1698,0.397782439798122,-1.2336946850283,0.0628209264359935,-0.0260454650667103,2.034927e-01,0.000000e+00,stable,stable,not_audited
1699,0.61203317664626,1.64186667329323,0.0626414271719841,-0.0488409447948086,2.034926e-01,0.000000e+00,stable,stable,not_audited
1700,0.848071852530397,-0.0689061425534336,1.83230261834178,-0.041655968103596,2.034921e-01,0.000000e+00,stable,stable,not_audited
1701,-0.146640657851225,-1.0906485040908,0.794057810936913,0.0136077453236196,2.034908e-01,0.000000e+00,stable,stable,not_audited
1702,0.365694533084687,-0.467076242116038,0.217020284698175,-0.0318556157476286,2.034904e-01,0.000000e+00,stable,stable,not_audited
1703,0.174886805551407,1.46951472923333,0.0641214933551355,-0.042395291054683,2.034904e-01,0.000000e+00,stable,stable,not_audited
1704,-0.0350242152667108,1.74966717927085,0.603187794209322,0.0414165022427868,2.034898e-01,0.000000e+00,stable,stable,not_audited
1705,0.829731053987242,-0.486872752086734,0.109374411000572,0.0382180519934838,2.034897e-01,0.000000e+00,stable,stable,not_audited
1706,-0.347783683900575,1.77137630145685,0.961280947482724,-0.0374636108964987,2.034892e-01,0.000000e+00,stable,stable,not_audited
1707,0.559299728204614,1.50936301665023,0.202604461700969,-0.046475921034338,2.034886e-01,0.000000e+00,stable,stable,not_audited
1708,-0.0300172841014732,-0.655257669741597,1.09585675307641,0.0225741082521869,2.034884e-01,0.000000e+00,stable,stable,not_audited
1709,-0.50281996848445,0.701835538579836,0.0710195213408473,-0.0265050316390774,2.034872e-01,0.000000e+00,stable,stable,not_audited
1710,0.0944042912962315,-0.203880155830029,0.895603918201318,-0.0289172462137925,2.034865e-01,0.000000e+00,stable,stable,not_audited
1711,0.179901717603077,0.0415574361283761,0.134264751639905,0.0320010193354427,2.034854e-01,0.000000e+00,stable,stable,not_audited
1712,-0.0806567349623302,0.799493273235591,0.187521879793779,0.0337050262241876,2.034853e-01,0.000000e+00,stable,stable,not_audited
1713,0.724513980754594,-1.14006945778454,0.859783888256773,0.0311097756296026,2.034842e-01,0.000000e+00,stable,stable,not_audited
1714,-0.148362600458677,-0.311949629947005,0.744759519513211,-0.0230698811344845,2.034835e-01,0.000000e+00,stable,stable,not_audited
1715,0.645027807513286,0.613596286849627,1.16326084356389,0.0411983536612328,2.034831e-01,0.000000e+00,stable,stable,not_audited
1716,0.79468341694465,-1.15180129719792,0.0834206606393756,0.031849349872854,2.034830e-01,0.000000e+00,stable,stable,not_audited
1717,0.489094458739214,-1.92875759569922,1.83786580531391,0.0191924996609449,2.034824e-01,0.000000e+00,stable,stable,not_audited
1718,-0.548371408775255,1.62990032030144,0.109777066015923,-0.0324102433266744,2.034823e-01,0.000000e+00,stable,stable,not_audited
1719,-0.520312749601732,0.665308088721145,1.12623279225852,0.0249563673461091,2.034808e-01,0.000000e+00,stable,stable,not_audited
1720,0.928516726808778,1.99189357980181,0.842999871312734,0.0502002620155793,2.034802e-01,0.000000e+00,stable,stable,not_audited
1721,-0.677652176486398,0.788113732780427,0.33428531375611,0.0230210242871376,2.034798e-01,0.000000e+00,stable,stable,not_audited
1722,0.928606887575061,0.662886355126657,0.102550540863867,0.0436596543230867,2.034794e-01,0.000000e+00,stable,stable,not_audited
1723,0.596069526779354,1.75692382015883,0.152994078070268,-0.0455307245987897,2.034783e-01,0.000000e+00,stable,stable,not_audited
1724,0.999724171739211,1.30335555114153,0.491850097432,0.0471587273984535,2.034781e-01,0.000000e+00,stable,stable,not_audited
1725,-0.912815683454314,1.78482595793895,0.282276681945681,0.0273379840511154,2.034775e-01,0.000000e+00,stable,stable,not_audited
1726,0.886851533966224,0.650608607180738,0.653362235547454,0.0426175274363261,2.034770e-01,0.000000e+00,stable,stable,not_audited
1727,0.551174411021865,-0.816046458297218,1.06282453010115,0.0296083611843563,2.034760e-01,0.000000e+00,stable,stable,not_audited
1728,0.261534828290286,-0.444124519349806,0.751389460060813,-0.0277719810715045,2.034741e-01,0.000000e+00,stable,stable,not_audited
1729,0.714128956898109,-1.12350708816724,0.371652742619404,-0.0294266194545603,2.034740e-01,0.000000e+00,stable,stable,not_audited
1730,-0.0408038122590442,1.07868429905146,0.443642418456731,-0.0339508943550262,2.034736e-01,0.000000e+00,stable,stable,not_audited
1731,0.894708206220123,-0.481609026014862,0.213038745679385,0.0357753094413127,2.034734e-01,0.000000e+00,stable,stable,not_audited
1732,0.327970100346175,-1.09645160535491,0.240849518350812,-0.0234099794822415,2.034733e-01,0.000000e+00,stable,stable,not_audited
1733,0.751200068397125,0.125195472411425,0.391642330968323,-0.0375565089525145,2.034731e-01,0.000000e+00,stable,stable,not_audited
1734,0.00346683038755247,-0.431344376576504,0.0823402755940542,-0.0234936981404579,2.034729e-01,0.000000e+00,stable,stable,not_audited
1735,0.588855504736301,-0.296731820062763,0.10893544556851,0.0330835616845255,2.034728e-01,0.000000e+00,stable,stable,sim_perturbative
1736,-0.0187026760944891,1.62563826805385,0.94056165656264,-0.0371325988683744,2.034721e-01,0.000000e+00,stable,stable,not_audited
1737,-0.478405007789174,0.0404515644514141,0.160988313751186,-0.0185112979578104,2.034716e-01,0.000000e+00,stable,stable,not_audited
1738,0.720872687686318,0.921597587818914,1.10014961989619,0.0405879776825482,2.034692e-01,0.000000e+00,stable,stable,not_audited
1739,0.568101153793513,-0.76386289163199,0.10008248514233,-0.0291532293048204,2.034692e-01,0.000000e+00,stable,stable,not_audited
1740,0.777321450541139,0.131415572074626,0.48546183902215,-0.037014271325275,2.034688e-01,0.000000e+00,stable,stable,not_audited
1741,0.652698250959659,1.62030237688559,0.0930295500850436,0.0431311908018914,2.034686e-01,0.000000e+00,stable,stable,not_audited
1742,0.252602487144981,1.93428764242299,0.467977550148212,0.0407860098605055,2.034684e-01,0.000000e+00,stable,stable,sim_perturbative
1743,-0.368611321000988,-0.631065856861066,0.0548349515250079,-0.0122572535401417,2.034676e-01,0.000000e+00,stable,stable,not_audited
1744,0.356701855164926,1.30313600219366,0.0978272285509201,0.0383636392970974,2.034669e-01,0.000000e+00,stable,stable,not_audited
1745,0.670843100963517,1.60614927907614,1.3547978017563,0.0424894764272925,2.034653e-01,0.000000e+00,stable,stable,not_audited
1746,0.234836251308455,1.51778716843994,0.0545218505078634,-0.0378959406067167,2.034653e-01,0.000000e+00,stable,stable,not_audited
1747,-0.550999292260315,1.53481989762259,0.175394987872854,0.028910048200685,2.034650e-01,0.000000e+00,stable,stable,not_audited
1748,0.790644937106935,-0.198912640798516,0.971566452830769,0.0345662451566691,2.034646e-01,0.000000e+00,stable,stable,not_audited
1749,0.676853227204517,-0.573249870314377,0.483305498776991,-0.0309976335703053,2.034642e-01,0.000000e+00,stable,stable,not_audited
1750,0.888790124163385,1.13569944185702,1.16684036790107,0.042065423464984,2.034642e-01,0.000000e+00,stable,stable,not_audited
1751,0.150930729174849,-0.933389052612894,0.636074629666815,0.0205385567224639,2.034636e-01,0.000000e+00,stable,stable,not_audited
1752,-0.0442471106406482,-0.651272328455266,1.89482068172651,0.0193086128917752,2.034616e-01,0.000000e+00,stable,stable,not_audited
1753,0.597280156776243,0.364905987171283,0.190293304706546,0.0348342711263387,2.034610e-01,0.000000e+00,stable,stable,not_audited
1754,-0.089407901250643,1.83976866087996,1.80306312121065,0.0352162824126809,2.034603e-01,0.000000e+00,stable,stable,not_audited
1755,0.873192139147673,-0.886247318068784,0.173083404474501,-0.0307796832155554,2.034601e-01,0.000000e+00,stable,stable,not_audited
1756,0.881345793518722,-0.682468868794608,0.785981535860363,0.0311511874116674,2.034551e-01,0.000000e+00,stable,stable,not_audited
1757,-0.0426329735860056,-0.0274127733454865,0.491561902305484,0.0235546455125193,2.034541e-01,0.000000e+00,stable,stable,not_audited
1758,-0.633839106040535,1.53673980514591,0.903841805772245,-0.026025956296015,2.034533e-01,0.000000e+00,stable,stable,not_audited
1759,0.80651859466682,1.23097169545565,0.106867886210617,-0.0389399080535211,2.034519e-01,0.000000e+00,stable,stable,sim_perturbative
1760,0.744824879278551,0.820191482858588,0.362801435827151,-0.0364278880858129,2.034511e-01,0.000000e+00,stable,stable,not_audited
1761,-0.98746539486402,1.83630791784851,0.738797571886822,0.0227692501879715,2.034498e-01,0.000000e+00,stable,stable,not_audited
1762,-0.259110752331641,0.929139719636786,0.59247704524448,0.0262771938521862,2.034493e-01,0.000000e+00,stable,stable,not_audited
1763,0.843448406650204,0.510144607263817,0.127597447173636,0.0354536502382645,2.034490e-01,0.000000e+00,stable,stable,not_audited
1764,0.893550405791055,1.57935184785455,0.391070639916027,0.0401307167939828,2.034481e-01,0.000000e+00,stable,stable,not_audited
1765,0.805356378333829,-0.475158179405092,0.682852599143051,-0.0300337786669085,2.034475e-01,0.000000e+00,stable,stable,not_audited
1766,0.562370753233302,-1.16617735055057,0.266946514827648,0.022916314936487,2.034462e-01,0.000000e+00,stable,stable,not_audited
1767,0.217011587729755,1.22419064380165,1.4559551294168,-0.0322981301324934,2.034459e-01,0.000000e+00,stable,stable,not_audited
1768,0.121663954702982,-0.82599679128758,0.457531976224378,0.0188909651875151,2.034458e-01,0.000000e+00,stable,stable,not_audited
1769,0.615612156559453,-1.8887522061552,0.0772434264499074,0.0182656194033601,2.034457e-01,0.000000e+00,stable,stable,not_audited
1770,-0.0893494164584441,1.1170067167212,0.565477812971464,-0.0286394078614576,2.034456e-01,0.000000e+00,stable,stable,not_audited
1771,-0.49500531425162,1.73217111351213,0.965995286881359,0.0273284759668795,2.034443e-01,0.000000e+00,stable,stable,not_audited
1772,0.550825206623261,-0.973812430249114,0.502875841558293,0.0235778281354002,2.034434e-01,0.000000e+00,stable,stable,not_audited
1773,0.985121522684558,-0.773140431702714,0.692847346783776,-0.0293944098563665,2.034427e-01,0.000000e+00,stable,stable,not_audited
1774,0.576159907712519,-0.773608677217355,0.110973224182588,-0.0248576019337088,2.034420e-01,0.000000e+00,stable,stable,not_audited
1775,0.747245311627993,-0.980620710172561,1.99138635578591,0.0256326498525401,2.034420e-01,0.000000e+00,stable,stable,not_audited
1776,0.301389571806512,-1.18840002189532,0.179914958606181,0.0183168831185538,2.034415e-01,0.000000e+00,stable,stable,not_audited
1777,-0.86669785051445,1.49536670776836,0.0644533553835714,-0.020836812925247,2.034412e-01,0.000000e+00,stable,stable,not_audited
1778,0.0774186619246817,-0.379585228769217,0.268465389389121,-0.020927421224451,2.034412e-01,0.000000e+00,stable,stable,not_audited
1779,0.539791951426912,-1.38939914678197,0.051687533077603,0.020333071899965,2.034412e-01,0.000000e+00,stable,stable,not_audited
1780,0.85213620008662,-1.12811709204208,1.06349807218095,0.0256427273681683,2.034401e-01,0.000000e+00,stable,stable,not_audited
1781,0.812918774920729,1.62743835849823,0.435286944689051,-0.0375309052001467,2.034398e-01,0.000000e+00,stable,stable,not_audited
1782,0.230626780292485,1.97340846845034,0.278114685330417,-0.0342517426168532,2.034396e-01,0.000000e+00,stable,stable,not_audited
1783,0.772515960058292,-1.28939001917898,0.452353098814534,-0.0236064065740775,2.034390e-01,0.000000e+00,stable,stable,not_audited
1784,0.291647748697216,-1.91572702516058,1.69462217842328,0.0107383072960348,2.034385e-01,0.000000e+00,stable,stable,not_audited
1785,0.0963936073446183,1.75625830808374,0.321084649208132,0.0318925861621033,2.034383e-01,0.000000e+00,stable,stable,sim_perturbative
1786,0.101759384206738,-0.165814721761165,1.60912068777789,-0.0221413207255927,2.034381e-01,0.000000e+00,stable,stable,not_audited
1787,0.264450993223473,0.936094492917153,0.259871670040645,0.0296629343945232,2.034380e-01,0.000000e+00,stable,stable,not_audited
1788,-0.151246893883131,-0.723978569385085,0.0654577057836835,-0.0140253086791702,2.034375e-01,0.000000e+00,stable,stable,not_audited
1789,0.895898024398061,0.0684150877589813,0.0581040089307371,0.0312907609712618,2.034374e-01,0.000000e+00,stable,stable,not_audited
1790,-0.466738518019996,1.39459434207023,0.131995308047681,0.0242139107623824,2.034359e-01,0.000000e+00,stable,stable,not_audited
1791,0.556240133148749,-0.930087960628517,0.0561824959533574,-0.0224073311965176,2.034347e-01,0.000000e+00,stable,stable,not_audited
1792,0.0266891586911817,1.2519995392214,1.80792101898055,-0.0278664766517136,2.034334e-01,0.000000e+00,stable,stable,not_audited
1793,0.501444722560676,-1.4976568051567,0.0878842041302229,-0.0178561656529173,2.034334e-01,0.000000e+00,stable,stable,not_audited
1794,-0.423014890779742,-0.171895651109411,0.220317774331162,0.0134140109475629,2.034315e-01,0.000000e+00,stable,stable,not_audited
1795,0.0736517725114665,-1.18541992672827,0.126767447987038,0.0132014935024491,2.034313e-01,0.000000e+00,stable,stable,not_audited
1796,-0.0707136893368754,1.55851162875263,0.080549391520758,0.0277905816231132,2.034311e-01,0.000000e+00,stable,stable,not_audited
1797,0.944836030534432,1.76526224565516,1.84305505397144,0.0362191825995484,2.034309e-01,0.000000e+00,stable,stable,not_audited
1798,0.0440189660065611,1.67362007312225,0.471978409019732,-0.0290986392354287,2.034305e-01,0.000000e+00,stable,stable,not_audited
1799,0.647926537936693,-1.12716559296113,0.0858360890784485,0.021484694882588,2.034304e-01,0.000000e+00,stable,stable,not_audited
1800,-0.445006912935206,0.963502006049474,0.171161516601786,0.0207694298493597,2.034295e-01,0.000000e+00,stable,stable,not_audited
1801,0.945547011455939,-0.224508009599541,1.47953241139499,-0.0283103131490612,2.034291e-01,0.000000e+00,stable,stable,not_audited
1802,0.988291152856774,0.685378812948005,0.0919616877628517,-0.0320953404459907,2.034289e-01,0.000000e+00,stable,stable,not_audited
1803,0.125265362408,-0.31857386806425,0.0582034905345557,0.0197383058569631,2.034285e-01,0.000000e+00,stable,stable,not_audited
1804,-0.138240687064693,-0.368057171655587,0.142015084325911,-0.0159604533895708,2.034282e-01,0.000000e+00,stable,stable,not_audited
1805,0.882211669364963,-0.678108778405877,0.51798528352332,-0.0255277629395367,2.034281e-01,0.000000e+00,stable,stable,not_audited
1806,-0.352638948215949,1.65501503664001,0.40582892319197,-0.0248610962309677,2.034279e-01,0.000000e+00,stable,stable,not_audited
1807,0.545567085609272,1.91730181773525,1.62042359553656,-0.0329564048836086,2.034278e-01,0.000000e+00,stable,stable,not_audited
1808,0.268267091311733,-0.21214311456405,1.29968759350835,-0.0216461198683204,2.034273e-01,0.000000e+00,stable,stable,not_audited
1809,0.197918905059417,0.880987567622932,0.487134681986095,0.0259823906917416,2.034267e-01,0.000000e+00,stable,stable,not_audited
1810,0.504014265492859,0.234333326024076,0.76405579361473,0.0257560219209108,2.034265e-01,0.000000e+00,stable,stable,not_audited
1811,0.35289817682437,0.346629027812897,0.361957699887512,0.0249178104193333,2.034264e-01,0.000000e+00,stable,stable,not_audited
1812,0.645899046695404,-0.373874607497677,0.666512996362194,0.0240929001810248,2.034256e-01,0.000000e+00,stable,stable,not_audited
1813,0.931788592642745,-1.83252944493425,0.829675145878964,0.0196375452155166,2.034254e-01,0.000000e+00,stable,stable,not_audited
1814,-0.140385515710775,1.78932850744876,1.00451830137892,-0.0265168565968923,2.034253e-01,0.000000e+00,stable,stable,not_audited
1815,0.818319281319177,0.372960377205763,0.514423073099253,0.0284778431436212,2.034253e-01,0.000000e+00,stable,stable,not_audited
1816,-0.285175455991739,1.25906965100943,1.07794585856976,0.0228977192717483,2.034251e-01,0.000000e+00,stable,stable,not_audited
1817,0.447297406789221,1.57143410909192,0.589281459324316,-0.0299621839610444,2.034248e-01,0.000000e+00,stable,stable,not_audited
1818,-0.116712342134052,1.37047810418362,0.581740049240151,0.0247754668255586,2.034247e-01,0.000000e+00,stable,stable,not_audited
1819,0.391324352171748,-1.96074249449285,0.934568458954576,0.0109987452790987,2.034245e-01,0.000000e+00,stable,stable,not_audited
1820,0.887985507801204,-1.6162476548353,0.372724520698293,-0.0200257719022769,2.034242e-01,0.000000e+00,stable,stable,not_audited
1821,-0.0645046318541254,0.256706975603231,1.95972409629745,0.0196496640468138,2.034234e-01,0.000000e+00,stable,stable,not_audited
1822,-0.261765791095466,0.249494620730296,1.91554705539201,0.0173417707579508,2.034231e-01,0.000000e+00,stable,stable,not_audited
1823,0.416534978190383,-0.744335128011758,0.883160242370634,-0.0193337710689272,2.034230e-01,0.000000e+00,stable,stable,not_audited
1824,0.663524222241146,0.0980460560053702,0.150349442825968,0.0252713623696166,2.034226e-01,0.000000e+00,stable,stable,not_audited
1825,-0.384284061604315,0.5344274255455,0.136829377237753,-0.0174282599752902,2.034225e-01,0.000000e+00,stable,stable,not_audited
1826,0.581996652979416,1.7592118804956,0.43268120368071,0.0305577883972266,2.034224e-01,0.000000e+00,stable,stable,not_audited
1827,-0.84681820156825,1.41609915633557,0.16022947073113,0.0171081011757499,2.034222e-01,0.000000e+00,stable,stable,not_audited
1828,-0.230089952433873,-0.200643854489492,1.60236061510577,0.0146874570850986,2.034221e-01,0.000000e+00,stable,stable,not_audited
1829,-0.129292112175768,1.08063152096551,0.713025997848442,-0.0225669835880258,2.034220e-01,0.000000e+00,stable,stable,not_audited
1830,0.0897324230634382,-1.11879886838399,0.743108177761116,-0.0126187933633068,2.034218e-01,0.000000e+00,stable,stable,not_audited
1831,0.488493130156311,1.81039896799181,1.8191230519985,-0.0298398008190359,2.034217e-01,0.000000e+00,stable,stable,not_audited
1832,-0.450930254823837,1.0185691260453,1.1006203578799,-0.019061441129091,2.034215e-01,0.000000e+00,stable,stable,not_audited
1833,-0.0694666755728239,1.63842072360047,0.279614265751425,0.0251378938657227,2.034214e-01,0.000000e+00,stable,stable,not_audited
1834,0.448995972168224,-1.50878119705638,1.60127375315725,0.0148783707306417,2.034214e-01,0.000000e+00,stable,stable,not_audited
1835,-0.027874395361193,0.151676611560707,0.59614027770273,-0.0189355888287317,2.034214e-01,0.000000e+00,stable,stable,not_audited
1836,0.133706825862276,1.19580063428464,0.172278445487247,0.0248944212487592,2.034212e-01,0.000000e+00,stable,stable,not_audited
1837,0.341340161548432,0.176491549661456,0.0803749665224573,0.0222832430604702,2.034208e-01,0.000000e+00,stable,stable,not_audited
1838,-0.384716135273572,0.275195965999355,0.171070959445111,-0.0154494417833038,2.034207e-01,0.000000e+00,stable,stable,not_audited
1839,-0.312614915603812,0.18140426775747,1.63037888033698,-0.0156679918382663,2.034204e-01,0.000000e+00,stable,stable,not_audited
1840,0.184935917386415,-0.275236384147952,0.959756867553286,-0.0185384917957727,2.034201e-01,0.000000e+00,stable,stable,not_audited
1841,0.829168380456937,-0.564391815532815,1.59095196473837,-0.0230076305779736,2.034201e-01,0.000000e+00,stable,stable,not_audited
1842,0.469859949278096,0.893093681853639,0.050076141014306,0.0258058981054106,2.034200e-01,0.000000e+00,stable,stable,not_audited
1843,0.902388185650669,1.6604896055254,0.417336670924672,-0.031110834293903,2.034200e-01,0.000000e+00,stable,stable,not_audited
1844,0.12365293833892,1.4201091763253,1.95428970099132,0.0250541778692739,2.034197e-01,0.000000e+00,stable,stable,not_audited
1845,-0.120933258306206,0.720506182841318,0.0910061277220531,0.020214064567027,2.034197e-01,0.000000e+00,stable,stable,not_audited
1846,-0.427756954280415,0.303155100527945,0.36620704980628,0.014817760129199,2.034197e-01,0.000000e+00,stable,stable,not_audited
1847,0.964820142456756,-0.439580163803589,0.230499418144351,0.024371380289645,2.034197e-01,0.000000e+00,stable,stable,not_audited
1848,0.562792830077661,0.858243009933956,0.0830353898364817,0.0261444590815456,2.034196e-01,0.000000e+00,stable,stable,not_audited
1849,0.13114287767853,-0.959993127387397,1.18722166692284,0.0138303737757259,2.034194e-01,0.000000e+00,stable,stable,not_audited
1850,0.185062774275514,1.60174583951589,0.648225067183131,-0.025851126156335,2.034191e-01,0.000000e+00,stable,stable,not_audited
1851,-0.039541731147794,1.40715705162666,0.657783386856576,0.0233535512577197,2.034187e-01,0.000000e+00,stable,stable,not_audited
1852,-0.634669035599997,1.09425792363973,0.590073615410305,0.0166531078787067,2.034186e-01,0.000000e+00,stable,stable,not_audited
1853,0.64739885894578,-0.536045358399118,0.0549370241463844,0.0208678529507869,2.034182e-01,0.000000e+00,stable,stable,not_audited
1854,0.882998077170386,1.14340060498395,0.122613744201755,-0.0282703113257257,2.034180e-01,0.000000e+00,stable,stable,not_audited
1855,0.129841801098219,0.55160367108631,0.0577924892424105,-0.0209162301455679,2.034179e-01,0.000000e+00,stable,stable,not_audited
1856,0.18530570140554,0.510697124061903,0.932978455757401,0.0211751105592644,2.034178e-01,0.000000e+00,stable,stable,not_audited
1857,-0.0566544325383171,0.353628264170629,0.684193696879424,-0.0183916925234369,2.034177e-01,0.000000e+00,stable,stable,not_audited
1858,-0.0975084789677476,0.731863471155359,0.427376017629939,-0.0195522121096467,2.034174e-01,0.000000e+00,stable,stable,not_audited
1859,-0.226394971738573,-0.00557896737414376,0.0569350827179632,0.0146893469561844,2.034174e-01,0.000000e+00,stable,stable,sim_perturbative
1860,0.727856726130309,0.870646353436464,0.0837966043983065,0.0260898234280162,2.034174e-01,0.000000e+00,stable,stable,not_audited
1861,-0.427858118964047,0.798866481507283,0.472096928407368,-0.0167526900261532,2.034172e-01,0.000000e+00,stable,stable,not_audited
1862,0.393739248908262,-0.227422815212909,0.795388365833509,0.0195042961637117,2.034171e-01,0.000000e+00,stable,stable,not_audited
1863,0.468109659524526,1.25332945685231,1.49621919660548,0.0254210572259748,2.034170e-01,0.000000e+00,stable,stable,not_audited
1864,0.984867622973506,0.83733188483456,0.05600744233286,0.027339643240424,2.034170e-01,0.000000e+00,stable,stable,not_audited
1865,0.697144149849976,-0.215273905459921,0.133408304693301,-0.0219039245400225,2.034170e-01,0.000000e+00,stable,stable,not_audited
1866,-0.71392772145749,1.99455353782374,1.02748745922993,-0.0194640493273981,2.034169e-01,0.000000e+00,stable,stable,not_audited
1867,-0.237389060879705,-0.222815636038856,1.07047886330584,-0.0131094795632609,2.034169e-01,0.000000e+00,stable,stable,not_audited
1868,0.845695178838644,-0.618133494389505,0.306572872937964,0.0214199553527576,2.034168e-01,0.000000e+00,stable,stable,not_audited
1869,0.557029507691093,1.56691316951707,0.383046151232524,0.0266600228692915,2.034166e-01,0.000000e+00,stable,stable,not_audited
1870,0.628939658161956,-1.98783633320462,1.68166720759581,-0.0127465503545428,2.034164e-01,0.000000e+00,stable,stable,not_audited
1871,-0.19829361821506,0.894142432839773,0.511196159400554,-0.018844168525286,2.034163e-01,0.000000e+00,stable,stable,not_audited
1872,-0.0116083284037787,1.29641512098235,0.635071393679816,0.0218024825407226,2.034162e-01,0.000000e+00,stable,stable,not_audited
1873,0.78957292137718,1.09755627461092,1.7023311007295,0.0263801579066185,2.034162e-01,0.000000e+00,stable,stable,not_audited
1874,0.296542018354329,-1.41132853124973,0.109701692108561,-0.0119783151938502,2.034158e-01,0.000000e+00,stable,stable,not_audited
1875,-0.51516535955137,1.42741092513588,0.453032669228449,-0.0181598535945799,2.034158e-01,0.000000e+00,stable,stable,not_audited
1876,0.287822592595605,1.60876125183519,1.79638849472932,-0.0245764307376977,2.034158e-01,0.000000e+00,stable,stable,not_audited
1877,-0.503068772998326,1.87456214110198,0.192347351265529,0.0198281720592344,2.034154e-01,0.000000e+00,stable,stable,sim_perturbative
1878,0.287737193326133,1.43699000929749,0.079253029779286,0.0237028258798602,2.034154e-01,0.000000e+00,stable,stable,not_audited
1879,0.326658446685674,-0.484820342693441,0.193023681100124,-0.0168713150276312,2.034153e-01,0.000000e+00,stable,stable,sim_perturbative
1880,0.545522424567325,1.83594236100505,1.0119970219884,-0.0262909514238341,2.034152e-01,0.000000e+00,stable,stable,not_audited
1881,0.845201763811422,0.557745132904902,0.731851345765177,0.0242535552663705,2.034152e-01,0.000000e+00,stable,stable,not_audited
1882,0.253057205431634,1.83152744776929,0.0672212400483967,0.0245128758269377,2.034151e-01,0.000000e+00,stable,stable,not_audited
1883,-0.899397755425534,1.81055267713355,0.146424360461714,0.016051308644522,2.034151e-01,0.000000e+00,stable,stable,not_audited
1884,0.831100089068321,1.46845547331662,0.196756899996242,-0.0266707632539664,2.034150e-01,0.000000e+00,stable,stable,not_audited
1885,0.297307177435086,0.641412608067658,0.298347718674158,0.0208301769220651,2.034150e-01,0.000000e+00,stable,stable,not_audited
1886,-0.590070544518192,1.5897469503189,1.36911127887226,-0.0176570007384711,2.034149e-01,0.000000e+00,stable,stable,not_audited
1887,0.812095678136378,-0.935342968565384,0.06146502638027,-0.0187573305959925,2.034149e-01,0.000000e+00,stable,stable,not_audited
1888,0.310724060708442,1.53064522524589,0.260293541859072,0.0236527100254182,2.034148e-01,0.000000e+00,stable,stable,not_audited
1889,-0.362925508823756,1.97175018949838,0.355445837046384,-0.0206409387157234,2.034147e-01,0.000000e+00,stable,stable,not_audited
1890,0.341257448105283,0.604819781364779,0.0774440151197126,0.0206272258492559,2.034145e-01,0.000000e+00,stable,stable,not_audited
1891,0.811810153179332,0.911899733666357,0.340287672581686,0.0243502838751213,2.034144e-01,0.000000e+00,stable,stable,not_audited
1892,-0.55214325945535,1.89698312416369,0.745383567673685,0.0186896699274981,2.034143e-01,0.000000e+00,stable,stable,not_audited
1893,0.739718623370224,1.48254030779556,1.80046689350341,-0.0250719776894639,2.034140e-01,0.000000e+00,stable,stable,not_audited
1894,0.95489969286039,1.39179207264247,1.04255862425468,-0.0258718143469221,2.034140e-01,0.000000e+00,stable,stable,not_audited
1895,-0.574523913959559,1.90598502792659,0.211537256212549,0.0181107000330716,2.034139e-01,0.000000e+00,stable,stable,not_audited
1896,0.491119194373324,-1.14955937805352,1.15724683432724,0.0143037816850979,2.034138e-01,0.000000e+00,stable,stable,not_audited
1897,-0.670005829050437,1.31986587223997,0.657729393707375,-0.0148737781049124,2.034137e-01,0.000000e+00,stable,stable,not_audited
1898,0.806998138977385,0.228609720110483,1.95390484593877,0.0213385475651089,2.034136e-01,0.000000e+00,stable,stable,not_audited
1899,0.345061648249869,-0.695538095210073,0.996061673894731,-0.0148479125230445,2.034136e-01,0.000000e+00,stable,stable,not_audited
1900,0.771997966840929,0.0106116342885203,0.0709866719941924,0.0203828445827665,2.034136e-01,0.000000e+00,stable,stable,not_audited
1901,0.170825964326598,-0.687579447862527,0.201904679957646,-0.0132162124895439,2.034135e-01,0.000000e+00,stable,stable,not_audited
1902,0.792931170005897,1.63975483184314,0.0747164868882556,0.0248499213581956,2.034135e-01,0.000000e+00,stable,stable,not_audited
1903,0.633076142416751,-0.0672815001150837,0.234575006474139,-0.0190760003732204,2.034134e-01,0.000000e+00,stable,stable,not_audited
1904,0.653692332846746,0.721101871346224,0.0731006738274819,-0.0215496382892255,2.034134e-01,0.000000e+00,stable,stable,not_audited
1905,0.809996275780559,1.14444107659248,0.29747553495382,0.0234858363862318,2.034134e-01,0.000000e+00,stable,stable,not_audited
1906,0.88300330326657,-0.952498915953216,0.934630918953831,0.0174284279785337,2.034132e-01,0.000000e+00,stable,stable,not_audited
1907,0.315579562040418,1.42579835082432,0.0573746887889347,0.0212028488492293,2.034132e-01,0.000000e+00,stable,stable,not_audited
1908,0.568467197911888,0.05748466655775,0.156410200835787,0.0186104450355793,2.034132e-01,0.000000e+00,stable,stable,not_audited
1909,0.0554926246698404,-1.4415605930016,0.123634729914256,-0.00697437931557321,2.034131e-01,0.000000e+00,stable,stable,not_audited
1910,-0.45484165625709,1.21494799379477,0.229776027131001,-0.0152334861412924,2.034130e-01,0.000000e+00,stable,stable,not_audited
1911,0.739308478188694,0.260489404099079,1.07873333024199,0.0196239206033728,2.034130e-01,0.000000e+00,stable,stable,not_audited
1912,0.622183919953885,1.88312240058815,0.111375018309965,0.0231770753472578,2.034130e-01,0.000000e+00,stable,stable,not_audited
1913,0.436093166107313,-0.923907726818077,0.889294900638975,-0.0136729173371553,2.034130e-01,0.000000e+00,stable,stable,not_audited
1914,0.359028725384545,1.80271760723798,0.228559917631051,-0.0216173540130351,2.034130e-01,0.000000e+00,stable,stable,not_audited
1915,0.732174237494322,0.587722151161604,0.12388108437644,-0.0201877178791281,2.034129e-01,0.000000e+00,stable,stable,not_audited
1916,0.972091395021244,1.76994485875213,0.721462649639365,0.0241245590621904,2.034129e-01,0.000000e+00,stable,stable,not_audited
1917,-0.727450472576388,1.14732299882861,0.387078807396935,0.0123739543688033,2.034129e-01,0.000000e+00,stable,stable,not_audited
1918,0.795971961066876,-0.00348276006804937,0.127490030537798,0.0187729464823807,2.034129e-01,0.000000e+00,stable,stable,not_audited
1919,0.567511830957556,-0.924427843816399,1.72871491155892,0.0142131843987312,2.034129e-01,0.000000e+00,stable,stable,not_audited
1920,0.205120796958952,1.96881671961385,0.0918635367859606,-0.0206072767866292,2.034129e-01,0.000000e+00,stable,stable,not_audited
1921,-0.184062944643117,0.376948116571565,0.0584838600585891,-0.0134416209112578,2.034129e-01,0.000000e+00,stable,stable,not_audited
1922,0.985214478334742,-1.17070376125579,1.77488521876351,0.0161676754215385,2.034129e-01,0.000000e+00,stable,stable,not_audited
1923,-0.340756016919508,1.33456047870354,0.0759152672387311,0.0156817152704858,2.034129e-01,0.000000e+00,stable,stable,not_audited
1924,-0.932453047767354,0.391323412223875,0.234188341762906,0.00531697328869907,2.034129e-01,0.000000e+00,stable,stable,not_audited
1925,-0.245359229516737,1.9070352650605,0.903304845247595,-0.0179165999185302,2.034129e-01,0.000000e+00,stable,stable,not_audited
1926,0.362661141231299,-0.891763948010171,0.169555122275331,-0.0126333651087343,2.034129e-01,0.000000e+00,stable,stable,sim_perturbative
1927,0.403533299966864,1.85672805055568,0.466688055696862,-0.0208483663490999,2.034129e-01,0.000000e+00,stable,stable,not_audited
1928,-0.0159037578160031,1.31977022517283,0.078792216844285,0.0170213176904457,2.034129e-01,0.000000e+00,stable,stable,not_audited
1929,0.792979640662149,1.10111786539141,0.594819912598509,0.0205403063630309,2.034129e-01,0.000000e+00,stable,stable,not_audited
1930,0.921640738517822,-1.6043012086014,1.59683744544451,0.0137521489433854,2.034129e-01,0.000000e+00,stable,stable,not_audited
1931,-0.889522377022642,0.0431062459503431,0.137287724284696,0.0011500584220836,2.034129e-01,0.000000e+00,stable,stable,not_audited
1932,-0.19450328749611,0.635142000056718,0.344609161460257,0.0135816679120095,2.034129e-01,0.000000e+00,stable,stable,not_audited
1933,0.899206104715898,-0.679834065827115,0.0762724152708841,-0.0162302376078987,2.034129e-01,0.000000e+00,stable,stable,not_audited
1934,-0.173997694755001,1.92202501586361,0.109714376381858,-0.0173322913865535,2.034130e-01,0.000000e+00,stable,stable,not_audited
1935,0.344605003955257,-0.327334201460508,1.74696986740293,0.013642253202705,2.034130e-01,0.000000e+00,stable,stable,not_audited
1936,0.731158744412004,0.633502524761596,1.48597444067435,-0.0184038004754614,2.034130e-01,0.000000e+00,stable,stable,not_audited
1937,0.0252950388858455,1.08312473364628,0.129891742607731,0.0157440657257184,2.034131e-01,0.000000e+00,stable,stable,not_audited
1938,0.496698388753674,-1.87872868113469,0.0630552175954188,-0.00845193031074687,2.034132e-01,0.000000e+00,stable,stable,not_audited
1939,-0.757047705007005,1.65522963657795,0.187343208866237,-0.0124744036319624,2.034132e-01,0.000000e+00,stable,stable,not_audited
1940,0.846183021703318,1.88520939819416,0.0990449834970683,0.0208719963508366,2.034132e-01,0.000000e+00,stable,stable,not_audited
1941,0.876872033860504,0.860352864755044,0.0519706178407019,-0.0188832134299226,2.034132e-01,0.000000e+00,stable,stable,not_audited
1942,0.812636078602307,-1.47054287301272,0.08689251979256,-0.0124407542847316,2.034133e-01,0.000000e+00,stable,stable,not_audited
1943,0.152506222179598,-1.38664939073808,1.79713060600555,-0.00732234604437521,2.034133e-01,0.000000e+00,stable,stable,not_audited
1944,0.836756751339224,-0.0257771199940102,0.0980633524528597,0.016474578491469,2.034133e-01,0.000000e+00,stable,stable,not_audited
1945,0.857004196572322,0.201889811860025,0.840872627791776,-0.0170520300869892,2.034133e-01,0.000000e+00,stable,stable,not_audited
1946,0.54301583774398,-0.901182716553893,0.0631694418615818,-0.0123865784191557,2.034133e-01,0.000000e+00,stable,stable,not_audited
1947,-0.105847049648176,-0.0507345687987251,0.186946079319525,0.0107849534575859,2.034134e-01,0.000000e+00,stable,stable,not_audited
1948,0.951180505725612,0.403074967420229,0.404700792991616,0.0176771784192016,2.034135e-01,0.000000e+00,stable,stable,not_audited
1949,0.217332984358035,-0.0924378988773191,0.78004092708713,-0.0125490359881568,2.034136e-01,0.000000e+00,stable,stable,not_audited
1950,0.771869700178297,1.3986120998233,1.79463208192531,-0.018771828076467,2.034136e-01,0.000000e+00,stable,stable,not_audited
1951,0.902426488039083,0.980546705219334,1.42055312079906,0.0183421443160037,2.034136e-01,0.000000e+00,stable,stable,not_audited
1952,-0.372293337657306,-0.654721058189159,0.45597760201039,0.00509908395295255,2.034136e-01,0.000000e+00,stable,stable,not_audited
1953,0.843661508935875,0.438735915263802,1.12505083292771,0.0169209735729288,2.034136e-01,0.000000e+00,stable,stable,not_audited
1954,0.678067869240067,1.68791636284035,0.0645098985495054,0.0186061948292466,2.034137e-01,0.000000e+00,stable,stable,not_audited
1955,0.586014099847205,0.834269872039179,0.0518776694460642,-0.0164575987721549,2.034137e-01,0.000000e+00,stable,stable,not_audited
1956,0.51412019380527,-0.303254738081475,0.424225030984876,0.0133420939937423,2.034138e-01,0.000000e+00,stable,stable,not_audited
1957,0.862658928161976,1.27668905899225,0.0598377295793527,-0.0184872786657742,2.034138e-01,0.000000e+00,stable,stable,not_audited
1958,0.650961455112191,1.62836086955418,0.0773440029274825,0.0182942131324668,2.034138e-01,0.000000e+00,stable,stable,not_audited
1959,-0.833479270809567,0.350336653187743,0.0700940270173589,-0.00555338744972333,2.034138e-01,0.000000e+00,stable,stable,not_audited
1960,0.15417603605574,1.79548121225168,0.21766371737691,-0.0164060383047537,2.034139e-01,0.000000e+00,stable,stable,not_audited
1961,0.153844372697191,-1.03306146966007,0.0777620662211972,0.00842165118728344,2.034139e-01,0.000000e+00,stable,stable,not_audited
1962,0.856512138976199,-0.347545814449984,0.500345045332995,-0.014529581684543,2.034140e-01,0.000000e+00,stable,stable,not_audited
1963,-0.183092882721616,1.40117930481208,1.58196929191724,-0.0137261997518952,2.034140e-01,0.000000e+00,stable,stable,not_audited
1964,0.169160046341417,-0.305427645570837,0.161334561794667,0.0109645554585858,2.034141e-01,0.000000e+00,stable,stable,not_audited
1965,0.176434642286119,1.13168644762531,1.15584418090184,0.0147404035702046,2.034141e-01,0.000000e+00,stable,stable,not_audited
1966,0.656361163069074,-0.558364479170045,0.0853669188415899,0.0128753488413147,2.034142e-01,0.000000e+00,stable,stable,not_audited
1967,0.389959390397054,-0.217458612332886,0.0620821034170078,0.0123276220579491,2.034142e-01,0.000000e+00,stable,stable,not_audited
1968,0.383792064801395,-1.01177110289572,0.194142079471641,-0.00992179013639438,2.034142e-01,0.000000e+00,stable,stable,not_audited
1969,-0.535196779184352,1.3261444954915,0.134172897473203,-0.0112437444078881,2.034144e-01,0.000000e+00,stable,stable,not_audited
1970,0.0727541000223586,-1.05553671685049,0.0607817061159025,-0.00724493626517986,2.034145e-01,0.000000e+00,stable,stable,not_audited
1971,0.317330987528322,-0.552188312580416,0.407601031032718,0.0106748156999137,2.034145e-01,0.000000e+00,stable,stable,not_audited
1972,0.504108974997539,-1.56121620676199,1.69677708192872,-0.00860294352864854,2.034145e-01,0.000000e+00,stable,stable,not_audited
1973,-0.210198341208573,1.50134281014808,0.320155999840806,0.0131221625695384,2.034146e-01,0.000000e+00,stable,stable,not_audited
1974,-0.07046412921338,0.530300543614187,1.09070576436797,-0.0113731429609469,2.034146e-01,0.000000e+00,stable,stable,not_audited
1975,0.79994944305651,1.32883896376612,0.0720152618988063,0.0167055022956184,2.034147e-01,0.000000e+00,stable,stable,not_audited
1976,0.547304388553488,1.3844948521831,1.0057475950969,-0.0158439237689794,2.034147e-01,0.000000e+00,stable,stable,not_audited
1977,0.0313483226892346,-1.48248205306525,0.128566808882132,-0.00440300711832498,2.034148e-01,0.000000e+00,stable,stable,not_audited
1978,0.33860913614604,1.95313138903369,0.0660905158231048,0.0160249904118248,2.034148e-01,0.000000e+00,stable,stable,sim_perturbative
1979,0.731358313782024,-1.56430088346751,0.0692377829748442,0.00982214952318383,2.034148e-01,0.000000e+00,stable,stable,sim_perturbative
1980,0.682471344645865,1.73384543995466,0.0902757671647911,0.0167120508438803,2.034149e-01,0.000000e+00,stable,stable,not_audited
1981,-0.554397172773104,1.48448264035488,0.664633381226655,-0.0110303865020394,2.034150e-01,0.000000e+00,stable,stable,sim_perturbative
1982,0.61516126575855,0.0796526544480307,0.135248036228648,-0.0131554061083994,2.034150e-01,0.000000e+00,stable,stable,not_audited
1983,0.664458210382916,1.92490968174149,0.440017415670282,0.0167284300156578,2.034151e-01,0.000000e+00,stable,stable,not_audited
1984,0.845124065888834,1.64371720533406,1.74007561327448,-0.0167279940642833,2.034152e-01,0.000000e+00,stable,stable,not_audited
1985,0.679366453119097,0.852656224932615,1.46008975270395,-0.0147562090345563,2.034152e-01,0.000000e+00,stable,stable,not_audited
1986,-0.839987676776458,0.983148663103405,0.223335619433599,0.00756053377065635,2.034153e-01,0.000000e+00,stable,stable,not_audited
1987,0.795552961095906,0.105512993523636,0.0741485812814818,-0.0136276369916579,2.034153e-01,0.000000e+00,stable,stable,not_audited
1988,0.794965865015112,-1.59778899103778,0.557790938533715,0.00964947342962352,2.034153e-01,0.000000e+00,stable,stable,not_audited
1989,-0.0937783784580724,0.697203833679954,0.468920871909229,-0.0109728616375082,2.034154e-01,0.000000e+00,stable,stable,not_audited
1990,-0.131612709971866,0.104021932175971,0.0676970695717914,-0.00901935248846919,2.034156e-01,0.000000e+00,stable,stable,not_audited
1991,0.782922262780106,1.88983849528532,1.94789617345655,0.0162452238329243,2.034157e-01,0.000000e+00,stable,stable,not_audited
1992,0.521031946908416,-1.79113265264327,0.138861050900397,-0.00708990846304047,2.034157e-01,0.000000e+00,stable,stable,not_audited
1993,0.596701428040794,0.302210443949213,0.518362344579122,-0.0127503851364477,2.034157e-01,0.000000e+00,stable,stable,not_audited
1994,0.310130862697507,0.39142303902913,0.400488714190596,0.0117519852207257,2.034157e-01,0.000000e+00,stable,stable,not_audited
1995,-0.191190774993492,-1.03446268479248,0.347355067503478,-0.00405237119577828,2.034158e-01,0.000000e+00,stable,stable,not_audited
1996,-0.455361770734639,1.55088199535007,0.0900676585323362,0.0107929321005495,2.034159e-01,0.000000e+00,stable,stable,not_audited
1997,-0.263331513214884,0.832062517768173,0.113372594723354,-0.00995866158568726,2.034159e-01,0.000000e+00,stable,stable,not_audited
1998,0.246536837389839,0.638141447572962,0.190361965660835,0.0116615990618154,2.034161e-01,0.000000e+00,stable,stable,not_audited
1999,0.706320108226641,1.92112830241854,0.79237788550932,0.0154701668699539,2.034161e-01,0.000000e+00,stable,stable,not_audited
2000,-0.209473156220558,0.00925122962270475,0.0718893035274022,-0.00793493306023874,2.034161e-01,0.000000e+00,stable,stable,not_audited
2001,0.76233888680139,0.881194405929241,1.33204411510788,0.013952404764626,2.034161e-01,0.000000e+00,stable,stable,not_audited
2002,-0.166923879022035,0.310388801783442,0.0590965830403733,0.00891743827302527,2.034162e-01,0.000000e+00,stable,stable,not_audited
2003,0.108172881909083,-0.171317644180696,1.43270813993441,0.0089568007548646,2.034164e-01,0.000000e+00,stable,stable,not_audited
2004,-0.975569284980893,1.26135766958427,0.828971709227153,0.00688310643484602,2.034164e-01,0.000000e+00,stable,stable,not_audited
2005,0.757082221706665,0.0138233305994224,0.0653079127447086,-0.0120673332152492,2.034164e-01,0.000000e+00,stable,stable,not_audited
2006,0.555595113756141,-0.782742330715355,0.144298607165557,0.00952800605461679,2.034165e-01,0.000000e+00,stable,stable,not_audited
2007,-0.165022925060635,-0.741202101739445,1.97864214110699,-0.00538539267842197,2.034167e-01,0.000000e+00,stable,stable,not_audited
2008,-0.703226400564469,1.66363538196305,1.72363887225569,0.00925259669249101,2.034167e-01,0.000000e+00,stable,stable,not_audited
2009,0.196656186285218,1.23546125484201,0.194659185749768,-0.0120040822273786,2.034167e-01,0.000000e+00,stable,stable,not_audited
2010,0.816147693681556,1.24866513280735,0.0690175931058843,-0.0139680938792355,2.034167e-01,0.000000e+00,stable,stable,not_audited
2011,0.809021740392557,0.625668755312269,0.41963550275506,-0.0128389974187963,2.034169e-01,0.000000e+00,stable,stable,not_audited
2012,0.839033561713077,-0.354322048691965,0.944376877319267,-0.0112238189965728,2.034169e-01,0.000000e+00,stable,stable,not_audited
2013,0.277791532987049,1.0192554326113,1.32207975977803,-0.0115260294593482,2.034170e-01,0.000000e+00,stable,stable,not_audited
2014,0.797819774200357,1.39467234770183,0.0546097377903247,-0.0136702496496124,2.034171e-01,0.000000e+00,stable,stable,not_audited
2015,0.15471703256474,0.121713231316536,0.266316403431145,-0.009255179907385,2.034171e-01,0.000000e+00,stable,stable,not_audited
2016,-0.0962316724866561,0.856212994510943,0.709854316410034,0.0097286507192047,2.034171e-01,0.000000e+00,stable,stable,not_audited
2017,0.962384441041879,0.684779696117286,1.15255161629999,-0.013036929920206,2.034172e-01,0.000000e+00,stable,stable,not_audited
2018,0.351638247449875,0.492733643641792,0.209903515523719,-0.0106026154501166,2.034173e-01,0.000000e+00,stable,stable,not_audited
2019,0.353033951929672,-0.0953223622850707,0.160430527270995,0.00945027762882855,2.034173e-01,0.000000e+00,stable,stable,not_audited
2020,0.821416510036384,1.85673192122208,0.279752779897044,0.0140178443052594,2.034174e-01,0.000000e+00,stable,stable,not_audited
2021,0.770689512055211,0.594459167831642,0.64921671759877,0.011542387916136,2.034179e-01,0.000000e+00,stable,stable,not_audited
2022,0.312957961696436,1.42571505400287,0.606378663388156,-0.0113797454903815,2.034179e-01,0.000000e+00,stable,stable,not_audited
2023,-0.456678338501235,1.49863162590848,0.813973718447303,-0.00889756196228597,2.034179e-01,0.000000e+00,stable,stable,not_audited
2024,0.273738255107189,1.65198300825881,1.88884331459472,-0.0115456895270776,2.034180e-01,0.000000e+00,stable,stable,not_audited
2025,0.779396369392806,0.944557897969882,0.0682759015188902,0.011953368208661,2.034180e-01,0.000000e+00,stable,stable,not_audited
2026,-0.585530955381572,1.86557301362678,0.461178402217462,-0.00895557964231997,2.034181e-01,0.000000e+00,stable,stable,not_audited
2027,-0.469018288850443,0.734847791991048,0.0867726118659096,-0.00709925749018625,2.034181e-01,0.000000e+00,stable,stable,not_audited
2028,0.925923228438276,0.00663392286783004,0.226523084463254,-0.0108300546656799,2.034182e-01,0.000000e+00,stable,stable,not_audited
2029,-0.433572812028172,1.20464639354325,0.288480125889975,0.00820129066281838,2.034182e-01,0.000000e+00,stable,stable,not_audited
2030,0.785089337626394,1.34612320890867,0.553919121431333,0.0122036262570786,2.034183e-01,0.000000e+00,stable,stable,not_audited
2031,-0.0538129392436547,0.033432847746552,0.0912033824358264,-0.00730806506581527,2.034183e-01,0.000000e+00,stable,stable,not_audited
2032,0.709900217696531,0.345291192654248,0.931690765524891,-0.0105679241533079,2.034183e-01,0.000000e+00,stable,stable,not_audited
2033,0.824224044709061,1.59013141201994,0.207528760910457,-0.0125578109351256,2.034183e-01,0.000000e+00,stable,stable,not_audited
2034,-0.0898446068456291,1.12162420676857,0.0509254999012731,-0.00914950729014308,2.034184e-01,0.000000e+00,stable,stable,not_audited
2035,-0.0243010462660538,0.945825476126819,0.800724231513944,-0.00906825654799404,2.034184e-01,0.000000e+00,stable,stable,not_audited
2036,0.142090820225017,-1.70566327563714,0.0938685868823838,-0.00316451112777827,2.034185e-01,0.000000e+00,stable,stable,not_audited
2037,0.438323666189891,1.36840094419094,0.116254868794561,0.0108597311551049,2.034186e-01,0.000000e+00,stable,stable,not_audited
2038,-0.688104582571697,1.38161394927076,0.156529384594751,0.0071142667819033,2.034188e-01,0.000000e+00,stable,stable,not_audited
2039,-0.900548561626726,1.83853230449688,1.70311230918983,0.00716598746022568,2.034188e-01,0.000000e+00,stable,stable,not_audited
2040,0.236371712573413,-1.04168850106588,0.0597392156265772,-0.00579246591987959,2.034188e-01,0.000000e+00,stable,stable,not_audited
2041,0.265961889406239,-1.59361551528228,0.20187193185259,0.00439646062623611,2.034189e-01,0.000000e+00,stable,stable,not_audited
2042,0.79695496273923,0.688372936024479,0.111003718496667,0.0106230976090145,2.034189e-01,0.000000e+00,stable,stable,not_audited
2043,0.320988127675113,0.417987359010644,0.0508024894729559,0.00872075000485406,2.034191e-01,0.000000e+00,stable,stable,not_audited
2044,-0.606917088695423,1.96715533338239,0.271196591539434,-0.00822763758726142,2.034191e-01,0.000000e+00,stable,stable,not_audited
2045,-0.0769539994691412,-0.723120553564184,0.212251923382073,-0.00485597593752107,2.034191e-01,0.000000e+00,stable,stable,not_audited
2046,0.932196279213925,1.99913515047092,1.12764174112444,0.0122253760454769,2.034191e-01,0.000000e+00,stable,stable,not_audited
2047,-0.172354211361452,1.29067938516585,0.0841507303240102,0.00842440289427149,2.034192e-01,0.000000e+00,stable,stable,not_audited
2048,0.832364638220047,1.21597284514349,0.0763278266434774,-0.0110273374884073,2.034192e-01,0.000000e+00,stable,stable,not_audited
2049,0.229335678773901,-1.16494547834835,0.402323683412093,-0.00518670896725482,2.034193e-01,0.000000e+00,stable,stable,not_audited
2050,0.764598547608582,-1.72476478373413,0.45099743776613,-0.00630821518733304,2.034193e-01,0.000000e+00,stable,stable,not_audited
2051,-0.0156749875607536,-0.0184131058996184,0.32282067824311,0.00654737347544199,2.034194e-01,0.000000e+00,stable,stable,not_audited
2052,0.346956345842286,0.353055942427109,0.859640665996752,-0.00838555194861534,2.034194e-01,0.000000e+00,stable,stable,not_audited
2053,0.105693958254404,1.83216475361924,0.196471998625307,0.00972081291563143,2.034194e-01,0.000000e+00,stable,stable,not_audited
2054,0.892158309421969,-1.29233472015846,0.250704137890106,-0.00743403655540997,2.034195e-01,0.000000e+00,stable,stable,not_audited
2055,0.63139130318805,1.23295851999192,0.716631962189214,-0.0102111659639503,2.034195e-01,0.000000e+00,stable,stable,not_audited
2056,-0.443317431276745,-0.259165248192083,1.42953320668205,-0.00384423794618538,2.034195e-01,0.000000e+00,stable,stable,not_audited
2057,-0.526320090280892,1.5797116238678,0.074669932165288,0.00741962874262247,2.034196e-01,0.000000e+00,stable,stable,not_audited
2058,-0.913678730677148,0.416957883881784,0.112496004245431,-0.00284183980644537,2.034197e-01,0.000000e+00,stable,stable,not_audited
2059,0.840012955005296,1.87599928360823,0.0536512453678715,-0.0111286233751922,2.034197e-01,0.000000e+00,stable,stable,not_audited
2060,0.602065058979881,-0.219311458512227,0.266399641351772,0.00794121941250259,2.034198e-01,0.000000e+00,stable,stable,not_audited
2061,-0.161627783716977,1.14377268862639,0.897315748845262,0.00761664046350408,2.034199e-01,0.000000e+00,stable,stable,not_audited
2062,0.254166835067416,-0.461599288608678,0.862753074077551,-0.00628379911158827,2.034200e-01,0.000000e+00,stable,stable,not_audited
2063,-0.354545981305469,-0.0261178419571289,0.306111575213745,0.00471241267142775,2.034200e-01,0.000000e+00,stable,stable,not_audited
2064,0.791397430105339,-1.30745212523215,0.477471377734471,0.00661221245779586,2.034201e-01,0.000000e+00,stable,stable,not_audited
2065,-0.0493763312772053,1.78363002098615,0.138532144523401,-0.00860782716007669,2.034201e-01,0.000000e+00,stable,stable,not_audited
2066,0.039757641825013,-0.0149646033055368,0.128594174897674,-0.00623565076319532,2.034201e-01,0.000000e+00,stable,stable,not_audited
2067,0.993333586489304,-0.540990126761664,1.24382834889759,-0.00825423595177299,2.034201e-01,0.000000e+00,stable,stable,not_audited
2068,-0.0218043121803864,1.73284762160415,0.0547131479848907,-0.0085411739289929,2.034201e-01,0.000000e+00,stable,stable,not_audited
2069,0.907400526773067,1.47542318967089,0.0782528992151562,0.0102912998779772,2.034202e-01,0.000000e+00,stable,stable,not_audited
2070,-0.347293630243843,1.36794964414674,0.0577962058971579,0.00713011002502695,2.034202e-01,0.000000e+00,stable,stable,not_audited
2071,0.782250823666973,1.45338708849529,0.509653154522268,0.00999329971696561,2.034202e-01,0.000000e+00,stable,stable,not_audited
2072,0.459528235193179,0.899074132098361,0.581527836211765,-0.00863523946336775,2.034202e-01,0.000000e+00,stable,stable,not_audited
2073,0.832537095567901,1.11746667798197,0.798738538726098,0.0096942658580792,2.034202e-01,0.000000e+00,stable,stable,not_audited
2074,0.943078763518473,1.02242821615008,0.0524052638968206,-0.0097320512707979,2.034203e-01,0.000000e+00,stable,stable,not_audited
2075,0.686142773366702,0.564329134059512,0.0609912466540334,0.00852244705197736,2.034204e-01,0.000000e+00,stable,stable,not_audited
2076,-0.222121881394,0.302553257004294,0.102412705674178,0.00560647803389225,2.034204e-01,0.000000e+00,stable,stable,not_audited
2077,0.330010554233706,1.14572458565642,0.0897600188388975,0.00802965738344374,2.034207e-01,0.000000e+00,stable,stable,not_audited
2078,0.79904212046549,1.87669590386998,0.407501369036632,-0.00950229924221868,2.034209e-01,0.000000e+00,stable,stable,not_audited
2079,0.225839803422754,1.90953215753171,0.884099067687123,0.00790502814236982,2.034213e-01,0.000000e+00,stable,stable,not_audited
2080,-0.0685239641423869,1.12076050302095,1.75640072189324,-0.00642882826540481,2.034213e-01,0.000000e+00,stable,stable,not_audited
2081,0.633292071415851,0.854953622472177,0.717079594966712,0.00759394504564748,2.034214e-01,0.000000e+00,stable,stable,not_audited
2082,0.94063890402651,0.409470411160826,1.30338699565373,0.00766826821719624,2.034214e-01,0.000000e+00,stable,stable,not_audited
2083,0.474977005037301,0.517857776180772,1.87559274957658,-0.00683048023536248,2.034214e-01,0.000000e+00,stable,stable,not_audited
2084,0.609354816197272,0.87715894409719,0.773402894114193,0.00746729774766175,2.034214e-01,0.000000e+00,stable,stable,not_audited
2085,-0.152849911336446,1.71771401599347,0.0818667385173635,-0.00655341120309849,2.034216e-01,0.000000e+00,stable,stable,not_audited
2086,0.76978654764187,-1.10217912749442,0.0881691036356157,-0.00544577259024703,2.034216e-01,0.000000e+00,stable,stable,not_audited
2087,0.622593384013692,0.239252279177145,0.314433467127075,0.00653245683591264,2.034217e-01,0.000000e+00,stable,stable,not_audited
2088,-0.508947026751797,1.14103782271024,0.11718286487393,0.00495596707287671,2.034217e-01,0.000000e+00,stable,stable,sim_perturbative
2089,0.520958403983653,-0.429513904622095,1.82657316974678,-0.00552651558091388,2.034218e-01,0.000000e+00,stable,stable,not_audited
2090,-0.0636600280531494,-0.636492662141722,0.0642712807831769,-0.00355557220684011,2.034218e-01,0.000000e+00,stable,stable,not_audited
2091,0.668507321142756,-0.185119318665186,1.52820157978258,-0.0059281927320034,2.034219e-01,0.000000e+00,stable,stable,not_audited
2092,0.62141451374516,1.67042213729375,0.134115345664208,0.00751400458459406,2.034219e-01,0.000000e+00,stable,stable,not_audited
2093,-0.824689277711639,1.11643022353849,1.73833597134884,0.00381793339305148,2.034220e-01,0.000000e+00,stable,stable,not_audited
2094,0.515093917171033,-0.955392615245944,0.0980553763617023,0.00461659300564454,2.034220e-01,0.000000e+00,stable,stable,not_audited
2095,-0.295912115478122,1.32494010057726,1.69014025578617,-0.00533764974809259,2.034221e-01,0.000000e+00,stable,stable,not_audited
2096,0.592961615096594,0.188912700573724,0.125848555097204,-0.00598260807101014,2.034221e-01,0.000000e+00,stable,stable,not_audited
2097,0.602378611723057,1.49808575594248,0.94301436719905,0.00701240240603651,2.034222e-01,0.000000e+00,stable,stable,not_audited
2098,-0.632857920004703,0.123499093418648,0.451629626920834,0.00257049795487374,2.034222e-01,0.000000e+00,stable,stable,not_audited
2099,0.125446573160841,0.340268238926667,0.0941216157771414,-0.0050270088261728,2.034222e-01,0.000000e+00,stable,stable,not_audited
2100,0.182773433146717,-0.341590440798048,0.127256160610648,-0.00435846627619219,2.034222e-01,0.000000e+00,stable,stable,not_audited
2101,0.700102896448128,0.559267546174192,0.627942384695447,-0.0062558277011493,2.034223e-01,0.000000e+00,stable,stable,not_audited
2102,0.705360749864485,-0.616476405555822,0.145486049567348,0.00516564519399987,2.034223e-01,0.000000e+00,stable,stable,not_audited
2103,-0.207009488454172,-0.206283375528357,1.40577463064445,0.00343534650660215,2.034223e-01,0.000000e+00,stable,stable,not_audited
2104,-0.828094933720979,1.993812276905,0.0570828338717326,-0.00461642456394906,2.034223e-01,0.000000e+00,stable,stable,not_audited
2105,0.736251845071118,1.29204340177205,1.73955523074096,-0.0067604123339251,2.034224e-01,0.000000e+00,stable,stable,not_audited
2106,0.435723397953604,1.46729112120835,1.22087674755415,-0.00634172179035852,2.034224e-01,0.000000e+00,stable,stable,not_audited
2107,0.758472687642668,-0.409043433152695,0.285186605359945,0.00525837075876323,2.034225e-01,0.000000e+00,stable,stable,not_audited
2108,0.968321008684956,1.36995101750608,0.0512821406573664,0.00696665817738218,2.034225e-01,0.000000e+00,stable,stable,not_audited
2109,0.0488156214743301,0.196231954227256,0.0875113169129988,-0.0044242548127329,2.034225e-01,0.000000e+00,stable,stable,not_audited
2110,-0.694129670169958,1.91112075046489,0.729568721886928,0.00466392467725285,2.034225e-01,0.000000e+00,stable,stable,not_audited
2111,-0.0108899890418159,1.45046242057156,1.99044162018828,-0.00550840068268199,2.034225e-01,0.000000e+00,stable,stable,not_audited
2112,-0.617405870271661,1.332963935926,0.419926807378604,0.00418841926566271,2.034225e-01,0.000000e+00,stable,stable,not_audited
2113,0.595560880810314,1.81911815830719,1.3551062422014,0.00671675875166544,2.034225e-01,0.000000e+00,stable,stable,not_audited
2114,0.776341195445398,1.67822636096021,1.44811948509641,-0.0067939967043007,2.034226e-01,0.000000e+00,stable,stable,not_audited
2115,-0.0960420636569447,-1.04061126963209,0.362188643541567,0.00215990914728437,2.034226e-01,0.000000e+00,stable,stable,not_audited
2116,-0.0527139655066121,1.40990581847382,0.454144434871539,0.00521503731480255,2.034226e-01,0.000000e+00,stable,stable,not_audited
2117,0.924863737707767,0.124632414245552,0.42244138852049,-0.0056200402560358,2.034227e-01,0.000000e+00,stable,stable,not_audited
2118,0.421390646045559,-0.876317461286111,0.35288687572403,-0.00375383991238487,2.034228e-01,0.000000e+00,stable,stable,not_audited
2119,0.53677452835338,0.693599147842115,0.0951063489929829,-0.0053275796253478,2.034228e-01,0.000000e+00,stable,stable,not_audited
2120,0.524359312277216,-0.858346875630212,0.314910516978744,0.00391239826320389,2.034229e-01,0.000000e+00,stable,stable,not_audited
2121,0.664934549382513,1.14308246853486,0.092306703857013,-0.00573688892089486,2.034229e-01,0.000000e+00,stable,stable,not_audited
2122,0.34584037315282,1.45773639515785,0.893775393702886,-0.00550520696416701,2.034229e-01,0.000000e+00,stable,stable,not_audited
2123,0.970843420604489,-1.7813939446409,0.324780454890622,-0.00382796369937766,2.034229e-01,0.000000e+00,stable,stable,not_audited
2124,0.0952526587322269,-1.12773180924395,0.578251819099311,-0.00239072445754074,2.034230e-01,0.000000e+00,stable,stable,not_audited
2125,-0.414415413822016,1.68918252042466,1.27011527601762,0.00426709174087048,2.034231e-01,0.000000e+00,stable,stable,not_audited
2126,0.945459936118788,0.23411601713634,0.906123063906566,-0.00512906795100476,2.034231e-01,0.000000e+00,stable,stable,not_audited
2127,-0.205405188001786,1.16596037115084,0.339838213196708,0.00411915254717377,2.034231e-01,0.000000e+00,stable,stable,not_audited
2128,-0.804452262876992,1.41752115341386,0.226489311382191,-0.00324486271572333,2.034231e-01,0.000000e+00,stable,stable,not_audited
2129,0.797014070655398,-0.669886267766792,0.238732008837485,-0.00423050860207308,2.034231e-01,0.000000e+00,stable,stable,not_audited
2130,-0.219047835282839,-0.374735187875721,0.0732366305187978,0.00249471089078712,2.034231e-01,0.000000e+00,stable,stable,not_audited
2131,0.779725277296438,1.62700269520231,0.949079374498579,-0.00571809978754323,2.034231e-01,0.000000e+00,stable,stable,not_audited
2132,0.606717544332734,0.549044193963178,0.696944194368792,-0.00476831112419784,2.034232e-01,0.000000e+00,stable,stable,not_audited
2133,-0.309598169667472,1.79808805895989,0.231807249987359,-0.00430005484202622,2.034232e-01,0.000000e+00,stable,stable,not_audited
2134,0.320106010768969,-1.71244612933365,0.0730867293757263,0.00205522327173924,2.034232e-01,0.000000e+00,stable,stable,not_audited
2135,-0.451821985012967,1.92064447167492,0.115770312779633,-0.00415097607680881,2.034232e-01,0.000000e+00,stable,stable,not_audited
2136,-0.727980016230241,1.5051027668642,0.498314270094875,0.00318263997213464,2.034234e-01,0.000000e+00,stable,stable,not_audited
2137,0.479014982464313,1.32546408514904,0.137819177527239,-0.00475343933499595,2.034234e-01,0.000000e+00,stable,stable,not_audited
2138,0.871720376332787,0.807132135881941,0.129530263548295,0.00486147745460386,2.034234e-01,0.000000e+00,stable,stable,not_audited
2139,0.820405483501986,1.99803299349991,1.25724698054863,-0.00540332063745996,2.034234e-01,0.000000e+00,stable,stable,not_audited
2140,-0.25357535876923,1.54066020955074,0.158343822435652,-0.00387372207435921,2.034234e-01,0.000000e+00,stable,stable,not_audited
2141,0.644918030795407,0.0909134184906932,0.420911436613457,-0.00409560075492932,2.034234e-01,0.000000e+00,stable,stable,not_audited
2142,0.52467592566248,0.469361101491491,0.495985423014539,0.00416522027073807,2.034234e-01,0.000000e+00,stable,stable,not_audited
2143,-0.314637679515857,-0.399598303308354,0.827172518290677,0.0019523811960207,2.034234e-01,0.000000e+00,stable,stable,not_audited
2144,0.164095589678424,0.194714039099121,0.479648216874166,0.00338921846646079,2.034235e-01,0.000000e+00,stable,stable,not_audited
2145,0.213657700227662,0.194337426169646,0.0917990989482711,0.00339380670443656,2.034235e-01,0.000000e+00,stable,stable,not_audited
2146,0.925953512562138,-0.0484180390397029,0.138598233529005,0.00408623210279657,2.034236e-01,0.000000e+00,stable,stable,not_audited
2147,-0.0825241876548316,-0.662188798977838,0.523926369796203,0.00207480017065187,2.034236e-01,0.000000e+00,stable,stable,not_audited
2148,0.233039926624549,1.79536648928292,0.245609966364169,-0.00426548598310439,2.034236e-01,0.000000e+00,stable,stable,not_audited
2149,-0.81873298349977,1.40189755828414,0.11059441040385,-0.0025890751500357,2.034236e-01,0.000000e+00,stable,stable,not_audited
2150,0.89772233236036,0.991911115262229,1.17115026636769,0.00446991096108906,2.034236e-01,0.000000e+00,stable,stable,not_audited
2151,0.700495842572277,-0.0527381211387088,0.157909612463619,0.00368976370095897,2.034236e-01,0.000000e+00,stable,stable,not_audited
2152,-0.968530340650362,0.844279496036434,1.06415794538662,0.00167490280941829,2.034237e-01,0.000000e+00,stable,stable,not_audited
2153,-0.385147207357939,1.50744776502587,0.885021619765489,0.00325058352001095,2.034237e-01,0.000000e+00,stable,stable,not_audited
2154,0.580160836690792,-1.39667440245993,0.135981656892695,0.00253193387973871,2.034237e-01,0.000000e+00,stable,stable,not_audited
2155,-0.201973997581813,0.721459779210829,0.607264136495653,-0.00291255353957043,2.034237e-01,0.000000e+00,stable,stable,not_audited
2156,0.63396560123476,0.61824897375483,0.15996290752455,-0.0037483754147456,2.034238e-01,0.000000e+00,stable,stable,not_audited
2157,-0.0242069426201638,1.70051992679789,0.603558297398414,-0.003539193016177,2.034238e-01,0.000000e+00,stable,stable,not_audited
2158,0.0979485856653812,-1.15564481919551,0.0529719673607262,0.00170075760046773,2.034238e-01,0.000000e+00,stable,stable,not_audited
2159,0.899187874217067,0.277388802764736,0.275398545170021,-0.00364146256914455,2.034239e-01,0.000000e+00,stable,stable,not_audited
2160,-0.231980973939608,0.584480815768867,0.174215209494911,-0.00253201982688145,2.034239e-01,0.000000e+00,stable,stable,not_audited
2161,-0.417692689374162,1.80727807806511,0.0544835537234507,0.00299191258207632,2.034239e-01,0.000000e+00,stable,stable,not_audited
2162,0.812412960374059,-1.17190882989912,0.310842398471929,-0.00267161010364458,2.034239e-01,0.000000e+00,stable,stable,not_audited
2163,0.976181583545968,1.76846607422173,1.24022154894549,-0.00411675056529925,2.034239e-01,0.000000e+00,stable,stable,not_audited
2164,0.771881912161083,-0.0466356757517665,0.774785069777225,-0.00315929460410658,2.034239e-01,0.000000e+00,stable,stable,not_audited
2165,0.158465534603063,-1.02602220603451,0.114950945720602,-0.00168458181908959,2.034240e-01,0.000000e+00,stable,stable,not_audited
2166,0.351089802064274,-0.854857562790725,0.171803478646903,0.00208387553866496,2.034240e-01,0.000000e+00,stable,stable,not_audited
2167,0.486512523038436,-0.304079149168485,0.411435148362721,-0.00255203947029226,2.034240e-01,0.000000e+00,stable,stable,not_audited
2168,0.945558540268266,-0.934253387565758,0.939479777060274,-0.00258865949967335,2.034241e-01,0.000000e+00,stable,stable,not_audited
2169,-0.516341386724292,1.87260702949953,0.530475305438106,-0.00252009339620374,2.034241e-01,0.000000e+00,stable,stable,not_audited
2170,-0.102879782028212,0.594492245178072,0.0921607643666495,-0.00225303109721886,2.034241e-01,0.000000e+00,stable,stable,not_audited
2171,-0.550285133741607,0.869864766269222,0.0736534512164892,0.00188309131434305,2.034241e-01,0.000000e+00,stable,stable,not_audited
2172,0.632660972541323,1.82349306358491,0.761021163479322,-0.00330541407186824,2.034241e-01,0.000000e+00,stable,stable,not_audited
2173,0.816742586724397,-1.62523898059239,0.188106178712612,0.00194342036574735,2.034242e-01,0.000000e+00,stable,stable,not_audited
2174,0.68087546578953,0.40725135396669,0.106439112350373,0.0027389656656025,2.034242e-01,0.000000e+00,stable,stable,sim_perturbative
2175,0.688745726710833,1.65584068723702,1.36171652105395,0.00318689386205939,2.034242e-01,0.000000e+00,stable,stable,not_audited
2176,0.548696605976015,1.98613624608921,0.120657711053264,-0.00318449265196707,2.034242e-01,0.000000e+00,stable,stable,sim_perturbative
2177,0.88370265751083,-1.15454424665613,1.77276699354204,0.00221288410331955,2.034242e-01,0.000000e+00,stable,stable,not_audited
2178,-0.145274173439245,1.90216044466458,0.866363926416035,0.00263637725474819,2.034242e-01,0.000000e+00,stable,stable,not_audited
2179,0.854954173670387,1.77657285683561,0.102860487827545,0.00325538535285474,2.034242e-01,0.000000e+00,stable,stable,not_audited
2180,0.2619193475528,-0.949672211063395,0.325555497167092,-0.00158684741660964,2.034242e-01,0.000000e+00,stable,stable,not_audited
2181,0.465353865414746,1.17360627150266,1.63065727152075,-0.0026286877076509,2.034243e-01,0.000000e+00,stable,stable,not_audited
2182,0.843078398210887,-1.85218775103738,0.386793472905929,0.00163814409586172,2.034243e-01,0.000000e+00,stable,stable,not_audited
2183,0.445221538038715,-0.20902195890416,0.870577837808671,-0.00197419068035165,2.034243e-01,0.000000e+00,stable,stable,not_audited
2184,0.403901318246309,0.971967291631835,1.88366702592273,0.00236056291385411,2.034243e-01,0.000000e+00,stable,stable,not_audited
2185,0.354857660755048,0.448441669664455,0.426996694180965,0.00212880462661635,2.034243e-01,0.000000e+00,stable,stable,not_audited
2186,0.789005223151588,1.64419138288291,1.24298545528921,0.00275663231008449,2.034243e-01,0.000000e+00,stable,stable,not_audited
2187,-0.249985547057689,1.30992193653466,0.475846540993794,0.0019015703074543,2.034243e-01,0.000000e+00,stable,stable,not_audited
2188,-0.101657252376238,-0.81652281100206,0.895754787191987,-0.00100433962572755,2.034243e-01,0.000000e+00,stable,stable,not_audited
2189,-0.748692894084662,1.36604474771809,1.41134719804164,0.00147073513001583,2.034244e-01,0.000000e+00,stable,stable,not_audited
2190,-0.0844844939632378,0.73189939393362,0.0728168666204595,-0.00175671684867029,2.034244e-01,0.000000e+00,stable,stable,not_audited
2191,-0.406060002646769,1.50590661021862,0.161134745719517,0.00179976145268546,2.034244e-01,0.000000e+00,stable,stable,not_audited
2192,0.999807104171773,1.46833258787007,0.441583549166726,-0.00250995634477347,2.034244e-01,0.000000e+00,stable,stable,not_audited
2193,-0.140468294880489,-0.996070247122754,0.755963139549259,-0.000752945161967,2.034244e-01,0.000000e+00,stable,stable,not_audited
2194,0.653938706580509,1.27486637520399,0.33102321191427,-0.00227276516217456,2.034244e-01,0.000000e+00,stable,stable,not_audited
2195,0.391939758799366,0.378791348691616,0.513694358253636,0.00184967130872948,2.034244e-01,0.000000e+00,stable,stable,not_audited
2196,-0.557537717813322,0.819959549474955,0.165771779089916,-0.00130361054053996,2.034244e-01,0.000000e+00,stable,stable,not_audited
2197,0.666331552293768,1.97723141770678,0.0895805595291809,0.00241434290824305,2.034244e-01,0.000000e+00,stable,stable,not_audited
2198,0.94472543670886,-1.31046666563735,1.70195157718228,-0.00163293342931414,2.034244e-01,0.000000e+00,stable,stable,not_audited
2199,0.900395269223765,-1.25734700774661,0.581398393057533,-0.00159275042740403,2.034244e-01,0.000000e+00,stable,stable,not_audited
2200,-0.194296962364454,1.23272943541071,1.99260351293224,-0.00168200754313363,2.034244e-01,0.000000e+00,stable,stable,not_audited
2201,-0.23674644517731,0.413458464773035,1.08139094185837,0.00135597068413906,2.034244e-01,0.000000e+00,stable,stable,not_audited
2202,0.141430625200833,-0.29295477234789,1.77035606377297,0.00137465940581549,2.034244e-01,0.000000e+00,stable,stable,not_audited
2203,0.0513129069053537,-0.188928442031828,0.329089067811103,-0.00131041396492804,2.034244e-01,0.000000e+00,stable,stable,not_audited
2204,0.379379336724861,1.25114006829469,0.399023323863204,0.00194586245005013,2.034244e-01,0.000000e+00,stable,stable,not_audited
2205,0.899807268100155,1.3142607052219,0.422792764812086,-0.00218513057450687,2.034244e-01,0.000000e+00,stable,stable,not_audited
2206,0.881581598648183,-1.76399224024892,0.421608158122908,-0.00123630146473119,2.034245e-01,0.000000e+00,stable,stable,not_audited
2207,0.50677410988366,1.34290332680721,0.0607643045902653,-0.00181678172939348,2.034245e-01,0.000000e+00,stable,stable,not_audited
2208,0.676437454191132,-1.54658094966142,0.290071747898813,-0.0010963051808448,2.034245e-01,0.000000e+00,stable,stable,not_audited
2209,-0.171024972310744,1.6812801585087,0.208406762665904,0.00147947050573904,2.034245e-01,0.000000e+00,stable,stable,sim_perturbative
2210,-0.380157055848392,-0.826162612930908,0.125281043563767,-0.000339244463380961,2.034245e-01,0.000000e+00,stable,stable,not_audited
2211,0.600770441999919,-0.0555194088357045,1.57139746146067,0.0013451722817015,2.034245e-01,0.000000e+00,stable,stable,not_audited
2212,0.0507139183309164,1.19947437609259,0.229417291772946,-0.00132686468497867,2.034245e-01,0.000000e+00,stable,stable,not_audited
2213,0.881620126315105,-1.92291739290875,0.323087555828467,0.000955172876646593,2.034245e-01,0.000000e+00,stable,stable,not_audited
2214,0.0362563226585473,0.79591318679922,1.2716070430207,-0.00121034600965575,2.034245e-01,0.000000e+00,stable,stable,not_audited
2215,0.487459205895246,1.94362803698705,0.712361968533339,0.00146979228032329,2.034246e-01,0.000000e+00,stable,stable,not_audited
2216,0.292103119198551,0.282332279833396,0.0538784220328688,-0.00103967773725322,2.034246e-01,0.000000e+00,stable,stable,not_audited
2217,-0.907722186927996,0.237422509893056,0.307129855525384,0.000237219347528406,2.034246e-01,0.000000e+00,stable,stable,not_audited
2218,0.578331755904484,1.94652364305731,0.646010018316043,0.00118285244674743,2.034246e-01,0.000000e+00,stable,stable,not_audited
2219,0.124582084427843,-1.24190260635204,0.0500337195367302,-0.000459432274541705,2.034246e-01,0.000000e+00,stable,stable,not_audited
2220,0.12529528398398,0.652545138561006,0.12122001254681,0.000823612658855666,2.034246e-01,0.000000e+00,stable,stable,not_audited
2221,0.629301825226078,-1.59058973144445,0.264105571546937,-0.000600595253622105,2.034246e-01,0.000000e+00,stable,stable,not_audited
2222,-0.00234224360708335,0.979834078663368,0.22785842008836,-0.000826265684095384,2.034246e-01,0.000000e+00,stable,stable,not_audited
2223,0.306709940321714,1.72132967083788,0.415643477899281,0.000962402300938248,2.034246e-01,0.000000e+00,stable,stable,sim_perturbative
2224,0.643371446203147,1.44460790313374,0.0854669104368526,0.000882285997863441,2.034246e-01,0.000000e+00,stable,stable,not_audited
2225,0.681870376596255,1.34682633053153,0.723655925472575,0.000853843765797002,2.034246e-01,0.000000e+00,stable,stable,not_audited
2226,0.864447337112646,0.930364812847905,1.28415428161981,-0.000821083495314401,2.034246e-01,0.000000e+00,stable,stable,not_audited
2227,-0.60372451701354,1.29467083194249,0.425147885565975,-0.000461704654755035,2.034247e-01,0.000000e+00,stable,stable,not_audited
2228,0.231020738619256,0.00490055821113433,1.64303962106399,-0.000477351025779615,2.034247e-01,0.000000e+00,stable,stable,not_audited
2229,0.636253394513903,1.35326570976243,0.908623705735643,-0.000642186440199088,2.034247e-01,0.000000e+00,stable,stable,not_audited
2230,0.380412476429369,0.375668422226936,0.077161098690344,-0.000494083885570706,2.034247e-01,0.000000e+00,stable,stable,sim_perturbative
2231,-0.0705466238737731,0.938714691155634,0.14084282241923,-0.000407552233030906,2.034247e-01,0.000000e+00,stable,stable,not_audited
2232,0.741532498702796,1.44153065419789,0.283932856314057,-0.000529521263401334,2.034247e-01,0.000000e+00,stable,stable,not_audited
2233,0.064565532209246,1.11629645604307,0.206771737858605,0.000349979213376095,2.034247e-01,0.000000e+00,stable,stable,not_audited
2234,0.0282141192624559,0.426061010623862,0.496804055265895,-0.00029420356865506,2.034247e-01,0.000000e+00,stable,stable,not_audited
2235,0.0625439823842164,-1.78911196775691,1.4423748906604,-5.74663766172989e-05,2.034247e-01,0.000000e+00,stable,stable,not_audited
2236,0.732941488118408,-1.03031436364136,1.84400370969018,0.000244333213883507,2.034247e-01,0.000000e+00,stable,stable,not_audited
2237,-0.590769094956383,1.90152731797249,1.9684626052378,-0.000244205941482001,2.034247e-01,0.000000e+00,stable,stable,not_audited
2238,-0.484108799910224,-0.266498256795837,0.126058615401132,7.07022708130722e-05,2.034247e-01,0.000000e+00,stable,stable,not_audited
2239,-0.306273459605253,0.107920234218056,0.117440841458866,9.90834150309539e-05,2.034247e-01,0.000000e+00,stable,stable,not_audited
2240,0.270527551467682,0.163303961304104,1.68470726812831,0.00013446890956148,2.034247e-01,0.000000e+00,stable,stable,not_audited
2241,0.763853440340938,0.933678553724152,1.19267086806074,0.000104524554239038,2.034247e-01,0.000000e+00,stable,stable,not_audited
2242,-0.339218498939701,1.28374472015106,0.30908393339112,5.94930101005531e-05,2.034247e-01,0.000000e+00,stable,stable,not_audited
2243,0.700219269080986,1.63000974525713,0.902520487233281,-4.31129534732566e-05,2.034247e-01,0.000000e+00,stable,stable,not_audited
2244,0.386028243900527,0.164090480822616,0.127870948804174,2.50539974797626e-05,2.034247e-01,0.000000e+00,stable,stable,not_audited
2245,0.217186390092966,0.828142586097651,0.417188082491079,-1.67476463952543e-05,2.034247e-01,0.000000e+00,stable,stable,not_audited
2246,-0.787969650965864,-1.64507693124764,0.397577889608057,0.000325502570775349,2.034247e-01,0.000000e+00,stable,stable,not_audited
2247,-0.337011133753157,-1.80200774614036,1.09998226410116,0.000350943711144858,2.034247e-01,0.000000e+00,stable,stable,not_audited
2248,-0.721872768532866,-1.56877093012915,0.536153862393932,-0.000799100866110347,2.034248e-01,0.000000e+00,stable,stable,not_audited
2249,-0.855506707903499,-1.72353126525114,0.29018186039293,-0.00116296203790855,2.034249e-01,0.000000e+00,stable,stable,not_audited
2250,-0.944461609882524,-1.86898769773148,0.0824813878600472,-0.00134924802287717,2.034249e-01,0.000000e+00,stable,stable,not_audited
2251,-0.517392198800548,-1.86347684978132,0.385871402540907,-0.00108033608199842,2.034249e-01,0.000000e+00,stable,stable,not_audited
2252,-0.62385842634303,-1.89945679138726,0.494720321655563,0.00122589517573513,2.034249e-01,0.000000e+00,stable,stable,not_audited
2253,-0.526450359652841,-1.31160376136305,1.19209042570893,0.000993687523814568,2.034251e-01,0.000000e+00,stable,stable,not_audited
2254,-0.930079113012908,-1.5760830679983,0.288170170808165,-0.00164894077838307,2.034251e-01,0.000000e+00,stable,stable,not_audited
2255,-0.394246563768207,-1.40563029804819,0.235391500899136,-0.00113894879129517,2.034254e-01,0.000000e+00,stable,stable,not_audited
2256,-0.986935423849604,-1.97153440012961,0.474706923181895,-0.00282833669716198,2.034256e-01,0.000000e+00,stable,stable,not_audited
2257,-0.488828369903762,-1.78962262713121,0.0604537284635409,-0.00204854779103836,2.034257e-01,0.000000e+00,stable,stable,not_audited
2258,-0.416439138936561,-1.05800435668333,0.0712168594232593,-0.000821760543082251,2.034259e-01,0.000000e+00,stable,stable,not_audited
2259,-0.688851263368114,-1.93320337555769,1.10407216712606,0.00327243519662712,2.034264e-01,0.000000e+00,stable,stable,not_audited
2260,-0.463432288171109,-1.85889939492749,1.23686567094848,0.00278681599512787,2.034266e-01,0.000000e+00,stable,stable,not_audited
2261,-0.317397386236733,-1.66422577218782,0.582264677899276,0.00211038460213286,2.034267e-01,0.000000e+00,stable,stable,not_audited
2262,-0.689331851388279,-1.51807756850967,1.02609707703045,-0.00314569263826026,2.034268e-01,0.000000e+00,stable,stable,not_audited
2263,-0.293133874205976,-1.57631184118885,0.0507600377651031,0.00197466182768968,2.034271e-01,0.000000e+00,stable,stable,not_audited
2264,-0.784795172637765,-0.330234619614854,1.05291239626636,-0.0012442853243444,2.034273e-01,0.000000e+00,stable,stable,not_audited
2265,-0.965180454839675,-1.40014203649374,0.28314170289003,-0.0049229367968211,2.034287e-01,0.000000e+00,stable,stable,not_audited
2266,-0.966108253944995,-1.36642354774478,0.766082057717415,-0.00619354088612556,2.034314e-01,0.000000e+00,stable,stable,not_audited
2267,-0.676714434958452,-1.23048649134072,0.981341404892525,-0.00482603313468521,2.034323e-01,0.000000e+00,stable,stable,not_audited
2268,-0.785142557535912,-0.495234954775808,0.736123555103789,0.00298179982400848,2.034324e-01,0.000000e+00,stable,stable,not_audited
2269,-0.6414685293449,-1.35405326176852,0.568880167454116,-0.00506087139077094,2.034326e-01,0.000000e+00,stable,stable,not_audited
2270,-0.696679713543811,-1.59340650176567,0.100931016022895,-0.00709561597900965,2.034365e-01,0.000000e+00,stable,stable,not_audited
2271,-0.983883473070898,-1.91867687434781,0.0702972588334685,-0.0100917626519013,2.034389e-01,0.000000e+00,stable,stable,not_audited
2272,-0.68502329519285,-1.58306713429137,0.174007761061938,0.0087481802665792,2.034448e-01,0.000000e+00,stable,stable,not_audited
2273,-0.184739690856062,-1.75324806227155,1.53993142991407,-0.00487676768604328,2.034448e-01,0.000000e+00,stable,stable,not_audited
2274,-0.572348296111819,-0.914038375431932,0.0540918236386819,0.00455235996620695,2.034461e-01,0.000000e+00,stable,stable,not_audited
2275,-0.237839279591064,-1.96580327208168,0.0504705406800845,-0.00682814608504301,2.034462e-01,0.000000e+00,stable,stable,not_audited
2276,-0.864584771746287,-1.60231385548883,0.419443598017771,-0.0113927414094617,2.034522e-01,0.000000e+00,stable,stable,not_audited
2277,-0.789275215098865,-1.28120111874915,0.432176722199164,0.00954453233024166,2.034522e-01,0.000000e+00,stable,stable,not_audited
2278,-0.696034829495688,-1.7744204974965,1.3494411411682,-0.0116443023439337,2.034581e-01,0.000000e+00,stable,stable,not_audited
2279,-0.549187767927298,-1.14647266513155,0.190606499364824,-0.00699961727732545,2.034596e-01,0.000000e+00,stable,stable,not_audited
2280,-0.810295239460861,-1.72050247352959,0.0614936423563918,-0.0125722920918401,2.034597e-01,0.000000e+00,stable,stable,not_audited
2281,-0.996558167150725,-0.649556844601216,0.236656676038645,-0.00996692225753537,2.034652e-01,0.000000e+00,stable,stable,not_audited
2282,-0.756256549995922,-1.49300658883886,0.100273844141967,-0.0120039347595104,2.034669e-01,0.000000e+00,stable,stable,not_audited
2283,-0.685058467946232,-1.77794624208475,0.145539638642314,0.0131178571573525,2.034708e-01,0.000000e+00,stable,stable,not_audited
2284,-0.864752968784586,-0.533336337810738,0.0928082741258326,0.00861130399607735,2.034814e-01,0.000000e+00,stable,stable,not_audited
2285,-0.676225374100495,-1.40206659783845,0.523480410482186,0.0121086320828945,2.034821e-01,0.000000e+00,stable,stable,not_audited
2286,-0.779552133045695,-1.31485010097083,0.0811322688652938,-0.0128281096190885,2.034824e-01,0.000000e+00,stable,stable,not_audited
2287,-0.129789266557459,-1.74378019934815,1.05008024713565,-0.006307688465091,2.034878e-01,0.000000e+00,stable,stable,sim_perturbative
2288,-0.973819307355378,-0.280941366845953,0.0584163569194383,-0.00870454018182221,2.034884e-01,0.000000e+00,stable,stable,not_audited
2289,-0.7168112632364,-0.618180802827954,0.0663834204950112,-0.00698290727053119,2.034901e-01,0.000000e+00,stable,stable,not_audited
2290,-0.837532292053313,-1.14969758654247,1.11840975167025,-0.0132840671098162,2.034914e-01,0.000000e+00,stable,stable,not_audited
2291,-0.581426094695146,-1.942351889536,0.894928663632419,-0.0153112479545412,2.034960e-01,0.000000e+00,stable,stable,not_audited
2292,-0.920953282810856,-0.821599718508929,0.190799879081529,-0.0126780229762002,2.034975e-01,0.000000e+00,stable,stable,not_audited
2293,-0.647395850122513,-0.560374217293485,0.161497469701689,0.00430890078775681,2.034978e-01,0.000000e+00,stable,stable,not_audited
2294,-0.553755793382932,-1.01795393172531,0.229143430504548,-0.00816918567690172,2.034984e-01,0.000000e+00,stable,stable,not_audited
2295,-0.549856702720931,-1.60321274838732,0.654680095420163,0.0130834925109173,2.034994e-01,0.000000e+00,stable,stable,not_audited
2296,-0.514197830059264,-1.06199231587849,0.0709399570813455,-0.00793905009642937,2.035023e-01,0.000000e+00,stable,stable,not_audited
2297,-0.897857072181354,-0.375619409771853,1.85096820182871,-0.00910345920531874,2.035082e-01,0.000000e+00,stable,stable,not_audited
2298,-0.590079449693207,-1.33722157953723,0.56314698876622,0.0129377382624143,2.035192e-01,0.000000e+00,stable,stable,not_audited
2299,-0.939211187429465,-1.67104793580107,0.0722487283461662,0.0199538426071832,2.035207e-01,0.000000e+00,stable,stable,not_audited
2300,-0.508916466705564,-0.912011052771935,0.438145420318714,0.00646230333175524,2.035262e-01,0.000000e+00,stable,stable,not_audited
2301,-0.859711482390939,-1.39061706484075,0.403430485785364,0.0178980635318657,2.035278e-01,0.000000e+00,stable,stable,not_audited
2302,-0.967239347969932,-0.259258777949761,0.388201296754385,-0.0102245189570829,2.035278e-01,0.000000e+00,stable,stable,not_audited
2303,-0.743136100567851,-0.693075550951653,0.104484835235928,0.0100817882836366,2.035284e-01,0.000000e+00,stable,stable,not_audited
2304,-0.798271487658036,-1.90546264993691,1.40857798959656,0.0208142078651155,2.035334e-01,0.000000e+00,stable,stable,not_audited
2305,-0.833424755322754,-1.32895357998603,1.44287623487745,0.0178152038090276,2.035369e-01,0.000000e+00,stable,stable,not_audited
2306,-0.768039823111159,-1.44337272429749,0.181421941248522,0.0180214085329862,2.035411e-01,0.000000e+00,stable,stable,not_audited
2307,-0.341119949039828,-1.8202067589915,0.523463315381432,-0.0142850181187606,2.035442e-01,0.000000e+00,stable,stable,not_audited
2308,-0.403169696355786,-1.9154174460135,0.163456770092435,0.0163501134126971,2.035459e-01,0.000000e+00,stable,stable,not_audited
2309,-0.914193714896462,-0.853124879390201,0.100793464246349,-0.016460971138319,2.035523e-01,0.000000e+00,stable,stable,not_audited
2310,-0.587412132836696,-1.95304009503099,0.125873091762218,0.0203583633236177,2.035561e-01,0.000000e+00,stable,stable,not_audited
2311,-0.18940518953001,-1.87970196138258,1.13343040412274,0.0124260853190963,2.035572e-01,0.000000e+00,stable,stable,not_audited
2312,-0.765943976495066,-1.62810239056048,0.115859479329707,-0.0208165681472154,2.035585e-01,0.000000e+00,stable,stable,not_audited
2313,-0.178006008846766,-1.7722277127151,1.96600811838744,0.0113639712083846,2.035690e-01,0.000000e+00,stable,stable,not_audited
2314,-0.69384034575221,-0.464598905262244,0.184429828934793,-0.00630931777574339,2.035784e-01,0.000000e+00,stable,stable,not_audited
2315,0.030412189626555,-1.98449693069868,0.131425222540082,-0.00829021187011048,2.035792e-01,0.000000e+00,stable,stable,not_audited
2316,-0.0842496021019024,-1.64190254424591,0.873632086202926,0.00490809146122118,2.035795e-01,0.000000e+00,stable,stable,not_audited
2317,-0.876905042964252,-1.29959597198269,1.87668076485075,-0.0232611376346603,2.035808e-01,0.000000e+00,stable,stable,not_audited
2318,-0.660725567183997,-0.546135147708466,1.6591946236285,0.00703658264327878,2.035810e-01,0.000000e+00,stable,stable,not_audited
2319,-0.977294398763061,-1.15609061397734,0.309960873044377,-0.0249327826093344,2.035808e-01,0.000000e+00,stable,stable,not_audited
2320,-0.400108808990998,-1.77531385475631,1.9379151005172,-0.0194389619024125,2.035808e-01,0.000000e+00,stable,stable,not_audited
2321,-0.65275455067005,-1.60800521203949,0.381521921889974,-0.0231018203382189,2.035807e-01,0.000000e+00,stable,stable,not_audited
2322,-0.826567036072888,-0.889153372829502,0.0520426010066836,-0.0190886178548912,2.035806e-01,0.000000e+00,stable,stable,not_audited
2323,-0.894420259160784,-1.38106542175224,0.314781487784293,0.0255790583226911,2.035806e-01,0.000000e+00,stable,stable,not_audited
2324,-0.997619910960114,-0.460413722676968,1.27224188845333,-0.0181231889968767,2.035803e-01,0.000000e+00,stable,stable,not_audited
2325,-0.912790454972043,-0.777440147414377,1.21110028657344,0.0201324681555559,2.035796e-01,0.000000e+00,stable,stable,not_audited
2326,-0.962791370433799,-1.70817189632041,0.810571671182121,-0.0302851329817861,2.035784e-01,0.000000e+00,stable,stable,not_audited
2327,-0.613718687543971,-1.9405116867231,0.14396800228563,-0.0265648976006747,2.035772e-01,0.000000e+00,stable,stable,not_audited
2328,-0.835499376096596,-1.90864347499744,0.472542509031672,0.0304811636692,2.035759e-01,0.000000e+00,stable,stable,not_audited
2329,-0.367017550729114,-1.51586924684887,0.180875647909623,0.0161314008473719,2.035741e-01,0.000000e+00,stable,stable,not_audited
2330,-0.692710311550963,-1.64714348030281,1.7280806179311,-0.025921481707708,2.035736e-01,0.000000e+00,stable,stable,not_audited
2331,-0.738866682338177,-1.87498945997101,1.15685503516713,-0.0294939383338699,2.035706e-01,0.000000e+00,stable,stable,not_audited
2332,-0.676841742653921,-1.74709388814485,0.363982683865301,-0.0273530780697855,2.035688e-01,0.000000e+00,stable,stable,not_audited
2333,-0.32312807128339,-1.62642479781404,1.45815037449711,-0.0170947215754134,2.035679e-01,0.000000e+00,stable,stable,not_audited
2334,-0.932131137421869,-0.610728496495067,0.338380814064139,-0.0201419525741331,2.035678e-01,0.000000e+00,stable,stable,not_audited
2335,-0.68573261393888,-1.97469628236678,0.0645752141408286,-0.0299020870351061,2.035677e-01,0.000000e+00,stable,stable,not_audited
2336,-0.708122126692341,-1.9052460743373,1.06498523333669,-0.0297087047276297,2.035675e-01,0.000000e+00,stable,stable,not_audited
2337,-0.634308848089369,-1.29293298273949,0.477047061798234,-0.0213820532470015,2.035672e-01,0.000000e+00,stable,stable,not_audited
2338,-0.800349082835915,-0.872051011793703,0.0516452602176918,0.0202139197190911,2.035669e-01,0.000000e+00,stable,stable,not_audited
2339,-0.892723880325208,-0.412747990077251,1.53240992944498,0.0159907141923794,2.035660e-01,0.000000e+00,stable,stable,not_audited
2340,-0.703457026244148,-0.787035418313276,0.268490340244797,0.0160149680602091,2.035648e-01,0.000000e+00,stable,stable,not_audited
2341,-0.763818151695377,-1.44885947580027,0.124981851546653,-0.0266398992519825,2.035647e-01,0.000000e+00,stable,stable,not_audited
2342,-0.963795428613872,-0.908520886609648,0.0605074248229568,0.0258405793147527,2.035592e-01,0.000000e+00,stable,stable,not_audited
2343,-0.00829689657761412,-1.92707117414312,0.167646065808771,0.0109291582582589,2.035589e-01,0.000000e+00,stable,stable,not_audited
2344,-0.873045010141424,-0.638233645733059,0.0927258206007847,0.020001788214822,2.035571e-01,0.000000e+00,stable,stable,not_audited
2345,-0.848024970223818,-1.19639004808115,0.0751506311777738,-0.0268972784342991,2.035568e-01,0.000000e+00,stable,stable,not_audited
2346,-0.737733064446997,-1.70757308390834,1.71373335839566,-0.0301270504941502,2.035568e-01,0.000000e+00,stable,stable,not_audited
2347,-0.443318892915174,-1.89721625556501,0.181663446389404,0.0257285082877106,2.035560e-01,0.000000e+00,stable,stable,not_audited
2348,-0.454708426258758,-1.89845720875389,0.876567358860723,-0.0262689186238414,2.035548e-01,0.000000e+00,stable,stable,not_audited
2349,-0.37399855144434,-1.60977951852689,0.677718057464005,-0.0199802042320125,2.035544e-01,0.000000e+00,stable,stable,sim_perturbative
2350,-0.87317453365063,-1.47084573684572,0.0743338797376977,-0.0315014039908643,2.035530e-01,0.000000e+00,stable,stable,not_audited
2351,-0.184950141809024,-1.67718554153787,0.0508911649937043,-0.0144072085788067,2.035519e-01,0.000000e+00,stable,stable,not_audited
2352,-0.608297505512451,-1.67658982539841,1.19772747425784,0.0284245177051359,2.035517e-01,0.000000e+00,stable,stable,not_audited
2353,-0.68523237713363,-1.0346672761596,0.0620468275992719,-0.0215714787330716,2.035516e-01,0.000000e+00,stable,stable,not_audited
2354,-0.492768524042501,-1.92153051608693,1.04576088754354,-0.0287036436767754,2.035516e-01,0.000000e+00,stable,stable,not_audited
2355,-0.323795370709485,-1.61475316898931,0.895403386962646,-0.0193265424440701,2.035515e-01,0.000000e+00,stable,stable,not_audited
2356,-0.683349391128616,-1.25444957669661,0.203760956353986,-0.0253677308209344,2.035516e-01,0.000000e+00,stable,stable,not_audited
2357,-0.920677515731364,-0.787143522872475,0.125948907601032,-0.0256544156881311,2.035517e-01,0.000000e+00,stable,stable,not_audited
2358,-0.874632024460294,-1.27000734455181,1.61953088188877,0.0309683872838709,2.035519e-01,0.000000e+00,stable,stable,not_audited
2359,-0.271370171195113,-1.79665733439389,0.211681230462488,0.0215881547441668,2.035530e-01,0.000000e+00,stable,stable,not_audited
2360,-0.995178493077399,-0.229005889835389,0.202707998625815,0.0193156431582233,2.035532e-01,0.000000e+00,stable,stable,not_audited
2361,-0.956580153352983,-1.54823126590892,0.19661012154675,-0.0375814955298637,2.035542e-01,0.000000e+00,stable,stable,not_audited
2362,-0.284480540867385,-1.72447949745135,0.255733329214063,0.0215854367747106,2.035549e-01,0.000000e+00,stable,stable,not_audited
2363,-0.269452334292929,-1.6347320252383,0.624047465638181,-0.0191133048592902,2.035550e-01,0.000000e+00,stable,stable,not_audited
2364,-0.818905600495992,-0.574314154663815,0.078063336713092,-0.0200412336244022,2.035550e-01,0.000000e+00,stable,stable,not_audited
2365,-0.584771288001541,-1.72579450450818,0.0870461385602727,0.0316141348499768,2.035550e-01,0.000000e+00,stable,stable,not_audited
2366,-0.862407294808011,-1.18199459877958,0.371180653597345,0.0320144916688387,2.035549e-01,0.000000e+00,stable,stable,not_audited
2367,-0.0450597868106806,-1.83420571401341,0.334400338125813,0.0124428011030848,2.035549e-01,0.000000e+00,stable,stable,not_audited
2368,-0.996083818678052,-1.7011045329221,0.227884327782254,0.0416590409647535,2.035548e-01,0.000000e+00,stable,stable,not_audited
2369,-0.683346956682967,-1.88656349033354,0.658083564377043,0.0366569445313165,2.035548e-01,0.000000e+00,stable,stable,not_audited
2370,-0.0928304227726682,-1.75961488562249,0.0662005223281076,0.0132138881643411,2.035548e-01,0.000000e+00,stable,stable,not_audited
2371,-0.586339882311946,-1.89289166753897,0.823013922287583,0.0346245521854347,2.035544e-01,0.000000e+00,stable,stable,not_audited
2372,-0.9425450473763,-1.93869111372984,1.62359454909105,-0.0435523255999879,2.035543e-01,0.000000e+00,stable,stable,not_audited
2373,-0.327413447031419,-1.58001862456148,1.092831504572,-0.021615925161087,2.035521e-01,0.000000e+00,stable,stable,not_audited
2374,-0.497052157034272,-1.45162546663253,0.223056509172214,-0.0259520995029985,2.035519e-01,0.000000e+00,stable,stable,not_audited
2375,-0.92868840396577,-1.135612498024,1.12562268581902,0.0349180167411212,2.035512e-01,0.000000e+00,stable,stable,not_audited
2376,-0.542646646451698,-1.90760900449937,0.180124959767263,0.0350091561827925,2.035510e-01,0.000000e+00,stable,stable,not_audited
2377,-0.596191798746952,-1.53212181404184,0.257391067020481,0.0311245977790509,2.035506e-01,0.000000e+00,stable,stable,not_audited
2378,-0.764186515649373,-0.595929101621331,0.970747615889926,-0.0194797527528747,2.035497e-01,0.000000e+00,stable,stable,not_audited
2379,-0.469043983381818,-1.35230207183712,0.472988007784091,-0.0234413069748971,2.035496e-01,0.000000e+00,stable,stable,not_audited
2380,-0.799311890190452,-1.30164014819482,0.313395296147654,0.0342072430209948,2.035495e-01,0.000000e+00,stable,stable,not_audited
2381,-0.844648394973486,-1.99934421300683,0.539422522295179,-0.0448490391525493,2.035489e-01,0.000000e+00,stable,stable,not_audited
2382,-0.856504397389383,-0.595502570863187,1.4131130874942,0.0244259038543171,2.035486e-01,0.000000e+00,stable,stable,not_audited
2383,-0.619260479334388,-1.54521843695455,1.23638694108725,-0.0333677699666273,2.035487e-01,0.000000e+00,stable,stable,not_audited
2384,-0.658756756013597,-1.63611281821664,0.38921085281115,-0.0369594384479666,2.035505e-01,0.000000e+00,stable,stable,not_audited
2385,-0.241418405053154,-1.93331363788614,1.35982657999266,-0.0275695093755695,2.035508e-01,0.000000e+00,stable,stable,not_audited
2386,-0.233836837507448,-1.77335860515227,0.137885326742999,-0.0242399566686842,2.035531e-01,0.000000e+00,stable,stable,not_audited
2387,-0.19089551992551,-1.6661379812629,0.111170311132446,0.0189474910210654,2.035533e-01,0.000000e+00,stable,stable,not_audited
2388,-0.883246264225963,-1.51066629349265,0.99120255677733,-0.0431001204111776,2.035535e-01,0.000000e+00,stable,stable,not_audited
2389,-0.425374391192183,-1.19112760975998,0.337107563803549,-0.0189256429568874,2.035536e-01,0.000000e+00,stable,stable,not_audited
2390,-0.826072045261551,-1.11494250291302,1.00019890449826,-0.035535646836288,2.035534e-01,0.000000e+00,stable,stable,not_audited
2391,-0.327653263463842,-1.67254166872938,0.762934138626372,-0.0272604886414072,2.035519e-01,0.000000e+00,stable,stable,not_audited
2392,-0.894697603982123,-0.640569017420084,0.0574521607911837,0.0296779727906347,2.035514e-01,0.000000e+00,stable,stable,not_audited
2393,-0.607809490657423,-1.80845222645006,0.446638708222361,0.0410305910895468,2.035498e-01,0.000000e+00,stable,stable,not_audited
2394,-0.531122655059896,-1.38634396856713,0.304188770499343,-0.0306989411909102,2.035483e-01,0.000000e+00,stable,stable,not_audited
2395,-0.825288765905345,-1.088889681537,0.107440436636303,-0.0367404109832539,2.035476e-01,0.000000e+00,stable,stable,not_audited
2396,-0.700352106497656,-1.66297874814702,0.123828396667374,0.0425986117842458,2.035470e-01,0.000000e+00,stable,stable,not_audited
2397,-0.625822734622294,-1.74251404814439,0.0740909529935488,-0.0420726857399607,2.035466e-01,0.000000e+00,stable,stable,not_audited
2398,-0.634695245830834,-1.52110659613861,0.421057260253093,-0.0385214806953118,2.035466e-01,0.000000e+00,stable,stable,not_audited
2399,-0.998695589604731,-0.222161245629374,0.701662992763404,-0.0259650458438194,2.035467e-01,0.000000e+00,stable,stable,not_audited
2400,-0.662009221894918,-1.30782081837618,0.101979647819905,0.0357105847124979,2.035468e-01,0.000000e+00,stable,stable,not_audited
2401,-0.658574464889394,-1.96209251495209,0.0541869330725736,-0.0471659093584595,2.035469e-01,0.000000e+00,stable,stable,not_audited
2402,-0.225038216021402,-1.63760661650217,1.35713842333441,-0.0221741483683593,2.035470e-01,0.000000e+00,stable,stable,not_audited
2403,-0.939304982277402,-0.918969141888313,0.120480843168196,-0.0391373601751459,2.035471e-01,0.000000e+00,stable,stable,not_audited
2404,-0.706489575731447,-1.55978815997136,0.10048816028248,-0.0423883905351874,2.035472e-01,0.000000e+00,stable,stable,not_audited
2405,-0.617424897735319,-1.08879962961992,0.144084124433844,0.0290811718285697,2.035473e-01,0.000000e+00,stable,stable,not_audited
2406,-0.641495531065325,-1.00517470138189,0.0700255904695553,-0.0282019972526506,2.035473e-01,0.000000e+00,stable,stable,sim_perturbative
2407,-0.998206766272562,-1.87188896458977,0.225274997524342,0.0559850386438381,2.035473e-01,0.000000e+00,stable,stable,not_audited
2408,-0.676592828826193,-1.62094226236928,0.35494073289802,-0.0426113711118359,2.035474e-01,0.000000e+00,stable,stable,not_audited
2409,-0.974590932428122,-1.85051990160259,0.654798195142013,-0.0556162940776062,2.035475e-01,0.000000e+00,stable,stable,not_audited
2410,-0.934369041755779,-0.791225938496156,0.29235528959258,-0.0371175916282525,2.035475e-01,0.000000e+00,stable,stable,not_audited
2411,-0.902293375424036,-0.916427902158627,0.426462888632349,0.0386785820518467,2.035471e-01,0.000000e+00,stable,stable,not_audited
2412,-0.377860618340461,-1.72947789431722,0.0576676267695486,0.033677268847407,2.035470e-01,0.000000e+00,stable,stable,not_audited
2413,-0.600913105462875,-1.79268875907003,0.0627117405846731,0.0438184540897097,2.035470e-01,0.000000e+00,stable,stable,not_audited
2414,-0.628134294854676,-1.64172932602887,0.370082060892232,0.042104699555499,2.035470e-01,0.000000e+00,stable,stable,not_audited
2415,-0.579412556036318,-0.97566749301523,1.61531883369594,-0.0243837892245635,2.035470e-01,0.000000e+00,stable,stable,not_audited
2416,-0.991492006680271,-1.87977077523828,1.31029831287941,-0.057287573652431,2.035468e-01,0.000000e+00,stable,stable,not_audited
2417,-0.847895986496382,-0.432249697313285,0.0647217272120763,0.0243572711228479,2.035464e-01,0.000000e+00,stable,stable,not_audited
2418,-0.555420666656239,-1.24834603944689,0.665835068514549,-0.031083085564608,2.035459e-01,0.000000e+00,stable,stable,not_audited
2419,-0.838595541106329,-0.774152204248489,0.248046559844888,0.0333684444100477,2.035459e-01,0.000000e+00,stable,stable,not_audited
2420,-0.722414820638091,-1.26905360349199,0.516956867500421,-0.0391205960365411,2.035459e-01,0.000000e+00,stable,stable,not_audited
2421,-0.930367669687127,-1.83159420516816,0.118001374637729,0.0555916517539061,2.035458e-01,0.000000e+00,stable,stable,not_audited
2422,-0.884855284845896,-1.89814445013299,0.9552016265895,-0.0553604223042439,2.035457e-01,0.000000e+00,stable,stable,not_audited
2423,-0.190763013354258,-1.62207599389065,1.7750217129707,-0.0201632790378665,2.035456e-01,0.000000e+00,stable,stable,not_audited
2424,-0.609061959665851,-0.789300914294728,1.7684412074182,0.0203522365732267,2.035455e-01,0.000000e+00,stable,stable,not_audited
2425,-0.319736563771336,-1.99993393263646,0.484743907199452,0.0379116733447007,2.035455e-01,0.000000e+00,stable,stable,not_audited
2426,-0.363062164944401,-1.22410181225568,0.793938972468583,-0.0180127434624544,2.035455e-01,0.000000e+00,stable,stable,not_audited
2427,-0.543099548721879,-1.71866211076571,0.138202429511532,-0.0424016145097614,2.035480e-01,0.000000e+00,stable,stable,not_audited
2428,-0.200642958188036,-1.81312579956028,0.995731706527035,0.0288507302773073,2.035476e-01,0.000000e+00,stable,stable,not_audited
2429,-0.490805263693406,-1.26125460610216,1.12357826776214,-0.0298161869752669,2.035470e-01,0.000000e+00,stable,stable,not_audited
2430,-0.998118610566471,-1.79976442296908,0.270654938524763,0.0613034609075109,2.035453e-01,0.000000e+00,stable,stable,not_audited
2431,-0.999600678144178,-1.95582719932386,0.785341732265589,-0.063683579356701,2.035452e-01,0.000000e+00,stable,stable,not_audited
2432,-0.909789550849039,-1.19859488746337,1.52320020477375,-0.0483973932879103,2.035450e-01,0.000000e+00,stable,stable,not_audited
2433,-0.96629257182783,-1.21181536764667,0.240838151410112,-0.0507669739606911,2.035449e-01,0.000000e+00,stable,stable,not_audited
2434,-0.935954076805452,-1.60734521248313,0.201912367295293,0.056535274036039,2.035449e-01,0.000000e+00,stable,stable,not_audited
2435,-0.0934200293456594,-1.83123557684795,0.141039079004948,0.0223618854232872,2.035446e-01,0.000000e+00,stable,stable,not_audited
2436,-0.899477054226641,-0.588189933729171,0.162952282556495,-0.0346889043569019,2.035446e-01,0.000000e+00,stable,stable,sim_perturbative
2437,-0.370895936858552,-1.52782070384681,0.0640199216001615,-0.0318003318756421,2.035451e-01,0.000000e+00,stable,stable,not_audited
2438,-0.198867961491991,-1.58127291504401,0.0777555343570557,-0.0213164762247602,2.035444e-01,0.000000e+00,stable,stable,not_audited
2439,-0.360204435537402,-1.44470320074788,0.0500190109613153,0.0288116956294031,2.035441e-01,0.000000e+00,stable,stable,not_audited
2440,-0.880299493211462,-1.10216979363605,0.861030306099402,-0.0472853761214025,2.035440e-01,0.000000e+00,stable,stable,not_audited
2441,-0.469825334731359,-1.7943643280119,0.0838935690916316,0.0444920090447525,2.035440e-01,0.000000e+00,stable,stable,not_audited
2442,-0.852909238229372,-0.338818851364592,0.221471621755976,0.0246482759377971,2.035454e-01,0.000000e+00,stable,stable,not_audited
2443,-0.946009793135776,-1.3988873170849,0.933695387691778,-0.0565980887012623,2.035462e-01,0.000000e+00,stable,stable,not_audited
2444,-0.481133844434185,-1.92397626724545,0.0575958068369324,0.0486352511692636,2.035464e-01,0.000000e+00,stable,stable,not_audited
2445,-0.571538328795113,-0.859140698900537,0.899858484481467,-0.0230506310955318,2.035471e-01,0.000000e+00,stable,stable,not_audited
2446,-0.475794266794324,-1.58988269862896,1.07747167254178,-0.0410333136905432,2.035468e-01,0.000000e+00,stable,stable,not_audited
2447,-0.50828920160073,-1.38033976718596,0.0526462769414037,0.0373144589117782,2.035456e-01,0.000000e+00,stable,stable,not_audited
2448,-0.871164584683887,-1.19668721876045,1.64511293812674,0.0506516185502099,2.035452e-01,0.000000e+00,stable,stable,not_audited
2449,-0.823595546054396,-0.604136849817473,1.88840114368842,0.0330171495750151,2.035443e-01,0.000000e+00,stable,stable,not_audited
2450,-0.188680876694164,-1.77831827594362,0.279228534354803,0.0299994737776665,2.035436e-01,0.000000e+00,stable,stable,not_audited
2451,-0.931092763863347,-1.46914442846054,0.178136612900289,-0.0595911108013318,2.035439e-01,0.000000e+00,stable,stable,not_audited
2452,-0.919597150832759,-1.91467558475144,1.82672365473779,0.0671360677117945,2.035440e-01,0.000000e+00,stable,stable,not_audited
2453,-0.575502264774617,-1.17487853817425,1.75821024004293,-0.0362616628687158,2.035435e-01,0.000000e+00,stable,stable,not_audited
2454,-0.417836014489307,-1.5390304291703,1.05686448075279,0.037952174856696,2.035432e-01,0.000000e+00,stable,stable,not_audited
2455,-0.143958821557477,-1.8785016396629,0.219247908997774,0.0310381181562662,2.035432e-01,0.000000e+00,stable,stable,not_audited
2456,-0.668334260895697,-1.05255505677174,0.389639007675703,-0.0387733275093733,2.035450e-01,0.000000e+00,stable,stable,not_audited
2457,-0.233639283245639,-1.61220840985258,0.327192711319715,0.0278684057199108,2.035453e-01,0.000000e+00,stable,stable,not_audited
2458,-0.729247156619381,-0.979159120746927,0.91522894005644,-0.0404375876036596,2.035461e-01,0.000000e+00,stable,stable,not_audited
2459,-0.68124218468121,-0.789966271858681,0.106396314832484,-0.0309417952602411,2.035461e-01,0.000000e+00,stable,stable,not_audited
2460,-0.803352647365375,-0.456054560290724,0.269756183718049,-0.0273471508208221,2.035460e-01,0.000000e+00,stable,stable,not_audited
2461,-0.452393662134556,-1.29041645085108,0.546632188836142,-0.0327576481633094,2.035450e-01,0.000000e+00,stable,stable,not_audited
2462,-0.524635015391465,-1.60601171687258,0.0570282040243029,-0.0467847353291295,2.035445e-01,0.000000e+00,stable,stable,not_audited
2463,-0.431009613493447,-1.7294092112364,0.227400805209651,0.045232954911441,2.035436e-01,0.000000e+00,stable,stable,not_audited
2464,-0.946313980638619,-1.98395878190867,0.141174138769132,0.0723043769734102,2.035429e-01,0.000000e+00,stable,stable,not_audited
2465,-0.814789209379333,-1.02288617906336,0.685450569204371,-0.0478009430445445,2.035427e-01,0.000000e+00,stable,stable,not_audited
2466,-0.952627371790835,-1.70265144206729,0.338014182609495,0.0686637374607586,2.035427e-01,0.000000e+00,stable,stable,not_audited
2467,-0.819682234772119,-1.14083665474945,0.543397414132686,0.0511537500050667,2.035428e-01,0.000000e+00,stable,stable,not_audited
2468,-0.409254272701934,-1.76990309249413,0.347002006693294,0.0461484644743591,2.035428e-01,0.000000e+00,stable,stable,not_audited
2469,-0.765539226676782,-1.00159619429084,0.433180783277209,0.0446177319098284,2.035429e-01,0.000000e+00,stable,stable,not_audited
2470,-0.627902181898283,-1.243979122044,0.12328004019702,-0.0437676198929458,2.035435e-01,0.000000e+00,stable,stable,not_audited
2471,-0.630769341010976,-0.917272950738504,0.125787728821134,0.0331490476761482,2.035441e-01,0.000000e+00,stable,stable,not_audited
2472,-0.63290417496865,-1.3311303885679,1.81130212858469,-0.0466661342818215,2.035447e-01,0.000000e+00,stable,stable,not_audited
2473,-0.852933269102261,-1.39924503730302,0.105669249979198,-0.059381408218472,2.035453e-01,0.000000e+00,stable,stable,not_audited
2474,-0.883483501931882,-0.772633860141903,0.313008302246075,0.0453609936372894,2.035450e-01,0.000000e+00,stable,stable,not_audited
2475,-0.897513639244804,-1.57823873657182,0.127343466140614,0.0651051192558532,2.035446e-01,0.000000e+00,stable,stable,not_audited
2476,-0.506674701672906,-1.67825286856633,0.327837066149537,0.0497540658510398,2.035432e-01,0.000000e+00,stable,stable,not_audited
2477,-0.84111457209829,-0.402068467260556,0.206083685108634,-0.0297720465778268,2.035425e-01,0.000000e+00,stable,stable,not_audited
2478,-0.751908851120672,-0.986205295498824,0.127967281112149,0.0444113200265059,2.035427e-01,0.000000e+00,stable,stable,not_audited
2479,-0.732621794355445,-1.94825377385223,0.170790407314077,0.0666538429047367,2.035428e-01,0.000000e+00,stable,stable,not_audited
2480,-0.461254257885993,-1.1200203512615,0.253518708745548,0.0279639858026663,2.035429e-01,0.000000e+00,stable,stable,not_audited
2481,-0.520879295076879,-1.81334868751095,0.115295742987271,0.0544427866707662,2.035428e-01,0.000000e+00,stable,stable,not_audited
2482,-0.387338633258955,-1.87985349132422,1.32106951578119,-0.0492783890887678,2.035428e-01,0.000000e+00,stable,stable,not_audited
2483,-0.328148190159336,-1.96490468784403,0.38236125713724,0.0486111330964873,2.035423e-01,0.000000e+00,stable,stable,not_audited
2484,-0.732435291909013,-1.92774051546914,0.128879576033233,-0.0670188674311427,2.035438e-01,0.000000e+00,stable,stable,not_audited
2485,-0.686731118018377,-1.37081067677507,0.822288061359573,0.0522549340205378,2.035449e-01,0.000000e+00,stable,stable,not_audited
2486,-0.885452811131133,-1.28667841528812,0.0545204650698204,-0.0600461785923305,2.035452e-01,0.000000e+00,stable,stable,not_audited
2487,-0.490150433239851,-0.849746206581079,0.44052005788395,-0.0148932316347725,2.035444e-01,0.000000e+00,stable,stable,not_audited
2488,-0.543169068539375,-1.41317385301908,1.71215652481418,0.045583204331257,2.035443e-01,0.000000e+00,stable,stable,not_audited
2489,-0.845753665550219,-1.12196165923506,0.438917693938354,-0.0544725093331171,2.035425e-01,0.000000e+00,stable,stable,not_audited
2490,-0.662770919922475,-1.15561141958682,0.983604393606051,0.0451930000958587,2.035424e-01,0.000000e+00,stable,stable,not_audited
2491,-0.637881139519665,-1.48364936258422,0.745101139821887,-0.0531318808678196,2.035422e-01,0.000000e+00,stable,stable,not_audited
2492,-0.947713587439286,-0.778563675884907,0.321527556803876,0.0509818940047779,2.035424e-01,0.000000e+00,stable,stable,not_audited
2493,-0.544732561019377,-1.30312603833308,0.11916345157847,-0.0426933004497951,2.035424e-01,0.000000e+00,stable,stable,not_audited
2494,-0.776874294691656,-0.662959399041381,0.38071257410332,-0.0364049056811719,2.035422e-01,0.000000e+00,stable,stable,not_audited
2495,-0.763972620920679,-1.83950856257822,1.55519831461833,0.0679859843593849,2.035422e-01,0.000000e+00,stable,stable,not_audited
2496,-0.994628348854361,-0.865935400599849,0.155056406083318,0.0568831153507539,2.035419e-01,0.000000e+00,stable,stable,not_audited
2497,-0.817379612732751,-1.68519252695231,0.120474106185717,-0.0680087610865354,2.035424e-01,0.000000e+00,stable,stable,not_audited
2498,-0.867097412579662,-0.342377530802316,0.0606406829644474,0.0312412039906764,2.035442e-01,0.000000e+00,stable,stable,not_audited
2499,-0.689782470601404,-0.40343393014989,1.41878890787666,-0.00995094305472422,2.035448e-01,0.000000e+00,stable,stable,not_audited
2500,-0.685293549947924,-1.61380404738959,0.259676312834881,0.0609803356567307,2.035434e-01,0.000000e+00,stable,stable,not_audited
2501,-0.645286047971702,-1.26649014890987,0.0676674260416016,-0.0493941035085035,2.035420e-01,0.000000e+00,stable,stable,not_audited
2502,-0.754488559441828,-1.86497580389735,0.647942194942481,0.0700667642257393,2.035420e-01,0.000000e+00,stable,stable,not_audited
2503,-0.996366611447053,-1.3245555021226,1.34360805505224,-0.0688899396985767,2.035418e-01,0.000000e+00,stable,stable,not_audited
2504,-0.997639847525026,-1.70298551984143,0.100194607510114,0.0770037971764332,2.035422e-01,0.000000e+00,stable,stable,not_audited
2505,-0.511748224262042,-1.38617506039342,0.439560639878152,0.044930498622386,2.035417e-01,0.000000e+00,stable,stable,not_audited
2506,-0.876439449380908,-1.75436921658,1.91478229390131,0.0734320532426982,2.035420e-01,0.000000e+00,stable,stable,not_audited
2507,-0.679116075775514,-1.59510172283424,0.828047868428603,-0.0610209306859169,2.035445e-01,0.000000e+00,stable,stable,not_audited
2508,-0.389999785489027,-1.97315731225572,0.523493075975571,-0.0557742323765125,2.035433e-01,0.000000e+00,stable,stable,not_audited
2509,-0.796577091781187,-0.974733491989999,0.0703910766258215,0.0504462869688762,2.035417e-01,0.000000e+00,stable,stable,not_audited
2510,-0.924519492539499,-0.233451586167144,1.19972094710691,0.0322839823349761,2.035419e-01,0.000000e+00,stable,stable,not_audited
2511,-0.922275003458159,-0.502896033458429,0.0745735947466727,-0.0435025138839866,2.035447e-01,0.000000e+00,stable,stable,not_audited
2512,-0.812838845519401,-1.14111029342411,0.95890855358835,0.0571644395844895,2.035415e-01,0.000000e+00,stable,stable,not_audited
2513,-0.995784138640608,-1.60813285984299,0.417962264248455,-0.077531364967496,2.035414e-01,0.000000e+00,stable,stable,not_audited
2514,-0.722600448368194,-1.78935115046671,1.60286011404684,-0.0700273055967469,2.035413e-01,0.000000e+00,stable,stable,not_audited
2515,-0.616004132129279,-0.885914807292091,1.89288298297792,-0.0349986199858587,2.035429e-01,0.000000e+00,stable,stable,not_audited
2516,-0.916111823525762,-1.1160429924159,0.819753683347279,-0.0632104640349935,2.035447e-01,0.000000e+00,stable,stable,not_audited
2517,-0.86467748306458,-0.618064522473369,0.79002180474519,-0.0446746001565208,2.035441e-01,0.000000e+00,stable,stable,not_audited
2518,-0.674171306582639,-1.08376645629396,1.21496444969717,0.0477613909246069,2.035427e-01,0.000000e+00,stable,stable,not_audited
2519,-0.925087666027293,-0.916350375844456,0.211620230787806,-0.0585490387776315,2.035426e-01,0.000000e+00,stable,stable,not_audited
2520,-0.676445262874718,-0.991015408966255,1.64284679625726,0.0450116139165235,2.035429e-01,0.000000e+00,stable,stable,not_audited
2521,-0.943225441093398,-1.35422217009134,0.323552235596968,0.0713311701201871,2.035440e-01,0.000000e+00,stable,stable,not_audited
2522,-0.637530608788581,-1.96661876981394,0.392505902368636,-0.0713732777078799,2.035447e-01,0.000000e+00,stable,stable,not_audited
2523,-0.374375064162476,-1.91757412340442,0.300364602068823,0.0563614182341601,2.035419e-01,0.000000e+00,stable,stable,not_audited
2524,-0.977428119654201,-0.752327789650436,0.067771290001447,0.0576470988903059,2.035411e-01,0.000000e+00,stable,stable,not_audited
2525,-0.932426108282259,-1.42821654469553,0.0697501990354903,-0.0734886646443333,2.035413e-01,0.000000e+00,stable,stable,not_audited
2526,-0.246597199017211,-1.72363103292927,0.262553509472603,-0.0404689927514401,2.035446e-01,0.000000e+00,stable,stable,not_audited
2527,-0.355295029692219,-1.4997961462573,0.0553821970143227,-0.0402265468031033,2.035412e-01,0.000000e+00,stable,stable,not_audited
2528,-0.81735079725059,-0.931149222862271,0.945029348917773,-0.0537230192147991,2.035411e-01,0.000000e+00,stable,stable,not_audited
2529,-0.777795754875171,-1.77551195997804,0.103033914341056,0.0747926664738503,2.035413e-01,0.000000e+00,stable,stable,not_audited
2530,-0.62488015910696,-1.11747767205162,0.257430860739597,-0.0467436334890912,2.035420e-01,0.000000e+00,stable,stable,not_audited
2531,-0.800589130094339,-1.64616961707394,0.89745448853739,-0.0728222833870418,2.035421e-01,0.000000e+00,stable,stable,not_audited
2532,-0.623342437141623,-1.05255075710207,0.0971572933666287,0.0442291929271805,2.035422e-01,0.000000e+00,stable,stable,not_audited
2533,-0.773561528256754,-0.874146977416088,0.473900207252583,-0.0489093190523582,2.035414e-01,0.000000e+00,stable,stable,not_audited
2534,-0.694659615625257,-0.384117356658136,0.593585647936103,-0.00915208467301887,2.035427e-01,0.000000e+00,stable,stable,not_audited
2535,-0.974914669562972,-0.611494224993496,0.134103467096562,-0.0539465342743985,2.035451e-01,0.000000e+00,stable,stable,not_audited
2536,-0.462664740287534,-0.963530843760686,0.345190554712182,0.0223506550950647,2.035421e-01,0.000000e+00,stable,stable,not_audited
2537,-0.92208382856181,-1.5682725178168,0.856925243697815,-0.0773395067101295,2.035418e-01,0.000000e+00,stable,stable,not_audited
2538,-0.276797822853992,-1.50099880258682,0.052586807076245,0.0331115412469707,2.035409e-01,0.000000e+00,stable,stable,not_audited
2539,-0.7761053683796,-0.595780544251648,0.05468469360507,0.0378798917614631,2.035457e-01,0.000000e+00,stable,stable,not_audited
2540,-0.413418062888199,-1.33062329316354,0.485288545610118,0.0383728974755,2.035413e-01,0.000000e+00,stable,stable,not_audited
2541,-0.751484366437078,-1.85882880699051,1.25140120368267,-0.0763624063238537,2.035452e-01,0.000000e+00,stable,stable,not_audited
2542,-0.541508637129299,-1.11279129356346,0.327049396552388,-0.0401784604348938,2.035436e-01,0.000000e+00,stable,stable,not_audited
2543,-0.0722146468893688,-1.94352217015738,1.91689400085404,-0.0350258590063552,2.035425e-01,0.000000e+00,stable,stable,not_audited
2544,-0.928063246004717,-0.312581594142785,1.87345355413932,0.0391445133347204,2.035409e-01,0.000000e+00,stable,stable,not_audited
2545,-0.975346283105924,-0.757842636309703,0.0591327014740744,0.0597772756435373,2.035489e-01,0.000000e+00,stable,stable,not_audited
2546,-0.405177770950998,-1.4198288147925,0.0609627014621602,-0.0424175564066769,2.035408e-01,0.000000e+00,stable,stable,not_audited
2547,-0.349791428924342,-1.70295691407502,0.438850309743493,-0.0495337181669959,2.035426e-01,0.000000e+00,stable,stable,not_audited
2548,-0.753754378918685,-0.443935624268884,1.04814572529212,-0.0276151067232597,2.035530e-01,0.000000e+00,stable,stable,not_audited
2549,-0.921264949774088,-0.415055727301105,0.197685540189059,-0.0442536449853301,2.036069e-01,0.000000e+00,stable,stable,not_audited
2550,-0.947771213427153,-1.67247548416597,0.846963863736682,-0.0838110349920582,2.037883e-01,0.000000e+00,stable,stable,not_audited
2551,-0.650906895907329,-1.81519940187668,0.950898616884374,-0.0727973411491629,inf,0.000000e+00,reject,stable,not_audited
2552,-0.739456689474949,-0.875803507815002,0.0791811836757616,-0.0484751638289367,inf,0.000000e+00,reject,stable,not_audited
2553,-0.462184687882673,-1.62295244585682,0.239822158916659,0.0561070522842111,inf,0.000000e+00,reject,stable,not_audited
2554,-0.772516577146669,-1.82250311431197,0.069726580833482,-0.0801409359138736,inf,0.000000e+00,reject,stable,not_audited
2555,-0.382299555565095,-1.05872128999085,0.268464093092539,0.0171038156961529,inf,0.000000e+00,reject,stable,not_audited
2556,-0.810256673148445,-0.993462857346745,0.127875599379541,-0.0587195261665867,inf,0.000000e+00,reject,stable,not_audited
2557,-0.722339146783805,-1.28333110035891,0.341658963172522,0.0625570694932969,inf,0.000000e+00,reject,stable,not_audited
2558,-0.369587913866256,-1.86599772447376,0.0514657648395149,0.0585323846768757,inf,0.000000e+00,reject,stable,not_audited
2559,-0.55865571822235,-0.979775960667209,0.126383754262462,-0.0373345582808147,inf,0.000000e+00,reject,stable,not_audited
2560,-0.104831359452371,-1.75330336126298,0.270429338836929,0.0293399347481769,inf,0.000000e+00,reject,stable,not_audited
2561,-0.530631559553152,-1.14125770076167,0.262888459912757,-0.0427938173351203,inf,0.000000e+00,reject,stable,not_audited
2562,-0.346857466341325,-1.95426296237446,1.21692164655006,-0.0604893394544621,inf,0.000000e+00,reject,stable,not_audited
2563,-0.715846392559331,-1.98576728069312,0.145358990827669,-0.0827314406897417,inf,0.000000e+00,reject,stable,not_audited
2564,-0.138842369515268,-1.62754730393985,1.74179756226743,0.0253435147925529,inf,0.000000e+00,reject,stable,not_audited
2565,-0.666536531758236,-1.93455866429651,0.378966835376679,-0.0794344093850816,inf,0.000000e+00,reject,stable,not_audited
2566,-0.221804752198207,-1.80048207351679,0.307752668462615,-0.0454118454791346,inf,0.000000e+00,reject,stable,not_audited
2567,-0.782185895088969,-1.08306482303637,0.0527972607237263,-0.0616187376927064,inf,0.000000e+00,reject,stable,not_audited
2568,-0.801244362845761,-1.54143890781558,0.284823273152981,-0.0768134031121634,inf,0.000000e+00,reject,stable,not_audited
2569,-0.432416683619749,-1.49142872208131,0.0928332584986081,-0.0507600726590138,inf,0.000000e+00,reject,stable,not_audited
2570,-0.673696438585559,-0.504612844330677,0.34158506023614,-0.020860808434271,inf,0.000000e+00,reject,stable,not_audited
2571,-0.83678797725808,-0.613678447253524,0.163386048645979,-0.0481667259777219,inf,0.000000e+00,reject,stable,not_audited
2572,-0.942520232159648,-1.67552854961161,0.0863136834775495,0.0885047863982322,inf,0.000000e+00,reject,stable,not_audited
2573,-0.52194871368468,-1.27625692262201,0.155306991187912,-0.0498248809291306,inf,0.000000e+00,reject,stable,not_audited
2574,-0.675802556670923,-1.45327489337966,0.114031842446319,-0.067821649174634,inf,0.000000e+00,reject,stable,sim_non_perturbative
2575,-0.747164464583229,-0.333901043971404,0.847150549126503,0.0184861691522662,inf,0.000000e+00,reject,stable,not_audited
2576,-0.557475003204795,-1.51756630735556,0.942974671848899,0.0621547131034674,inf,0.000000e+00,reject,stable,not_audited
2577,-0.73702294129121,-1.84435018377737,0.0560948518442002,-0.0828628244646312,inf,0.000000e+00,reject,stable,not_audited
2578,-0.898741560740408,-1.58061718119036,1.20030934095795,-0.0850915837095305,inf,0.000000e+00,reject,stable,not_audited
2579,-0.632340872172089,-1.58599432893126,0.251647718776093,0.0700208942400828,inf,0.000000e+00,reject,stable,not_audited
2580,-0.810931542887151,-1.4631414766318,1.63013598031901,-0.0772650792896705,inf,0.000000e+00,reject,stable,not_audited
2581,-0.256050151202948,-1.91294332166557,0.232320541452106,0.0552506608217898,inf,0.000000e+00,reject,stable,not_audited
2582,-0.965258271623297,-1.06391581962288,0.432017020168117,0.0751833218507296,inf,0.000000e+00,reject,stable,not_audited
2583,-0.165378406654351,-1.89352393339652,0.706773650892285,-0.0464342737320393,inf,0.000000e+00,reject,stable,not_audited
2584,-0.525774057335192,-1.35411298570918,0.0770357542362119,0.0549193822018319,inf,0.000000e+00,reject,stable,not_audited
2585,-0.619821713086821,-0.71565195643396,0.429041526530958,-0.0307621599156345,inf,0.000000e+00,reject,stable,not_audited
2586,-0.354938110252113,-1.86156073403884,0.471203150809024,-0.0616680093140178,inf,0.000000e+00,reject,stable,not_audited
2587,-0.381388743365708,-1.900771949035,1.19614673578257,-0.0651162053711563,inf,0.000000e+00,reject,stable,not_audited
2588,-0.316743511870497,-1.26870641389295,0.0640806512914406,-0.0266239112776627,inf,0.000000e+00,reject,stable,not_audited
2589,-0.916388688927623,-1.42386652094831,0.294958420078785,0.0837758376547915,inf,0.000000e+00,reject,stable,not_audited
2590,-0.976683102482134,-1.53656233643694,1.70727667543588,-0.0901523755206919,inf,0.000000e+00,reject,stable,not_audited
2591,-0.545170923322836,-1.52020057845921,0.0691570140961573,0.063411293720451,inf,0.000000e+00,reject,stable,not_audited
2592,-0.437805429098582,-1.06704836747832,1.37093074573949,0.0300270536189715,inf,0.000000e+00,reject,stable,not_audited
2593,-0.344222783945529,-1.79846312001466,0.217477377817068,0.0591277358965843,inf,0.000000e+00,reject,stable,not_audited
2594,-0.272520718132946,-1.34584902598766,0.170004295091959,-0.0258593029471434,inf,0.000000e+00,reject,stable,not_audited
2595,-0.977417400505429,-1.20256509263561,0.675639446585759,0.0818375991265605,inf,0.000000e+00,reject,stable,not_audited
2596,-0.966112709631179,0.112377487169827,0.662055817671144,-0.0182622177745606,inf,0.000000e+00,reject,stable,not_audited
2597,-0.572507132762603,-0.765439022721068,0.0524680261766824,0.0277976891083274,inf,0.000000e+00,reject,stable,not_audited
2598,-0.403634756211666,-1.77453157299135,0.491550486050962,0.0634318585773266,inf,0.000000e+00,reject,stable,not_audited
2599,-0.675354826400184,-1.40185663028924,0.124650295666623,0.0698048675349936,inf,0.000000e+00,reject,stable,not_audited
2600,-0.14104575753785,-1.88137392341323,0.707523254952109,0.0449244008101348,inf,0.000000e+00,reject,stable,not_audited
2601,-0.806157413468963,-0.913421776237773,0.566025403108423,0.0615452424001188,inf,0.000000e+00,reject,stable,not_audited
2602,-0.828536217062325,-1.27879220528318,0.0533050931715662,0.0761704717439549,inf,0.000000e+00,reject,stable,not_audited
2603,-0.541000070144807,-1.29158325472922,0.408645785518487,-0.05523976075329,inf,0.000000e+00,reject,stable,not_audited
2604,-0.592795481606957,-1.13696160485615,0.153724074329929,-0.0530295453358431,inf,0.000000e+00,reject,stable,not_audited
2605,-0.772002450292023,-1.70920720189838,0.168771328277972,-0.0861626591080209,inf,0.000000e+00,reject,stable,not_audited
2606,-0.280504411104761,-1.71430674185184,1.66601856150088,0.0509858679493891,inf,0.000000e+00,reject,stable,not_audited
2607,-0.748254039342436,-1.45741849525046,0.0746742230706789,0.0774172658646672,inf,0.000000e+00,reject,stable,not_audited
2608,-0.771693590763669,-0.511931771835631,0.389967025870346,0.0390089251887691,inf,0.000000e+00,reject,stable,not_audited
2609,-0.833230364058034,-0.662598467077478,0.104588054213782,0.0538821765204509,inf,0.000000e+00,reject,stable,not_audited
2610,-0.941831816206989,-1.32567963770355,0.20005561925029,0.0856171135526691,inf,0.000000e+00,reject,stable,not_audited
2611,-0.774700522239538,-1.02659484896221,0.130103990165547,-0.0645482754585278,inf,0.000000e+00,reject,stable,not_audited
2612,-0.89773329545396,-0.648096402691859,0.147261131703128,-0.0592684060765949,inf,0.000000e+00,reject,stable,not_audited
2613,-0.678185010304547,-0.823081548451074,0.0652683447125526,-0.0468123248549255,inf,0.000000e+00,reject,stable,not_audited
2614,-0.840567313323303,-1.37512851016481,0.300324548000844,-0.0816544466990441,inf,0.000000e+00,reject,stable,not_audited
2615,-0.431224622919633,-1.88758056452828,0.0743831129927914,-0.0714619659782143,inf,0.000000e+00,reject,stable,not_audited
2616,-0.936782630581762,-0.807438574257743,1.27376375078556,0.0690266354808249,inf,0.000000e+00,reject,stable,not_audited
2617,-0.842001659017583,-0.664530720921249,0.519564358986924,-0.0555024234306172,inf,0.000000e+00,reject,stable,not_audited
2618,-0.295325464624031,-1.91482184837701,0.31348962760105,0.0624949183881229,inf,0.000000e+00,reject,stable,not_audited
2619,-0.620224767424859,-1.37735535858022,0.413501417558381,0.0672198653189606,inf,0.000000e+00,reject,stable,not_audited
2620,-0.968939665995157,-0.884750917662237,0.0843001498080535,0.0750200568499362,inf,0.000000e+00,reject,stable,not_audited
2621,-0.369369189430236,-1.79774680336533,1.92456033155178,-0.0642790128325843,inf,0.000000e+00,reject,stable,not_audited
2622,-0.687953857586292,-0.831537826204997,1.26272092609637,-0.0490344555445827,inf,0.000000e+00,reject,stable,not_audited
2623,-0.42540599763676,-1.61324301556211,0.613817292725917,0.0612637430516361,inf,0.000000e+00,reject,stable,not_audited
2624,-0.294109648101044,-1.90803648987222,0.721678238585585,0.062631132318367,inf,0.000000e+00,reject,stable,not_audited
2625,-0.840962088703625,-0.526435133946897,0.0666526376875267,-0.0493647134693265,inf,0.000000e+00,reject,stable,not_audited
2626,-0.256896814604268,-1.82774476478509,0.246913329010968,-0.056424923429987,inf,0.000000e+00,reject,stable,not_audited
2627,-0.889550019880375,-0.958435824939891,1.01032856892022,-0.0729815678017576,inf,0.000000e+00,reject,stable,not_audited
2628,-0.062125232335754,-1.67137808992334,1.84905783240995,-0.0157051731429205,inf,0.000000e+00,reject,stable,not_audited
2629,-0.944621674846264,-1.12522233799882,1.55785163374174,-0.0826771635369639,inf,0.000000e+00,reject,stable,not_audited
2630,-0.425622072551818,-1.3815073717503,1.23968581652127,-0.0511943395050138,3.528998e+01,0.000000e+00,reject,stable,not_audited
2631,-0.359286034676076,-1.16953731189842,0.296958792960671,0.0274312376843637,inf,0.000000e+00,reject,stable,not_audited
2632,-0.999691758976223,-0.568263821427694,1.80558748397937,0.0669049101897929,inf,0.000000e+00,reject,stable,not_audited
2633,-0.75880156811443,-1.14673168811438,0.594595864021764,-0.0708265809801787,inf,0.000000e+00,reject,stable,not_audited
2634,-0.94993147435996,0.00374781445680883,0.702386520703616,-0.0283495769045408,inf,0.000000e+00,reject,stable,not_audited
2635,-0.606895559067452,-1.66309552122356,0.354354590812728,0.0787724652187567,inf,0.000000e+00,reject,stable,not_audited
2636,-0.932533245685471,-0.938289874391054,0.422990273871975,0.0763849425777758,inf,0.000000e+00,reject,stable,not_audited
2637,-0.49962956839789,-0.805540393778925,0.148429610526005,0.0174384464755146,inf,0.000000e+00,reject,stable,not_audited
2638,-0.9222590283081,-0.130506179495992,0.72244095520849,-0.0354455452257432,inf,0.000000e+00,reject,stable,not_audited
2639,-0.961098125419897,-0.902165308920097,0.456024257526295,0.0775007833001951,inf,0.000000e+00,reject,stable,not_audited
2640,-0.662182100456536,-1.72800337832238,1.14859871330871,-0.085382046027779,inf,0.000000e+00,reject,stable,not_audited
2641,-0.455938278390204,-1.52436531050765,0.129356667708041,-0.0620499423616474,inf,0.000000e+00,reject,stable,not_audited
2642,-0.333283049352346,-1.33090967346168,0.150958777839618,-0.0372622760423293,inf,0.000000e+00,reject,stable,not_audited
2643,-0.299177367908353,-1.58037563057451,0.782975021684634,-0.0490490517673898,inf,0.000000e+00,reject,stable,not_audited
2644,-0.376403093411724,-1.20367710932188,1.91070163067666,0.0340419074391232,inf,0.000000e+00,reject,stable,not_audited
2645,-0.447038692646095,-1.10707925578091,0.0502441767299047,0.0376616246633872,inf,0.000000e+00,reject,stable,not_audited
2646,-0.802266289431365,-1.74757178028649,0.142147462684771,0.0951244549634205,inf,0.000000e+00,reject,stable,not_audited
2647,-0.438736987729579,-1.90982067146931,0.0808374045395506,-0.0769545055687486,inf,0.000000e+00,reject,stable,sim_non_perturbative
2648,-0.972789219765483,0.139906695608397,0.0972449088977678,-0.0178300467184236,inf,0.000000e+00,reject,stable,not_audited
2649,-0.828081398751197,-1.13417259244248,0.0889121218677813,0.0773077053466351,inf,0.000000e+00,reject,stable,not_audited
2650,-0.7647750362602,-0.381229896180495,0.17429585081723,-0.0304645485129293,inf,0.000000e+00,reject,stable,not_audited
2651,-0.980497501509045,-1.92217809530117,0.0932850239604457,-0.110971950730385,inf,0.000000e+00,reject,stable,not_audited
2652,-0.956649490766816,0.0311059314303166,0.1681327583872,0.0276315779012721,inf,0.000000e+00,reject,stable,not_audited
2653,-0.449672502702283,-1.46297794573107,0.4514999059104,-0.0598402396228848,3.443725e+01,0.000000e+00,reject,stable,not_audited
2654,-0.797415462102554,-1.841902951075,1.39656829058331,0.0995529453372219,inf,0.000000e+00,reject,stable,not_audited
2655,-0.593963060052842,-1.15583757442719,0.589768434375158,-0.0590987827320326,inf,0.000000e+00,reject,stable,not_audited
2656,-0.483996842695884,-1.49749272419258,0.0697120554788145,0.064918099688335,inf,0.000000e+00,reject,stable,not_audited
2657,-0.030991388546133,-1.94086401481333,1.58230389391176,0.0388239465442131,3.406006e+01,0.000000e+00,reject,stable,not_audited
2658,-0.256953751765041,-1.66617388438768,0.457701287387559,0.0507871435145004,inf,0.000000e+00,reject,stable,not_audited
2659,-0.447550445594036,-1.70419598889742,1.41159828600804,0.0715341885676106,inf,0.000000e+00,reject,stable,not_audited
2660,-0.516056369565853,-1.8290896122535,1.58792362626841,-0.0820763877809356,inf,0.000000e+00,reject,stable,not_audited
2661,-0.325233500388217,-1.38437854226939,1.56019061226527,-0.0416174365846773,3.328285e+01,0.000000e+00,reject,stable,not_audited
2662,-0.995703653087733,-0.89825021453463,1.114847475336,-0.0832783589019526,3.255501e+01,0.000000e+00,reject,stable,not_audited
2663,-0.586369019896748,-1.29087719201334,1.38763968119617,-0.0659000012042208,3.252126e+01,0.000000e+00,reject,stable,not_audited
2664,-0.866811439734965,-0.996512079715617,0.827132799803946,-0.0772410931355654,inf,0.000000e+00,reject,stable,not_audited
2665,-0.742607037379181,-1.17672419018812,1.16732353274416,-0.0745261886704951,inf,0.000000e+00,reject,stable,not_audited
2666,-0.95762640222601,-1.01461069727766,0.136726647066093,0.0848311322121984,inf,0.000000e+00,reject,stable,not_audited
2667,-0.588756822462875,-1.93923218934171,0.115648599797957,0.0915750704827563,inf,0.000000e+00,reject,stable,not_audited
2668,-0.821523941787475,-0.674428555627312,0.237517138603892,0.0591561420882614,inf,0.000000e+00,reject,stable,not_audited
2669,-0.326338181835778,-1.61615436203919,0.283528964406975,0.056575858147295,inf,0.000000e+00,reject,stable,not_audited
2670,-0.404807040379065,-1.86691269339271,0.0983519371688703,0.0756859132505858,inf,0.000000e+00,reject,stable,not_audited
2671,-0.768205717927791,-0.982865218669375,1.62065923602834,0.0692111649369602,inf,0.000000e+00,reject,stable,not_audited
2672,-0.644559597336038,-1.78711583694707,0.324192931708702,-0.0909201980750698,inf,0.000000e+00,reject,stable,not_audited
2673,-0.929145739912118,-0.396473308326599,0.115886877897466,-0.0561010959059116,inf,0.000000e+00,reject,stable,not_audited
2674,-0.984791936311226,0.143156095830316,1.0588939180917,-0.0218587390364926,inf,0.000000e+00,reject,stable,not_audited
2675,-0.9668141725029,-1.75770626952673,0.125623875172653,-0.110423608593891,inf,0.000000e+00,reject,stable,not_audited
2676,-0.758638168081806,-0.449237377284002,1.02318375068925,0.0369838560332694,3.360210e+01,0.000000e+00,reject,stable,not_audited
2677,-0.913424990000854,-0.767402367050564,0.268561939297328,-0.0730745854961519,3.246317e+01,0.000000e+00,reject,stable,not_audited
2678,-0.678249121968679,-1.48243869497024,0.747661051963724,-0.0830647908582876,inf,0.000000e+00,reject,stable,not_audited
2679,-0.560260523661537,-1.78381326857592,0.659367016302284,0.0855555044860932,inf,0.000000e+00,reject,stable,not_audited
2680,-0.451345110139076,-1.63262946430755,1.03052036297399,0.0706777279112982,inf,0.000000e+00,reject,stable,not_audited
2681,-0.858293256626684,-1.32464334887982,0.0511699898561516,0.0910157611470308,inf,0.000000e+00,reject,stable,not_audited
2682,-0.179796864308851,-1.8225994834315,1.7386502427834,0.0527006622129313,inf,0.000000e+00,reject,stable,not_audited
2683,-0.791359449054962,-0.980223372231161,0.289488996603022,0.0723788297610928,3.331656e+01,0.000000e+00,reject,stable,not_audited
2684,-0.917482795048598,-0.217975299377446,0.282371384435574,0.0442039850464613,3.243534e+01,0.000000e+00,reject,stable,not_audited
2685,-0.855588431950949,-1.00814392400842,0.941747897280487,0.0790736332574666,3.237017e+01,0.000000e+00,reject,stable,not_audited
2686,-0.5911052116352,-0.946780608407145,0.108914431915355,0.0496998035117548,inf,0.000000e+00,reject,stable,not_audited
2687,-0.996311737093361,-1.87334343604009,0.385813644390747,0.117564385738081,inf,0.000000e+00,reject,stable,not_audited
2688,-0.982247979545771,-1.55382123762747,0.227714818571969,0.107700312235598,inf,0.000000e+00,reject,stable,not_audited
2689,-0.985825917236963,-1.99880300519227,0.793973899391037,0.120690031503218,3.547471e+01,0.000000e+00,reject,stable,not_audited
2690,-0.889147744087723,-0.804923693766757,0.331110899820323,0.0739431650299847,3.510195e+01,0.000000e+00,reject,stable,not_audited
2691,-0.254161096601567,-1.37114379098433,0.107442642869955,-0.0291641734933534,3.380632e+01,0.000000e+00,reject,stable,not_audited
2692,-0.717123232797665,-1.86504627379837,0.121249047638203,-0.101233651514956,inf,0.000000e+00,reject,stable,not_audited
2693,-0.929788094305916,-0.659349495014131,0.0995784186992601,0.0713607103995324,inf,0.000000e+00,reject,stable,not_audited
2694,-0.646178879861389,-1.40058247344092,0.647242124721068,-0.0790831191653887,inf,0.000000e+00,reject,stable,not_audited
2695,-0.674041790745083,-0.530639879646774,1.77208728761904,-0.0292553607827306,inf,0.000000e+00,reject,stable,not_audited
2696,-0.588608507088253,-1.97362989147537,0.249761249436234,0.096548882452383,inf,0.000000e+00,reject,stable,not_audited
2697,-0.945044955302486,-0.872816294241754,0.354526717986385,0.0821328537996373,inf,0.000000e+00,reject,stable,not_audited
2698,-0.896330187790056,-1.85485222359383,0.0585868209733799,0.112452702975694,inf,0.000000e+00,reject,stable,not_audited
2699,-0.641219826024576,-1.34760804941266,0.189899609931425,-0.076650469257173,inf,0.000000e+00,reject,stable,not_audited
2700,-0.490468185987462,-1.28895626464934,0.330569198725931,0.0589244004870846,inf,0.000000e+00,reject,stable,not_audited
2701,-0.999299116543607,-1.21186202333616,0.693265808698078,0.0987811971571024,inf,0.000000e+00,reject,stable,not_audited
2702,-0.665321883010331,-1.88719986730949,0.244818489580431,-0.0990503752882739,inf,0.000000e+00,reject,stable,not_audited
2703,-0.0658195294001555,-1.70282000085238,1.25391107786436,-0.0237616230470041,inf,0.000000e+00,reject,stable,not_audited
2704,-0.835710772585363,-1.8652578028827,0.143519658444033,0.10956960351059,3.134960e+01,0.000000e+00,reject,stable,not_audited
2705,-0.962902808601962,-0.544748985907486,0.159379360952003,-0.0695913065230813,3.113376e+01,0.000000e+00,reject,stable,not_audited
2706,-0.401572056786532,-1.72384211250331,1.80889721899621,-0.0722853868826852,3.066688e+01,0.000000e+00,reject,stable,not_audited
2707,-0.732019263586446,-1.30088685397376,0.775635093374199,0.0826154070275118,3.066671e+01,0.000000e+00,reject,stable,not_audited
2708,-0.726985940599483,-1.00564000044609,1.96178500574714,-0.0691190172214908,inf,0.000000e+00,reject,stable,not_audited
2709,-0.988067782323219,-0.917357561355134,1.24505993354314,-0.0877663791869232,inf,0.000000e+00,reject,stable,not_audited
2710,-0.385401234279995,-1.62641470689478,0.207379978524421,0.0660869437501983,inf,0.000000e+00,reject,stable,not_audited
2711,-0.789847883016334,-1.90077104226077,0.0538269008831819,-0.108214934237085,inf,0.000000e+00,reject,stable,not_audited
2712,-0.961493530984663,-1.99992039756726,1.74638487055837,-0.121266739850118,inf,0.000000e+00,reject,stable,not_audited
2713,-0.745228867241503,-1.39333340606551,0.452653925721987,-0.0876751565204401,inf,0.000000e+00,reject,stable,not_audited
2714,-0.589468048550507,-1.84467157457141,0.220453571019202,0.0929335865705179,inf,0.000000e+00,reject,stable,not_audited
2715,-0.891561158437341,-1.59098843364703,0.988832519966476,-0.105451081466167,3.263472e+01,0.000000e+00,reject,stable,not_audited
2716,-0.631290463212651,-1.1557171307991,0.377115195942505,0.0676728118677539,3.181910e+01,0.000000e+00,reject,stable,not_audited
2717,-0.496663844779334,-1.41474106081435,0.86636084981635,-0.0672035569848077,3.051427e+01,0.000000e+00,reject,stable,not_audited
2718,-0.697469509935024,-1.44190042167669,0.128131471730472,0.0863681076576488,3.046160e+01,0.000000e+00,reject,stable,not_audited
2719,-0.508148914284095,-1.07471498827472,0.06743143557277,-0.0484172868956458,inf,0.000000e+00,reject,stable,not_audited
2720,-0.419737431688263,-1.10071680303075,0.638484327069905,-0.0362264593155393,inf,0.000000e+00,reject,stable,not_audited
2721,-0.704519248283913,-0.392087521898536,0.0511950729566199,0.0188232836053932,inf,0.000000e+00,reject,stable,not_audited
2722,-0.873324417069458,-1.3600163959785,0.943911821081571,-0.0970449321273568,inf,0.000000e+00,reject,stable,not_audited
2723,-0.190495682109897,-1.71436293171023,0.133181974935704,0.0490792778707272,3.468507e+01,0.000000e+00,reject,stable,not_audited
2724,-0.468449282216783,-1.96123544045563,0.103297412591475,-0.0898718073604052,inf,0.000000e+00,reject,stable,not_audited
2725,-0.639038664599207,-1.65276775304085,0.526965644164112,0.0914208775947287,inf,0.000000e+00,reject,stable,not_audited
2726,-0.725249623664308,-0.882057594698053,0.33887220716177,0.0643641477973249,inf,0.000000e+00,reject,stable,not_audited
2727,-0.701561131795637,-1.06973270280888,1.76041916273114,-0.071805407669119,3.270856e+01,0.000000e+00,reject,stable,not_audited
2728,-0.702162121714482,-0.392838115998333,0.0502362717961639,0.0183511329133035,3.164966e+01,0.000000e+00,reject,stable,not_audited
2729,-0.932995628834835,-1.90257410976534,1.30984699998591,0.12008815937503,3.116863e+01,0.000000e+00,reject,stable,not_audited
2730,-0.838236228108366,-0.884747827321865,0.450034057137871,-0.0762166048356752,2.927009e+01,0.000000e+00,reject,stable,not_audited
2731,-0.982647479431067,-1.88634598198489,0.439509104162006,-0.123043427366907,inf,0.000000e+00,reject,stable,not_audited
2732,-0.401760235348853,-1.89987873363843,1.04871077614743,0.0828783473556909,inf,0.000000e+00,reject,stable,not_audited
2733,-0.517224632845103,-1.26260324551419,0.170379939151967,0.0628135796412943,inf,0.000000e+00,reject,stable,not_audited
2734,-0.638637126795814,-0.706663281226928,1.07224519784443,-0.0410796183637034,inf,0.000000e+00,reject,stable,not_audited
2735,-0.724725879856353,-1.97973821904252,0.119744332251926,0.110163981520953,inf,0.000000e+00,reject,stable,not_audited
2736,-0.945377368074859,-1.67637509609674,0.689343286338147,-0.114642218186354,inf,0.000000e+00,reject,stable,not_audited
2737,-0.433332794837362,-1.27893937879401,0.214654980979054,-0.0537355324278195,3.061893e+01,0.000000e+00,reject,stable,not_audited
2738,-0.197583920702115,-1.72050331663743,1.0200244001325,0.0517588169561507,inf,0.000000e+00,reject,stable,not_audited
2739,-0.875208582847401,-1.20520088308635,0.0502671893855991,0.0940668444600061,inf,0.000000e+00,reject,stable,not_audited
2740,-0.674686885030914,-1.4718437951598,0.0702096920784943,-0.0890712737922712,inf,0.000000e+00,reject,stable,not_audited
2741,-0.874115237716887,-1.89032934978099,0.425019719313795,-0.118306312943367,inf,0.000000e+00,reject,stable,not_audited
2742,-0.745763205936837,-0.791712693010749,0.213057144949308,0.0628793293501868,inf,0.000000e+00,reject,stable,not_audited
2743,-0.758012804078654,-0.974559735049745,0.507580974462382,-0.0742452667017834,3.199217e+01,0.000000e+00,reject,stable,not_audited
2744,-0.236430362652972,-1.45949954110521,1.73694645745289,0.0368511203580972,3.151824e+01,0.000000e+00,reject,stable,not_audited
2745,-0.875493267943751,-1.86739768911622,0.223053499639566,0.118126017694417,2.904010e+01,0.000000e+00,reject,stable,not_audited
2746,-0.600782005656106,-1.59943350404195,0.323859142451499,0.0886049980384236,2.888318e+01,0.000000e+00,reject,stable,not_audited
2747,-0.721878837885603,-0.739318314173495,1.32760922688152,0.0569791533879003,inf,0.000000e+00,reject,stable,not_audited
2748,-0.647905277228847,-1.86271163769436,1.52648268024732,-0.102804488495033,inf,0.000000e+00,reject,stable,not_audited
2749,-0.97284385600632,-0.77453472038457,0.622403189924532,0.0854836547013527,inf,0.000000e+00,reject,stable,not_audited
2750,-0.68518355723396,-1.82659761675787,0.128988137379684,0.104470262690681,inf,0.000000e+00,reject,stable,not_audited
2751,-0.426713131601904,-1.83493809271231,0.233611673203187,-0.0841915182879507,inf,0.000000e+00,reject,stable,not_audited
2752,-0.963117820426083,-1.67834766607173,0.942036895498831,-0.118415896162445,inf,0.000000e+00,reject,stable,not_audited
2753,-0.860526124912825,-1.48935783456739,0.0707558137084502,-0.10539525868602,3.162439e+01,0.000000e+00,reject,stable,not_audited
2754,-0.989783447229942,-1.2378524983486,0.459894268321957,0.10566354944995,3.133074e+01,0.000000e+00,reject,stable,not_audited
2755,-0.614044039145442,-1.3635105911164,0.0958420072705764,-0.0800651078218804,3.029943e+01,0.000000e+00,reject,stable,not_audited
2756,-0.534891753834658,-1.32742124569228,0.0879077754563885,-0.0702706914552222,2.892458e+01,0.000000e+00,reject,stable,not_audited
2757,-0.719046904224781,-1.14109042302274,0.0817710381837359,0.079698832504123,inf,0.000000e+00,reject,stable,not_audited
2758,-0.827346659534182,-0.215047965057464,0.13123819417309,0.0303705999716319,inf,0.000000e+00,reject,stable,not_audited
2759,-0.0611408642325013,-1.97647368406617,1.07773737669242,0.0518776213145489,inf,0.000000e+00,reject,stable,not_audited
2760,-0.857099749983468,-1.28351122169679,1.06106851460977,0.098203822935095,inf,0.000000e+00,reject,stable,not_audited
2761,-0.97793226626046,-1.83391187351389,0.302862135074117,-0.125582773259737,inf,0.000000e+00,reject,stable,not_audited
2762,-0.901012803811317,-1.93870624794611,0.184415479223173,-0.124127224437402,inf,0.000000e+00,reject,stable,not_audited
2763,-0.678464896811836,-1.13485090381034,0.600825289044759,-0.0757952294566639,inf,0.000000e+00,reject,stable,not_audited
2764,-0.688105569543162,-1.01005162262374,0.479744315249586,0.0703224573823293,3.153387e+01,0.000000e+00,reject,stable,not_audited
2765,-0.724774318650554,-1.5501392429669,0.702947178022147,0.0986509914303539,2.972552e+01,0.000000e+00,reject,stable,not_audited
2766,-0.551059056731378,-1.19415158074699,1.99528418541688,0.0653743948700467,inf,0.000000e+00,reject,stable,not_audited
2767,-0.480793522862359,-1.13330269046597,0.972013440762372,0.051981998162276,inf,0.000000e+00,reject,stable,not_audited
2768,-0.828048026424366,-0.433962498275442,0.817423137491393,0.0517786345956637,inf,0.000000e+00,reject,stable,not_audited
2769,-0.641532762800352,-0.806836393786791,0.429803567777104,-0.0517726337640387,inf,0.000000e+00,reject,stable,not_audited
2770,-0.411008312246412,-1.54505010269159,0.550094838476622,-0.069809619685985,inf,0.000000e+00,reject,stable,not_audited
2771,-0.522963764142154,-1.18301493628529,0.505000150526088,0.0615722972605104,inf,0.000000e+00,reject,stable,not_audited
2772,-0.891919408062129,-1.12782396726812,0.338365010325234,-0.0959109439551418,3.527320e+01,0.000000e+00,reject,stable,not_audited
2773,-0.930962748682548,-0.343877209836963,0.0500958997338073,0.0600800133784718,3.518582e+01,0.000000e+00,reject,stable,not_audited
2774,-0.996825091462219,-1.33053482118513,1.71961436983461,0.11168537040601,3.438999e+01,0.000000e+00,reject,stable,not_audited
2775,-0.631408865495709,-1.69375133697168,1.32647498969434,0.097836028387841,3.293975e+01,0.000000e+00,reject,stable,not_audited
2776,-0.555892324113326,-1.51853788771931,0.112734934695868,0.0835877174836934,3.242184e+01,0.000000e+00,reject,stable,not_audited
2777,-0.417645438243718,-1.69769108496106,0.341748429208584,-0.0790110399506325,2.826281e+01,0.000000e+00,reject,stable,not_audited
2778,-0.22280494179917,-1.41740789193544,0.180976168347222,-0.0300492862135775,2.682163e+01,0.000000e+00,reject,stable,not_audited
2779,-0.816052757214462,-1.98927914608529,0.404769773480136,0.122305783540946,2.651455e+01,0.000000e+00,reject,stable,not_audited
2780,-0.999309538918251,-1.35554282061099,0.311100902788811,0.113337677801962,inf,0.000000e+00,reject,stable,not_audited
2781,0.0209539042196742,-1.9640503101716,1.12848761074934,0.0371374831763416,inf,0.000000e+00,reject,stable,not_audited
2782,-0.510434074969243,-1.79877901967764,0.80411682790505,-0.0926247554111663,inf,0.000000e+00,reject,stable,not_audited
2783,-0.411589532839181,-1.40592343611997,0.140360501917493,-0.0620276648737277,inf,0.000000e+00,reject,stable,not_audited
2784,-0.968957993547644,-1.63822964148734,0.13271354700059,0.121152332660214,inf,0.000000e+00,reject,stable,not_audited
2785,-0.460102509964348,-1.43463769434681,0.683685225371281,0.0697574988639622,inf,0.000000e+00,reject,stable,not_audited
2786,-0.527147809306401,-1.83496243839274,0.125082209257227,0.0958698837245615,inf,0.000000e+00,reject,stable,not_audited
2787,-0.792369449576025,-1.3122844675686,0.213835856720609,0.096285723420773,inf,0.000000e+00,reject,stable,not_audited
2788,-0.645828818708871,-1.81689369866537,0.35510765107881,0.104828931555683,inf,0.000000e+00,reject,stable,not_audited
2789,-0.506324514049546,-1.52706933128193,0.0970285780711743,-0.0800787244758856,3.154059e+01,0.000000e+00,reject,stable,not_audited
2790,-0.961220703017621,-0.566848413343401,0.0613992173529797,0.0775622252145016,2.951300e+01,0.000000e+00,reject,stable,not_audited
2791,-0.98229818854957,-1.09078871500929,0.0692861973405481,0.103142472790923,2.829014e+01,0.000000e+00,reject,stable,not_audited
2792,-0.657164999125422,-1.55045940879508,0.170955332292247,-0.0954160561078958,2.679380e+01,0.000000e+00,reject,stable,not_audited
2793,-0.965219738784246,-0.41314480323891,1.09407298737792,-0.0696724957815071,inf,0.000000e+00,reject,stable,not_audited
2794,-0.95163407196408,-1.8319141738557,1.81912991616724,-0.127442652384504,inf,0.000000e+00,reject,stable,not_audited
2795,-0.387068900237772,-1.98772710331616,0.249328094151593,0.0910088625051539,inf,0.000000e+00,reject,stable,not_audited
2796,-0.223811466019828,-1.63740884101029,0.125156550638638,0.0523878109486486,inf,0.000000e+00,reject,stable,not_audited
2797,-0.762153883929493,-1.10319834259539,0.149207927640554,0.116246745294927,1.740849e+01,0.000000e+00,reject,stable,not_audited
2798,-0.549417701890691,-0.923635208484299,0.226807844714579,-0.0472844973947375,inf,0.000000e+00,reject,stable,not_audited
2799,-0.940178947866828,-0.681205972534003,0.0895288266382396,0.0816300093937601,inf,0.000000e+00,reject,stable,not_audited
2800,-0.871167454919811,-1.87557283236159,0.0723692161008156,0.123890775156538,inf,0.000000e+00,reject,stable,not_audited
2801,-0.866260332405611,-0.292665110071772,1.49666847065993,0.0475630310952821,inf,0.000000e+00,reject,stable,not_audited
2802,-0.670513964227401,-1.82115269504321,0.286396576304554,-0.107808373664772,inf,0.000000e+00,reject,stable,not_audited
2803,-0.86141485567836,-0.67504797378174,0.0940581607641894,0.073033843582524,inf,0.000000e+00,reject,stable,not_audited
2804,-0.114615939119482,-1.73358444894783,0.107192528473954,-0.041869802982988,inf,0.000000e+00,reject,stable,not_audited
2805,-0.966150566650516,-1.87497366714136,1.24848024074869,-0.130258328310981,inf,0.000000e+00,reject,stable,not_audited
2806,-0.95187593654217,-0.0308362369961672,0.0947772708453398,-0.0532479299751507,1.834906e+01,0.000000e+00,reject,stable,not_audited
2807,-0.104030981789012,-1.66753342536348,1.08984756576784,-0.0439202609526659,1.839084e+01,0.000000e+00,reject,stable,not_audited
2808,-0.292296681808213,-1.88963964322586,0.578692478437655,-0.105453324639565,1.849623e+01,0.000000e+00,reject,stable,sim_non_perturbative
2809,-0.766346998472933,-0.992408394011726,1.07298025382765,0.109083850676416,1.857149e+01,0.000000e+00,reject,stable,not_audited
2810,-0.834361184136749,-1.80280565100926,0.104858472130417,0.162558196359827,1.862685e+01,0.000000e+00,reject,stable,not_audited
2811,-0.714631218343812,-1.30762526632666,0.0622783364861063,0.123049542521686,1.883124e+01,0.000000e+00,reject,stable,not_audited
2812,-0.619253160243198,-0.980027194812297,0.0504803195439056,-0.0623229019515239,3.334830e+01,0.000000e+00,reject,stable,not_audited
2813,-0.947950358458628,0.0763877264616681,0.205879839292098,-0.0326421623941668,1.923549e+01,0.000000e+00,reject,stable,not_audited
2814,-0.292050684169411,-1.51070030057778,0.291947746333668,0.0535282494215448,3.068122e+01,0.000000e+00,reject,stable,not_audited
2815,-0.8257536748028,-1.63454902828563,0.251061300248835,0.11305998975384,2.936789e+01,0.000000e+00,reject,stable,not_audited
2816,-0.304720638810235,-1.23057038729092,0.676953370552704,-0.0371198509972885,1.986540e+01,0.000000e+00,reject,stable,sim_non_perturbative
2817,-0.854871415911868,-1.51008465885553,0.202420567119176,-0.149994970459391,1.989669e+01,0.000000e+00,reject,stable,not_audited
2818,-0.613048783699378,-0.766098851932301,0.157444639880934,-0.0449099311409218,2.876967e+01,0.000000e+00,reject,stable,not_audited
2819,-0.632167527913585,-1.95858429929889,0.697681140262042,-0.150124982326147,2.008148e+01,0.000000e+00,reject,stable,not_audited
2820,-0.847644627691726,-1.1719819302559,0.0592584330238878,-0.0964797288218089,2.840406e+01,0.000000e+00,reject,stable,not_audited
2821,-0.846277166656827,-0.528566228246488,0.27621863694648,-0.0626686222028856,2.794936e+01,0.000000e+00,reject,stable,not_audited
2822,-0.662072317763028,-1.3425598634211,0.108270196669308,0.118410546008417,2.029099e+01,0.000000e+00,reject,stable,not_audited
2823,-0.875653510059597,-0.578869297582003,0.55605897547053,-0.0696143018587116,2.654092e+01,0.000000e+00,reject,stable,not_audited
2824,-0.813949547598642,-0.505892085950556,0.512945322976224,-0.0765648234786989,2.103946e+01,0.000000e+00,reject,stable,not_audited
2825,-0.664890591206211,-0.961723133952199,0.175031968583169,0.0673186402736712,inf,0.000000e+00,reject,stable,not_audited
2826,-0.535227385892434,-1.6951043508141,0.299122231307589,-0.0923850129322219,inf,0.000000e+00,reject,stable,not_audited
2827,-0.289354946500987,-1.71259290710493,0.0513354096755442,-0.0674676636445026,inf,0.000000e+00,reject,stable,not_audited
2828,-0.556781832493626,-1.5978436534144,0.0826752612816382,0.0899311271598964,inf,0.000000e+00,reject,stable,not_audited
2829,-0.935761114223007,-1.91576071696786,0.0514822963541556,-0.1761586829661,2.285934e+01,0.000000e+00,reject,stable,not_audited
2830,-0.145622289468304,-1.89151570625355,0.196159126759517,0.0605401950424929,3.498593e+01,0.000000e+00,reject,stable,not_audited
2831,-0.421521023279961,-1.73314106571671,1.96855832089097,-0.112000493730755,2.564485e+01,0.000000e+00,reject,stable,not_audited
2832,-0.552910471316175,-1.23325073741547,0.115222305583611,-0.0945013926163663,2.734197e+01,0.000000e+00,reject,stable,not_audited
2833,-0.744936885456582,-1.51634955554823,0.843219102104152,0.103412848786638,2.915264e+01,0.000000e+00,reject,stable,not_audited
2834,-0.932596849315874,-0.16030645174706,0.0981311631006511,0.0484636203691702,2.796401e+01,0.000000e+00,reject,stable,not_audited
2835,-0.435721738280991,-1.44056258323857,0.0617526654703766,-0.0692255658367711,2.781855e+01,0.000000e+00,reject,stable,not_audited
2836,-0.0854512513397392,-1.9833292873259,0.923782562442397,0.0782286559471208,2.924223e+01,0.000000e+00,reject,stable,not_audited
2837,-0.928666585008629,-0.721537984584965,0.313016305202174,0.0841661371433244,2.621030e+01,0.000000e+00,reject,stable,not_audited
2838,-0.662649351592788,-1.35228314549407,0.596436936423265,-0.0890916969077997,2.544932e+01,0.000000e+00,reject,stable,not_audited
2839,-0.942551120020777,0.0118420019687555,0.0895559730813894,-0.0431647738264931,3.184029e+01,0.000000e+00,reject,stable,not_audited
2840,-0.699943753092305,-1.95493100819002,1.83083572123951,0.155635801367563,3.511885e+01,0.000000e+00,reject,stable,not_audited
2841,-0.82645088944803,-1.34757448725433,0.092293189052657,-0.10370548504351,inf,0.000000e+00,reject,stable,not_audited
2842,-0.981984726287108,-1.9302467676285,0.0611433399392569,0.135866028416666,inf,0.000000e+00,reject,stable,not_audited
2843,-0.649236717626921,-1.96176762398824,0.336859381185369,0.15089670038844,inf,0.000000e+00,reject,stable,not_audited
2844,-0.647750119612045,-1.93203534375938,0.108089467022521,0.149239441887432,inf,0.000000e+00,reject,stable,not_audited
2845,-0.651773944215274,-0.896467356049407,0.343908554913446,0.0622766786507771,inf,0.000000e+00,reject,stable,not_audited
2846,-0.496084652098118,-1.81252503366164,0.672767475445102,0.0953809056083017,inf,0.000000e+00,reject,stable,not_audited
2847,-0.962329456238982,-1.69613149945405,0.079842269920507,0.127106894439886,inf,0.000000e+00,reject,stable,not_audited
2848,-0.902242210189337,-0.532553489517974,0.476810079759972,-0.0712969792752156,inf,0.000000e+00,reject,stable,not_audited
2849,-0.832069760906751,-1.48495224597158,0.672771281254331,-0.110069406619086,inf,0.000000e+00,reject,stable,not_audited
2850,-0.930860351002192,-0.549610972791894,0.176100557520559,0.0756880042628669,3.545384e+01,0.000000e+00,reject,stable,not_audited
2851,-0.414447204539806,-1.01038225529145,0.17560130358717,0.0278269691233679,3.359001e+01,0.000000e+00,reject,stable,not_audited
2852,-0.703092146607148,-0.613028606052507,0.734337756914943,0.0483306798708587,3.311800e+01,0.000000e+00,reject,stable,not_audited
2853,-0.955710165547116,-1.72593542319433,1.2105649089961,-0.168396577136974,inf,0.000000e+00,reject,stable,not_audited
2854,-0.883893819549994,-0.382353922808167,0.48307487467642,0.077514366919254,inf,0.000000e+00,reject,stable,not_audited
2855,-0.660239094365632,-0.941198653171985,0.12856991609596,-0.0666807349144598,3.132789e+01,0.000000e+00,reject,stable,not_audited
2856,-0.589479391006016,-1.45714859366032,0.0639569491761718,0.0878077593712869,2.996887e+01,0.000000e+00,reject,stable,not_audited
2857,-0.850408889304706,-0.925885912076558,0.0809006511328598,0.0874455926944879,2.787944e+01,0.000000e+00,reject,stable,not_audited
2858,-0.592876499844219,-0.964102500145196,0.28173946049083,-0.0591055817299397,2.664313e+01,0.000000e+00,reject,stable,not_audited
2859,-0.93195745195004,-0.860102570272997,0.214072045122937,0.092264060071281,2.641516e+01,0.000000e+00,reject,stable,not_audited
2860,-0.354871297172597,-1.44478374604432,0.0794345149654468,0.077796221228164,1.711471e+01,0.000000e+00,reject,stable,not_audited
2861,-0.331134903024625,-1.62683208219586,0.0594838260490847,-0.0687607721827344,inf,0.000000e+00,reject,stable,not_audited
2862,-0.746139048548254,-1.02124244479385,0.229959391624984,-0.0818384006454791,inf,0.000000e+00,reject,stable,not_audited
2863,-0.757630044826633,-1.63508828395181,0.275783571276881,-0.110907475122267,inf,0.000000e+00,reject,stable,not_audited
2864,-0.606840496384677,-0.907241942613429,0.303452951230336,0.0571043416561894,inf,0.000000e+00,reject,stable,not_audited
2865,-0.979691670715324,-1.71685007206236,1.92197846249875,0.130147400582897,inf,0.000000e+00,reject,stable,not_audited
2866,-0.406342441867351,-1.25967048154758,0.0990573357801346,0.069326578600251,1.832606e+01,0.000000e+00,reject,stable,not_audited
2867,-0.994889579884161,-1.78638486101804,1.33362916904511,0.173773722517487,1.847994e+01,0.000000e+00,reject,stable,not_audited
2868,-0.789349173023316,-1.83545620445023,0.696246034149786,0.157472521803155,1.855002e+01,0.000000e+00,reject,stable,not_audited
2869,-0.759448896015462,-0.536413493803217,0.121564452895488,-0.0519648833664077,inf,0.000000e+00,reject,stable,not_audited
2870,-0.994159883528204,-1.44233161209292,0.883305655230886,-0.122131305839605,3.376062e+01,0.000000e+00,reject,stable,not_audited
2871,-0.78133801832397,-0.88572054860481,0.104508115125788,0.101856592982978,1.990332e+01,0.000000e+00,reject,stable,not_audited
2872,-0.78497777890582,-1.45575183245252,0.0548532034582839,0.137615627515264,2.023700e+01,0.000000e+00,reject,stable,not_audited
2873,-0.590988533603851,-0.877919466599216,0.0631831643544184,-0.0677992996317596,2.065799e+01,0.000000e+00,reject,stable,not_audited
2874,-0.77594943693821,-0.618079907906549,0.429553500657113,-0.0788760172064487,2.140299e+01,0.000000e+00,reject,stable,not_audited
2875,-0.76920578233579,-1.5311220644178,0.160432227658879,0.108658930329701,2.603463e+01,0.000000e+00,reject,stable,not_audited
2876,-0.535622664924067,-1.72393278545402,0.723693855790135,0.124392883364291,2.177068e+01,0.000000e+00,reject,stable,not_audited
2877,-0.92898556327386,-0.983115729089321,1.13582478416455,0.127071911309897,2.200556e+01,0.000000e+00,reject,stable,not_audited
2878,-0.61002085147336,-1.26049278066357,0.0881781321902201,0.103952376188551,2.232623e+01,0.000000e+00,reject,stable,not_audited
2879,-0.277096060014991,-1.35664805804962,0.626640170179229,-0.0379867949363413,2.442451e+01,0.000000e+00,reject,stable,not_audited
2880,-0.950035917638849,-0.724303786749977,0.0588111774450392,0.113546615885096,2.479591e+01,0.000000e+00,reject,stable,not_audited
2881,-0.753075539367088,-1.80198963591292,0.74038930853493,-0.118698962460476,inf,0.000000e+00,reject,stable,not_audited
2882,-0.94425686675823,-1.66433990828122,0.761685898354018,-0.127721385439938,inf,0.000000e+00,reject,stable,not_audited
2883,-0.397358659002101,-1.81082629517198,0.113964897472621,-0.0880171588898164,inf,0.000000e+00,reject,stable,not_audited
2884,-0.983401610517008,-0.229285408592633,0.190346895158922,-0.0636183083032074,inf,0.000000e+00,reject,stable,not_audited
2885,-0.463360288868742,-1.28456147935846,0.0511674932830267,0.064704723289112,3.525799e+01,0.000000e+00,reject,stable,not_audited
2886,-0.445603303571099,-1.68272857478305,0.199562615395008,0.0864878994206721,3.484875e+01,0.000000e+00,reject,stable,not_audited
2887,-0.738557922302422,-0.645553472911961,0.233455946088477,-0.0740061212376588,2.844582e+01,0.000000e+00,reject,stable,not_audited
2888,-0.922611804060829,-0.573694140961814,1.53408300162748,0.0780409004961555,3.104999e+01,0.000000e+00,reject,stable,not_audited
2889,-0.843207877150429,-0.300086577162705,0.276435204533389,-0.0464336054485501,2.970676e+01,0.000000e+00,reject,stable,not_audited
2890,-0.394403622722006,-1.80969596258252,0.0561731680422747,-0.0879568542365419,2.957987e+01,0.000000e+00,reject,stable,not_audited
2891,-0.946073731905909,-0.0373869637989814,0.476126769280474,-0.0404811868991592,2.857475e+01,0.000000e+00,reject,stable,not_audited
2892,-0.91873708137945,-0.179559233069477,0.174122259038686,-0.0625326338514955,3.495771e+01,0.000000e+00,reject,stable,not_audited
2893,-0.447544438999446,-1.88623780136845,0.101758348346639,-0.1228580170919,inf,0.000000e+00,reject,stable,not_audited
2894,-0.974807242049516,-1.24300316808347,0.787750267639917,-0.114969776634535,2.569587e+01,0.000000e+00,reject,stable,not_audited
2895,-0.958688685900965,-0.658195156197683,0.612528785224174,-0.109864421893958,inf,0.000000e+00,reject,stable,not_audited
2896,-0.952615241372075,-0.82037670041977,0.319497378652611,-0.0946366918507198,2.453630e+01,0.000000e+00,reject,stable,not_audited
2897,-0.283313140562045,-1.99807459273974,1.30726408783499,-0.0865114316281141,2.414541e+01,0.000000e+00,reject,stable,not_audited
2898,-0.966208951343248,-1.97189016666563,0.884770991394185,-0.177360344803405,inf,0.000000e+00,reject,stable,not_audited
2899,-0.845222318222481,-0.931231374649089,0.251246771040701,0.112803134773494,inf,0.000000e+00,reject,stable,not_audited
2900,-0.595464170986598,-1.43052852718795,0.131289235880488,-0.112786103441212,inf,0.000000e+00,reject,stable,not_audited
2901,-0.990281658000704,0.0372996585042298,0.502913087746511,0.05311376719497,inf,0.000000e+00,reject,stable,not_audited
2902,-0.923075848883745,-1.7521289976572,1.31609107752084,-0.164206190351425,inf,0.000000e+00,reject,stable,not_audited
2903,-0.375633429936127,-1.47514254479437,0.1323150245601,0.0662516908137438,inf,0.000000e+00,reject,stable,not_audited
2904,-0.364922713462609,-1.62516915923191,0.971352944545763,-0.0939354046668537,inf,0.000000e+00,reject,stable,not_audited
2905,-0.681090866938652,-0.817062015618156,0.122209470832062,-0.0629404156983657,inf,0.000000e+00,reject,stable,not_audited
2906,-0.657150053003874,-1.47450392715594,0.0743172145683072,-0.0979322722436322,inf,0.000000e+00,reject,stable,not_audited
2907,-0.946649654235805,-1.31410221093212,1.25452291922132,-0.116122783046286,inf,0.000000e+00,reject,stable,not_audited
2908,-0.688172999394628,-1.4067597861813,0.311104876205436,-0.0978011081050563,inf,0.000000e+00,reject,stable,not_audited
2909,-0.0693462075238989,-1.97094329850783,0.519561839201214,-0.057713726360761,inf,0.000000e+00,reject,stable,not_audited
2910,-0.623031488441988,-1.51276953372932,0.630251491300831,-0.096671185617337,inf,0.000000e+00,reject,stable,not_audited
2911,-0.821040808435858,-1.34248512612599,0.0682259805249877,0.106951142279402,inf,0.000000e+00,reject,stable,not_audited
2912,-0.927073116561987,-0.685481689387767,1.09847005573036,-0.107157967551017,inf,0.000000e+00,reject,stable,not_audited
2913,-0.30280420134478,-1.84849813846281,0.0546014825766931,0.0808238289984264,inf,0.000000e+00,reject,stable,not_audited
2914,-0.473816458757539,-1.67798021992953,0.603380309205222,0.112788061016862,1.714081e+01,0.000000e+00,reject,stable,not_audited
2915,-0.443618423877046,-1.30350730807213,0.0672985584859877,-0.0800133791079907,1.719504e+01,0.000000e+00,reject,stable,not_audited
2916,-0.907539866686497,-1.86343331586633,0.7406431124087,-0.167369437013691,1.720155e+01,0.000000e+00,reject,stable,not_audited
2917,-0.880091003767878,-0.282786155086787,0.0584976607525344,0.0652080780083906,1.745794e+01,0.000000e+00,reject,stable,not_audited
2918,-0.269804389831843,-1.36554523460791,0.633919449993573,0.0474411492128843,1.763764e+01,0.000000e+00,reject,stable,not_audited
2919,-0.980375076821736,-1.47339548162316,0.817311218955294,-0.156264717334965,1.779859e+01,0.000000e+00,reject,stable,not_audited
2920,-0.407602144098426,-1.77577945870379,0.0834620526686974,-0.0885306520123814,3.141082e+01,0.000000e+00,reject,stable,not_audited
2921,-0.997374186435978,-1.10194258204878,1.50937268026185,-0.112051255451955,3.096983e+01,0.000000e+00,reject,stable,not_audited
2922,-0.513273225973933,-1.85017812442204,0.481655234086733,-0.102536851240578,3.003117e+01,0.000000e+00,reject,stable,not_audited
2923,-0.810045759457767,-1.85575336502526,0.651099194239863,-0.126908457745067,2.994293e+01,0.000000e+00,reject,stable,not_audited
2924,-0.838790156364646,-1.53410068212302,0.258640835577789,0.14544833965769,1.844866e+01,0.000000e+00,reject,stable,not_audited
2925,-0.641986085039192,-0.726710561993809,1.16883779211623,0.0614120659972626,1.859911e+01,0.000000e+00,reject,stable,not_audited
2926,-0.940298387410411,-1.06270161118971,0.106026689276979,-0.105674297613504,2.742177e+01,0.000000e+00,reject,stable,not_audited
2927,-0.826982585936006,-1.19212899671909,0.322883785085879,0.125910729209815,1.870555e+01,0.000000e+00,reject,stable,not_audited
2928,-0.907328978100997,-0.839793751189023,1.61411675666032,0.11436618021415,1.876784e+01,0.000000e+00,reject,stable,not_audited
2929,-0.592445135945596,-1.79139981476801,0.07013502352242,0.107224796722969,2.604293e+01,0.000000e+00,reject,stable,not_audited
2930,-0.925909866388734,-1.91330955125094,0.907064816251393,0.170648805414642,1.905638e+01,0.000000e+00,reject,stable,not_audited
2931,-0.559867401168084,-1.77526617198924,0.30986216593317,-0.103650953218452,2.551341e+01,0.000000e+00,reject,stable,not_audited
2932,-0.736060737053201,-1.79996844145412,0.404179056326769,-0.119532849739285,2.522827e+01,0.000000e+00,reject,stable,not_audited
2933,-0.370026030736651,-1.7407869092454,0.0766030993894459,-0.102711854802649,1.953857e+01,0.000000e+00,reject,stable,not_audited
2934,-0.626503612624707,-1.57397860816241,0.340935859114311,0.124642820360096,1.984969e+01,0.000000e+00,reject,stable,not_audited
2935,-0.905259479759756,-1.08286187559643,0.308413683625838,-0.103716346595423,2.392415e+01,0.000000e+00,reject,stable,not_audited
2936,-0.944389204886723,-0.656134527078536,0.997630599312854,0.0865325860686039,inf,0.000000e+00,reject,stable,not_audited
2937,-0.178134605213245,-1.65902798150104,0.109185812909383,0.0618283833772608,2.038880e+01,0.000000e+00,reject,stable,not_audited
2938,-0.774655085674711,-1.50188357159725,0.0845559515172882,-0.110748380390832,inf,0.000000e+00,reject,stable,not_audited
2939,-0.692514807905108,-1.44133866009802,1.50270663156191,0.100736085620261,inf,0.000000e+00,reject,stable,not_audited
2940,-0.945656079011686,-1.23569564505146,0.308671855412687,-0.113948062682466,inf,0.000000e+00,reject,stable,not_audited
2941,-0.629229358337091,-1.13961797993414,0.247944728230957,0.0781882982353346,inf,0.000000e+00,reject,stable,not_audited
2942,-0.898826774702314,-1.81746612229931,0.0783432282010443,0.132774618449787,inf,0.000000e+00,reject,stable,not_audited
2943,-0.837454248329496,-0.830063808196462,1.10588277985875,-0.0844962348931964,inf,0.000000e+00,reject,stable,not_audited
2944,-0.985466630833498,-1.7102608016646,0.469051166119012,-0.166657439487589,2.140520e+01,0.000000e+00,reject,stable,not_audited
2945,-0.676608640399011,-1.48510169296792,0.907677667901575,-0.125060733475024,2.187512e+01,0.000000e+00,reject,stable,not_audited
2946,-0.945400893949466,-1.5120269872981,0.296927128369002,0.154098762922511,2.203997e+01,0.000000e+00,reject,stable,not_audited
2947,-0.399042771782456,-1.67338977956173,0.929732803754854,-0.0826953092210427,inf,0.000000e+00,reject,stable,not_audited
2948,-0.842850356019414,-0.380465016145937,0.166715245492491,0.0547494264254667,inf,0.000000e+00,reject,stable,not_audited
2949,-0.359378579117611,-1.33707042576245,0.802470462075114,0.0662645421612686,2.246462e+01,0.000000e+00,reject,stable,not_audited
2950,-0.97082224219259,0.0825641457957267,0.104737271645045,-0.0321764163581955,inf,0.000000e+00,reject,stable,not_audited
2951,-0.886516000065973,-0.621336561895293,0.481769095724343,0.0961720134647908,2.265456e+01,0.000000e+00,reject,stable,not_audited
2952,-0.487989256416772,-1.73282802045709,0.456887667036623,-0.117289083562226,2.294021e+01,0.000000e+00,reject,stable,not_audited
2953,-0.272987919375243,-1.46368651749487,1.4398364294455,0.0610101539643826,2.359826e+01,0.000000e+00,reject,stable,not_audited
2954,-0.994076486766563,-0.183655731671545,0.380242297580225,0.0633629448221371,inf,0.000000e+00,reject,stable,not_audited
2955,-0.730658932490318,-0.761622985666488,1.21084733827843,-0.0671000961464157,3.517715e+01,0.000000e+00,reject,stable,not_audited
2956,-0.763052867475523,-1.13330897975879,0.0506790459706466,0.0930648811474422,3.453829e+01,0.000000e+00,reject,stable,not_audited
2957,-0.996260902058671,-1.86245813266452,0.577948243435848,0.141600502457684,3.427979e+01,0.000000e+00,reject,stable,not_audited
2958,-0.594276551132517,-0.593961022745238,0.977555353841358,-0.0176015519328545,3.376073e+01,0.000000e+00,reject,stable,not_audited
2959,-0.210180216189066,-1.7474749295741,0.234502123551621,0.0630991936203822,3.371813e+01,0.000000e+00,reject,stable,not_audited
2960,-0.747586127025043,-1.04564036805772,0.244955324217584,0.106422828688485,2.433266e+01,0.000000e+00,reject,stable,not_audited
2961,-0.941050265316689,-1.64125315269926,1.34085288288987,-0.130033785321618,3.282745e+01,0.000000e+00,reject,stable,not_audited
2962,-0.38861817066726,-1.29360222812778,0.123935552356942,0.0553741036794211,3.002399e+01,0.000000e+00,reject,stable,not_audited
2963,-0.861323236288007,-1.00178370338905,0.20271031768859,-0.0965098489481835,2.986491e+01,0.000000e+00,reject,stable,not_audited
2964,-0.632612988775061,-1.02211752005112,0.454972739226812,0.0716692874598581,2.982214e+01,0.000000e+00,reject,stable,not_audited
2965,-0.706675092114535,-1.92714904036774,0.508791340746767,-0.150777388560603,2.616111e+01,0.000000e+00,reject,stable,not_audited
2966,-0.862013588629379,-1.99276478106718,0.181375865786908,0.167645459728685,2.643477e+01,0.000000e+00,reject,stable,not_audited
2967,0.0707854207351182,-1.97997726532976,0.239042140717216,0.0355403144040203,2.659827e+01,0.000000e+00,reject,stable,not_audited
2968,-0.327807294162799,-1.56835609156656,0.40995658876675,-0.0673684422299945,2.816889e+01,0.000000e+00,reject,stable,not_audited
2969,-0.877379517828526,-0.788360751281367,0.210306655359955,-0.0871823614139455,2.747007e+01,0.000000e+00,reject,stable,not_audited
2970,-0.946155116273773,-1.51687333427683,1.21449293015849,-0.126102903735029,2.739963e+01,0.000000e+00,reject,stable,not_audited
2971,-0.542103142316629,-1.39475758266381,0.893297812094383,-0.0835861408444227,2.738734e+01,0.000000e+00,reject,stable,not_audited
2972,-0.975521861120659,-1.41168639399957,0.202131863144017,0.124344809654406,2.714475e+01,0.000000e+00,reject,stable,not_audited
2973,-0.905432768781863,-0.0337386016638148,0.100112394060562,0.0301580461132467,2.517391e+01,0.000000e+00,reject,stable,not_audited
2974,-0.471856203858856,-1.39435288512666,0.0691178590568878,-0.0752353672055752,2.443624e+01,0.000000e+00,reject,stable,not_audited
2975,-0.789838515214339,-1.60125838181831,0.243582819379983,0.117377754666381,2.425799e+01,0.000000e+00,reject,stable,not_audited
2976,-0.91556386620273,-1.30860469123967,0.235682790480278,-0.115683341056165,2.417996e+01,0.000000e+00,reject,stable,not_audited
2977,-0.98256185098581,-1.66757609824908,0.112259521541415,-0.163710981294423,3.163786e+01,0.000000e+00,reject,stable,not_audited
2978,-0.470881059658488,-1.58404773903054,0.541980675512438,-0.105081080702925,3.197847e+01,0.000000e+00,reject,stable,not_audited
2979,-0.534367079670079,-1.63713879746641,0.0524811836771906,0.116638635158809,3.201706e+01,0.000000e+00,reject,stable,not_audited
2980,-0.963053772145487,-0.753707711195588,0.932812788709435,-0.0946826087293329,2.350627e+01,0.000000e+00,reject,stable,not_audited
2981,-0.762191466376175,-0.822658491410288,0.766158386895324,-0.0758736459805238,2.346544e+01,0.000000e+00,reject,stable,not_audited
2982,-0.990311153425315,-0.667749491813438,0.108461582681643,0.11304361470369,3.312838e+01,0.000000e+00,reject,stable,not_audited
2983,-0.877415856329124,-0.0708169096032123,0.199711387522488,0.0327909627652758,3.478625e+01,0.000000e+00,reject,stable,not_audited
2984,-0.2258857526165,-1.9346296284217,1.8758466331329,0.0951058387781547,3.491673e+01,0.000000e+00,reject,stable,not_audited
2985,-0.84433119997262,-1.40031595447769,0.448218152050255,-0.113733718763745,inf,0.000000e+00,reject,stable,not_audited
2986,-0.669486376536303,-1.66374124873631,0.593082220341197,-0.110039696984798,inf,0.000000e+00,reject,stable,not_audited
2987,-0.94836978897117,-1.21284411364585,0.505549879777192,-0.138956416514381,inf,0.000000e+00,reject,stable,not_audited
2988,-0.259046573788151,-1.62780939738003,1.73925776371942,-0.0618873922509207,inf,0.000000e+00,reject,stable,not_audited
2989,-0.747165589493804,-0.613210721529544,0.118882447141169,0.0588166315816538,inf,0.000000e+00,reject,stable,not_audited
2990,-0.952101137363633,-1.94599478086866,0.342201800416448,0.142713194179839,inf,0.000000e+00,reject,stable,not_audited
2991,-0.461506706194318,-1.95492575414318,0.745854502182614,-0.104611415648539,inf,0.000000e+00,reject,stable,not_audited
2992,-0.742792286966821,-1.24026344338656,0.199619767911868,-0.0973229725599689,inf,0.000000e+00,reject,stable,not_audited
2993,-0.572255160211929,-1.67352673572612,0.465926046431403,-0.12302023661669,inf,0.000000e+00,reject,stable,not_audited
2994,-0.76308138373967,-0.867327293439565,0.47906042781328,-0.0790580825797469,inf,0.000000e+00,reject,stable,not_audited
2995,-0.857148141571842,-1.09189993736993,1.21015938664527,-0.101292485631208,inf,0.000000e+00,reject,stable,not_audited
2996,-0.720853495292135,-1.25432122051591,0.421588257360947,-0.0959392503537559,inf,0.000000e+00,reject,stable,not_audited
2997,-0.808802997005494,-0.889842022580106,1.64680498950714,-0.0858485858320266,inf,0.000000e+00,reject,stable,not_audited
2998,-0.47342926232124,-1.71275135331884,0.105675706631936,-0.0940917183336416,inf,0.000000e+00,reject,stable,not_audited
2999,-0.288092907739418,-1.62976815097,0.0540819968668891,0.0666467698427597,inf,0.000000e+00,reject,stable,not_audited
3000,-0.782339223841984,-1.9993924347243,0.185353528733023,0.16015416170826,inf,0.000000e+00,reject,stable,not_audited
3001,-0.489260899591375,-1.13386762340082,0.200397067837214,0.0594318415954245,inf,0.000000e+00,reject,stable,not_audited
3002,-0.893309885073528,-1.63572292905155,0.458156109140772,-0.127677690756404,inf,0.000000e+00,reject,stable,not_audited
3003,-0.891489373502226,-0.905087244890568,0.574288798983543,-0.115132032563525,inf,0.000000e+00,reject,stable,not_audited
3004,-0.896974188495124,-1.66482151814919,0.93346767372361,-0.129099118583758,3.528389e+01,0.000000e+00,reject,stable,not_audited
3005,-0.822843254319784,-1.61454252722934,0.188082602140604,0.121382761249299,3.486071e+01,0.000000e+00,reject,stable,not_audited
3006,-0.781311813517175,-1.51379410602399,0.213494812204261,-0.136871691993331,inf,0.000000e+00,reject,stable,not_audited
3007,-0.751115823664546,-1.74630687736641,1.59567759096052,0.145451603433421,inf,0.000000e+00,reject,stable,not_audited
3008,-0.782034129094384,-1.09975665676279,1.55361840749958,0.0945720906641263,3.047241e+01,0.000000e+00,reject,stable,not_audited
3009,-0.414095008271497,-1.30408808055876,0.289532514064949,-0.0734092896955323,1.755109e+01,0.000000e+00,reject,stable,not_audited
3010,-0.647660168772352,-1.7431293895405,0.0949926543153049,0.112336340341284,2.969586e+01,0.000000e+00,reject,stable,not_audited
3011,-0.655030557757435,-0.739594278311482,1.04869469720198,0.0541898306651452,2.913091e+01,0.000000e+00,reject,stable,not_audited
3012,-0.488502152830072,-1.25513427211204,1.08268754906782,0.0687522387039938,2.870983e+01,0.000000e+00,reject,stable,not_audited
3013,-0.827932280151327,-1.27468714601027,0.645532437104906,0.12892409863934,1.796632e+01,0.000000e+00,reject,stable,not_audited
3014,-0.614155215252464,-0.597516671805499,0.198499614805029,-0.032672156401089,1.800801e+01,0.000000e+00,reject,stable,not_audited
3015,-0.0702564094575493,-1.85681058930743,1.16372337491849,0.0590023418558898,1.805461e+01,0.000000e+00,reject,stable,not_audited
3016,-0.432682023307214,-1.43520804468754,0.139467020643811,0.0735715543577316,2.637496e+01,0.000000e+00,reject,stable,not_audited
3017,-0.522911955862387,-1.42846861802539,0.0525016675457486,-0.0844135801305075,2.586496e+01,0.000000e+00,reject,stable,not_audited
3018,-0.414360651351126,-1.33871156641911,0.237346884502364,-0.0765982637562503,1.857657e+01,0.000000e+00,reject,stable,not_audited
3019,-0.452485031962715,-1.58288592104353,0.598954219764517,0.0852098111153667,2.570857e+01,0.000000e+00,reject,stable,not_audited
3020,-0.242702015671028,-1.98109281326442,0.117599586831774,0.0839901558480824,2.534061e+01,0.000000e+00,reject,stable,not_audited
3021,-0.96035775096439,-0.820636247262957,0.472620381109229,-0.0988700080401772,2.438321e+01,0.000000e+00,reject,stable,not_audited
3022,-0.888980558483563,-1.96348789818055,1.29635510529304,-0.140139477849093,2.431421e+01,0.000000e+00,reject,stable,not_audited
3023,-0.529742609138088,-1.11754514110652,1.02390878849617,0.0774150281320765,1.917847e+01,0.000000e+00,reject,stable,not_audited
3024,-0.830569280252364,-1.65482076666517,0.112218387278358,-0.124310616197895,2.393487e+01,0.000000e+00,reject,stable,not_audited
3025,-0.716000631986334,-1.06561712854869,1.83064090115834,0.0859511666261183,2.320015e+01,0.000000e+00,reject,stable,not_audited
3026,-0.658489754490195,-1.3420240058826,0.384459576951365,0.0948072007225287,2.285675e+01,0.000000e+00,reject,stable,not_audited
3027,-0.795823591064696,-0.463808571074214,1.16534342423307,0.0549817822158909,inf,0.000000e+00,reject,stable,not_audited
3028,-0.952895127560768,-0.867778611200064,1.20212865041927,-0.100657498280077,inf,0.000000e+00,reject,stable,not_audited
3029,-0.756462056112311,-1.64598489669587,0.513026718477104,0.118136959478024,inf,0.000000e+00,reject,stable,not_audited
3030,-0.361800221148267,-1.33491243768469,0.0710051950833366,0.0552895337078132,inf,0.000000e+00,reject,stable,not_audited
3031,-0.779656298425709,-1.26525566995436,0.29448899867358,-0.103194636809288,inf,0.000000e+00,reject,stable,not_audited
3032,-0.969009132940295,-0.58311452144625,0.105128883779602,-0.103864877852895,2.064130e+01,0.000000e+00,reject,stable,not_audited
3033,-0.925182516093065,-0.0113479147617961,0.25872555233845,-0.0333091942977448,inf,0.000000e+00,reject,stable,not_audited
3034,-0.755334209117385,-0.362371219029667,0.187007449389958,0.0349666879499253,inf,0.000000e+00,reject,stable,not_audited
3035,-0.688534364496684,-1.43129255755911,0.0554007415377243,0.102562827108799,inf,0.000000e+00,reject,stable,not_audited
3036,-0.0146930298851783,-1.96904216889822,1.85651190079584,-0.0496926122779526,inf,0.000000e+00,reject,stable,not_audited
3037,-0.710989148870851,-1.34250613649439,0.710848635984255,-0.119018030052362,2.168290e+01,0.000000e+00,reject,stable,not_audited
3038,-0.797194968840175,-0.761490633706775,0.56659950013806,0.0919690076285891,2.179684e+01,0.000000e+00,reject,stable,not_audited
3039,-0.817660339122664,-1.44718021919301,0.0552469256860452,-0.115145438770483,inf,0.000000e+00,reject,stable,not_audited
3040,-0.938184835685745,-1.19602228988003,0.90847495564864,0.114726351089196,inf,0.000000e+00,reject,stable,not_audited
3041,-0.966192612158141,-0.98396559841069,1.35501321750975,0.127575813762082,2.205922e+01,0.000000e+00,reject,stable,not_audited
3042,-0.34007199439234,-1.0985857227708,0.402719292048556,0.0200219982872643,2.209331e+01,0.000000e+00,reject,stable,not_audited
3043,-0.803183867790317,-1.67852353004604,0.851467075675392,-0.123633602133087,inf,0.000000e+00,reject,stable,not_audited
3044,-0.959607777013638,-1.79904171107672,0.395992879765838,-0.140016519925358,inf,0.000000e+00,reject,stable,not_audited
3045,-0.71483608935189,-0.956372091608011,0.188196430135148,-0.0941849738350973,2.239404e+01,0.000000e+00,reject,stable,not_audited
3046,-0.62754411233805,-0.6146349188398,0.340957933128027,-0.0345414073538688,inf,0.000000e+00,reject,stable,not_audited
3047,-0.0958204125836755,-1.77258853057037,0.194623810729969,-0.0546552794477526,2.252942e+01,0.000000e+00,reject,stable,not_audited
3048,-0.451724873509384,-1.8801854741055,0.380441336074197,-0.101512338487399,inf,0.000000e+00,reject,stable,not_audited
3049,-0.234999542777567,-1.94096402771661,0.206661492605919,0.0812040463365489,inf,0.000000e+00,reject,stable,not_audited
3050,-0.776566437999783,-1.67398930919121,0.576938590667969,0.143475321547903,2.291022e+01,0.000000e+00,reject,stable,not_audited
3051,-0.875189017320115,-1.74497702103168,1.84973736379479,0.132065139712372,inf,0.000000e+00,reject,stable,not_audited
3052,-0.944277280580239,-1.9449145538607,0.290314234925323,0.144342015048672,3.468409e+01,0.000000e+00,reject,stable,not_audited
3053,-0.822376289131415,-1.78898143098596,0.321998288204962,-0.129765769058612,3.449836e+01,0.000000e+00,reject,stable,not_audited
3054,-0.400176290836002,-1.46530068174597,0.695893254452511,-0.0847087050061606,2.398678e+01,0.000000e+00,reject,stable,not_audited
3055,-0.501138921825692,-1.74075587677071,0.0520792219794749,0.0996703757708426,3.404449e+01,0.000000e+00,reject,stable,not_audited
3056,-0.439474812601757,-1.94624508258658,0.273946630170804,-0.103713849668458,3.397794e+01,0.000000e+00,reject,stable,not_audited
3057,-0.880230366585791,-0.461376116689761,0.923571726090586,-0.081020927904653,2.416053e+01,0.000000e+00,reject,stable,not_audited
3058,-0.282986640077822,-1.90442278667555,0.150626641257169,0.0849031837139749,3.365352e+01,0.000000e+00,reject,stable,not_audited
3059,-0.910123304986707,-1.67180300898711,0.723184905569744,-0.132066659066268,3.280287e+01,0.000000e+00,reject,stable,not_audited
3060,-0.845883327782665,-1.33948320776868,0.488509497601223,0.113282806226898,3.226033e+01,0.000000e+00,reject,stable,not_audited
3061,-0.564947531900572,-1.76078679285706,0.0509420867830615,0.125923778814085,2.483167e+01,0.000000e+00,reject,stable,not_audited
3062,-0.558418887650115,-0.953811413763298,0.204277346223483,-0.0566825436274667,3.172817e+01,0.000000e+00,reject,stable,not_audited
3063,-0.874479410972747,-0.741604140032257,0.33849885236053,-0.0861498471344135,3.149489e+01,0.000000e+00,reject,stable,not_audited
3064,-0.255331837436961,-1.49346105756769,0.246304698740608,0.0504676796292207,3.139976e+01,0.000000e+00,reject,stable,not_audited
3065,-0.623986334303541,-0.752951668716362,1.13344475366197,-0.05904754250313,2.521701e+01,0.000000e+00,reject,stable,not_audited
3066,-0.698961294399549,-1.20004382250299,0.0667616292391363,0.0922060393814212,3.094568e+01,0.000000e+00,reject,stable,not_audited
3067,-0.937602385900669,-1.68697556692101,0.107918138918385,0.134835179270406,3.023291e+01,0.000000e+00,reject,stable,not_audited
3068,-0.0905007972065607,-1.8751802625206,1.49903436388205,0.0652039025992512,2.584744e+01,0.000000e+00,reject,stable,not_audited
3069,-0.746477591872748,-1.23081474057145,0.144628191863463,-0.098857450828262,2.982462e+01,0.000000e+00,reject,stable,not_audited
3070,-0.718272183053659,-1.92526059587387,0.433676504615235,-0.149568950410613,2.629802e+01,0.000000e+00,reject,stable,not_audited
3071,-0.859730765620346,-1.31558575024246,0.179692995691865,-0.133520431194543,2.676315e+01,0.000000e+00,reject,stable,not_audited
3072,-0.97325763864405,0.0181874496589827,0.515574303311148,0.0497295039810122,2.718474e+01,0.000000e+00,reject,stable,not_audited
3073,-0.445134493140752,-1.91040544147988,0.0619571523026774,0.102833351618282,2.713069e+01,0.000000e+00,reject,stable,not_audited
3074,-0.932092554172189,-1.31493300909014,0.265281864525323,-0.119978054878773,2.651135e+01,0.000000e+00,reject,stable,not_audited
3075,-0.18393699670882,-1.85850702458337,0.236231146259531,-0.0692709243537004,2.649013e+01,0.000000e+00,reject,stable,not_audited
3076,-0.932861684711039,-0.887111874467126,1.0817646267928,-0.117855123020261,2.869275e+01,0.000000e+00,reject,stable,not_audited
3077,-0.64174045918234,-1.98600339805475,0.311284106129819,0.123732438599197,2.627298e+01,0.000000e+00,reject,stable,not_audited
3078,-0.506563566402586,-1.09331315636022,0.225159495997819,-0.0702565411687472,2.893891e+01,0.000000e+00,reject,stable,not_audited
3079,-0.425078110792803,-1.9487803004067,1.64382636267313,-0.102870972644457,2.533880e+01,0.000000e+00,reject,stable,not_audited
3080,-0.845511587378954,-0.287669441938505,0.592177831599799,0.056242775122664,3.063145e+01,0.000000e+00,reject,stable,not_audited
3081,-0.495267061124852,-1.63373516978502,0.310975246198239,-0.0939949424320745,2.426578e+01,0.000000e+00,reject,stable,not_audited
3082,-0.970976836231852,-1.94151607484899,1.04869223766478,-0.146834087422488,2.426098e+01,0.000000e+00,reject,stable,not_audited
3083,-0.904069306063421,-0.216325075346552,0.404799794079591,-0.0615959603602509,3.162948e+01,0.000000e+00,reject,stable,not_audited
3084,-0.454591057134732,-1.84024722933259,1.27306932424338,-0.117511784867473,3.249742e+01,0.000000e+00,reject,stable,not_audited
3085,-0.361014757969589,-1.76050746360921,0.165672950640051,0.086091736794264,2.356068e+01,0.000000e+00,reject,stable,not_audited
3086,-0.946568547578502,-1.73799272295664,0.335721912756737,0.138029595861011,2.302651e+01,0.000000e+00,reject,stable,not_audited
3087,-0.576852417696646,-1.85151468024416,1.07197974170507,0.131599902392942,inf,0.000000e+00,reject,stable,not_audited
3088,-0.548715768889847,-1.55554232995593,1.31226694464424,-0.095684420533519,2.246915e+01,0.000000e+00,reject,stable,not_audited
3089,-0.671683860798739,-1.90373791004617,1.08168019756357,-0.123210758114262,2.242731e+01,0.000000e+00,reject,stable,not_audited
3090,-0.453340295176419,-1.10697030766053,0.203981429086555,0.0517160576854265,2.223320e+01,0.000000e+00,reject,stable,not_audited
3091,-0.952696962395692,-1.93596873174107,0.980810442946683,-0.169784993091313,inf,0.000000e+00,reject,stable,not_audited
3092,-0.975274045471528,-1.33961285653328,1.38315893613954,0.12505809444977,inf,0.000000e+00,reject,stable,not_audited
3093,-0.716582188360787,-0.557105296562256,0.482360466035831,0.0494002430743539,inf,0.000000e+00,reject,stable,not_audited
3094,-0.491771616174434,-1.77919536133094,0.533333398754541,-0.118110109034095,inf,0.000000e+00,reject,stable,not_audited
3095,-0.711584236969362,-1.02895584755505,0.249955490735772,0.0844685006137822,inf,0.000000e+00,reject,stable,not_audited
3096,-0.625065679981611,-1.92669120329484,0.157182743598052,0.120490863360897,inf,0.000000e+00,reject,stable,not_audited
3097,-0.861838913384549,-1.64100586514356,0.0689160659007409,-0.149055333684194,inf,0.000000e+00,reject,stable,not_audited
3098,-0.298079423584154,-1.38006643498023,1.21220456245568,-0.0557910469580152,inf,0.000000e+00,reject,stable,not_audited
3099,-0.851341036231067,-1.08593726473956,0.0565809140188312,0.10282618288173,inf,0.000000e+00,reject,stable,not_audited
3100,-0.846499795204166,-1.79952937263659,0.0812784850250893,0.133199035729599,inf,0.000000e+00,reject,stable,not_audited
3101,-0.74755321025556,-0.414915497715086,0.180140585602145,0.0403735584486706,inf,0.000000e+00,reject,stable,not_audited
3102,-0.76482626152451,-1.31246150586384,0.431704694137264,-0.12254061108278,inf,0.000000e+00,reject,stable,not_audited
3103,-0.860594474196772,-0.98486050145268,0.0737853006595013,0.0987457650904524,inf,0.000000e+00,reject,stable,not_audited
3104,-0.697255351307123,-1.51604270946298,0.513638336784046,0.126282226851767,inf,0.000000e+00,reject,stable,not_audited
3105,-0.460964294343656,-1.10379853708141,0.191766472361508,0.0615366369122592,inf,0.000000e+00,reject,stable,not_audited
3106,-0.43860238589984,-1.17793615320015,0.136514447347448,-0.0558504473715047,inf,0.000000e+00,reject,stable,not_audited
3107,-0.296203605461377,-1.85527659082663,0.0678031452029906,0.0844597195556691,inf,0.000000e+00,reject,stable,not_audited
3108,-0.524428932653587,-1.04595557721403,0.207804769991494,-0.0687740913506967,inf,0.000000e+00,reject,stable,not_audited
3109,-0.818494738380793,-1.72463171234417,0.0621365555769278,0.148671716004873,inf,0.000000e+00,reject,stable,not_audited
3110,-0.894196239580342,-1.74422403742834,0.0928562727507318,0.135067809783793,inf,0.000000e+00,reject,stable,not_audited
3111,-0.364361827162886,-1.7307859746729,0.273429119944105,-0.0852228102910875,inf,0.000000e+00,reject,stable,not_audited
3112,-0.408255889123755,-1.22256504112504,1.0698356680971,0.0629420131911185,inf,0.000000e+00,reject,stable,not_audited
3113,-0.952075214988328,-0.97424721085801,1.67825400522465,-0.124352086026863,inf,0.000000e+00,reject,stable,not_audited
3114,-0.930803724315379,-1.49064242835253,0.108001181935241,-0.128112809439971,inf,0.000000e+00,reject,stable,not_audited
3115,-0.968040932808207,-0.696097204066205,0.0746273868355425,0.109937960342114,inf,0.000000e+00,reject,stable,not_audited
3116,-0.0457371773947813,-1.9225688204097,0.947425805886534,0.0601330069820016,1.771796e+01,0.000000e+00,reject,stable,not_audited
3117,-0.86184861561089,-0.818900570787595,0.624626857267705,-0.0901485556302704,3.449376e+01,0.000000e+00,reject,stable,not_audited
3118,-0.899810354903085,-0.216830347583028,0.358736869123913,-0.0604025500058902,1.776122e+01,0.000000e+00,reject,stable,not_audited
3119,-0.818849742657917,-1.3489558352194,0.73433900835553,-0.130093464539762,1.793638e+01,0.000000e+00,reject,stable,not_audited
3120,-0.672247122835719,-1.4257214170145,1.52299596722752,-0.102320805974779,3.312949e+01,0.000000e+00,reject,stable,not_audited
3121,-0.82489323416376,-1.91306895609021,0.0717138603395453,0.15749484412811,1.800921e+01,0.000000e+00,reject,stable,not_audited
3122,-0.743102296798802,-1.0905113568472,0.196162190756355,0.1063493787914,1.805278e+01,0.000000e+00,reject,stable,not_audited
3123,-0.723162982856682,-0.437845197959552,0.0834172587423567,0.0428419866693313,1.807939e+01,0.000000e+00,reject,stable,not_audited
3124,-0.371090921803625,-1.48838160315912,0.166230475868168,-0.0702494657885868,3.213599e+01,0.000000e+00,reject,stable,not_audited
3125,-0.54224656222073,-1.57849504948809,1.52802559542361,0.0968329365394318,3.199175e+01,0.000000e+00,reject,stable,not_audited
3126,-0.357574725725779,-1.77874640120079,0.0842384234229777,-0.0874765580367385,3.001962e+01,0.000000e+00,reject,stable,not_audited
3127,-0.843321602700772,-1.13034213483423,0.138475748453447,0.104787042913843,2.954658e+01,0.000000e+00,reject,stable,not_audited
3128,-0.232889119799181,-1.74629493095761,0.0891092259231379,-0.0689583134563745,2.953243e+01,0.000000e+00,reject,stable,not_audited
3129,-0.281120835559764,-1.74904058101764,0.252812956064993,-0.0875376234842664,1.880635e+01,0.000000e+00,reject,stable,not_audited
3130,-0.841807211838054,-0.695069786985304,0.589876713131703,0.0805355085465571,2.715316e+01,0.000000e+00,reject,stable,not_audited
3131,-0.811598934420163,-1.92580489776492,1.13970013088825,-0.156529289482382,1.979878e+01,0.000000e+00,reject,stable,not_audited
3132,-0.923868682717958,-1.21677352030384,0.949333156256865,0.133799535769276,1.981324e+01,0.000000e+00,reject,stable,not_audited
3133,-0.366321476024787,-1.78719863349591,0.136992097278106,-0.102392390344919,1.982462e+01,0.000000e+00,reject,stable,not_audited
3134,-0.0788852209642228,-1.85049524207932,0.10929807857974,0.0517204247819727,2.429524e+01,0.000000e+00,reject,stable,not_audited
3135,-0.865486333331515,-1.31181577514872,1.41750003495748,-0.115756537093476,2.386969e+01,0.000000e+00,reject,stable,not_audited
3136,-0.560226511281872,-1.91578074927508,1.43327425448406,-0.132213167872028,2.081298e+01,0.000000e+00,reject,stable,not_audited
3137,-0.920620789048173,-0.786527165689852,1.92029939675878,-0.109213271993982,2.088202e+01,0.000000e+00,reject,stable,not_audited
3138,-0.41844924229524,-1.6421566399621,0.135148428369557,0.0869995251366804,2.295959e+01,0.000000e+00,reject,stable,not_audited
3139,-0.909027627435236,-1.07970616173398,0.383284147958482,-0.124805330908835,2.156960e+01,0.000000e+00,reject,stable,not_audited
3140,-0.468002835999303,-1.78003231862133,0.104705715818015,0.114489446190221,2.167132e+01,0.000000e+00,reject,stable,not_audited
3141,-0.689267991532273,-0.834699539992604,0.521258725226071,-0.0792804062537227,2.168008e+01,0.000000e+00,reject,stable,not_audited
3142,-0.5668195794682,-1.77418940324785,0.942361996712288,-0.125291371355013,2.212894e+01,0.000000e+00,reject,stable,not_audited
3143,-0.93761947936533,-0.0217845862907287,0.275107932453921,-0.0391149783670859,2.180140e+01,0.000000e+00,reject,stable,not_audited
3144,-0.793397349281267,-1.86396373301699,0.0826485145714829,0.151750672116166,2.297986e+01,0.000000e+00,reject,stable,not_audited
3145,-0.865531500156649,-1.02402110937526,0.229942326438712,0.116641884679082,2.315500e+01,0.000000e+00,reject,stable,not_audited
3146,-0.535353141055877,-1.28521126234185,0.0534052465895422,-0.0905543874507113,2.331707e+01,0.000000e+00,reject,stable,not_audited
3147,-0.565552484973619,-1.03913497022889,0.921565006061535,0.0662295749230175,inf,0.000000e+00,reject,stable,not_audited
3148,-0.584455269505734,-1.44333097608854,0.135256776321141,0.0948736990667558,inf,0.000000e+00,reject,stable,not_audited
3149,-0.647626440947254,-1.01351780564755,0.434943021601172,-0.0763769568725177,inf,0.000000e+00,reject,stable,not_audited
3150,-0.892222098615652,-0.501678216595492,0.553228397594638,0.074833694782158,inf,0.000000e+00,reject,stable,not_audited
3151,-0.819479680135573,-0.228693942416863,0.0594970903931085,0.0350650404691235,inf,0.000000e+00,reject,stable,not_audited
3152,-0.652665022596581,-0.509223265441021,1.1519807800337,0.0295381901784779,2.426778e+01,0.000000e+00,reject,stable,not_audited
3153,-0.812472363183411,-1.01772127395256,0.132092824195213,0.096602157424805,inf,0.000000e+00,reject,stable,not_audited
3154,0.0245358776909155,-1.95712020081133,0.266918063824871,-0.0406579216758571,inf,0.000000e+00,reject,stable,not_audited
3155,-0.890704455994356,-1.81431267983697,0.0663728346178292,-0.157870854935906,2.504757e+01,0.000000e+00,reject,stable,not_audited
3156,-0.387423546371518,-1.27763078612916,1.04169475951225,0.0562798329190239,inf,0.000000e+00,reject,stable,not_audited
3157,-0.514200317083614,-1.01259720518093,0.151123484674731,0.0552112319841651,inf,0.000000e+00,reject,stable,not_audited
3158,-0.508565317800456,-1.05756926440391,0.120188025000815,-0.0583215625926872,inf,0.000000e+00,reject,stable,not_audited
3159,-0.849186753024838,-1.87609455360895,0.107285911850616,0.138312423439174,inf,0.000000e+00,reject,stable,not_audited
3160,-0.932962241547142,-1.48290717741764,0.756468373702345,-0.129517231977346,inf,0.000000e+00,reject,stable,not_audited
3161,-0.961166606963791,-0.805377499873384,0.0828737654580942,-0.114781865889934,2.704049e+01,0.000000e+00,reject,stable,not_audited
3162,-0.953649843182332,-1.4673579389784,0.795772601005744,0.130680300194812,3.516465e+01,0.000000e+00,reject,stable,not_audited
3163,-0.680817026810957,-0.75539114473275,0.150036575106151,0.0621194619953531,3.474551e+01,0.000000e+00,reject,stable,not_audited
3164,-0.612548952254532,-1.74257429784797,0.575638977863864,0.113153220320143,3.456809e+01,0.000000e+00,reject,stable,not_audited
3165,-0.759950948995223,-0.806169338863874,0.560840367486771,0.0778675194697573,3.294595e+01,0.000000e+00,reject,stable,not_audited
3166,-0.634506774393224,-1.4345396620344,0.429572446568827,0.100201904007406,3.236582e+01,0.000000e+00,reject,stable,not_audited
3167,-0.955319508687677,-1.65011495655623,1.50975365658675,-0.155974480752196,3.087877e+01,0.000000e+00,reject,stable,not_audited
3168,-0.101816808261118,-1.83179000226393,0.273553081367317,0.0548548755084939,3.072421e+01,0.000000e+00,reject,stable,not_audited
3169,-0.641919979873278,-1.01001440612626,0.385155408951207,0.0854422062487794,3.238371e+01,0.000000e+00,reject,stable,not_audited
3170,-0.606808624310999,-1.52458163863869,0.557018884912817,0.102125164594081,2.943499e+01,0.000000e+00,reject,stable,not_audited
3171,-0.390247281816934,-1.59531332700229,0.0534382965868881,-0.0916227541280845,3.369986e+01,0.000000e+00,reject,stable,not_audited
3172,-0.877916746194833,-1.8280390709426,0.534702763778466,0.139195924346445,2.833061e+01,0.000000e+00,reject,stable,not_audited
3173,-0.936933066378905,-1.23079921190884,0.0713517740938267,-0.134774311016025,3.459071e+01,0.000000e+00,reject,stable,not_audited
3174,-0.470345027270286,-1.83371804626371,0.652346033280233,0.104061892352573,2.783146e+01,0.000000e+00,reject,stable,not_audited
3175,-0.810377580503024,-0.700792729529089,1.71890376352672,0.0777827411297389,2.661613e+01,0.000000e+00,reject,stable,not_audited
3176,-0.0271309985335044,-1.82051218871786,0.0644461214107712,0.0363437071277422,2.657882e+01,0.000000e+00,reject,stable,not_audited
3177,-0.911672032828125,-1.34445966833104,0.422348051202153,-0.137795279653666,inf,0.000000e+00,reject,stable,not_audited
3178,-0.749610159822773,-1.90596917887857,0.0926172502923456,0.148877910241971,inf,0.000000e+00,reject,stable,not_audited
3179,-0.616628740034634,-1.72163533684747,1.01496991979027,0.127016074295443,inf,0.000000e+00,reject,stable,not_audited
3180,-0.865057258349506,-1.286584411668,0.0612130833690394,0.130224153332199,inf,0.000000e+00,reject,stable,not_audited
3181,-0.315757717894825,-1.54604911316783,0.0953110503845687,-0.0756484635956003,inf,0.000000e+00,reject,stable,not_audited
3182,-0.684613876611907,-1.29577457905909,1.16847533257597,0.110640070516753,inf,0.000000e+00,reject,stable,not_audited
3183,-0.869894515650961,-1.5964314712641,0.109643776924872,0.145666046764604,inf,0.000000e+00,reject,stable,not_audited
3184,-0.687140414251771,-1.27291620971128,0.108079644790731,0.109531786146471,inf,0.000000e+00,reject,stable,not_audited
3185,-0.739978837952982,-1.56994028547862,0.50211998449374,0.117451400113267,2.475443e+01,0.000000e+00,reject,stable,not_audited
3186,-0.473138577959181,-1.48930056356966,0.0801174990031444,-0.095736317811995,inf,0.000000e+00,reject,stable,not_audited
3187,-0.228426964684269,-1.34623309374445,1.25623428185093,-0.0266378983036777,inf,0.000000e+00,reject,stable,not_audited
3188,-0.595158595904467,-1.77950212754879,0.886667146658318,-0.11380921656128,2.437511e+01,0.000000e+00,reject,stable,not_audited
3189,-0.868605877027926,-0.703567399519973,1.2304572745048,-0.0960413887530984,inf,0.000000e+00,reject,stable,not_audited
3190,-0.786151826511245,-0.891586197630332,0.331221216717775,-0.0871218693756011,2.358356e+01,0.000000e+00,reject,stable,not_audited
3191,-0.744071055490819,-1.48939914026811,0.620241466000263,0.114313742291259,2.289312e+01,0.000000e+00,reject,stable,not_audited
3192,-0.743339194636247,-1.62350931744582,1.00507086833622,0.120344143163178,2.278259e+01,0.000000e+00,reject,stable,not_audited
3193,-0.163168269534468,-1.60453662451583,0.483357016981965,0.0491174242178452,inf,0.000000e+00,reject,stable,not_audited
3194,-0.670784484751814,-1.93547127194098,0.138112516070417,0.127530734456875,2.262826e+01,0.000000e+00,reject,stable,not_audited
3195,-0.990585964742378,-0.05590010693565,0.257950063144463,-0.0618709741427532,inf,0.000000e+00,reject,stable,not_audited
3196,-0.492549350593319,-1.6396384367236,0.0545359868850773,-0.0966137764579347,2.170479e+01,0.000000e+00,reject,stable,not_audited
3197,-0.579774611568953,-1.90901615647219,0.910464742623922,0.132504097903326,inf,0.000000e+00,reject,stable,not_audited
3198,-0.787277386538867,-1.9559861716201,0.0574549124665234,0.153939592635546,inf,0.000000e+00,reject,stable,not_audited
3199,-0.556161230353307,-1.70361109894865,0.546782222032904,0.106723318137702,inf,0.000000e+00,reject,stable,not_audited
3200,-0.631758949525692,-1.46102865871871,0.262322766145629,-0.113832079946404,1.821728e+01,0.000000e+00,reject,stable,not_audited
3201,-0.960416651314495,-1.98471246885484,1.25866544465384,-0.151885001735274,inf,0.000000e+00,reject,stable,not_audited
3202,-0.356313670762108,-1.61035083977512,0.232485097235966,-0.087256547046239,1.843211e+01,0.000000e+00,reject,stable,not_audited
3203,-0.66497391912345,-0.760996862984435,0.480301712685696,0.067291428189689,1.861520e+01,0.000000e+00,reject,stable,not_audited
3204,-0.773735043664014,-1.54837240854908,0.200799523955599,0.120075534118384,inf,0.000000e+00,reject,stable,not_audited
3205,-0.504795038322072,-1.34995914633944,0.651868588400181,-0.0899593852355827,1.874296e+01,0.000000e+00,reject,stable,not_audited
3206,-0.46561643497569,-1.80372401241963,0.0618312047148172,-0.102762137861264,inf,0.000000e+00,reject,stable,not_audited
3207,-0.622260236421161,-0.631663701872357,0.790239082732976,0.0409145146990753,1.903347e+01,0.000000e+00,reject,stable,not_audited
3208,-0.594163558361567,-1.96017749997018,0.676467417109783,-0.122490793348067,inf,0.000000e+00,reject,stable,not_audited
3209,-0.522993585425068,-1.57046685196071,0.992570252198039,0.107179925910784,1.927640e+01,0.000000e+00,reject,stable,not_audited
3210,-0.388458258674046,-1.65320067310593,0.103729114756873,0.0854557478227607,inf,0.000000e+00,reject,stable,not_audited
3211,-0.227703964451282,-1.73821751730217,0.0812359614277968,0.0690381864215555,inf,0.000000e+00,reject,stable,not_audited
3212,-0.0865037516949588,-1.9674562926458,1.03310969358592,0.0719154136730586,1.967232e+01,0.000000e+00,reject,stable,not_audited
3213,-0.828348438447435,-1.69089240973817,0.490218131561466,-0.131062098858023,inf,0.000000e+00,reject,stable,not_audited
3214,-0.908730144444331,-1.60973222436037,0.0575425279510886,0.149029402945112,1.977338e+01,0.000000e+00,reject,stable,not_audited
3215,-0.981896289322377,-0.737379429534617,0.295308242983718,-0.101158687064792,inf,0.000000e+00,reject,stable,not_audited
3216,-0.43159484123671,-1.5603076180453,0.628621804236217,0.0943925542146826,2.020167e+01,0.000000e+00,reject,stable,not_audited
3217,-0.705426561178127,-1.08286412326788,0.131150285619869,-0.0895113150975069,inf,0.000000e+00,reject,stable,not_audited
3218,-0.435071774914343,-1.61457727519323,0.0887794376545348,0.0985184485384907,2.089114e+01,0.000000e+00,reject,stable,not_audited
3219,-0.365203915563111,-1.56198894918814,0.0599670606928649,-0.0765182574224732,3.336526e+01,0.000000e+00,reject,stable,not_audited
3220,-0.4717281275715,-1.74465561741632,0.246448911951171,-0.111274973940128,2.133346e+01,0.000000e+00,reject,stable,not_audited
3221,-0.962275576687154,0.08602320371604,0.461408190803941,0.0309262863607547,3.209495e+01,0.000000e+00,reject,stable,not_audited
3222,-0.725025273246583,-1.12986552229321,0.0805069296362501,-0.104632453991469,2.163441e+01,0.000000e+00,reject,stable,not_audited
3223,-0.741603233569251,-0.774190247570851,0.263016176744222,-0.0817981983766107,2.183983e+01,0.000000e+00,reject,stable,not_audited
3224,-0.863125235829538,-1.82013589625563,0.866792678983583,-0.139421767630228,3.002920e+01,0.000000e+00,reject,stable,not_audited
3225,-0.989768689057503,0.0252833602502882,0.57726115528243,0.0518830379344317,2.218697e+01,0.000000e+00,reject,stable,not_audited
3226,-0.439585521416546,-1.58234797503391,0.110137872831314,-0.0968124549218463,2.247131e+01,0.000000e+00,reject,stable,not_audited
3227,-0.999237328012204,-1.25714580734425,0.797065193501967,0.127687350895171,2.919149e+01,0.000000e+00,reject,stable,not_audited
3228,-0.574833865665873,-1.46200425730517,0.225069029830214,-0.106519949313113,2.269561e+01,0.000000e+00,reject,stable,not_audited
3229,-0.526518026018115,-1.63374455950514,1.19634929215224,-0.111065036848769,2.270009e+01,0.000000e+00,reject,stable,not_audited
3230,-0.948042900522127,-0.011418811572713,0.276420892309111,-0.0413093448016004,2.864419e+01,0.000000e+00,reject,stable,not_audited
3231,-0.503198865618323,-1.45483465730165,1.7940269134265,0.0878120540510112,2.796742e+01,0.000000e+00,reject,stable,not_audited
3232,-0.948045596651317,-0.00581401671786885,0.290655501695255,-0.0447093079980989,2.314008e+01,0.000000e+00,reject,stable,not_audited
3233,-0.969446827281815,0.0479388441082511,0.264338310894169,-0.0391033810830348,2.742127e+01,0.000000e+00,reject,stable,not_audited
3234,-0.24308647633583,-1.53201143818648,0.402188106567505,0.0593851540030226,2.361738e+01,0.000000e+00,reject,stable,not_audited
3235,-0.255785912402485,-1.82087276248724,0.0639228691484805,0.0795432991697678,2.622797e+01,0.000000e+00,reject,stable,not_audited
3236,-0.313885702623371,-1.51159881553848,0.57936471597026,0.0650441745330692,2.604164e+01,0.000000e+00,reject,stable,not_audited
3237,-0.503973920239184,-0.820806587716577,0.48315836280758,-0.032148819764336,2.516804e+01,0.000000e+00,reject,stable,not_audited
3238,-0.073671408868201,-1.79229057501874,0.19507446355054,0.0454252186376758,2.497164e+01,0.000000e+00,reject,stable,not_audited
3239,-0.809117176158334,-1.59674886508075,0.329523596761998,-0.126263470140897,2.490187e+01,0.000000e+00,reject,stable,not_audited
3240,-0.0139827575242901,-1.99260301307849,0.283337836281609,-0.0542693243328545,2.472941e+01,0.000000e+00,reject,stable,not_audited
3241,-0.846955033505474,-0.181149183311593,1.47502733899075,0.0405039670994194,2.551792e+01,0.000000e+00,reject,stable,not_audited
3242,-0.536623844049659,-1.97686473539538,0.126357793474459,0.118977782932578,2.454432e+01,0.000000e+00,reject,stable,not_audited
3243,-0.673784945401828,-1.00171764922306,0.475801077693299,0.080779462806944,2.451954e+01,0.000000e+00,reject,stable,not_audited
3244,-0.502305912713878,-1.53360738083139,0.780308494214808,-0.0926427865227459,2.450548e+01,0.000000e+00,reject,stable,not_audited
3245,-0.398653876593981,-1.19313640584847,0.198499447812413,-0.0561492292559096,2.594775e+01,0.000000e+00,reject,stable,not_audited
3246,-0.96770789393989,-1.73787918393099,0.132824696153622,0.158756867681181,2.650935e+01,0.000000e+00,reject,stable,not_audited
3247,-0.590033451643635,-1.84211657846766,0.582726070243818,0.129112762535364,2.657760e+01,0.000000e+00,reject,stable,not_audited
3248,-0.189274959726135,-1.54837493026167,0.137938324157502,0.0439307667795319,2.339973e+01,0.000000e+00,reject,stable,not_audited
3249,-0.997601647186652,-0.807179586947172,0.188018284402678,0.117384168436367,2.739859e+01,0.000000e+00,reject,stable,not_audited
3250,-0.626940184696534,-1.15747240873959,0.900321252485253,0.0849717327975315,2.292190e+01,0.000000e+00,reject,stable,not_audited
3251,-0.575990941157687,-0.854905222544321,1.19988154268812,0.0529643259107413,2.278437e+01,0.000000e+00,reject,stable,not_audited
3252,-0.868979866795932,-1.81067789457156,0.0517713304336997,0.140162098972595,2.267048e+01,0.000000e+00,reject,stable,not_audited
3253,-0.860082056152009,-1.24280222968818,0.396261209209324,0.125978610837755,2.818009e+01,0.000000e+00,reject,stable,not_audited
3254,-0.398128393150588,-1.88122680277994,0.0937231931403316,0.11013368695962,2.876917e+01,0.000000e+00,reject,stable,not_audited
3255,-0.993674471093861,-0.805130185151636,0.180049855442581,0.106752015369386,2.223212e+01,0.000000e+00,reject,stable,not_audited
3256,-0.594058845035798,-1.98824013205688,0.526543626220667,0.124882485743293,2.212865e+01,0.000000e+00,reject,stable,not_audited
3257,-0.579788369755064,-1.81261069668629,0.163750386053456,0.115605885734028,2.207442e+01,0.000000e+00,reject,stable,not_audited
3258,-0.482601342841504,-1.32486381493795,0.125752280796988,-0.0768597593712863,2.192932e+01,0.000000e+00,reject,stable,not_audited
3259,-0.75965208388927,-0.497817038032673,0.498556885918815,0.0590785045229496,2.993777e+01,0.000000e+00,reject,stable,not_audited
3260,-0.120117047637576,-1.96239498266287,0.292188958534262,0.0769010899404514,3.002906e+01,0.000000e+00,reject,stable,not_audited
3261,-0.9638440818253,-1.59883805855793,0.0631254205415592,-0.152335769133615,3.032621e+01,0.000000e+00,reject,stable,not_audited
3262,-0.443138245302431,-1.59062137137489,0.211425318613644,0.0974296939700396,3.074809e+01,0.000000e+00,reject,stable,not_audited
3263,-0.802231314350122,-0.553690384350928,0.61552292263219,0.066915897851588,inf,0.000000e+00,reject,stable,not_audited
3264,-0.981822403019804,0.00995861104118667,0.104824731957962,-0.0472742248743145,inf,0.000000e+00,reject,stable,not_audited
3265,-0.695816502469002,-1.98063716128491,0.0692148558755503,0.133461012133653,inf,0.000000e+00,reject,stable,not_audited
3266,-0.0659449383002829,-1.81143844439511,0.179533471978602,0.0460818174006126,inf,0.000000e+00,reject,stable,not_audited
3267,-0.9869308929167,-0.957130195323619,0.135029211420853,0.124026408149366,inf,0.000000e+00,reject,stable,not_audited
3268,-0.858499861838899,-1.03525532417899,0.114840644264647,0.104947655460603,inf,0.000000e+00,reject,stable,not_audited
3269,-0.870768499664294,-0.813847283454126,1.19456515517901,-0.102401920643709,inf,0.000000e+00,reject,stable,not_audited
3270,-0.342604994542186,-1.34088638296216,0.529963085069372,0.0551117952443163,inf,0.000000e+00,reject,stable,not_audited
3271,-0.391873563983456,-1.62557604232506,0.0733074442421789,-0.0851964516262302,inf,0.000000e+00,reject,stable,not_audited
3272,-0.853930978812062,-1.67447190625331,0.061145231817393,0.134109468109161,inf,0.000000e+00,reject,stable,not_audited
3273,-0.848232577819409,-1.02115248941237,0.294517139468423,0.103281292101452,inf,0.000000e+00,reject,stable,not_audited
3274,-0.184729179554173,-1.74419195778762,0.266241893635665,0.0633291510243508,inf,0.000000e+00,reject,stable,not_audited
3275,-0.723477777731114,-1.15951367393231,0.187441613814174,-0.0971936488528051,inf,0.000000e+00,reject,stable,not_audited
3276,-0.911661578882135,-0.171668616069076,1.76180271980537,0.0564019192125622,inf,0.000000e+00,reject,stable,not_audited
3277,-0.723353009686299,-0.781219291814289,0.331909035080531,0.072620174446866,inf,0.000000e+00,reject,stable,not_audited
3278,-0.89920154623382,-0.333927953967041,0.403629685502854,-0.0649854704082764,inf,0.000000e+00,reject,stable,not_audited
3279,-0.272308937741876,-1.7567314508224,0.222253168146113,0.0845570829947264,inf,0.000000e+00,reject,stable,not_audited
3280,-0.856948832570971,-0.298368191808094,0.0563503313466,0.0538504709833716,inf,0.000000e+00,reject,stable,not_audited
3281,-0.805374028136446,-1.34482794051245,0.743504598104822,-0.115479714899423,inf,0.000000e+00,reject,stable,not_audited
3282,-0.604680499891531,-1.53691308526977,0.122829347633548,0.11360876600578,inf,0.000000e+00,reject,stable,not_audited
3283,-0.608124570833034,-1.0424384169512,1.11174153744022,-0.081147537869257,inf,0.000000e+00,reject,stable,not_audited
3284,-0.251348017898406,-1.31391000227521,1.17409206509682,-0.0271574872153393,3.410989e+01,0.000000e+00,reject,stable,not_audited
3285,-0.901869067448033,-1.99885581235042,1.67774631443569,0.150764305258549,3.399526e+01,0.000000e+00,reject,stable,not_audited
3286,-0.63970064292785,-1.85075341755322,1.3390412271932,-0.133645230686892,inf,0.000000e+00,reject,stable,not_audited
3287,-0.298690834838744,-1.66026806288319,1.78801660842545,-0.0750360985835075,3.153982e+01,0.000000e+00,reject,stable,not_audited
3288,-0.361381215345529,-1.75151742018113,0.15891382393161,0.0967614100485035,inf,0.000000e+00,reject,stable,not_audited
3289,-0.924955814292263,-0.81708549571178,1.1786107097677,-0.100855147508604,3.137349e+01,0.000000e+00,reject,stable,not_audited
3290,-0.792536764674877,-1.89719175234052,0.156562884009095,-0.138619447080902,3.135548e+01,0.000000e+00,reject,stable,not_audited
3291,-0.96554871492604,-0.403767062062397,0.397395226292819,-0.086907080720815,1.875424e+01,0.000000e+00,reject,stable,not_audited
3292,-0.816492533262413,-1.73107459600251,0.988336095727396,-0.144373349195768,1.875484e+01,0.000000e+00,reject,stable,not_audited
3293,-0.905193541529476,-0.997336688336825,1.50719802048784,-0.108409685974384,2.925901e+01,0.000000e+00,reject,stable,not_audited
3294,-0.986357811108272,-1.49058382671255,0.0945956147289854,-0.148683998793073,1.906031e+01,0.000000e+00,reject,stable,not_audited
3295,-0.909714156714871,-0.477506853011913,0.453577507581177,-0.0840051970404219,1.907673e+01,0.000000e+00,reject,stable,not_audited
3296,-0.567457815681311,-1.63139595798173,0.0938767693467097,-0.106313663884945,2.829944e+01,0.000000e+00,reject,stable,not_audited
3297,-0.996322126599195,0.00439816592498765,0.608546780938188,0.0514779656504594,2.814540e+01,0.000000e+00,reject,stable,not_audited
3298,-0.510356434557318,-0.891840456509075,0.126142078763359,-0.0457752586452804,1.944489e+01,0.000000e+00,reject,stable,not_audited
3299,-0.197159588008482,-1.70038737342507,0.137596390002738,0.0666419042713917,1.965049e+01,0.000000e+00,reject,stable,not_audited
3300,-0.423149491435123,-1.37635904937832,0.371303989036099,-0.0725828445290548,2.624534e+01,0.000000e+00,reject,stable,not_audited
3301,-0.494257837193494,-1.72585377976243,0.127546665988504,0.103685575263365,2.610876e+01,0.000000e+00,reject,stable,not_audited
3302,-0.407819404489477,-1.48719963205075,0.651385354270526,0.0843638678157448,1.997078e+01,0.000000e+00,reject,stable,not_audited
3303,-0.734511700190408,-1.85304838855783,0.055080356112462,-0.132457632963696,2.523674e+01,0.000000e+00,reject,stable,not_audited
3304,-0.855304247979747,-0.799403517248253,1.72618302163277,0.0921139762908458,2.498666e+01,0.000000e+00,reject,stable,not_audited
3305,-0.49616419066824,-1.63870818202034,0.0808110464191951,-0.0991898203032555,2.480727e+01,0.000000e+00,reject,stable,not_audited
3306,-0.906975428398608,-0.837529368767231,1.1832338211037,-0.107651070923324,2.062845e+01,0.000000e+00,reject,stable,not_audited
3307,-0.827356902316798,-1.18488017256752,0.251184274876589,0.110326667279522,2.455781e+01,0.000000e+00,reject,stable,not_audited
3308,-0.549775630028337,-0.905829895138451,0.165819284758158,-0.0534499447512928,2.364959e+01,0.000000e+00,reject,stable,sim_non_perturbative
3309,-0.728517078428953,-1.75319456999406,0.0612618497798523,-0.127810498364548,2.363974e+01,0.000000e+00,reject,stable,not_audited
3310,-0.200774713874423,-1.89060798773335,0.239934724264485,-0.0779149502977432,2.308763e+01,0.000000e+00,reject,stable,not_audited
3311,-0.679664982906385,-1.84453659328105,0.0724193245202182,0.127594583320036,2.305636e+01,0.000000e+00,reject,stable,not_audited
3312,-0.0669703976521054,-1.89128199622913,0.310743450454718,-0.0555328571139717,2.270123e+01,0.000000e+00,reject,stable,not_audited
3313,-0.564222913565358,-1.26416336696655,1.93102744042291,-0.0848738026487306,2.247183e+01,0.000000e+00,reject,stable,not_audited
3314,-0.590315939995854,-1.83150039097199,1.04033026056571,0.118949500120722,2.244734e+01,0.000000e+00,reject,stable,not_audited
3315,-0.671082407365351,-1.65718839784456,0.0673697934294316,0.118366759654002,2.226167e+01,0.000000e+00,reject,stable,not_audited
3316,-0.909761140037987,-0.010189285665235,0.0979582019102217,0.0299016562222745,2.214926e+01,0.000000e+00,reject,stable,not_audited
3317,-0.464860830658526,-1.89906597045339,0.101610665945045,0.117539933382588,2.266661e+01,0.000000e+00,reject,stable,not_audited
3318,-0.605951458026931,-1.35161855008222,1.03270733084642,-0.102043769125666,2.300064e+01,0.000000e+00,reject,stable,not_audited
3319,-0.504667308485165,-1.81607393968971,0.0880115526621318,-0.117279738693653,2.350520e+01,0.000000e+00,reject,stable,not_audited
3320,-0.621927313574632,-1.81043263856947,0.18168881616968,0.129150047138294,2.359459e+01,0.000000e+00,reject,stable,not_audited
3321,-0.891604816206041,-0.557335091590154,1.7259072600456,0.0868932264715814,2.374960e+01,0.000000e+00,reject,stable,not_audited
3322,-0.857027399576024,-0.910500314713671,0.279807343086604,0.0991957061652475,2.072600e+01,0.000000e+00,reject,stable,not_audited
3323,-0.738351316612818,-0.304617230227288,0.811379086191826,0.0187771222403827,2.049576e+01,0.000000e+00,reject,stable,not_audited
3324,-0.694836222077174,-0.850311283150766,0.702812600229045,-0.0742719467013258,inf,0.000000e+00,reject,stable,not_audited
3325,-0.724209103546718,-0.702299754718497,1.17619218497754,0.0715304295307053,2.473692e+01,0.000000e+00,reject,stable,not_audited
3326,-0.332442367922003,-1.4372913102334,0.622299885750595,-0.0629723273203184,inf,0.000000e+00,reject,stable,not_audited
3327,-0.852783139003718,-0.47850832637863,0.579460779545246,0.0744391535826949,2.492869e+01,0.000000e+00,reject,stable,not_audited
3328,-0.461999172533929,-1.76410997233677,0.0591592550742062,-0.102798949105034,inf,0.000000e+00,reject,stable,not_audited
3329,-0.299190006186261,-1.95354062716084,0.0731352859676919,0.101167695754512,2.509027e+01,0.000000e+00,reject,stable,not_audited
3330,-0.821620032816918,-1.3732215447146,0.118930057422869,0.11945175972259,inf,0.000000e+00,reject,stable,not_audited
3331,-0.676993116517842,-1.66739143408061,0.133126590702025,-0.119730692356811,inf,0.000000e+00,reject,stable,not_audited
3332,-0.992931808994764,0.141805154790439,0.592163614393388,-0.0325764350211055,inf,0.000000e+00,reject,stable,not_audited
3333,-0.235048105428251,-1.49846698013229,0.656778130590869,0.0527588383146202,2.706952e+01,0.000000e+00,reject,stable,not_audited
3334,-0.662719519915696,-0.685537991823168,0.297045872993985,-0.0542919377328253,inf,0.000000e+00,reject,stable,not_audited
3335,-0.878878019841049,-0.97739969481684,1.58188299402125,-0.111985461451908,2.753958e+01,0.000000e+00,reject,stable,not_audited
3336,-0.119940465795456,-1.87237875651153,0.0905810052697665,0.067907735220206,2.753957e+01,0.000000e+00,reject,stable,not_audited
3337,-0.894269598766389,-1.63257612198059,0.4343749277955,-0.137446923461179,inf,0.000000e+00,reject,stable,not_audited
3338,-0.814994839201717,-1.91752773563666,0.158157412765688,-0.142634320468865,inf,0.000000e+00,reject,stable,not_audited
3339,-0.233576183380876,-1.5566609917306,0.973320059758563,0.0556705840724656,inf,0.000000e+00,reject,stable,not_audited
3340,-0.775109940217583,-1.41027034121674,1.12919666602066,0.117088455544434,inf,0.000000e+00,reject,stable,not_audited
3341,-0.886704662864451,-0.000720575059642403,1.90472961153941,0.0165348396287728,inf,0.000000e+00,reject,stable,not_audited
3342,-0.724060591489337,-1.93979262416328,0.119821134324991,0.136238557375552,inf,0.000000e+00,reject,stable,not_audited
3343,-0.638199918982676,-0.560709774534757,0.198868976836858,-0.0314305847042569,inf,0.000000e+00,reject,stable,not_audited
3344,-0.759096044044117,-0.761693369840008,0.998501248634666,-0.0820045470423219,3.150934e+01,0.000000e+00,reject,stable,not_audited
3345,-0.749814964977433,-1.12245139215474,1.28402710822568,0.105199782364501,3.158614e+01,0.000000e+00,reject,stable,not_audited
3346,-0.861412975488596,-0.844099080049897,0.458031313344577,-0.0962824471731152,inf,0.000000e+00,reject,stable,not_audited
3347,-0.896441134058537,-1.42577365123288,0.079079302997038,0.129146779162279,inf,0.000000e+00,reject,stable,not_audited
3348,-0.900953987827743,-1.17509922681032,0.0554167628415811,0.11804804024028,inf,0.000000e+00,reject,stable,not_audited
3349,-0.941893318997131,-1.32846689139006,0.263221357443278,-0.128872240385938,inf,0.000000e+00,reject,stable,not_audited
3350,-0.975102755060745,-1.96847072392292,0.247234423381541,0.156947915616481,inf,0.000000e+00,reject,stable,not_audited
3351,-0.847596290487379,-1.42821651577532,0.190786720032129,0.124921185230026,3.492697e+01,0.000000e+00,reject,stable,not_audited
3352,-0.509349201521522,-1.51058991731423,0.204192683980905,-0.09411255187154,3.439240e+01,0.000000e+00,reject,stable,not_audited
3353,-0.90305420711931,-0.884988078616474,0.0830449243108434,0.103441117630506,3.374894e+01,0.000000e+00,reject,stable,not_audited
3354,-0.764975171799839,-1.92040147332696,0.0853272935846103,-0.139043391531106,3.371046e+01,0.000000e+00,reject,stable,not_audited
3355,-0.997601917841428,0.0223243059874108,0.585063622260364,0.0531124142903172,inf,0.000000e+00,reject,stable,not_audited
3356,-0.747101295565086,-1.10166026708081,1.07868152937641,0.0981043473460748,3.251118e+01,0.000000e+00,reject,stable,not_audited
3357,-0.797901364462504,-0.242387205279088,0.355137203956127,-0.0316778017325965,3.245956e+01,0.000000e+00,reject,stable,not_audited
3358,-0.829523979074361,-0.412063051962301,0.0720778285154451,0.0604496679626312,3.231094e+01,0.000000e+00,reject,stable,not_audited
3359,-0.842599884091876,-1.58186895365465,0.207721610988181,0.131405214746386,3.200613e+01,0.000000e+00,reject,stable,not_audited
3360,-0.785160103858658,-1.96940387971573,0.862819871311306,-0.150464077661788,inf,0.000000e+00,reject,stable,not_audited
3361,-0.107288608775018,-1.6984828942844,0.232095632873022,0.0454151180792564,inf,0.000000e+00,reject,stable,not_audited
3362,-0.731323546942289,-0.829454636915123,0.720578318670885,-0.0827499923351243,inf,0.000000e+00,reject,stable,not_audited
3363,-0.978194378901007,-0.838878650378455,0.0921762033906776,0.109178871450255,2.946511e+01,0.000000e+00,reject,stable,not_audited
3364,-0.710399844851773,-1.66149249633286,1.01246122261255,-0.129665861210452,inf,0.000000e+00,reject,stable,not_audited
3365,-0.503868124875684,-1.4216498181277,0.1393250931328,0.0880836585486531,2.789757e+01,0.000000e+00,reject,stable,not_audited
3366,-0.979665713661618,-0.721162540680064,0.266053851150163,0.103123152162007,2.717143e+01,0.000000e+00,reject,stable,not_audited
3367,-0.969694566040344,-1.54161981475062,0.100356064733589,0.147724896204144,inf,0.000000e+00,reject,stable,not_audited
3368,-0.269687136991189,-1.57210486813171,0.912494441499558,0.067498852737367,inf,0.000000e+00,reject,stable,not_audited
3369,-0.831214329361593,-1.02015431359041,0.162432665068739,0.108384978773113,inf,0.000000e+00,reject,stable,not_audited
3370,-0.636754717728131,-0.698761199000699,1.04905119610116,0.0529099183870514,inf,0.000000e+00,reject,stable,not_audited
3371,-0.599166618955885,-0.889936451642227,0.113540014937073,-0.0622323458953393,2.564439e+01,0.000000e+00,reject,stable,not_audited
3372,-0.236873781286998,-1.56632636901548,0.400490955214529,0.0604169446335301,inf,0.000000e+00,reject,stable,not_audited
3373,-0.32703259066922,-1.43971173430287,0.397160981311545,-0.0627601672537095,2.507616e+01,0.000000e+00,reject,stable,not_audited
3374,-0.383234963313804,-1.57440748554871,0.512017852996071,0.0822991118360257,2.473811e+01,0.000000e+00,reject,stable,not_audited
3375,-0.761335733421639,-1.31795169209507,0.0804786650639895,0.117070427725749,inf,0.000000e+00,reject,stable,not_audited
3376,-0.587925648663373,-1.32470356301588,1.57929476206227,-0.0927980819586658,2.409962e+01,0.000000e+00,reject,stable,not_audited
3377,-0.511671536735291,-1.69615172115815,0.078870950610812,0.105481544731129,2.393023e+01,0.000000e+00,reject,stable,not_audited
3378,-0.566734388280082,-1.0277232054946,0.155730611497434,-0.0686971047086735,2.389350e+01,0.000000e+00,reject,stable,not_audited
3379,-0.428825807462385,-1.35373615635105,0.137483754920842,-0.0727724062741795,2.384098e+01,0.000000e+00,reject,stable,not_audited
3380,-0.854059605700477,-0.872408835690699,0.0844416986522944,0.102107399443347,1.913414e+01,0.000000e+00,reject,stable,not_audited
3381,-0.99283349273169,-0.820677672375965,0.101839095459598,0.110156009293094,2.334692e+01,0.000000e+00,reject,stable,not_audited
3382,-0.960708005273275,-1.50300363345147,0.145874836887701,0.138695457935516,2.327798e+01,0.000000e+00,reject,stable,not_audited
3383,-0.89699435539526,-1.30415112394042,0.0705587898267878,0.124462214498044,2.316808e+01,0.000000e+00,reject,stable,not_audited
3384,-0.916067181099486,-1.57910610681121,0.0598157965253741,0.138183802830083,2.296344e+01,0.000000e+00,reject,stable,not_audited
3385,-0.402572069557198,-1.17054082186537,0.457367009094008,0.0509285307628033,2.306031e+01,0.000000e+00,reject,stable,not_audited
3386,-0.976887872447548,-0.467519822366103,0.403445541791909,-0.0878417968071883,2.296773e+01,0.000000e+00,reject,stable,not_audited
3387,-0.938032419254355,-0.97345218015051,0.202651435890693,0.112423219350554,2.293916e+01,0.000000e+00,reject,stable,not_audited
3388,-0.820792234748026,-1.6291825635108,0.148481209708571,-0.132218643948138,2.292263e+01,0.000000e+00,reject,stable,not_audited
3389,-0.83457489027979,-1.01802434086154,0.441669963903957,0.108419614125416,1.945450e+01,0.000000e+00,reject,stable,not_audited
3390,-0.36617432740514,-1.31691494789424,1.38629357707171,-0.0586635807813103,2.271241e+01,0.000000e+00,reject,stable,not_audited
3391,-0.987551724260607,-1.87283270173445,1.28828487122183,-0.162181333462044,1.962400e+01,0.000000e+00,reject,stable,not_audited
3392,-0.995417077246593,-1.60921606269815,0.0728162909606531,-0.152262199177576,1.981851e+01,0.000000e+00,reject,stable,not_audited
3393,-0.269682804850258,-1.91048350709866,0.296153589529481,-0.0897835276631569,2.184934e+01,0.000000e+00,reject,stable,not_audited
3394,-0.778577140664171,-1.88082052709526,0.537266066150339,-0.139437366496463,2.184536e+01,0.000000e+00,reject,stable,not_audited
3395,-0.729698667346327,-0.54602761200067,0.179126004684589,0.054249392069821,2.169159e+01,0.000000e+00,reject,stable,not_audited
3396,-0.999568644451744,-1.25658261617082,0.426235349170386,-0.137274946259131,2.037191e+01,0.000000e+00,reject,stable,sim_non_perturbative
3397,-0.837418150861359,-1.83753734546618,1.07398630944093,-0.148480300339613,2.057812e+01,0.000000e+00,reject,stable,not_audited
3398,-0.922743629567038,-1.75250356493953,0.0945928740441025,0.145985755155066,2.125649e+01,0.000000e+00,reject,stable,not_audited
3399,-0.555582693623113,-0.882873607295972,0.0851060151435806,0.0530543796529561,2.119149e+01,0.000000e+00,reject,stable,not_audited
3400,-0.512035825338952,-1.77260850825016,0.0644148837225526,-0.10993280481057,2.071903e+01,0.000000e+00,reject,stable,not_audited
3401,-0.942566350824438,-0.892170049519217,1.10888345182511,-0.113260032741262,2.145299e+01,0.000000e+00,reject,stable,not_audited
3402,-0.152853451157812,-1.76687994920151,0.259816857284497,-0.0610639066468559,2.025318e+01,0.000000e+00,reject,stable,not_audited
3403,-0.515785147019095,-1.67770181284951,0.465504152503829,0.105301938284724,2.024533e+01,0.000000e+00,reject,stable,not_audited
3404,-0.958715585089468,-1.87395959209553,0.643311722250883,-0.159563057158766,2.208945e+01,0.000000e+00,reject,stable,not_audited
3405,-0.080744984112511,-1.90502342521739,0.099297975261409,0.0628288207169012,2.210576e+01,0.000000e+00,reject,stable,not_audited
3406,-0.783811249698734,-1.6868046632186,0.136026099658653,-0.131935132619557,inf,0.000000e+00,reject,stable,not_audited
3407,-0.401701009746001,-1.20244057078842,0.202809516334502,-0.0544107467755239,inf,0.000000e+00,reject,stable,not_audited
3408,-0.231576036686356,-1.91584070849261,0.528893970308915,-0.0885577580574313,2.225931e+01,0.000000e+00,reject,stable,not_audited
3409,-0.929901226391667,-0.231242536589834,1.35295885440487,0.0651723355530542,2.293359e+01,0.000000e+00,reject,stable,not_audited
3410,-0.710224506450982,-0.814355300657426,0.354082621305004,-0.0776962093202358,2.305102e+01,0.000000e+00,reject,stable,not_audited
3411,-0.818929564494808,-0.409478489700369,0.775875024421013,0.0608450533513349,2.309832e+01,0.000000e+00,reject,stable,not_audited
3412,-0.264099797135314,-1.3184191560592,1.269509985605,-0.0346834016642399,2.312577e+01,0.000000e+00,reject,stable,not_audited
3413,-0.569381895091809,-1.8212281001732,0.825840759402791,0.118439559399599,inf,0.000000e+00,reject,stable,not_audited
3414,-0.866126100477668,-1.87685904690443,1.06485112436946,-0.14682946563772,inf,0.000000e+00,reject,stable,not_audited
3415,-0.81323929775316,-1.10682207904784,0.133358212907718,0.106795459570137,inf,0.000000e+00,reject,stable,not_audited
3416,-0.850667227970954,-1.85312287580356,0.316669490587914,0.144767367718381,inf,0.000000e+00,reject,stable,not_audited
3417,-0.647809836930347,-1.85759774143435,1.22961348621844,0.127696662486102,inf,0.000000e+00,reject,stable,not_audited
3418,-0.871385397498341,-0.328886533707156,0.0823978774971523,0.0611537177706203,inf,0.000000e+00,reject,stable,not_audited
3419,-0.55330903854945,-1.31147882522476,0.233314984098365,0.0881415257297871,inf,0.000000e+00,reject,stable,not_audited
3420,-0.873564288284321,-1.89671344587964,0.930462011251238,0.153302897109941,2.552101e+01,0.000000e+00,reject,stable,not_audited
3421,-0.832161246631712,-1.74355384792556,1.33795383492674,0.138896028773684,inf,0.000000e+00,reject,stable,not_audited
3422,-0.849475814614282,-0.588732482075829,0.707725563369349,0.0791062807721565,inf,0.000000e+00,reject,stable,not_audited
3423,-0.90133358207175,-1.99896108604886,0.0957431684983596,0.154528088636548,inf,0.000000e+00,reject,stable,not_audited
3424,-0.733635652970571,-1.66249422634009,1.11661667439295,-0.130771687076139,2.662115e+01,0.000000e+00,reject,stable,not_audited
3425,-0.950650857022944,-1.58594642385296,1.17787130666945,-0.142271643259944,inf,0.000000e+00,reject,stable,not_audited
3426,-0.925947790510955,-1.81939902813595,0.406309668539741,-0.149618958279351,inf,0.000000e+00,reject,stable,not_audited
3427,-0.546365219751045,-1.51060043398603,0.0842451740209039,0.102826847728104,2.690197e+01,0.000000e+00,reject,stable,not_audited
3428,-0.935170198627398,-0.906422826501811,1.16751398768319,-0.10940247367802,inf,0.000000e+00,reject,stable,not_audited
3429,-0.854013354622524,-1.6924708955299,0.0960405988717101,0.138753923348184,inf,0.000000e+00,reject,stable,not_audited
3430,-0.605625133899438,-1.20847106790739,0.13032249326643,-0.088390315876425,3.547747e+01,0.000000e+00,reject,stable,not_audited
3431,-0.96957735633042,-1.09562002201073,0.476468383209927,-0.126103323120499,2.802325e+01,0.000000e+00,reject,stable,not_audited
3432,-0.817625274151102,-0.236780840873965,0.0595626067450124,0.0388599315507836,2.826334e+01,0.000000e+00,reject,stable,not_audited
3433,-0.260433317534853,-1.68135839924103,0.0617768585945647,-0.074806526973719,2.828459e+01,0.000000e+00,reject,stable,not_audited
3434,-0.181223268788124,-1.44810825318601,0.478806730365518,0.0273712297920752,2.850641e+01,0.000000e+00,reject,stable,not_audited
3435,-0.761575197170872,-0.633019970945969,0.138592885361263,-0.0708848522813053,2.861721e+01,0.000000e+00,reject,stable,not_audited
3436,-0.758776823360174,-1.60996659142618,1.21119349548497,-0.130536946755895,2.869797e+01,0.000000e+00,reject,stable,not_audited
3437,-0.989910061604768,-0.0282068668844604,0.264895732261109,-0.0548884265239844,3.378193e+01,0.000000e+00,reject,stable,not_audited
3438,-0.757345702686272,-1.34750801063799,0.0968274424911892,-0.113965434445386,3.350849e+01,0.000000e+00,reject,stable,not_audited
3439,-0.616279422394325,-1.04373724233172,0.323556278968877,-0.0784155459504401,3.268762e+01,0.000000e+00,reject,stable,not_audited
3440,-0.629557639550684,-1.72356847756183,1.35634656988562,-0.120078227247093,3.094003e+01,0.000000e+00,reject,stable,not_audited
3441,-0.877288355795232,-1.84429635328196,0.0867782957660003,0.147080948823852,3.053448e+01,0.000000e+00,reject,stable,not_audited
3442,-0.795119751965902,-1.95096369624329,0.113237730572378,0.148682123174754,3.183594e+01,0.000000e+00,reject,stable,not_audited
3443,-0.889333852742588,-0.118320175860732,1.66057885659909,0.042583973920618,3.244530e+01,0.000000e+00,reject,stable,not_audited
3444,-0.26177075975004,-1.9456080595187,0.233089795591926,-0.0941853999010867,3.269180e+01,0.000000e+00,reject,stable,not_audited
3445,-0.895463193017357,-1.00604893507414,0.0723069951258867,0.110729231630266,2.941543e+01,0.000000e+00,reject,stable,not_audited
3446,-0.252967799720839,-1.80472693604793,0.286293913370953,-0.0810604623162123,2.854378e+01,0.000000e+00,reject,stable,not_audited
3447,-0.763803865426931,-0.986572222706466,0.131987280721187,0.0946449943125089,2.833462e+01,0.000000e+00,reject,stable,not_audited
3448,-0.751001915988137,-1.66024470196618,1.03297882082345,-0.128667036956898,2.827600e+01,0.000000e+00,reject,stable,not_audited
3449,-0.471112967834514,-1.92761858329701,0.0744086464546673,-0.11739970833896,inf,0.000000e+00,reject,stable,not_audited
3450,-0.452431343485376,-1.93292287946974,0.0868051903192644,-0.11565342152966,inf,0.000000e+00,reject,stable,not_audited
3451,-0.663011256215827,-1.76350197296014,0.105294953410237,-0.128336221327898,inf,0.000000e+00,reject,stable,not_audited
3452,-0.969860751879124,-0.365537626825772,0.804752407163044,-0.0807753890386829,2.599958e+01,0.000000e+00,reject,stable,not_audited
3453,-0.401898717132608,-1.42253927284578,0.0711345574648673,-0.0748242107795127,2.579248e+01,0.000000e+00,reject,stable,not_audited
3454,-0.737456942064866,-1.68127167598653,0.644569371460944,-0.128586514318445,2.546063e+01,0.000000e+00,reject,stable,not_audited
3455,-0.896595014710128,-0.170485162630027,0.262644090097626,-0.0512200360265556,inf,0.000000e+00,reject,stable,not_audited
3456,-0.994069385266922,-0.299956885728707,1.49776049026279,0.0812691331139841,inf,0.000000e+00,reject,stable,not_audited
3457,-0.452770385998533,-1.56736362615677,1.41228457764463,0.0922494971770593,2.459142e+01,0.000000e+00,reject,stable,not_audited
3458,-0.900957934551501,-1.08884825688032,1.04528164281255,-0.115888725733436,2.452622e+01,0.000000e+00,reject,stable,not_audited
3459,-0.470063179611411,-1.61562496628756,0.222972670601444,0.0974478662262941,2.380549e+01,0.000000e+00,reject,stable,not_audited
3460,-0.938075003688882,-1.50421236891677,0.945399462505266,-0.138658927333917,2.340964e+01,0.000000e+00,reject,stable,not_audited
3461,-0.601666976905305,-1.19406620012672,1.78214950834955,-0.0890622825995215,inf,0.000000e+00,reject,stable,not_audited
3462,-0.743105594528079,-0.544645218228668,1.36199712837371,0.0586546498671674,inf,0.000000e+00,reject,stable,not_audited
3463,-0.280943848475619,-1.72295503934515,0.783210391496331,0.0794416084933105,2.304572e+01,0.000000e+00,reject,stable,not_audited
3464,-0.501676953351219,-0.914318008477555,0.92294482314272,0.0444888127420731,2.281306e+01,0.000000e+00,reject,stable,sim_non_perturbative
3465,-0.829594409544218,-1.83576892483787,1.70212520965639,0.146145813922486,inf,0.000000e+00,reject,stable,sim_non_perturbative
3466,-0.995558799497165,-0.0442015763052828,0.856283286384504,0.058078029845642,2.198451e+01,0.000000e+00,reject,stable,sim_non_perturbative
3467,-0.939872843248804,-1.46565103281961,0.210948523558943,-0.139647210160465,inf,0.000000e+00,reject,stable,sim_non_perturbative
3468,-0.993283215449531,-1.76606096326793,0.265508682098731,0.153866438113167,2.199203e+01,0.000000e+00,reject,stable,sim_non_perturbative
3469,-0.877691623230912,-1.80429505466573,0.109319099394943,0.148655060284756,1.940991e+01,0.000000e+00,reject,stable,sim_non_perturbative
3470,-0.975178883330135,0.119345938931135,0.611580019480445,-0.0309677521190508,2.131648e+01,0.000000e+00,reject,stable,sim_non_perturbative
3471,-0.909925677856004,-1.42822271080619,0.157344166118264,0.135155071465957,1.997845e+01,0.000000e+00,reject,stable,sim_non_perturbative
3472,-0.874790581770807,-1.85596657366154,1.01655018939916,-0.148304888619265,2.071308e+01,0.000000e+00,reject,stable,sim_non_perturbative
3473,-0.937620565166936,-1.94426662187607,0.177209176787504,0.156625651787202,2.069278e+01,0.000000e+00,reject,stable,sim_non_perturbative
3474,-0.646715579795879,-0.707130408206653,0.728401049405442,-0.05449970709943,2.067718e+01,0.000000e+00,reject,stable,sim_non_perturbative
3475,-0.326772807229519,-1.50236529450794,0.381543480967534,-0.0693756422331706,2.056695e+01,0.000000e+00,reject,stable,sim_non_perturbative
3476,-0.289674761959169,-1.48657091196543,0.451351409339247,0.0612043296747031,2.056368e+01,0.000000e+00,reject,stable,sim_non_perturbative
3477,-0.805638190408778,-1.59915183850637,1.22494452745788,0.133374469574131,2.043352e+01,0.000000e+00,reject,stable,sim_non_perturbative
3478,-0.583179253034663,-1.1838359582081,0.426170879473792,-0.0854955621198152,2.050434e+01,0.000000e+00,reject,stable,sim_non_perturbative
3479,-0.351416478812886,-1.52557611625418,0.15176897711703,-0.0753663669860789,2.001538e+01,0.000000e+00,reject,stable,sim_non_perturbative
3480,-0.953292657623752,-1.5703992867096,0.311117568405494,0.143196559247551,1.999561e+01,0.000000e+00,reject,stable,sim_non_perturbative
3481,-0.924795926003642,-1.80108466010313,0.495870771821201,-0.150230565066075,1.996683e+01,0.000000e+00,reject,stable,sim_non_perturbative
3482,-0.848092099873332,-0.348869256559508,0.0558595585271083,0.0591976061174551,1.987584e+01,0.000000e+00,reject,stable,sim_non_perturbative
3483,-0.876212156455973,-0.964634043316141,0.344226808226783,0.107178715090499,1.982429e+01,0.000000e+00,reject,stable,sim_non_perturbative
3484,-0.698565027484755,-1.06294582717649,0.926035879285683,-0.0929484962813971,2.093834e+01,0.000000e+00,reject,stable,sim_non_perturbative
3485,-0.58281875044748,-1.19918407785253,0.0540860746486243,-0.0864748040802443,2.110223e+01,0.000000e+00,reject,stable,sim_non_perturbative
3486,-0.771903770441309,-1.97800418546829,0.704904513823822,-0.146728335659551,2.157923e+01,0.000000e+00,reject,stable,sim_non_perturbative
3487,-0.85017778603453,-0.137058659675815,0.542772670207836,-0.0322489403019439,inf,0.000000e+00,reject,stable,sim_non_perturbative
3488,-0.75228732612825,-0.604562769759969,0.0910051758340659,0.0653668912275585,inf,0.000000e+00,reject,stable,sim_non_perturbative
3489,-0.713605626666529,-1.03635077249815,0.122448494519073,0.0921509535929474,inf,0.000000e+00,reject,stable,sim_non_perturbative
3490,-0.32355778827619,-1.50060239701842,0.174551241673495,-0.0687979723809604,inf,0.000000e+00,reject,stable,sim_non_perturbative
3491,-0.848051113563875,-1.73772327553981,0.694886563355012,-0.141563701737534,inf,0.000000e+00,reject,stable,sim_non_perturbative
3492,-0.906554319176167,-1.72649350838939,1.73395853977701,0.145942372952197,inf,0.000000e+00,reject,stable,sim_non_perturbative
3493,-0.291980422828345,-1.48367762139855,0.258470648217136,-0.0614888072669428,inf,0.000000e+00,reject,stable,sim_non_perturbative
3494,-0.815420241033803,-0.680806478380769,0.247196686329163,0.0825528526472885,2.232956e+01,0.000000e+00,reject,stable,sim_non_perturbative
3495,-0.2815509851738,-1.97286914722637,1.57431434707545,-0.0967665091971057,inf,0.000000e+00,reject,stable,sim_non_perturbative
3496,-0.265936265082693,-1.93977441767726,0.0670665169782204,0.0935427101271804,2.273467e+01,0.000000e+00,reject,stable,sim_non_perturbative
3497,-0.732675722218472,-1.07917383572077,0.127857765768313,0.098141622561601,2.286639e+01,0.000000e+00,reject,stable,sim_non_perturbative
3498,-0.521757193518722,-0.991300515092319,1.2927693930749,0.0582847767415728,inf,0.000000e+00,reject,stable,sim_non_perturbative
3499,-0.587382266308513,-0.955920629828634,0.174939269720221,0.0679135368777493,2.322413e+01,0.000000e+00,reject,stable,sim_non_perturbative
3500,-0.255882101675361,-1.8654347535764,0.0889927461902484,0.0865735904312395,inf,0.000000e+00,reject,stable,sim_non_perturbative
3501,-0.935338429276159,-1.84743542380202,1.99292243341708,0.154295852268879,2.428098e+01,0.000000e+00,reject,stable,sim_non_perturbative
3502,-0.823602347415503,-1.48922373391622,1.43271885548612,0.129482166109427,2.450744e+01,0.000000e+00,reject,stable,sim_non_perturbative
3503,-0.777079833102386,-1.52397998589165,0.120869824250379,0.126704012256318,2.482493e+01,0.000000e+00,reject,stable,sim_non_perturbative
3504,-0.19934689163052,-1.35145488036661,1.28900193284153,0.0013338237297229,inf,0.000000e+00,reject,stable,sim_non_perturbative
3505,-0.69384009531642,-1.44136428229733,0.294389725827395,0.113635622861432,inf,0.000000e+00,reject,stable,sim_non_perturbative
3506,-0.400718728403476,-1.63003673461649,0.129694258454745,0.090342716910611,inf,0.000000e+00,reject,stable,sim_non_perturbative
3507,-0.973643941687634,-0.539218759915741,1.64713235603536,0.0939244708721314,inf,0.000000e+00,reject,stable,sim_non_perturbative
3508,-0.736276700891633,-1.63021328650543,0.0880967234972014,-0.127361564805392,3.445924e+01,0.000000e+00,reject,stable,sim_non_perturbative
3509,-0.0694144859948344,-1.89008863035597,1.21839427092415,0.0578513127844906,3.319513e+01,0.000000e+00,reject,stable,sim_non_perturbative
3510,-0.876539068681776,-1.23806209660958,0.254074338137193,-0.122256144368929,2.820637e+01,0.000000e+00,reject,stable,sim_non_perturbative
3511,-0.91273082250884,-1.72524179680467,0.0906737910520179,-0.147042456564592,3.207216e+01,0.000000e+00,reject,stable,sim_non_perturbative
3512,-0.482646850807427,-1.3298867559905,1.40396886315084,-0.0810085149653019,2.872233e+01,0.000000e+00,reject,stable,sim_non_perturbative
3513,-0.702666907398039,-0.794788841941413,0.130467066110393,0.0735747340930271,2.982705e+01,0.000000e+00,reject,stable,sim_non_perturbative
