delta1,alpha3,kappa,B0,alpha1,alpha2,grid_shape,t_end,dt,scheme,bc,P_max,P_max_time,P_final,wall_time_s,run_status,error_message,solver_exit_code,C0,A,log10_A,P_valid
-1.0,0.0,1.0,0.0001,0.0,-0.6,256,50.0,auto,auto,periodic,0.0007006472860212627,50.0,0.0007006472860212627,1.61,success,,0,7.0065e+04,1.121038e+02,2.0496,true
-1.0,0.2631578947368421,1.0,0.0001,0.0,-0.6,256,50.0,auto,auto,periodic,0.0007006472860212366,50.0,0.0007006472860212366,1.39,success,,0,7.0065e+04,1.121038e+02,2.0496,true
-1.0,0.5263157894736842,1.0,0.0001,0.0,-0.6,256,50.0,auto,auto,periodic,0.000700647286021244,50.0,0.000700647286021244,1.16,success,,0,7.0065e+04,1.121038e+02,2.0496,true
-1.0,0.7894736842105263,1.0,0.0001,0.0,-0.6,256,50.0,auto,auto,periodic,0.0007006472860212396,50.0,0.0007006472860212396,1.37,success,,0,7.0065e+04,1.121038e+02,2.0496,true
-1.0,1.0526315789473684,1.0,0.0001,0.0,-0.6,256,50.0,auto,auto,periodic,0.0007006472860211163,50.0,0.0007006472860211163,1.56,success,,0,7.0065e+04,1.121038e+02,2.0496,true
-1.0,1.3157894736842104,1.0,0.0001,0.0,-0.6,256,50.0,auto,auto,periodic,0.0007006472860211888,50.0,0.0007006472860211888,1.51,success,,0,7.0065e+04,1.121038e+02,2.0496,true
-1.0,1.5789473684210527,1.0,0.0001,0.0,-0.6,256,50.0,auto,auto,periodic,0.0007006472860212544,50.0,0.0007006472860212544,1.31,success,,0,7.0065e+04,1.121038e+02,2.0496,true
-1.0,1.8421052631578947,1.0,0.0001,0.0,-0.6,256,50.0,auto,auto,periodic,0.0007006472860212563,50.0,0.0007006472860212563,1.39,success,,0,7.0065e+04,1.121038e+02,2.0496,true
-1.0,2.1052631578947367,1.0,0.0001,0.0,-0.6,256,50.0,auto,auto,periodic,0.0007006472860212548,50.0,0.0007006472860212548,1.61,success,,0,7.0065e+04,1.121038e+02,2.0496,true
-1.0,2.3684210526315788,1.0,0.0001,0.0,-0.6,256,50.0,auto,auto,periodic,0.0007006472860212577,50.0,0.0007006472860212577,1.31,success,,0,7.0065e+04,1.121038e+02,2.0496,true
-1.0,2.631578947368421,1.0,0.0001,0.0,-0.6,256,50.0,auto,auto,periodic,0.0007006472860212525,50.0,0.0007006472860212525,1.38,success,,0,7.0065e+04,1.121038e+02,2.0496,true
-1.0,2.894736842105263,1.0,0.0001,0.0,-0.6,256,50.0,auto,auto,periodic,0.0007006472860212491,50.0,0.0007006472860212491,1.22,success,,0,7.0065e+04,1.121038e+02,2.0496,true
-1.0,3.1578947368421053,1.0,0.0001,0.0,-0.6,256,50.0,auto,auto,periodic,0.0007006472860212577,50.0,0.0007006472860212577,1.06,success,,0,7.0065e+04,1.121038e+02,2.0496,true
-1.0,3.4210526315789473,1.0,0.0001,0.0,-0.6,256,50.0,auto,auto,periodic,0.0007006472860212449,50.0,0.0007006472860212449,1.41,success,,0,7.0065e+04,1.121038e+02,2.0496,true
-1.0,3.6842105263157894,1.0,0.0001,0.0,-0.6,256,50.0,auto,auto,periodic,0.0007006472860212563,50.0,0.0007006472860212563,1.45,success,,0,7.0065e+04,1.121038e+02,2.0496,true
-1.0,3.9473684210526314,1.0,0.0001,0.0,-0.6,256,50.0,auto,auto,periodic,0.0007006472860212516,50.0,0.0007006472860212516,1.5,success,,0,7.0065e+04,1.121038e+02,2.0496,true
-1.0,4.2105263157894735,1.0,0.0001,0.0,-0.6,256,50.0,auto,auto,periodic,0.0007006472860212368,50.0,0.0007006472860212368,1.28,success,,0,7.0065e+04,1.121038e+02,2.0496,true
-1.0,4.473684210526316,1.0,0.0001,0.0,-0.6,256,50.0,auto,auto,periodic,0.0007006472860212573,50.0,0.0007006472860212573,1.53,success,,0,7.0065e+04,1.121038e+02,2.0496,true
-1.0,4.7368421052631575,1.0,0.0001,0.0,-0.6,256,50.0,auto,auto,periodic,0.0007006472860212292,50.0,0.0007006472860212292,1.36,success,,0,7.0065e+04,1.121038e+02,2.0496,true
-1.0,5.0,1.0,0.0001,0.0,-0.6,256,50.0,auto,auto,periodic,0.00070064728602123,50.0,0.00070064728602123,1.34,success,,0,7.0065e+04,1.121038e+02,2.0496,true
-0.9310344827586207,0.0,1.0,0.0001,0.0,-0.6,256,50.0,auto,auto,periodic,6.742733394647655e-06,50.0,6.742733394647655e-06,1.32,success,,0,6.7427e+02,1.078840e+00,0.0330,true
-0.9310344827586207,0.2631578947368421,1.0,0.0001,0.0,-0.6,256,50.0,auto,auto,periodic,6.742733394647491e-06,50.0,6.742733394647491e-06,1.27,success,,0,6.7427e+02,1.078840e+00,0.0330,true
-0.9310344827586207,0.5263157894736842,1.0,0.0001,0.0,-0.6,256,50.0,auto,auto,periodic,6.742733394647593e-06,50.0,6.742733394647593e-06,1.25,success,,0,6.7427e+02,1.078840e+00,0.0330,true
-0.9310344827586207,0.7894736842105263,1.0,0.0001,0.0,-0.6,256,50.0,auto,auto,periodic,6.742733394647585e-06,50.0,6.742733394647585e-06,1.24,success,,0,6.7427e+02,1.078840e+00,0.0330,true
-0.9310344827586207,1.0526315789473684,1.0,0.0001,0.0,-0.6,256,50.0,auto,auto,periodic,6.7427333946463535e-06,50.0,6.7427333946463535e-06,1.24,success,,0,6.7427e+02,1.078840e+00,0.0330,true
-0.9310344827586207,1.3157894736842104,1.0,0.0001,0.0,-0.6,256,50.0,auto,auto,periodic,6.742733394647325e-06,50.0,6.742733394647325e-06,1.23,success,,0,6.7427e+02,1.078840e+00,0.0330,true
-0.9310344827586207,1.5789473684210527,1.0,0.0001,0.0,-0.6,256,50.0,auto,auto,periodic,6.742733394647659e-06,50.0,6.742733394647659e-06,2.02,success,,0,6.7427e+02,1.078840e+00,0.0330,true
-0.9310344827586207,1.8421052631578947,1.0,0.0001,0.0,-0.6,256,50.0,auto,auto,periodic,6.742733394647763e-06,50.0,6.742733394647763e-06,1.21,success,,0,6.7427e+02,1.078840e+00,0.0330,true
-0.9310344827586207,2.1052631578947367,1.0,0.0001,0.0,-0.6,256,50.0,auto,auto,periodic,6.742733394647655e-06,50.0,6.742733394647655e-06,1.19,success,,0,6.7427e+02,1.078840e+00,0.0330,true
-0.9310344827586207,2.3684210526315788,1.0,0.0001,0.0,-0.6,256,50.0,auto,auto,periodic,6.7427333946476554e-06,50.0,6.7427333946476554e-06,1.29,success,,0,6.7427e+02,1.078840e+00,0.0330,true
-0.9310344827586207,2.631578947368421,1.0,0.0001,0.0,-0.6,256,50.0,auto,auto,periodic,6.742733394647791e-06,50.0,6.742733394647791e-06,1.36,success,,0,6.7427e+02,1.078840e+00,0.0330,true
-0.9310344827586207,2.894736842105263,1.0,0.0001,0.0,-0.6,256,50.0,auto,auto,periodic,6.742733394647722e-06,50.0,6.742733394647722e-06,1.34,success,,0,6.7427e+02,1.078840e+00,0.0330,true
-0.9310344827586207,3.1578947368421053,1.0,0.0001,0.0,-0.6,256,50.0,auto,auto,periodic,6.742733394647777e-06,50.0,6.742733394647777e-06,1.17,success,,0,6.7427e+02,1.078840e+00,0.0330,true
-0.9310344827586207,3.4210526315789473,1.0,0.0001,0.0,-0.6,256,50.0,auto,auto,periodic,6.742733394647575e-06,50.0,6.742733394647575e-06,1.13,success,,0,6.7427e+02,1.078840e+00,0.0330,true
-0.9310344827586207,3.6842105263157894,1.0,0.0001,0.0,-0.6,256,50.0,auto,auto,periodic,6.7427333946476664e-06,50.0,6.7427333946476664e-06,1.09,success,,0,6.7427e+02,1.078840e+00,0.0330,true
-0.9310344827586207,3.9473684210526314,1.0,0.0001,0.0,-0.6,256,50.0,auto,auto,periodic,6.742733394647802e-06,50.0,6.742733394647802e-06,1.12,success,,0,6.7427e+02,1.078840e+00,0.0330,true
-0.9310344827586207,4.2105263157894735,1.0,0.0001,0.0,-0.6,256,50.0,auto,auto,periodic,6.7427333946474996e-06,50.0,6.7427333946474996e-06,1.1,success,,0,6.7427e+02,1.078840e+00,0.0330,true
-0.9310344827586207,4.473684210526316,1.0,0.0001,0.0,-0.6,256,50.0,auto,auto,periodic,6.742733394647763e-06,50.0,6.742733394647763e-06,1.2,success,,0,6.7427e+02,1.078840e+00,0.0330,true
-0.9310344827586207,4.7368421052631575,1.0,0.0001,0.0,-0.6,256,50.0,auto,auto,periodic,6.742733394647559e-06,50.0,6.742733394647559e-06,1.24,success,,0,6.7427e+02,1.078840e+00,0.0330,true
-0.9310344827586207,5.0,1.0,0.0001,0.0,-0.6,256,50.0,auto,auto,periodic,6.742733394647546e-06,50.0,6.742733394647546e-06,1.17,success,,0,6.7427e+02,1.078840e+00,0.0330,true
-0.8620689655172413,0.0,1.0,0.0001,0.0,-0.6,256,50.0,auto,auto,periodic,2.466096599352901e-08,50.0,2.466096599352901e-08,1.23,success,,0,2.4661e+00,3.945763e-03,-2.4039,true
-0.8620689655172413,0.2631578947368421,1.0,0.0001,0.0,-0.6,256,50.0,auto,auto,periodic,2.466096599352987e-08,50.0,2.466096599352987e-08,1.16,success,,0,2.4661e+00,3.945763e-03,-2.4039,true
-0.8620689655172413,0.5263157894736842,1.0,0.0001,0.0,-0.6,256,50.0,auto,auto,periodic,2.466096599352719e-08,50.0,2.466096599352719e-08,1.48,success,,0,2.4661e+00,3.945763e-03,-2.4039,true
-0.8620689655172413,0.7894736842105263,1.0,0.0001,0.0,-0.6,256,50.0,auto,auto,periodic,2.4660965993524335e-08,50.0,2.4660965993524335e-08,1.38,success,,0,2.4661e+00,3.945763e-03,-2.4039,true
-0.8620689655172413,1.0526315789473684,1.0,0.0001,0.0,-0.6,256,50.0,auto,auto,periodic,2.4660965993522144e-08,50.0,2.4660965993522144e-08,1.46,success,,0,2.4661e+00,3.945763e-03,-2.4039,true
-0.8620689655172413,1.3157894736842104,1.0,0.0001,0.0,-0.6,256,50.0,auto,auto,periodic,2.4660965993525066e-08,50.0,2.4660965993525066e-08,1.49,success,,0,2.4661e+00,3.945763e-03,-2.4039,true
-0.8620689655172413,1.5789473684210527,1.0,0.0001,0.0,-0.6,256,50.0,auto,auto,periodic,2.4660965993529092e-08,50.0,2.4660965993529092e-08,1.29,success,,0,2.4661e+00,3.945763e-03,-2.4039,true
-0.8620689655172413,1.8421052631578947,1.0,0.0001,0.0,-0.6,256,50.0,auto,auto,periodic,2.466096599352769e-08,50.0,2.466096599352769e-08,1.28,success,,0,2.4661e+00,3.945763e-03,-2.4039,true
-0.8620689655172413,2.1052631578947367,1.0,0.0001,0.0,-0.6,256,50.0,auto,auto,periodic,2.4660965993527266e-08,50.0,2.4660965993527266e-08,1.38,success,,0,2.4661e+00,3.945763e-03,-2.4039,true
-0.8620689655172413,2.3684210526315788,1.0,0.0001,0.0,-0.6,256,50.0,auto,auto,periodic,2.4660965993527253e-08,50.0,2.4660965993527253e-08,1.25,success,,0,2.4661e+00,3.945763e-03,-2.4039,true
-0.8620689655172413,2.631578947368421,1.0,0.0001,0.0,-0.6,256,50.0,auto,auto,periodic,2.466096599352901e-08,50.0,2.466096599352901e-08,1.21,success,,0,2.4661e+00,3.945763e-03,-2.4039,true
-0.8620689655172413,2.894736842105263,1.0,0.0001,0.0,-0.6,256,50.0,auto,auto,periodic,2.466096599352733e-08,50.0,2.466096599352733e-08,1.24,success,,0,2.4661e+00,3.945763e-03,-2.4039,true
-0.8620689655172413,3.1578947368421053,1.0,0.0001,0.0,-0.6,256,50.0,auto,auto,periodic,2.466096599352901e-08,50.0,2.466096599352901e-08,1.28,success,,0,2.4661e+00,3.945763e-03,-2.4039,true
-0.8620689655172413,3.4210526315789473,1.0,0.0001,0.0,-0.6,256,50.0,auto,auto,periodic,2.4660965993529466e-08,50.0,2.4660965993529466e-08,1.37,success,,0,2.4661e+00,3.945763e-03,-2.4039,true
-0.8620689655172413,3.6842105263157894,1.0,0.0001,0.0,-0.6,256,50.0,auto,auto,periodic,2.466096599352737e-08,50.0,2.466096599352737e-08,1.49,success,,0,2.4661e+00,3.945763e-03,-2.4039,true
-0.8620689655172413,3.9473684210526314,1.0,0.0001,0.0,-0.6,256,50.0,auto,auto,periodic,2.466096599352896e-08,50.0,2.466096599352896e-08,1.72,success,,0,2.4661e+00,3.945763e-03,-2.4039,true
-0.8620689655172413,4.2105263157894735,1.0,0.0001,0.0,-0.6,256,50.0,auto,auto,periodic,2.4660965993525698e-08,50.0,2.4660965993525698e-08,1.21,success,,0,2.4661e+00,3.945763e-03,-2.4039,true
-0.8620689655172413,4.473684210526316,1.0,0.0001,0.0,-0.6,256,50.0,auto,auto,periodic,2.4660965993528805e-08,50.0,2.4660965993528805e-08,1.62,success,,0,2.4661e+00,3.945763e-03,-2.4039,true
-0.8620689655172413,4.7368421052631575,1.0,0.0001,0.0,-0.6,256,50.0,auto,auto,periodic,2.4660965993531213e-08,50.0,2.4660965993531213e-08,1.46,success,,0,2.4661e+00,3.945763e-03,-2.4039,true
-0.8620689655172413,5.0,1.0,0.0001,0.0,-0.6,256,50.0,auto,auto,periodic,2.4660965993527743e-08,50.0,2.4660965993527743e-08,2.05,success,,0,2.4661e+00,3.945763e-03,-2.4039,true
-0.7931034482758621,0.0,1.0,0.0001,0.0,-0.6,256,50.0,auto,auto,periodic,3.014993044568794e-11,50.0,3.014993044568794e-11,1.25,success,,0,3.0150e-03,4.823999e-06,-5.3166,true
-0.7931034482758621,0.2631578947368421,1.0,0.0001,0.0,-0.6,256,50.0,auto,auto,periodic,3.01499304457556e-11,50.0,3.01499304457556e-11,1.17,success,,0,3.0150e-03,4.823999e-06,-5.3166,true
-0.7931034482758621,0.5263157894736842,1.0,0.0001,0.0,-0.6,256,50.0,auto,auto,periodic,3.0149930445621996e-11,50.0,3.0149930445621996e-11,1.25,success,,0,3.0150e-03,4.823999e-06,-5.3166,true
-0.7931034482758621,0.7894736842105263,1.0,0.0001,0.0,-0.6,256,50.0,auto,auto,periodic,3.014993044585893e-11,50.0,3.014993044585893e-11,1.33,success,,0,3.0150e-03,4.823999e-06,-5.3166,true
-0.7931034482758621,1.0526315789473684,1.0,0.0001,0.0,-0.6,256,50.0,auto,auto,periodic,3.014993044583739e-11,50.0,3.014993044583739e-11,1.39,success,,0,3.0150e-03,4.823999e-06,-5.3166,true
-0.7931034482758621,1.3157894736842104,1.0,0.0001,0.0,-0.6,256,50.0,auto,auto,periodic,3.014993044570617e-11,50.0,3.014993044570617e-11,1.23,success,,0,3.0150e-03,4.823999e-06,-5.3166,true
-0.7931034482758621,1.5789473684210527,1.0,0.0001,0.0,-0.6,256,50.0,auto,auto,periodic,3.014993044562224e-11,50.0,3.014993044562224e-11,1.21,success,,0,3.0150e-03,4.823999e-06,-5.3166,true
-0.7931034482758621,1.8421052631578947,1.0,0.0001,0.0,-0.6,256,50.0,auto,auto,periodic,3.014993044576279e-11,50.0,3.014993044576279e-11,1.21,success,,0,3.0150e-03,4.823999e-06,-5.3166,true
-0.7931034482758621,2.1052631578947367,1.0,0.0001,0.0,-0.6,256,50.0,auto,auto,periodic,3.0149930445630216e-11,50.0,3.0149930445630216e-11,1.2,success,,0,3.0150e-03,4.823999e-06,-5.3166,true
-0.7931034482758621,2.3684210526315788,1.0,0.0001,0.0,-0.6,256,50.0,auto,auto,periodic,3.0149930445703033e-11,50.0,3.0149930445703033e-11,1.29,success,,0,3.0150e-03,4.823999e-06,-5.3166,true
-0.7931034482758621,2.631578947368421,1.0,0.0001,0.0,-0.6,256,50.0,auto,auto,periodic,3.0149930445681423e-11,50.0,3.0149930445681423e-11,1.47,success,,0,3.0150e-03,4.823999e-06,-5.3166,true
-0.7931034482758621,2.894736842105263,1.0,0.0001,0.0,-0.6,256,50.0,auto,auto,periodic,3.014993044567422e-11,50.0,3.014993044567422e-11,1.63,success,,0,3.0150e-03,4.823999e-06,-5.3166,true
-0.7931034482758621,3.1578947368421053,1.0,0.0001,0.0,-0.6,256,50.0,auto,auto,periodic,3.0149930445866944e-11,50.0,3.0149930445866944e-11,1.96,success,,0,3.0150e-03,4.823999e-06,-5.3166,true
-0.7931034482758621,3.4210526315789473,1.0,0.0001,0.0,-0.6,256,50.0,auto,auto,periodic,3.014993044589196e-11,50.0,3.014993044589196e-11,1.22,success,,0,3.0150e-03,4.823999e-06,-5.3166,true
-0.7931034482758621,3.6842105263157894,1.0,0.0001,0.0,-0.6,256,50.0,auto,auto,periodic,3.014993044568563e-11,50.0,3.014993044568563e-11,1.63,success,,0,3.0150e-03,4.823999e-06,-5.3166,true
-0.7931034482758621,3.9473684210526314,1.0,0.0001,0.0,-0.6,256,50.0,auto,auto,periodic,3.0149930445773234e-11,50.0,3.0149930445773234e-11,1.33,success,,0,3.0150e-03,4.823999e-06,-5.3166,true
-0.7931034482758621,4.2105263157894735,1.0,0.0001,0.0,-0.6,256,50.0,auto,auto,periodic,3.014993044595153e-11,50.0,3.014993044595153e-11,1.28,success,,0,3.0150e-03,4.823999e-06,-5.3166,true
-0.7931034482758621,4.473684210526316,1.0,0.0001,0.0,-0.6,256,50.0,auto,auto,periodic,3.0149930445892283e-11,50.0,3.0149930445892283e-11,1.42,success,,0,3.0150e-03,4.823999e-06,-5.3166,true
-0.7931034482758621,4.7368421052631575,1.0,0.0001,0.0,-0.6,256,50.0,auto,auto,periodic,3.0149930445795956e-11,50.0,3.0149930445795956e-11,1.32,success,,0,3.0150e-03,4.823999e-06,-5.3166,true
-0.7931034482758621,5.0,1.0,0.0001,0.0,-0.6,256,50.0,auto,auto,periodic,3.014993044573444e-11,50.0,3.014993044573444e-11,1.29,success,,0,3.0150e-03,4.823999e-06,-5.3166,true
-0.7241379310344828,0.0,1.0,0.0001,0.0,-0.6,256,50.0,auto,auto,periodic,7.540477334074033e-12,43.0,6.4283501222140434e-12,1.38,success,,0,7.5405e-04,1.206479e-06,-5.9185,true
-0.7241379310344828,0.2631578947368421,1.0,0.0001,0.0,-0.6,256,50.0,auto,auto,periodic,7.54047733398013e-12,43.0,6.428350122111622e-12,1.23,success,,0,7.5405e-04,1.206479e-06,-5.9185,true
-0.7241379310344828,0.5263157894736842,1.0,0.0001,0.0,-0.6,256,50.0,auto,auto,periodic,7.540477334044405e-12,43.0,6.428350122152044e-12,1.18,success,,0,7.5405e-04,1.206479e-06,-5.9185,true
-0.7241379310344828,0.7894736842105263,1.0,0.0001,0.0,-0.6,256,50.0,auto,auto,periodic,7.540477334041516e-12,43.0,6.428350122150405e-12,1.15,success,,0,7.5405e-04,1.206479e-06,-5.9185,true
-0.7241379310344828,1.0526315789473684,1.0,0.0001,0.0,-0.6,256,50.0,auto,auto,periodic,7.540477334024321e-12,43.0,6.428350122107902e-12,1.18,success,,0,7.5405e-04,1.206479e-06,-5.9185,true
-0.7241379310344828,1.3157894736842104,1.0,0.0001,0.0,-0.6,256,50.0,auto,auto,periodic,7.540477334030065e-12,43.0,6.428350122143951e-12,1.4,success,,0,7.5405e-04,1.206479e-06,-5.9185,true
-0.7241379310344828,1.5789473684210527,1.0,0.0001,0.0,-0.6,256,50.0,auto,auto,periodic,7.540477334027903e-12,43.0,6.428350122144911e-12,2.16,success,,0,7.5405e-04,1.206479e-06,-5.9185,true
-0.7241379310344828,1.8421052631578947,1.0,0.0001,0.0,-0.6,256,50.0,auto,auto,periodic,7.540477334027746e-12,43.0,6.428350122144704e-12,1.26,success,,0,7.5405e-04,1.206479e-06,-5.9185,true
-0.7241379310344828,2.1052631578947367,1.0,0.0001,0.0,-0.6,256,50.0,auto,auto,periodic,7.540477333947668e-12,43.0,6.428350122022177e-12,1.33,success,,0,7.5405e-04,1.206479e-06,-5.9185,true
-0.7241379310344828,2.3684210526315788,1.0,0.0001,0.0,-0.6,256,50.0,auto,auto,periodic,7.5404773339478e-12,43.0,6.428350122022447e-12,1.18,success,,0,7.5405e-04,1.206479e-06,-5.9185,true
-0.7241379310344828,2.631578947368421,1.0,0.0001,0.0,-0.6,256,50.0,auto,auto,periodic,7.540477333959375e-12,43.0,6.428350122050365e-12,1.48,success,,0,7.5405e-04,1.206479e-06,-5.9185,true
-0.7241379310344828,2.894736842105263,1.0,0.0001,0.0,-0.6,256,50.0,auto,auto,periodic,7.540477333955879e-12,43.0,6.428350122026148e-12,1.44,success,,0,7.5405e-04,1.206479e-06,-5.9185,true
-0.7241379310344828,3.1578947368421053,1.0,0.0001,0.0,-0.6,256,50.0,auto,auto,periodic,7.540477334073867e-12,43.0,6.428350122213785e-12,1.47,success,,0,7.5405e-04,1.206479e-06,-5.9185,true
-0.7241379310344828,3.4210526315789473,1.0,0.0001,0.0,-0.6,256,50.0,auto,auto,periodic,7.540477334068356e-12,43.0,6.428350122210465e-12,1.29,success,,0,7.5405e-04,1.206479e-06,-5.9185,true
-0.7241379310344828,3.6842105263157894,1.0,0.0001,0.0,-0.6,256,50.0,auto,auto,periodic,7.54047733407607e-12,43.0,6.428350122213635e-12,1.32,success,,0,7.5405e-04,1.206479e-06,-5.9185,true
-0.7241379310344828,3.9473684210526314,1.0,0.0001,0.0,-0.6,256,50.0,auto,auto,periodic,7.540477333958194e-12,43.0,6.428350122049911e-12,1.29,success,,0,7.5405e-04,1.206479e-06,-5.9185,true
-0.7241379310344828,4.2105263157894735,1.0,0.0001,0.0,-0.6,256,50.0,auto,auto,periodic,7.540477334068036e-12,43.0,6.428350122183435e-12,1.51,success,,0,7.5405e-04,1.206479e-06,-5.9185,true
-0.7241379310344828,4.473684210526316,1.0,0.0001,0.0,-0.6,256,50.0,auto,auto,periodic,7.540477333959929e-12,43.0,6.4283501220507875e-12,1.37,success,,0,7.5405e-04,1.206479e-06,-5.9185,true
-0.7241379310344828,4.7368421052631575,1.0,0.0001,0.0,-0.6,256,50.0,auto,auto,periodic,7.540477334090331e-12,43.0,6.428350122217502e-12,1.33,success,,0,7.5405e-04,1.206479e-06,-5.9185,true
-0.7241379310344828,5.0,1.0,0.0001,0.0,-0.6,256,50.0,auto,auto,periodic,7.540477334049741e-12,43.0,6.4283501221909494e-12,1.31,success,,0,7.5405e-04,1.206479e-06,-5.9185,true
-0.6551724137931034,0.0,1.0,0.0001,0.0,-0.6,256,50.0,auto,auto,periodic,7.226680429716063e-11,44.5,3.304260458562162e-11,1.21,success,,0,7.2267e-03,1.156271e-05,-4.9369,true
-0.6551724137931034,0.2631578947368421,1.0,0.0001,0.0,-0.6,256,50.0,auto,auto,periodic,7.226680429699938e-11,44.5,3.304260458554154e-11,1.34,success,,0,7.2267e-03,1.156271e-05,-4.9369,true
-0.6551724137931034,0.5263157894736842,1.0,0.0001,0.0,-0.6,256,50.0,auto,auto,periodic,7.226680429710159e-11,44.5,3.304260458554921e-11,1.63,success,,0,7.2267e-03,1.156271e-05,-4.9369,true
-0.6551724137931034,0.7894736842105263,1.0,0.0001,0.0,-0.6,256,50.0,auto,auto,periodic,7.226680429709609e-11,44.5,3.3042604585543456e-11,1.35,success,,0,7.2267e-03,1.156271e-05,-4.9369,true
-0.6551724137931034,1.0526315789473684,1.0,0.0001,0.0,-0.6,256,50.0,auto,auto,periodic,7.226680429722662e-11,44.5,3.304260458571277e-11,1.81,success,,0,7.2267e-03,1.156271e-05,-4.9369,true
-0.6551724137931034,1.3157894736842104,1.0,0.0001,0.0,-0.6,256,50.0,auto,auto,periodic,7.226680429699397e-11,44.5,3.3042604585536257e-11,1.2,success,,0,7.2267e-03,1.156271e-05,-4.9369,true
-0.6551724137931034,1.5789473684210527,1.0,0.0001,0.0,-0.6,256,50.0,auto,auto,periodic,7.226680429723606e-11,44.5,3.3042604585726676e-11,1.22,success,,0,7.2267e-03,1.156271e-05,-4.9369,true
-0.6551724137931034,1.8421052631578947,1.0,0.0001,0.0,-0.6,256,50.0,auto,auto,periodic,7.226680429700299e-11,44.5,3.304260458554651e-11,1.22,success,,0,7.2267e-03,1.156271e-05,-4.9369,true
-0.6551724137931034,2.1052631578947367,1.0,0.0001,0.0,-0.6,256,50.0,auto,auto,periodic,7.226680429717949e-11,44.5,3.30426045856461e-11,1.51,success,,0,7.2267e-03,1.156271e-05,-4.9369,true
-0.6551724137931034,2.3684210526315788,1.0,0.0001,0.0,-0.6,256,50.0,auto,auto,periodic,7.226680429729124e-11,44.5,3.3042604585798046e-11,1.45,success,,0,7.2267e-03,1.156271e-05,-4.9369,true
-0.6551724137931034,2.631578947368421,1.0,0.0001,0.0,-0.6,256,50.0,auto,auto,periodic,7.226680429717887e-11,44.5,3.3042604585647306e-11,1.29,success,,0,7.2267e-03,1.156271e-05,-4.9369,true
-0.6551724137931034,2.894736842105263,1.0,0.0001,0.0,-0.6,256,50.0,auto,auto,periodic,7.226680429718285e-11,44.5,3.304260458579004e-11,1.27,success,,0,7.2267e-03,1.156271e-05,-4.9369,true
-0.6551724137931034,3.1578947368421053,1.0,0.0001,0.0,-0.6,256,50.0,auto,auto,periodic,7.226680429717967e-11,44.5,3.30426045856461e-11,1.33,success,,0,7.2267e-03,1.156271e-05,-4.9369,true
-0.6551724137931034,3.4210526315789473,1.0,0.0001,0.0,-0.6,256,50.0,auto,auto,periodic,7.226680429729177e-11,44.5,3.3042604585798706e-11,1.26,success,,0,7.2267e-03,1.156271e-05,-4.9369,true
-0.6551724137931034,3.6842105263157894,1.0,0.0001,0.0,-0.6,256,50.0,auto,auto,periodic,7.226680429716057e-11,44.5,3.3042604585621476e-11,1.52,success,,0,7.2267e-03,1.156271e-05,-4.9369,true
-0.6551724137931034,3.9473684210526314,1.0,0.0001,0.0,-0.6,256,50.0,auto,auto,periodic,7.226680429705696e-11,44.5,3.304260458561445e-11,1.39,success,,0,7.2267e-03,1.156271e-05,-4.9369,true
-0.6551724137931034,4.2105263157894735,1.0,0.0001,0.0,-0.6,256,50.0,auto,auto,periodic,7.226680429727013e-11,44.5,3.3042604585768513e-11,1.33,success,,0,7.2267e-03,1.156271e-05,-4.9369,true
-0.6551724137931034,4.473684210526316,1.0,0.0001,0.0,-0.6,256,50.0,auto,auto,periodic,7.226680429705118e-11,44.5,3.3042604585482206e-11,2.02,success,,0,7.2267e-03,1.156271e-05,-4.9369,true
-0.6551724137931034,4.7368421052631575,1.0,0.0001,0.0,-0.6,256,50.0,auto,auto,periodic,7.226680429708925e-11,44.5,3.30426045857403e-11,1.27,success,,0,7.2267e-03,1.156271e-05,-4.9369,true
-0.6551724137931034,5.0,1.0,0.0001,0.0,-0.6,256,50.0,auto,auto,periodic,7.226680429724048e-11,44.5,3.304260458573079e-11,1.25,success,,0,7.2267e-03,1.156271e-05,-4.9369,true
-0.5862068965517242,0.0,1.0,0.0001,0.0,-0.6,256,50.0,auto,auto,periodic,2.510547278918617e-10,46.0,1.0633929263394558e-10,1.69,success,,0,2.5105e-02,4.016884e-05,-4.3961,true
-0.5862068965517242,0.2631578947368421,1.0,0.0001,0.0,-0.6,256,50.0,auto,auto,periodic,2.5105472789210764e-10,46.0,1.0633929263423123e-10,1.59,success,,0,2.5105e-02,4.016884e-05,-4.3961,true
-0.5862068965517242,0.5263157894736842,1.0,0.0001,0.0,-0.6,256,50.0,auto,auto,periodic,2.5105472789212956e-10,46.0,1.0633929263425715e-10,1.39,success,,0,2.5105e-02,4.016884e-05,-4.3961,true
-0.5862068965517242,0.7894736842105263,1.0,0.0001,0.0,-0.6,256,50.0,auto,auto,periodic,2.510547278917896e-10,46.0,1.0633929263387008e-10,1.45,success,,0,2.5105e-02,4.016884e-05,-4.3961,true
-0.5862068965517242,1.0526315789473684,1.0,0.0001,0.0,-0.6,256,50.0,auto,auto,periodic,2.510547278917775e-10,46.0,1.063392926338544e-10,1.42,success,,0,2.5105e-02,4.016884e-05,-4.3961,true
-0.5862068965517242,1.3157894736842104,1.0,0.0001,0.0,-0.6,256,50.0,auto,auto,periodic,2.510547278917936e-10,46.0,1.0633929263387335e-10,1.63,success,,0,2.5105e-02,4.016884e-05,-4.3961,true
-0.5862068965517242,1.5789473684210527,1.0,0.0001,0.0,-0.6,256,50.0,auto,auto,periodic,2.510547278917932e-10,46.0,1.0633929263387024e-10,1.4,success,,0,2.5105e-02,4.016884e-05,-4.3961,true
-0.5862068965517242,1.8421052631578947,1.0,0.0001,0.0,-0.6,256,50.0,auto,auto,periodic,2.5105472789180055e-10,46.0,1.063392926338809e-10,1.54,success,,0,2.5105e-02,4.016884e-05,-4.3961,true
-0.5862068965517242,2.1052631578947367,1.0,0.0001,0.0,-0.6,256,50.0,auto,auto,periodic,2.510547278919184e-10,46.0,1.0633929263400776e-10,1.29,success,,0,2.5105e-02,4.016884e-05,-4.3961,true
-0.5862068965517242,2.3684210526315788,1.0,0.0001,0.0,-0.6,256,50.0,auto,auto,periodic,2.5105472789188017e-10,46.0,1.06339292633975e-10,1.43,success,,0,2.5105e-02,4.016884e-05,-4.3961,true
-0.5862068965517242,2.631578947368421,1.0,0.0001,0.0,-0.6,256,50.0,auto,auto,periodic,2.510547278918822e-10,46.0,1.063392926339738e-10,1.42,success,,0,2.5105e-02,4.016884e-05,-4.3961,true
-0.5862068965517242,2.894736842105263,1.0,0.0001,0.0,-0.6,256,50.0,auto,auto,periodic,2.510547278919025e-10,46.0,1.063392926340278e-10,1.29,success,,0,2.5105e-02,4.016884e-05,-4.3961,true
-0.5862068965517242,3.1578947368421053,1.0,0.0001,0.0,-0.6,256,50.0,auto,auto,periodic,2.5105472789186176e-10,46.0,1.0633929263394552e-10,1.43,success,,0,2.5105e-02,4.016884e-05,-4.3961,true
-0.5862068965517242,3.4210526315789473,1.0,0.0001,0.0,-0.6,256,50.0,auto,auto,periodic,2.5105472789186114e-10,46.0,1.063392926339465e-10,1.54,success,,0,2.5105e-02,4.016884e-05,-4.3961,true
-0.5862068965517242,3.6842105263157894,1.0,0.0001,0.0,-0.6,256,50.0,auto,auto,periodic,2.510547278918824e-10,46.0,1.0633929263397324e-10,1.29,success,,0,2.5105e-02,4.016884e-05,-4.3961,true
-0.5862068965517242,3.9473684210526314,1.0,0.0001,0.0,-0.6,256,50.0,auto,auto,periodic,2.51054727891828e-10,46.0,1.0633929263397253e-10,1.5,success,,0,2.5105e-02,4.016884e-05,-4.3961,true
-0.5862068965517242,4.2105263157894735,1.0,0.0001,0.0,-0.6,256,50.0,auto,auto,periodic,2.5105472789206236e-10,46.0,1.0633929263417958e-10,1.41,success,,0,2.5105e-02,4.016884e-05,-4.3961,true
-0.5862068965517242,4.473684210526316,1.0,0.0001,0.0,-0.6,256,50.0,auto,auto,periodic,2.510547278918344e-10,46.0,1.0633929263397699e-10,1.58,success,,0,2.5105e-02,4.016884e-05,-4.3961,true
-0.5862068965517242,4.7368421052631575,1.0,0.0001,0.0,-0.6,256,50.0,auto,auto,periodic,2.510547278917193e-10,46.0,1.0633929263384692e-10,1.77,success,,0,2.5105e-02,4.016884e-05,-4.3961,true
-0.5862068965517242,5.0,1.0,0.0001,0.0,-0.6,256,50.0,auto,auto,periodic,2.5105472789187826e-10,46.0,1.063392926340273e-10,1.95,success,,0,2.5105e-02,4.016884e-05,-4.3961,true
-0.5172413793103449,0.0,1.0,0.0001,0.0,-0.6,256,50.0,auto,auto,periodic,6.647629465113856e-10,49.0,5.990290875051286e-10,1.37,success,,0,6.6476e-02,1.063623e-04,-3.9732,true
-0.5172413793103449,0.2631578947368421,1.0,0.0001,0.0,-0.6,256,50.0,auto,auto,periodic,6.647629465108766e-10,49.0,5.990290875046482e-10,1.27,success,,0,6.6476e-02,1.063623e-04,-3.9732,true
-0.5172413793103449,0.5263157894736842,1.0,0.0001,0.0,-0.6,256,50.0,auto,auto,periodic,6.647629465111262e-10,49.0,5.990290875048647e-10,1.25,success,,0,6.6476e-02,1.063623e-04,-3.9732,true
-0.5172413793103449,0.7894736842105263,1.0,0.0001,0.0,-0.6,256,50.0,auto,auto,periodic,6.647629465108636e-10,49.0,5.990290875046349e-10,1.33,success,,0,6.6476e-02,1.063623e-04,-3.9732,true
-0.5172413793103449,1.0526315789473684,1.0,0.0001,0.0,-0.6,256,50.0,auto,auto,periodic,6.647629465109828e-10,49.0,5.990290875047356e-10,1.32,success,,0,6.6476e-02,1.063623e-04,-3.9732,true
-0.5172413793103449,1.3157894736842104,1.0,0.0001,0.0,-0.6,256,50.0,auto,auto,periodic,6.647629465111018e-10,49.0,5.990290875048398e-10,1.31,success,,0,6.6476e-02,1.063623e-04,-3.9732,true
-0.5172413793103449,1.5789473684210527,1.0,0.0001,0.0,-0.6,256,50.0,auto,auto,periodic,6.647629465111063e-10,49.0,5.990290875048435e-10,1.29,success,,0,6.6476e-02,1.063623e-04,-3.9732,true
-0.5172413793103449,1.8421052631578947,1.0,0.0001,0.0,-0.6,256,50.0,auto,auto,periodic,6.647629465111059e-10,49.0,5.990290875048427e-10,1.41,success,,0,6.6476e-02,1.063623e-04,-3.9732,true
-0.5172413793103449,2.1052631578947367,1.0,0.0001,0.0,-0.6,256,50.0,auto,auto,periodic,6.647629465115152e-10,49.0,5.990290875052609e-10,1.21,success,,0,6.6476e-02,1.063623e-04,-3.9732,true
-0.5172413793103449,2.3684210526315788,1.0,0.0001,0.0,-0.6,256,50.0,auto,auto,periodic,6.647629465113869e-10,49.0,5.990290875051299e-10,1.2,success,,0,6.6476e-02,1.063623e-04,-3.9732,true
-0.5172413793103449,2.631578947368421,1.0,0.0001,0.0,-0.6,256,50.0,auto,auto,periodic,6.647629465113946e-10,49.0,5.990290875051378e-10,1.46,success,,0,6.6476e-02,1.063623e-04,-3.9732,true
-0.5172413793103449,2.894736842105263,1.0,0.0001,0.0,-0.6,256,50.0,auto,auto,periodic,6.647629465112883e-10,49.0,5.9902908750503e-10,1.25,success,,0,6.6476e-02,1.063623e-04,-3.9732,true
-0.5172413793103449,3.1578947368421053,1.0,0.0001,0.0,-0.6,256,50.0,auto,auto,periodic,6.647629465110433e-10,49.0,5.990290875048177e-10,1.87,success,,0,6.6476e-02,1.063623e-04,-3.9732,true
-0.5172413793103449,3.4210526315789473,1.0,0.0001,0.0,-0.6,256,50.0,auto,auto,periodic,6.647629465110413e-10,49.0,5.99029087504816e-10,1.37,success,,0,6.6476e-02,1.063623e-04,-3.9732,true
-0.5172413793103449,3.6842105263157894,1.0,0.0001,0.0,-0.6,256,50.0,auto,auto,periodic,6.647629465110979e-10,49.0,5.990290875048518e-10,1.73,success,,0,6.6476e-02,1.063623e-04,-3.9732,true
-0.5172413793103449,3.9473684210526314,1.0,0.0001,0.0,-0.6,256,50.0,auto,auto,periodic,6.647629465111269e-10,49.0,5.990290875049031e-10,1.45,success,,0,6.6476e-02,1.063623e-04,-3.9732,true
-0.5172413793103449,4.2105263157894735,1.0,0.0001,0.0,-0.6,256,50.0,auto,auto,periodic,6.647629465111994e-10,49.0,5.990290875049574e-10,1.28,success,,0,6.6476e-02,1.063623e-04,-3.9732,true
-0.5172413793103449,4.473684210526316,1.0,0.0001,0.0,-0.6,256,50.0,auto,auto,periodic,6.647629465111289e-10,49.0,5.990290875049034e-10,1.27,success,,0,6.6476e-02,1.063623e-04,-3.9732,true
-0.5172413793103449,4.7368421052631575,1.0,0.0001,0.0,-0.6,256,50.0,auto,auto,periodic,6.647629465110755e-10,49.0,5.990290875048482e-10,1.42,success,,0,6.6476e-02,1.063623e-04,-3.9732,true
-0.5172413793103449,5.0,1.0,0.0001,0.0,-0.6,256,50.0,auto,auto,periodic,6.647629465111162e-10,49.0,5.990290875048716e-10,1.5,success,,0,6.6476e-02,1.063623e-04,-3.9732,true
-0.4482758620689655,0.0,1.0,0.0001,0.0,-0.6,256,50.0,auto,auto,periodic,1.5914465958403925e-09,41.5,9.613682189397014e-10,1.45,success,,0,1.5914e-01,2.546320e-04,-3.5941,true
-0.4482758620689655,0.2631578947368421,1.0,0.0001,0.0,-0.6,256,50.0,auto,auto,periodic,1.5914465958405962e-09,41.5,9.613682189399131e-10,1.44,success,,0,1.5914e-01,2.546320e-04,-3.5941,true
-0.4482758620689655,0.5263157894736842,1.0,0.0001,0.0,-0.6,256,50.0,auto,auto,periodic,1.5914465958405064e-09,41.5,9.613682189398817e-10,1.38,success,,0,1.5914e-01,2.546320e-04,-3.5941,true
-0.4482758620689655,0.7894736842105263,1.0,0.0001,0.0,-0.6,256,50.0,auto,auto,periodic,1.5914465958406882e-09,41.5,9.613682189399903e-10,1.27,success,,0,1.5914e-01,2.546320e-04,-3.5941,true
-0.4482758620689655,1.0526315789473684,1.0,0.0001,0.0,-0.6,256,50.0,auto,auto,periodic,1.5914465958404314e-09,41.5,9.61368218939764e-10,1.85,success,,0,1.5914e-01,2.546320e-04,-3.5941,true
-0.4482758620689655,1.3157894736842104,1.0,0.0001,0.0,-0.6,256,50.0,auto,auto,periodic,1.5914465958403652e-09,41.5,9.613682189396615e-10,1.76,success,,0,1.5914e-01,2.546320e-04,-3.5941,true
-0.4482758620689655,1.5789473684210527,1.0,0.0001,0.0,-0.6,256,50.0,auto,auto,periodic,1.5914465958403271e-09,41.5,9.613682189397928e-10,1.5,success,,0,1.5914e-01,2.546320e-04,-3.5941,true
-0.4482758620689655,1.8421052631578947,1.0,0.0001,0.0,-0.6,256,50.0,auto,auto,periodic,1.5914465958403317e-09,41.5,9.613682189398006e-10,1.55,success,,0,1.5914e-01,2.546320e-04,-3.5941,true
-0.4482758620689655,2.1052631578947367,1.0,0.0001,0.0,-0.6,256,50.0,auto,auto,periodic,1.591446595840071e-09,41.5,9.613682189394727e-10,1.31,success,,0,1.5914e-01,2.546320e-04,-3.5941,true
-0.4482758620689655,2.3684210526315788,1.0,0.0001,0.0,-0.6,256,50.0,auto,auto,periodic,1.5914465958404773e-09,41.5,9.613682189397276e-10,1.6,success,,0,1.5914e-01,2.546320e-04,-3.5941,true
-0.4482758620689655,2.631578947368421,1.0,0.0001,0.0,-0.6,256,50.0,auto,auto,periodic,1.5914465958404657e-09,41.5,9.61368218939705e-10,1.72,success,,0,1.5914e-01,2.546320e-04,-3.5941,true
-0.4482758620689655,2.894736842105263,1.0,0.0001,0.0,-0.6,256,50.0,auto,auto,periodic,1.5914465958406828e-09,41.5,9.613682189399942e-10,1.42,success,,0,1.5914e-01,2.546320e-04,-3.5941,true
-0.4482758620689655,3.1578947368421053,1.0,0.0001,0.0,-0.6,256,50.0,auto,auto,periodic,1.591446595840615e-09,41.5,9.613682189399808e-10,1.46,success,,0,1.5914e-01,2.546320e-04,-3.5941,true
-0.4482758620689655,3.4210526315789473,1.0,0.0001,0.0,-0.6,256,50.0,auto,auto,periodic,1.5914465958407101e-09,41.5,9.613682189400147e-10,2.24,success,,0,1.5914e-01,2.546320e-04,-3.5941,true
-0.4482758620689655,3.6842105263157894,1.0,0.0001,0.0,-0.6,256,50.0,auto,auto,periodic,1.591446595840392e-09,41.5,9.613682189397012e-10,1.46,success,,0,1.5914e-01,2.546320e-04,-3.5941,true
-0.4482758620689655,3.9473684210526314,1.0,0.0001,0.0,-0.6,256,50.0,auto,auto,periodic,1.5914465958404634e-09,41.5,9.61368218939703e-10,1.33,success,,0,1.5914e-01,2.546320e-04,-3.5941,true
-0.4482758620689655,4.2105263157894735,1.0,0.0001,0.0,-0.6,256,50.0,auto,auto,periodic,1.5914465958403164e-09,41.5,9.613682189396584e-10,1.22,success,,0,1.5914e-01,2.546320e-04,-3.5941,true
-0.4482758620689655,4.473684210526316,1.0,0.0001,0.0,-0.6,256,50.0,auto,auto,periodic,1.5914465958404583e-09,41.5,9.613682189397022e-10,1.29,success,,0,1.5914e-01,2.546320e-04,-3.5941,true
-0.4482758620689655,4.7368421052631575,1.0,0.0001,0.0,-0.6,256,50.0,auto,auto,periodic,1.591446595840679e-09,41.5,9.613682189400515e-10,1.43,success,,0,1.5914e-01,2.546320e-04,-3.5941,true
-0.4482758620689655,5.0,1.0,0.0001,0.0,-0.6,256,50.0,auto,auto,periodic,1.5914465958402765e-09,41.5,9.613682189395727e-10,1.72,success,,0,1.5914e-01,2.546320e-04,-3.5941,true
-0.3793103448275862,0.0,1.0,0.0001,0.0,-0.6,256,50.0,auto,auto,periodic,3.926029053201464e-09,46.0,1.9433285526354228e-09,1.31,success,,0,3.9260e-01,6.281660e-04,-3.2019,true
-0.3793103448275862,0.2631578947368421,1.0,0.0001,0.0,-0.6,256,50.0,auto,auto,periodic,3.9260290532009524e-09,46.0,1.943328552634881e-09,1.46,success,,0,3.9260e-01,6.281660e-04,-3.2019,true
-0.3793103448275862,0.5263157894736842,1.0,0.0001,0.0,-0.6,256,50.0,auto,auto,periodic,3.926029053200233e-09,46.0,1.943328552634657e-09,1.27,success,,0,3.9260e-01,6.281660e-04,-3.2019,true
-0.3793103448275862,0.7894736842105263,1.0,0.0001,0.0,-0.6,256,50.0,auto,auto,periodic,3.926029053200788e-09,46.0,1.9433285526346787e-09,1.32,success,,0,3.9260e-01,6.281660e-04,-3.2019,true
-0.3793103448275862,1.0526315789473684,1.0,0.0001,0.0,-0.6,256,50.0,auto,auto,periodic,3.926029053200405e-09,46.0,1.943328552634841e-09,1.5,success,,0,3.9260e-01,6.281660e-04,-3.2019,true
-0.3793103448275862,1.3157894736842104,1.0,0.0001,0.0,-0.6,256,50.0,auto,auto,periodic,3.926029053200244e-09,46.0,1.9433285526346576e-09,1.76,success,,0,3.9260e-01,6.281660e-04,-3.2019,true
-0.3793103448275862,1.5789473684210527,1.0,0.0001,0.0,-0.6,256,50.0,auto,auto,periodic,3.926029053200156e-09,46.0,1.9433285526345687e-09,1.77,success,,0,3.9260e-01,6.281660e-04,-3.2019,true
-0.3793103448275862,1.8421052631578947,1.0,0.0001,0.0,-0.6,256,50.0,auto,auto,periodic,3.926029053200218e-09,46.0,1.943328552634621e-09,1.65,success,,0,3.9260e-01,6.281660e-04,-3.2019,true
-0.3793103448275862,2.1052631578947367,1.0,0.0001,0.0,-0.6,256,50.0,auto,auto,periodic,3.926029053200549e-09,46.0,1.943328552634993e-09,1.59,success,,0,3.9260e-01,6.281660e-04,-3.2019,true
-0.3793103448275862,2.3684210526315788,1.0,0.0001,0.0,-0.6,256,50.0,auto,auto,periodic,3.926029053200724e-09,46.0,1.9433285526351597e-09,1.8,success,,0,3.9260e-01,6.281660e-04,-3.2019,true
-0.3793103448275862,2.631578947368421,1.0,0.0001,0.0,-0.6,256,50.0,auto,auto,periodic,3.926029053200661e-09,46.0,1.943328552635095e-09,1.64,success,,0,3.9260e-01,6.281660e-04,-3.2019,true
-0.3793103448275862,2.894736842105263,1.0,0.0001,0.0,-0.6,256,50.0,auto,auto,periodic,3.926029053200752e-09,46.0,1.943328552635095e-09,1.2,success,,0,3.9260e-01,6.281660e-04,-3.2019,true
-0.3793103448275862,3.1578947368421053,1.0,0.0001,0.0,-0.6,256,50.0,auto,auto,periodic,3.9260290532014264e-09,46.0,1.943328552635373e-09,1.63,success,,0,3.9260e-01,6.281660e-04,-3.2019,true
-0.3793103448275862,3.4210526315789473,1.0,0.0001,0.0,-0.6,256,50.0,auto,auto,periodic,3.9260290532017085e-09,46.0,1.94332855263548e-09,1.16,success,,0,3.9260e-01,6.281660e-04,-3.2019,true
-0.3793103448275862,3.6842105263157894,1.0,0.0001,0.0,-0.6,256,50.0,auto,auto,periodic,3.926029053200752e-09,46.0,1.9433285526352003e-09,1.51,success,,0,3.9260e-01,6.281660e-04,-3.2019,true
-0.3793103448275862,3.9473684210526314,1.0,0.0001,0.0,-0.6,256,50.0,auto,auto,periodic,3.9260290532002965e-09,46.0,1.9433285526347213e-09,1.82,success,,0,3.9260e-01,6.281660e-04,-3.2019,true
-0.3793103448275862,4.2105263157894735,1.0,0.0001,0.0,-0.6,256,50.0,auto,auto,periodic,3.926029053200754e-09,46.0,1.943328552635204e-09,1.51,success,,0,3.9260e-01,6.281660e-04,-3.2019,true
-0.3793103448275862,4.473684210526316,1.0,0.0001,0.0,-0.6,256,50.0,auto,auto,periodic,3.926029053201062e-09,46.0,1.9433285526350005e-09,1.65,success,,0,3.9260e-01,6.281660e-04,-3.2019,true
-0.3793103448275862,4.7368421052631575,1.0,0.0001,0.0,-0.6,256,50.0,auto,auto,periodic,3.926029053201607e-09,46.0,1.943328552635139e-09,1.4,success,,0,3.9260e-01,6.281660e-04,-3.2019,true
-0.3793103448275862,5.0,1.0,0.0001,0.0,-0.6,256,50.0,auto,auto,periodic,3.926029053200309e-09,46.0,1.9433285526347358e-09,2.06,success,,0,3.9260e-01,6.281660e-04,-3.2019,true
-0.31034482758620685,0.0,1.0,0.0001,0.0,-0.6,256,50.0,auto,auto,periodic,1.0068273112030702e-08,39.5,3.893080773292974e-09,3.73,success,,0,1.0068e+00,1.610927e-03,-2.7929,true
-0.31034482758620685,0.2631578947368421,1.0,0.0001,0.0,-0.6,256,50.0,auto,auto,periodic,1.0068273112030702e-08,39.5,3.89308077329299e-09,2.7,success,,0,1.0068e+00,1.610927e-03,-2.7929,true
-0.31034482758620685,0.5263157894736842,1.0,0.0001,0.0,-0.6,256,50.0,auto,auto,periodic,1.006827311203266e-08,39.5,3.893080773293893e-09,1.89,success,,0,1.0068e+00,1.610927e-03,-2.7929,true
-0.31034482758620685,0.7894736842105263,1.0,0.0001,0.0,-0.6,256,50.0,auto,auto,periodic,1.0068273112030778e-08,39.5,3.8930807732930626e-09,1.61,success,,0,1.0068e+00,1.610927e-03,-2.7929,true
-0.31034482758620685,1.0526315789473684,1.0,0.0001,0.0,-0.6,256,50.0,auto,auto,periodic,1.0068273112030228e-08,39.5,3.893080773292243e-09,1.43,success,,0,1.0068e+00,1.610927e-03,-2.7929,true
-0.31034482758620685,1.3157894736842104,1.0,0.0001,0.0,-0.6,256,50.0,auto,auto,periodic,1.0068273112030638e-08,39.5,3.8930807732929244e-09,1.44,success,,0,1.0068e+00,1.610927e-03,-2.7929,true
-0.31034482758620685,1.5789473684210527,1.0,0.0001,0.0,-0.6,256,50.0,auto,auto,periodic,1.0068273112030764e-08,39.5,3.89308077329314e-09,1.62,success,,0,1.0068e+00,1.610927e-03,-2.7929,true
-0.31034482758620685,1.8421052631578947,1.0,0.0001,0.0,-0.6,256,50.0,auto,auto,periodic,1.0068273112029816e-08,39.5,3.893080773293124e-09,1.61,success,,0,1.0068e+00,1.610927e-03,-2.7929,true
-0.31034482758620685,2.1052631578947367,1.0,0.0001,0.0,-0.6,256,50.0,auto,auto,periodic,1.0068273112029764e-08,39.5,3.8930807732930146e-09,1.79,success,,0,1.0068e+00,1.610927e-03,-2.7929,true
-0.31034482758620685,2.3684210526315788,1.0,0.0001,0.0,-0.6,256,50.0,auto,auto,periodic,1.0068273112031164e-08,39.5,3.893080773293545e-09,1.73,success,,0,1.0068e+00,1.610927e-03,-2.7929,true
-0.31034482758620685,2.631578947368421,1.0,0.0001,0.0,-0.6,256,50.0,auto,auto,periodic,1.0068273112030137e-08,39.5,3.893080773293474e-09,1.58,success,,0,1.0068e+00,1.610927e-03,-2.7929,true
-0.31034482758620685,2.894736842105263,1.0,0.0001,0.0,-0.6,256,50.0,auto,auto,periodic,1.0068273112030087e-08,39.5,3.893080773293453e-09,1.49,success,,0,1.0068e+00,1.610927e-03,-2.7929,true
-0.31034482758620685,3.1578947368421053,1.0,0.0001,0.0,-0.6,256,50.0,auto,auto,periodic,1.0068273112033649e-08,39.5,3.893080773294532e-09,1.53,success,,0,1.0068e+00,1.610927e-03,-2.7929,true
-0.31034482758620685,3.4210526315789473,1.0,0.0001,0.0,-0.6,256,50.0,auto,auto,periodic,1.0068273112031184e-08,39.5,3.8930807732935655e-09,2.59,success,,0,1.0068e+00,1.610927e-03,-2.7929,true
-0.31034482758620685,3.6842105263157894,1.0,0.0001,0.0,-0.6,256,50.0,auto,auto,periodic,1.0068273112031085e-08,39.5,3.893080773293517e-09,1.62,success,,0,1.0068e+00,1.610927e-03,-2.7929,true
-0.31034482758620685,3.9473684210526314,1.0,0.0001,0.0,-0.6,256,50.0,auto,auto,periodic,1.0068273112031176e-08,39.5,3.893080773293641e-09,1.47,success,,0,1.0068e+00,1.610927e-03,-2.7929,true
-0.31034482758620685,4.2105263157894735,1.0,0.0001,0.0,-0.6,256,50.0,auto,auto,periodic,1.0068273112031174e-08,39.5,3.89308077329364e-09,1.37,success,,0,1.0068e+00,1.610927e-03,-2.7929,true
-0.31034482758620685,4.473684210526316,1.0,0.0001,0.0,-0.6,256,50.0,auto,auto,periodic,1.0068273112031702e-08,39.5,3.893080773293664e-09,1.55,success,,0,1.0068e+00,1.610927e-03,-2.7929,true
-0.31034482758620685,4.7368421052631575,1.0,0.0001,0.0,-0.6,256,50.0,auto,auto,periodic,1.0068273112030613e-08,39.5,3.893080773292815e-09,1.93,success,,0,1.0068e+00,1.610927e-03,-2.7929,true
-0.31034482758620685,5.0,1.0,0.0001,0.0,-0.6,256,50.0,auto,auto,periodic,1.006827311203058e-08,39.5,3.893080773292803e-09,2.11,success,,0,1.0068e+00,1.610927e-03,-2.7929,true
-0.24137931034482762,0.0,1.0,0.0001,0.0,-0.6,256,50.0,auto,auto,periodic,3.126208633952636e-08,30.5,2.9616155408923074e-08,1.81,success,,0,3.1262e+00,5.001944e-03,-2.3009,true
-0.24137931034482762,0.2631578947368421,1.0,0.0001,0.0,-0.6,256,50.0,auto,auto,periodic,3.126208633952676e-08,30.5,2.9616155408923332e-08,1.8,success,,0,3.1262e+00,5.001944e-03,-2.3009,true
-0.24137931034482762,0.5263157894736842,1.0,0.0001,0.0,-0.6,256,50.0,auto,auto,periodic,3.126208633952644e-08,30.5,2.961615540892312e-08,2.04,success,,0,3.1262e+00,5.001944e-03,-2.3009,true
-0.24137931034482762,0.7894736842105263,1.0,0.0001,0.0,-0.6,256,50.0,auto,auto,periodic,3.1262086339538795e-08,30.5,2.961615540893363e-08,2.42,success,,0,3.1262e+00,5.001944e-03,-2.3009,true
-0.24137931034482762,1.0526315789473684,1.0,0.0001,0.0,-0.6,256,50.0,auto,auto,periodic,3.126208633952627e-08,30.5,2.9616155408922693e-08,1.48,success,,0,3.1262e+00,5.001944e-03,-2.3009,true
-0.24137931034482762,1.3157894736842104,1.0,0.0001,0.0,-0.6,256,50.0,auto,auto,periodic,3.126208633952651e-08,30.5,2.9616155408922634e-08,1.48,success,,0,3.1262e+00,5.001944e-03,-2.3009,true
-0.24137931034482762,1.5789473684210527,1.0,0.0001,0.0,-0.6,256,50.0,auto,auto,periodic,3.126208633952623e-08,30.5,2.9616155408922644e-08,1.58,success,,0,3.1262e+00,5.001944e-03,-2.3009,true
-0.24137931034482762,1.8421052631578947,1.0,0.0001,0.0,-0.6,256,50.0,auto,auto,periodic,3.126208633952633e-08,30.5,2.9616155408923034e-08,1.41,success,,0,3.1262e+00,5.001944e-03,-2.3009,true
-0.24137931034482762,2.1052631578947367,1.0,0.0001,0.0,-0.6,256,50.0,auto,auto,periodic,3.126208633952644e-08,30.5,2.9616155408923127e-08,1.47,success,,0,3.1262e+00,5.001944e-03,-2.3009,true
-0.24137931034482762,2.3684210526315788,1.0,0.0001,0.0,-0.6,256,50.0,auto,auto,periodic,3.126208633953861e-08,30.5,2.9616155408934092e-08,1.77,success,,0,3.1262e+00,5.001944e-03,-2.3009,true
-0.24137931034482762,2.631578947368421,1.0,0.0001,0.0,-0.6,256,50.0,auto,auto,periodic,3.126208633953863e-08,30.5,2.9616155408934135e-08,1.53,success,,0,3.1262e+00,5.001944e-03,-2.3009,true
-0.24137931034482762,2.894736842105263,1.0,0.0001,0.0,-0.6,256,50.0,auto,auto,periodic,3.126208633952631e-08,30.5,2.9616155408923018e-08,1.67,success,,0,3.1262e+00,5.001944e-03,-2.3009,true
-0.24137931034482762,3.1578947368421053,1.0,0.0001,0.0,-0.6,256,50.0,auto,auto,periodic,3.126208633952636e-08,30.5,2.9616155408923064e-08,2.29,success,,0,3.1262e+00,5.001944e-03,-2.3009,true
-0.24137931034482762,3.4210526315789473,1.0,0.0001,0.0,-0.6,256,50.0,auto,auto,periodic,3.126208633952635e-08,30.5,2.9616155408923037e-08,1.59,success,,0,3.1262e+00,5.001944e-03,-2.3009,true
-0.24137931034482762,3.6842105263157894,1.0,0.0001,0.0,-0.6,256,50.0,auto,auto,periodic,3.126208633952632e-08,30.5,2.9616155408923018e-08,1.46,success,,0,3.1262e+00,5.001944e-03,-2.3009,true
-0.24137931034482762,3.9473684210526314,1.0,0.0001,0.0,-0.6,256,50.0,auto,auto,periodic,3.1262086339538775e-08,30.5,2.9616155408934446e-08,1.69,success,,0,3.1262e+00,5.001944e-03,-2.3009,true
-0.24137931034482762,4.2105263157894735,1.0,0.0001,0.0,-0.6,256,50.0,auto,auto,periodic,3.126208633952644e-08,30.5,2.9616155408923127e-08,1.96,success,,0,3.1262e+00,5.001944e-03,-2.3009,true
-0.24137931034482762,4.473684210526316,1.0,0.0001,0.0,-0.6,256,50.0,auto,auto,periodic,3.1262086339539066e-08,30.5,2.9616155408934436e-08,1.76,success,,0,3.1262e+00,5.001944e-03,-2.3009,true
-0.24137931034482762,4.7368421052631575,1.0,0.0001,0.0,-0.6,256,50.0,auto,auto,periodic,3.126208633953819e-08,30.5,2.9616155408933963e-08,1.82,success,,0,3.1262e+00,5.001944e-03,-2.3009,true
-0.24137931034482762,5.0,1.0,0.0001,0.0,-0.6,256,50.0,auto,auto,periodic,3.1262086339526433e-08,30.5,2.9616155408923186e-08,2.02,success,,0,3.1262e+00,5.001944e-03,-2.3009,true
-0.1724137931034483,0.0,1.0,0.0001,0.0,-0.6,256,50.0,auto,auto,periodic,1.3196946115542013e-07,16.5,1.2874174482206398e-07,1.97,success,,0,1.3197e+01,2.111516e-02,-1.6754,true
-0.1724137931034483,0.2631578947368421,1.0,0.0001,0.0,-0.6,256,50.0,auto,auto,periodic,1.3196946115542018e-07,16.5,1.2874174482206398e-07,1.85,success,,0,1.3197e+01,2.111516e-02,-1.6754,true
-0.1724137931034483,0.5263157894736842,1.0,0.0001,0.0,-0.6,256,50.0,auto,auto,periodic,1.3196946115542008e-07,16.5,1.2874174482206358e-07,1.55,success,,0,1.3197e+01,2.111516e-02,-1.6754,true
-0.1724137931034483,0.7894736842105263,1.0,0.0001,0.0,-0.6,256,50.0,auto,auto,periodic,1.319694611554183e-07,16.5,1.2874174482206165e-07,1.72,success,,0,1.3197e+01,2.111516e-02,-1.6754,true
-0.1724137931034483,1.0526315789473684,1.0,0.0001,0.0,-0.6,256,50.0,auto,auto,periodic,1.3196946115542092e-07,16.5,1.287417448220641e-07,1.61,success,,0,1.3197e+01,2.111516e-02,-1.6754,true
-0.1724137931034483,1.3157894736842104,1.0,0.0001,0.0,-0.6,256,50.0,auto,auto,periodic,1.3196946115541828e-07,16.5,1.2874174482206244e-07,1.5,success,,0,1.3197e+01,2.111516e-02,-1.6754,true
-0.1724137931034483,1.5789473684210527,1.0,0.0001,0.0,-0.6,256,50.0,auto,auto,periodic,1.3196946115542005e-07,16.5,1.2874174482206377e-07,1.37,success,,0,1.3197e+01,2.111516e-02,-1.6754,true
-0.1724137931034483,1.8421052631578947,1.0,0.0001,0.0,-0.6,256,50.0,auto,auto,periodic,1.319694611554201e-07,16.5,1.2874174482206398e-07,1.79,success,,0,1.3197e+01,2.111516e-02,-1.6754,true
-0.1724137931034483,2.1052631578947367,1.0,0.0001,0.0,-0.6,256,50.0,auto,auto,periodic,1.319694611554205e-07,16.5,1.2874174482206432e-07,1.89,success,,0,1.3197e+01,2.111516e-02,-1.6754,true
-0.1724137931034483,2.3684210526315788,1.0,0.0001,0.0,-0.6,256,50.0,auto,auto,periodic,1.3196946115542045e-07,16.5,1.2874174482206385e-07,2.15,success,,0,1.3197e+01,2.111516e-02,-1.6754,true
-0.1724137931034483,2.631578947368421,1.0,0.0001,0.0,-0.6,256,50.0,auto,auto,periodic,1.3196946115542008e-07,16.5,1.2874174482206358e-07,1.53,success,,0,1.3197e+01,2.111516e-02,-1.6754,true
-0.1724137931034483,2.894736842105263,1.0,0.0001,0.0,-0.6,256,50.0,auto,auto,periodic,1.3196946115541822e-07,16.5,1.2874174482206175e-07,1.42,success,,0,1.3197e+01,2.111516e-02,-1.6754,true
-0.1724137931034483,3.1578947368421053,1.0,0.0001,0.0,-0.6,256,50.0,auto,auto,periodic,1.3196946115542008e-07,16.5,1.2874174482206355e-07,1.95,success,,0,1.3197e+01,2.111516e-02,-1.6754,true
-0.1724137931034483,3.4210526315789473,1.0,0.0001,0.0,-0.6,256,50.0,auto,auto,periodic,1.3196946115542016e-07,16.5,1.2874174482206358e-07,1.91,success,,0,1.3197e+01,2.111516e-02,-1.6754,true
-0.1724137931034483,3.6842105263157894,1.0,0.0001,0.0,-0.6,256,50.0,auto,auto,periodic,1.3196946115542047e-07,16.5,1.2874174482206387e-07,1.51,success,,0,1.3197e+01,2.111516e-02,-1.6754,true
-0.1724137931034483,3.9473684210526314,1.0,0.0001,0.0,-0.6,256,50.0,auto,auto,periodic,1.3196946115541886e-07,16.5,1.2874174482206228e-07,1.55,success,,0,1.3197e+01,2.111516e-02,-1.6754,true
-0.1724137931034483,4.2105263157894735,1.0,0.0001,0.0,-0.6,256,50.0,auto,auto,periodic,1.3196946115542045e-07,16.5,1.2874174482206395e-07,1.42,success,,0,1.3197e+01,2.111516e-02,-1.6754,true
-0.1724137931034483,4.473684210526316,1.0,0.0001,0.0,-0.6,256,50.0,auto,auto,periodic,1.31969461155419e-07,16.5,1.2874174482206236e-07,1.43,success,,0,1.3197e+01,2.111516e-02,-1.6754,true
-0.1724137931034483,4.7368421052631575,1.0,0.0001,0.0,-0.6,256,50.0,auto,auto,periodic,1.3196946115542797e-07,16.5,1.287417448220711e-07,2.19,success,,0,1.3197e+01,2.111516e-02,-1.6754,true
-0.1724137931034483,5.0,1.0,0.0001,0.0,-0.6,256,50.0,auto,auto,periodic,1.3196946115542087e-07,16.5,1.2874174482206485e-07,1.82,success,,0,1.3197e+01,2.111516e-02,-1.6754,true
-0.10344827586206895,0.0,1.0,0.0001,0.0,-0.6,256,50.0,auto,auto,periodic,1.0823877555224056e-06,38.0,8.25339728304723e-07,1.48,success,,0,1.0824e+02,1.731824e-01,-0.7615,true
-0.10344827586206895,0.2631578947368421,1.0,0.0001,0.0,-0.6,256,50.0,auto,auto,periodic,1.0823877555224058e-06,38.0,8.253397283047238e-07,1.59,success,,0,1.0824e+02,1.731824e-01,-0.7615,true
-0.10344827586206895,0.5263157894736842,1.0,0.0001,0.0,-0.6,256,50.0,auto,auto,periodic,1.0823877555224058e-06,38.0,8.253397283047238e-07,1.39,success,,0,1.0824e+02,1.731824e-01,-0.7615,true
-0.10344827586206895,0.7894736842105263,1.0,0.0001,0.0,-0.6,256,50.0,auto,auto,periodic,1.0823877555215181e-06,38.0,8.253397283040505e-07,2.07,success,,0,1.0824e+02,1.731824e-01,-0.7615,true
-0.10344827586206895,1.0526315789473684,1.0,0.0001,0.0,-0.6,256,50.0,auto,auto,periodic,1.082387755522408e-06,38.0,8.253397283047247e-07,1.49,success,,0,1.0824e+02,1.731824e-01,-0.7615,true
-0.10344827586206895,1.3157894736842104,1.0,0.0001,0.0,-0.6,256,50.0,auto,auto,periodic,1.0823877555215177e-06,38.0,8.253397283040506e-07,1.76,success,,0,1.0824e+02,1.731824e-01,-0.7615,true
-0.10344827586206895,1.5789473684210527,1.0,0.0001,0.0,-0.6,256,50.0,auto,auto,periodic,1.0823877555224056e-06,38.0,8.25339728304723e-07,2.54,success,,0,1.0824e+02,1.731824e-01,-0.7615,true
-0.10344827586206895,1.8421052631578947,1.0,0.0001,0.0,-0.6,256,50.0,auto,auto,periodic,1.0823877555215177e-06,38.0,8.253397283040505e-07,1.53,success,,0,1.0824e+02,1.731824e-01,-0.7615,true
-0.10344827586206895,2.1052631578947367,1.0,0.0001,0.0,-0.6,256,50.0,auto,auto,periodic,1.0823877555224056e-06,38.0,8.253397283047232e-07,1.74,success,,0,1.0824e+02,1.731824e-01,-0.7615,true
-0.10344827586206895,2.3684210526315788,1.0,0.0001,0.0,-0.6,256,50.0,auto,auto,periodic,1.0823877555224054e-06,38.0,8.25339728304723e-07,1.6,success,,0,1.0824e+02,1.731824e-01,-0.7615,true
-0.10344827586206895,2.631578947368421,1.0,0.0001,0.0,-0.6,256,50.0,auto,auto,periodic,1.0823877555224054e-06,38.0,8.253397283047229e-07,1.71,success,,0,1.0824e+02,1.731824e-01,-0.7615,true
-0.10344827586206895,2.894736842105263,1.0,0.0001,0.0,-0.6,256,50.0,auto,auto,periodic,1.0823877555215173e-06,38.0,8.253397283040502e-07,1.63,success,,0,1.0824e+02,1.731824e-01,-0.7615,true
-0.10344827586206895,3.1578947368421053,1.0,0.0001,0.0,-0.6,256,50.0,auto,auto,periodic,1.0823877555224058e-06,38.0,8.253397283047236e-07,1.87,success,,0,1.0824e+02,1.731824e-01,-0.7615,true
-0.10344827586206895,3.4210526315789473,1.0,0.0001,0.0,-0.6,256,50.0,auto,auto,periodic,1.0823877555215177e-06,38.0,8.253397283040506e-07,2.15,success,,0,1.0824e+02,1.731824e-01,-0.7615,true
-0.10344827586206895,3.6842105263157894,1.0,0.0001,0.0,-0.6,256,50.0,auto,auto,periodic,1.0823877555224058e-06,38.0,8.253397283047236e-07,1.68,success,,0,1.0824e+02,1.731824e-01,-0.7615,true
-0.10344827586206895,3.9473684210526314,1.0,0.0001,0.0,-0.6,256,50.0,auto,auto,periodic,1.0823877555215186e-06,38.0,8.25339728304052e-07,2.05,success,,0,1.0824e+02,1.731824e-01,-0.7615,true
-0.10344827586206895,4.2105263157894735,1.0,0.0001,0.0,-0.6,256,50.0,auto,auto,periodic,1.0823877555224069e-06,38.0,8.253397283047236e-07,1.54,success,,0,1.0824e+02,1.731824e-01,-0.7615,true
-0.10344827586206895,4.473684210526316,1.0,0.0001,0.0,-0.6,256,50.0,auto,auto,periodic,1.0823877555215183e-06,38.0,8.253397283040505e-07,1.7,success,,0,1.0824e+02,1.731824e-01,-0.7615,true
-0.10344827586206895,4.7368421052631575,1.0,0.0001,0.0,-0.6,256,50.0,auto,auto,periodic,1.0823877555224069e-06,38.0,8.253397283047236e-07,1.49,success,,0,1.0824e+02,1.731824e-01,-0.7615,true
-0.10344827586206895,5.0,1.0,0.0001,0.0,-0.6,256,50.0,auto,auto,periodic,1.0823877555224058e-06,38.0,8.253397283047241e-07,1.49,success,,0,1.0824e+02,1.731824e-01,-0.7615,true
-0.034482758620689724,0.0,1.0,0.0001,0.0,-0.6,256,50.0,auto,auto,periodic,5.8994251181016826e-06,50.0,5.8994251181016826e-06,1.68,success,,0,5.8994e+02,9.439100e-01,-0.0251,true
-0.034482758620689724,0.2631578947368421,1.0,0.0001,0.0,-0.6,256,50.0,auto,auto,periodic,5.899425118101685e-06,50.0,5.899425118101685e-06,1.62,success,,0,5.8994e+02,9.439100e-01,-0.0251,true
-0.034482758620689724,0.5263157894736842,1.0,0.0001,0.0,-0.6,256,50.0,auto,auto,periodic,5.8994251181016826e-06,50.0,5.8994251181016826e-06,1.54,success,,0,5.8994e+02,9.439100e-01,-0.0251,true
-0.034482758620689724,0.7894736842105263,1.0,0.0001,0.0,-0.6,256,50.0,auto,auto,periodic,5.899425118101684e-06,50.0,5.899425118101684e-06,1.22,success,,0,5.8994e+02,9.439100e-01,-0.0251,true
-0.034482758620689724,1.0526315789473684,1.0,0.0001,0.0,-0.6,256,50.0,auto,auto,periodic,5.899425118101685e-06,50.0,5.899425118101685e-06,1.09,success,,0,5.8994e+02,9.439100e-01,-0.0251,true
-0.034482758620689724,1.3157894736842104,1.0,0.0001,0.0,-0.6,256,50.0,auto,auto,periodic,5.89942511810168e-06,50.0,5.89942511810168e-06,1.04,success,,0,5.8994e+02,9.439100e-01,-0.0251,true
-0.034482758620689724,1.5789473684210527,1.0,0.0001,0.0,-0.6,256,50.0,auto,auto,periodic,5.899425118101682e-06,50.0,5.899425118101682e-06,1.04,success,,0,5.8994e+02,9.439100e-01,-0.0251,true
-0.034482758620689724,1.8421052631578947,1.0,0.0001,0.0,-0.6,256,50.0,auto,auto,periodic,5.899425118101682e-06,50.0,5.899425118101682e-06,1.08,success,,0,5.8994e+02,9.439100e-01,-0.0251,true
-0.034482758620689724,2.1052631578947367,1.0,0.0001,0.0,-0.6,256,50.0,auto,auto,periodic,5.8994251181016826e-06,50.0,5.8994251181016826e-06,1.14,success,,0,5.8994e+02,9.439100e-01,-0.0251,true
-0.034482758620689724,2.3684210526315788,1.0,0.0001,0.0,-0.6,256,50.0,auto,auto,periodic,5.899425118101682e-06,50.0,5.899425118101682e-06,1.13,success,,0,5.8994e+02,9.439100e-01,-0.0251,true
-0.034482758620689724,2.631578947368421,1.0,0.0001,0.0,-0.6,256,50.0,auto,auto,periodic,5.899425118101682e-06,50.0,5.899425118101682e-06,1.01,success,,0,5.8994e+02,9.439100e-01,-0.0251,true
-0.034482758620689724,2.894736842105263,1.0,0.0001,0.0,-0.6,256,50.0,auto,auto,periodic,5.899425118101682e-06,50.0,5.899425118101682e-06,1.02,success,,0,5.8994e+02,9.439100e-01,-0.0251,true
-0.034482758620689724,3.1578947368421053,1.0,0.0001,0.0,-0.6,256,50.0,auto,auto,periodic,5.8994251181016826e-06,50.0,5.8994251181016826e-06,1.06,success,,0,5.8994e+02,9.439100e-01,-0.0251,true
-0.034482758620689724,3.4210526315789473,1.0,0.0001,0.0,-0.6,256,50.0,auto,auto,periodic,5.899425118101683e-06,50.0,5.899425118101683e-06,1.68,success,,0,5.8994e+02,9.439100e-01,-0.0251,true
-0.034482758620689724,3.6842105263157894,1.0,0.0001,0.0,-0.6,256,50.0,auto,auto,periodic,5.899425118101682e-06,50.0,5.899425118101682e-06,2.01,success,,0,5.8994e+02,9.439100e-01,-0.0251,true
-0.034482758620689724,3.9473684210526314,1.0,0.0001,0.0,-0.6,256,50.0,auto,auto,periodic,5.8994251181016826e-06,50.0,5.8994251181016826e-06,2.03,success,,0,5.8994e+02,9.439100e-01,-0.0251,true
-0.034482758620689724,4.2105263157894735,1.0,0.0001,0.0,-0.6,256,50.0,auto,auto,periodic,5.899425118101378e-06,50.0,5.899425118101378e-06,1.75,success,,0,5.8994e+02,9.439100e-01,-0.0251,true
-0.034482758620689724,4.473684210526316,1.0,0.0001,0.0,-0.6,256,50.0,auto,auto,periodic,5.899425118101682e-06,50.0,5.899425118101682e-06,1.47,success,,0,5.8994e+02,9.439100e-01,-0.0251,true
-0.034482758620689724,4.7368421052631575,1.0,0.0001,0.0,-0.6,256,50.0,auto,auto,periodic,5.8994251181013785e-06,50.0,5.8994251181013785e-06,1.35,success,,0,5.8994e+02,9.439100e-01,-0.0251,true
-0.034482758620689724,5.0,1.0,0.0001,0.0,-0.6,256,50.0,auto,auto,periodic,5.8994251181013785e-06,50.0,5.8994251181013785e-06,1.6,success,,0,5.8994e+02,9.439100e-01,-0.0251,true
0.034482758620689724,0.0,1.0,0.0001,0.0,-0.6,256,50.0,auto,auto,periodic,5.8994251181016826e-06,50.0,5.8994251181016826e-06,1.34,success,,0,5.8994e+02,9.439100e-01,-0.0251,true
0.034482758620689724,0.2631578947368421,1.0,0.0001,0.0,-0.6,256,50.0,auto,auto,periodic,5.899425118101685e-06,50.0,5.899425118101685e-06,1.29,success,,0,5.8994e+02,9.439100e-01,-0.0251,true
0.034482758620689724,0.5263157894736842,1.0,0.0001,0.0,-0.6,256,50.0,auto,auto,periodic,5.8994251181016826e-06,50.0,5.8994251181016826e-06,1.52,success,,0,5.8994e+02,9.439100e-01,-0.0251,true
0.034482758620689724,0.7894736842105263,1.0,0.0001,0.0,-0.6,256,50.0,auto,auto,periodic,5.899425118101684e-06,50.0,5.899425118101684e-06,1.87,success,,0,5.8994e+02,9.439100e-01,-0.0251,true
0.034482758620689724,1.0526315789473684,1.0,0.0001,0.0,-0.6,256,50.0,auto,auto,periodic,5.899425118101685e-06,50.0,5.899425118101685e-06,1.57,success,,0,5.8994e+02,9.439100e-01,-0.0251,true
0.034482758620689724,1.3157894736842104,1.0,0.0001,0.0,-0.6,256,50.0,auto,auto,periodic,5.89942511810168e-06,50.0,5.89942511810168e-06,1.39,success,,0,5.8994e+02,9.439100e-01,-0.0251,true
0.034482758620689724,1.5789473684210527,1.0,0.0001,0.0,-0.6,256,50.0,auto,auto,periodic,5.899425118101682e-06,50.0,5.899425118101682e-06,1.32,success,,0,5.8994e+02,9.439100e-01,-0.0251,true
0.034482758620689724,1.8421052631578947,1.0,0.0001,0.0,-0.6,256,50.0,auto,auto,periodic,5.899425118101682e-06,50.0,5.899425118101682e-06,1.24,success,,0,5.8994e+02,9.439100e-01,-0.0251,true
0.034482758620689724,2.1052631578947367,1.0,0.0001,0.0,-0.6,256,50.0,auto,auto,periodic,5.8994251181016826e-06,50.0,5.8994251181016826e-06,2.01,success,,0,5.8994e+02,9.439100e-01,-0.0251,true
0.034482758620689724,2.3684210526315788,1.0,0.0001,0.0,-0.6,256,50.0,auto,auto,periodic,5.899425118101682e-06,50.0,5.899425118101682e-06,1.57,success,,0,5.8994e+02,9.439100e-01,-0.0251,true
0.034482758620689724,2.631578947368421,1.0,0.0001,0.0,-0.6,256,50.0,auto,auto,periodic,5.899425118101682e-06,50.0,5.899425118101682e-06,1.79,success,,0,5.8994e+02,9.439100e-01,-0.0251,true
0.034482758620689724,2.894736842105263,1.0,0.0001,0.0,-0.6,256,50.0,auto,auto,periodic,5.899425118101682e-06,50.0,5.899425118101682e-06,1.4,success,,0,5.8994e+02,9.439100e-01,-0.0251,true
0.034482758620689724,3.1578947368421053,1.0,0.0001,0.0,-0.6,256,50.0,auto,auto,periodic,5.8994251181016826e-06,50.0,5.8994251181016826e-06,1.58,success,,0,5.8994e+02,9.439100e-01,-0.0251,true
0.034482758620689724,3.4210526315789473,1.0,0.0001,0.0,-0.6,256,50.0,auto,auto,periodic,5.899425118101683e-06,50.0,5.899425118101683e-06,1.44,success,,0,5.8994e+02,9.439100e-01,-0.0251,true
0.034482758620689724,3.6842105263157894,1.0,0.0001,0.0,-0.6,256,50.0,auto,auto,periodic,5.899425118101682e-06,50.0,5.899425118101682e-06,1.38,success,,0,5.8994e+02,9.439100e-01,-0.0251,true
0.034482758620689724,3.9473684210526314,1.0,0.0001,0.0,-0.6,256,50.0,auto,auto,periodic,5.8994251181016826e-06,50.0,5.8994251181016826e-06,1.36,success,,0,5.8994e+02,9.439100e-01,-0.0251,true
0.034482758620689724,4.2105263157894735,1.0,0.0001,0.0,-0.6,256,50.0,auto,auto,periodic,5.899425118101378e-06,50.0,5.899425118101378e-06,1.37,success,,0,5.8994e+02,9.439100e-01,-0.0251,true
0.034482758620689724,4.473684210526316,1.0,0.0001,0.0,-0.6,256,50.0,auto,auto,periodic,5.899425118101682e-06,50.0,5.899425118101682e-06,1.35,success,,0,5.8994e+02,9.439100e-01,-0.0251,true
0.034482758620689724,4.7368421052631575,1.0,0.0001,0.0,-0.6,256,50.0,auto,auto,periodic,5.8994251181013785e-06,50.0,5.8994251181013785e-06,1.58,success,,0,5.8994e+02,9.439100e-01,-0.0251,true
0.034482758620689724,5.0,1.0,0.0001,0.0,-0.6,256,50.0,auto,auto,periodic,5.8994251181013785e-06,50.0,5.8994251181013785e-06,1.71,success,,0,5.8994e+02,9.439100e-01,-0.0251,true
0.10344827586206895,0.0,1.0,0.0001,0.0,-0.6,256,50.0,auto,auto,periodic,1.0823877555224056e-06,38.0,8.25339728304723e-07,1.46,success,,0,1.0824e+02,1.731824e-01,-0.7615,true
0.10344827586206895,0.2631578947368421,1.0,0.0001,0.0,-0.6,256,50.0,auto,auto,periodic,1.0823877555224058e-06,38.0,8.253397283047238e-07,1.23,success,,0,1.0824e+02,1.731824e-01,-0.7615,true
0.10344827586206895,0.5263157894736842,1.0,0.0001,0.0,-0.6,256,50.0,auto,auto,periodic,1.0823877555224058e-06,38.0,8.253397283047238e-07,1.42,success,,0,1.0824e+02,1.731824e-01,-0.7615,true
0.10344827586206895,0.7894736842105263,1.0,0.0001,0.0,-0.6,256,50.0,auto,auto,periodic,1.0823877555215181e-06,38.0,8.253397283040505e-07,1.57,success,,0,1.0824e+02,1.731824e-01,-0.7615,true
0.10344827586206895,1.0526315789473684,1.0,0.0001,0.0,-0.6,256,50.0,auto,auto,periodic,1.082387755522408e-06,38.0,8.253397283047247e-07,1.0,success,,0,1.0824e+02,1.731824e-01,-0.7615,true
0.10344827586206895,1.3157894736842104,1.0,0.0001,0.0,-0.6,256,50.0,auto,auto,periodic,1.0823877555215177e-06,38.0,8.253397283040506e-07,1.02,success,,0,1.0824e+02,1.731824e-01,-0.7615,true
0.10344827586206895,1.5789473684210527,1.0,0.0001,0.0,-0.6,256,50.0,auto,auto,periodic,1.0823877555224056e-06,38.0,8.25339728304723e-07,1.39,success,,0,1.0824e+02,1.731824e-01,-0.7615,true
0.10344827586206895,1.8421052631578947,1.0,0.0001,0.0,-0.6,256,50.0,auto,auto,periodic,1.0823877555215177e-06,38.0,8.253397283040505e-07,1.23,success,,0,1.0824e+02,1.731824e-01,-0.7615,true
0.10344827586206895,2.1052631578947367,1.0,0.0001,0.0,-0.6,256,50.0,auto,auto,periodic,1.0823877555224056e-06,38.0,8.253397283047232e-07,1.27,success,,0,1.0824e+02,1.731824e-01,-0.7615,true
0.10344827586206895,2.3684210526315788,1.0,0.0001,0.0,-0.6,256,50.0,auto,auto,periodic,1.0823877555224054e-06,38.0,8.25339728304723e-07,1.09,success,,0,1.0824e+02,1.731824e-01,-0.7615,true
0.10344827586206895,2.631578947368421,1.0,0.0001,0.0,-0.6,256,50.0,auto,auto,periodic,1.0823877555224054e-06,38.0,8.253397283047229e-07,1.19,success,,0,1.0824e+02,1.731824e-01,-0.7615,true
0.10344827586206895,2.894736842105263,1.0,0.0001,0.0,-0.6,256,50.0,auto,auto,periodic,1.0823877555215173e-06,38.0,8.253397283040502e-07,1.02,success,,0,1.0824e+02,1.731824e-01,-0.7615,true
0.10344827586206895,3.1578947368421053,1.0,0.0001,0.0,-0.6,256,50.0,auto,auto,periodic,1.0823877555224058e-06,38.0,8.253397283047236e-07,1.13,success,,0,1.0824e+02,1.731824e-01,-0.7615,true
0.10344827586206895,3.4210526315789473,1.0,0.0001,0.0,-0.6,256,50.0,auto,auto,periodic,1.0823877555215177e-06,38.0,8.253397283040506e-07,0.99,success,,0,1.0824e+02,1.731824e-01,-0.7615,true
0.10344827586206895,3.6842105263157894,1.0,0.0001,0.0,-0.6,256,50.0,auto,auto,periodic,1.0823877555224058e-06,38.0,8.253397283047236e-07,1.02,success,,0,1.0824e+02,1.731824e-01,-0.7615,true
0.10344827586206895,3.9473684210526314,1.0,0.0001,0.0,-0.6,256,50.0,auto,auto,periodic,1.0823877555215186e-06,38.0,8.25339728304052e-07,1.01,success,,0,1.0824e+02,1.731824e-01,-0.7615,true
0.10344827586206895,4.2105263157894735,1.0,0.0001,0.0,-0.6,256,50.0,auto,auto,periodic,1.0823877555224069e-06,38.0,8.253397283047236e-07,1.02,success,,0,1.0824e+02,1.731824e-01,-0.7615,true
0.10344827586206895,4.473684210526316,1.0,0.0001,0.0,-0.6,256,50.0,auto,auto,periodic,1.0823877555215183e-06,38.0,8.253397283040505e-07,1.12,success,,0,1.0824e+02,1.731824e-01,-0.7615,true
0.10344827586206895,4.7368421052631575,1.0,0.0001,0.0,-0.6,256,50.0,auto,auto,periodic,1.0823877555224069e-06,38.0,8.253397283047236e-07,1.4,success,,0,1.0824e+02,1.731824e-01,-0.7615,true
0.10344827586206895,5.0,1.0,0.0001,0.0,-0.6,256,50.0,auto,auto,periodic,1.0823877555224058e-06,38.0,8.253397283047241e-07,1.1,success,,0,1.0824e+02,1.731824e-01,-0.7615,true
0.17241379310344818,0.0,1.0,0.0001,0.0,-0.6,256,50.0,auto,auto,periodic,1.3196946115531094e-07,16.5,1.2874174482195844e-07,1.12,success,,0,1.3197e+01,2.111516e-02,-1.6754,true
0.17241379310344818,0.2631578947368421,1.0,0.0001,0.0,-0.6,256,50.0,auto,auto,periodic,1.3196946115531097e-07,16.5,1.2874174482195847e-07,1.09,success,,0,1.3197e+01,2.111516e-02,-1.6754,true
0.17241379310344818,0.5263157894736842,1.0,0.0001,0.0,-0.6,256,50.0,auto,auto,periodic,1.3196946115531094e-07,16.5,1.2874174482195847e-07,1.24,success,,0,1.3197e+01,2.111516e-02,-1.6754,true
0.17241379310344818,0.7894736842105263,1.0,0.0001,0.0,-0.6,256,50.0,auto,auto,periodic,1.3196946115531142e-07,16.5,1.2874174482195884e-07,1.4,success,,0,1.3197e+01,2.111516e-02,-1.6754,true
0.17241379310344818,1.0526315789473684,1.0,0.0001,0.0,-0.6,256,50.0,auto,auto,periodic,1.319694611553109e-07,16.5,1.287417448219576e-07,1.18,success,,0,1.3197e+01,2.111516e-02,-1.6754,true
0.17241379310344818,1.3157894736842104,1.0,0.0001,0.0,-0.6,256,50.0,auto,auto,periodic,1.3196946115531126e-07,16.5,1.2874174482195794e-07,1.49,success,,0,1.3197e+01,2.111516e-02,-1.6754,true
0.17241379310344818,1.5789473684210527,1.0,0.0001,0.0,-0.6,256,50.0,auto,auto,periodic,1.3196946115531097e-07,16.5,1.287417448219586e-07,1.07,success,,0,1.3197e+01,2.111516e-02,-1.6754,true
0.17241379310344818,1.8421052631578947,1.0,0.0001,0.0,-0.6,256,50.0,auto,auto,periodic,1.3196946115531092e-07,16.5,1.2874174482195844e-07,1.03,success,,0,1.3197e+01,2.111516e-02,-1.6754,true
0.17241379310344818,2.1052631578947367,1.0,0.0001,0.0,-0.6,256,50.0,auto,auto,periodic,1.3196946115531094e-07,16.5,1.2874174482195844e-07,1.08,success,,0,1.3197e+01,2.111516e-02,-1.6754,true
0.17241379310344818,2.3684210526315788,1.0,0.0001,0.0,-0.6,256,50.0,auto,auto,periodic,1.3196946115531094e-07,16.5,1.287417448219586e-07,1.02,success,,0,1.3197e+01,2.111516e-02,-1.6754,true
0.17241379310344818,2.631578947368421,1.0,0.0001,0.0,-0.6,256,50.0,auto,auto,periodic,1.3196946115531092e-07,16.5,1.2874174482195855e-07,1.0,success,,0,1.3197e+01,2.111516e-02,-1.6754,true
0.17241379310344818,2.894736842105263,1.0,0.0001,0.0,-0.6,256,50.0,auto,auto,periodic,1.3196946115531094e-07,16.5,1.287417448219586e-07,1.02,success,,0,1.3197e+01,2.111516e-02,-1.6754,true
0.17241379310344818,3.1578947368421053,1.0,0.0001,0.0,-0.6,256,50.0,auto,auto,periodic,1.3196946115531094e-07,16.5,1.287417448219586e-07,1.0,success,,0,1.3197e+01,2.111516e-02,-1.6754,true
0.17241379310344818,3.4210526315789473,1.0,0.0001,0.0,-0.6,256,50.0,auto,auto,periodic,1.3196946115531094e-07,16.5,1.287417448219586e-07,1.91,success,,0,1.3197e+01,2.111516e-02,-1.6754,true
0.17241379310344818,3.6842105263157894,1.0,0.0001,0.0,-0.6,256,50.0,auto,auto,periodic,1.3196946115531094e-07,16.5,1.2874174482195858e-07,1.21,success,,0,1.3197e+01,2.111516e-02,-1.6754,true
0.17241379310344818,3.9473684210526314,1.0,0.0001,0.0,-0.6,256,50.0,auto,auto,periodic,1.3196946115531092e-07,16.5,1.287417448219586e-07,1.01,success,,0,1.3197e+01,2.111516e-02,-1.6754,true
0.17241379310344818,4.2105263157894735,1.0,0.0001,0.0,-0.6,256,50.0,auto,auto,periodic,1.3196946115531097e-07,16.5,1.287417448219586e-07,1.06,success,,0,1.3197e+01,2.111516e-02,-1.6754,true
0.17241379310344818,4.473684210526316,1.0,0.0001,0.0,-0.6,256,50.0,auto,auto,periodic,1.319694611553114e-07,16.5,1.287417448219589e-07,1.12,success,,0,1.3197e+01,2.111516e-02,-1.6754,true
0.17241379310344818,4.7368421052631575,1.0,0.0001,0.0,-0.6,256,50.0,auto,auto,periodic,1.3196946115536616e-07,16.5,1.2874174482201215e-07,1.09,success,,0,1.3197e+01,2.111516e-02,-1.6754,true
0.17241379310344818,5.0,1.0,0.0001,0.0,-0.6,256,50.0,auto,auto,periodic,1.3196946115531028e-07,16.5,1.2874174482195802e-07,0.99,success,,0,1.3197e+01,2.111516e-02,-1.6754,true
0.24137931034482762,0.0,1.0,0.0001,0.0,-0.6,256,50.0,auto,auto,periodic,3.126208633952636e-08,30.5,2.9616155408923074e-08,1.32,success,,0,3.1262e+00,5.001944e-03,-2.3009,true
0.24137931034482762,0.2631578947368421,1.0,0.0001,0.0,-0.6,256,50.0,auto,auto,periodic,3.126208633952676e-08,30.5,2.9616155408923332e-08,1.27,success,,0,3.1262e+00,5.001944e-03,-2.3009,true
0.24137931034482762,0.5263157894736842,1.0,0.0001,0.0,-0.6,256,50.0,auto,auto,periodic,3.126208633952644e-08,30.5,2.961615540892312e-08,1.44,success,,0,3.1262e+00,5.001944e-03,-2.3009,true
0.24137931034482762,0.7894736842105263,1.0,0.0001,0.0,-0.6,256,50.0,auto,auto,periodic,3.1262086339538795e-08,30.5,2.961615540893363e-08,1.13,success,,0,3.1262e+00,5.001944e-03,-2.3009,true
0.24137931034482762,1.0526315789473684,1.0,0.0001,0.0,-0.6,256,50.0,auto,auto,periodic,3.126208633952627e-08,30.5,2.9616155408922693e-08,1.16,success,,0,3.1262e+00,5.001944e-03,-2.3009,true
0.24137931034482762,1.3157894736842104,1.0,0.0001,0.0,-0.6,256,50.0,auto,auto,periodic,3.126208633952651e-08,30.5,2.9616155408922634e-08,1.54,success,,0,3.1262e+00,5.001944e-03,-2.3009,true
0.24137931034482762,1.5789473684210527,1.0,0.0001,0.0,-0.6,256,50.0,auto,auto,periodic,3.126208633952623e-08,30.5,2.9616155408922644e-08,1.15,success,,0,3.1262e+00,5.001944e-03,-2.3009,true
0.24137931034482762,1.8421052631578947,1.0,0.0001,0.0,-0.6,256,50.0,auto,auto,periodic,3.126208633952633e-08,30.5,2.9616155408923034e-08,1.03,success,,0,3.1262e+00,5.001944e-03,-2.3009,true
0.24137931034482762,2.1052631578947367,1.0,0.0001,0.0,-0.6,256,50.0,auto,auto,periodic,3.126208633952644e-08,30.5,2.9616155408923127e-08,1.1,success,,0,3.1262e+00,5.001944e-03,-2.3009,true
0.24137931034482762,2.3684210526315788,1.0,0.0001,0.0,-0.6,256,50.0,auto,auto,periodic,3.126208633953861e-08,30.5,2.9616155408934092e-08,1.64,success,,0,3.1262e+00,5.001944e-03,-2.3009,true
0.24137931034482762,2.631578947368421,1.0,0.0001,0.0,-0.6,256,50.0,auto,auto,periodic,3.126208633953863e-08,30.5,2.9616155408934135e-08,1.26,success,,0,3.1262e+00,5.001944e-03,-2.3009,true
0.24137931034482762,2.894736842105263,1.0,0.0001,0.0,-0.6,256,50.0,auto,auto,periodic,3.126208633952631e-08,30.5,2.9616155408923018e-08,1.13,success,,0,3.1262e+00,5.001944e-03,-2.3009,true
0.24137931034482762,3.1578947368421053,1.0,0.0001,0.0,-0.6,256,50.0,auto,auto,periodic,3.126208633952636e-08,30.5,2.9616155408923064e-08,1.11,success,,0,3.1262e+00,5.001944e-03,-2.3009,true
0.24137931034482762,3.4210526315789473,1.0,0.0001,0.0,-0.6,256,50.0,auto,auto,periodic,3.126208633952635e-08,30.5,2.9616155408923037e-08,1.18,success,,0,3.1262e+00,5.001944e-03,-2.3009,true
0.24137931034482762,3.6842105263157894,1.0,0.0001,0.0,-0.6,256,50.0,auto,auto,periodic,3.126208633952632e-08,30.5,2.9616155408923018e-08,1.21,success,,0,3.1262e+00,5.001944e-03,-2.3009,true
0.24137931034482762,3.9473684210526314,1.0,0.0001,0.0,-0.6,256,50.0,auto,auto,periodic,3.1262086339538775e-08,30.5,2.9616155408934446e-08,1.09,success,,0,3.1262e+00,5.001944e-03,-2.3009,true
0.24137931034482762,4.2105263157894735,1.0,0.0001,0.0,-0.6,256,50.0,auto,auto,periodic,3.126208633952644e-08,30.5,2.9616155408923127e-08,1.03,success,,0,3.1262e+00,5.001944e-03,-2.3009,true
0.24137931034482762,4.473684210526316,1.0,0.0001,0.0,-0.6,256,50.0,auto,auto,periodic,3.1262086339539066e-08,30.5,2.9616155408934436e-08,1.0,success,,0,3.1262e+00,5.001944e-03,-2.3009,true
0.24137931034482762,4.7368421052631575,1.0,0.0001,0.0,-0.6,256,50.0,auto,auto,periodic,3.126208633953819e-08,30.5,2.9616155408933963e-08,1.0,success,,0,3.1262e+00,5.001944e-03,-2.3009,true
0.24137931034482762,5.0,1.0,0.0001,0.0,-0.6,256,50.0,auto,auto,periodic,3.1262086339526433e-08,30.5,2.9616155408923186e-08,0.95,success,,0,3.1262e+00,5.001944e-03,-2.3009,true
0.31034482758620685,0.0,1.0,0.0001,0.0,-0.6,256,50.0,auto,auto,periodic,1.0068273112030702e-08,39.5,3.893080773292974e-09,1.04,success,,0,1.0068e+00,1.610927e-03,-2.7929,true
0.31034482758620685,0.2631578947368421,1.0,0.0001,0.0,-0.6,256,50.0,auto,auto,periodic,1.0068273112030702e-08,39.5,3.89308077329299e-09,1.03,success,,0,1.0068e+00,1.610927e-03,-2.7929,true
0.31034482758620685,0.5263157894736842,1.0,0.0001,0.0,-0.6,256,50.0,auto,auto,periodic,1.006827311203266e-08,39.5,3.893080773293893e-09,1.01,success,,0,1.0068e+00,1.610927e-03,-2.7929,true
0.31034482758620685,0.7894736842105263,1.0,0.0001,0.0,-0.6,256,50.0,auto,auto,periodic,1.0068273112030778e-08,39.5,3.8930807732930626e-09,1.03,success,,0,1.0068e+00,1.610927e-03,-2.7929,true
0.31034482758620685,1.0526315789473684,1.0,0.0001,0.0,-0.6,256,50.0,auto,auto,periodic,1.0068273112030228e-08,39.5,3.893080773292243e-09,1.02,success,,0,1.0068e+00,1.610927e-03,-2.7929,true
0.31034482758620685,1.3157894736842104,1.0,0.0001,0.0,-0.6,256,50.0,auto,auto,periodic,1.0068273112030638e-08,39.5,3.8930807732929244e-09,0.99,success,,0,1.0068e+00,1.610927e-03,-2.7929,true
0.31034482758620685,1.5789473684210527,1.0,0.0001,0.0,-0.6,256,50.0,auto,auto,periodic,1.0068273112030764e-08,39.5,3.89308077329314e-09,0.99,success,,0,1.0068e+00,1.610927e-03,-2.7929,true
0.31034482758620685,1.8421052631578947,1.0,0.0001,0.0,-0.6,256,50.0,auto,auto,periodic,1.0068273112029816e-08,39.5,3.893080773293124e-09,1.0,success,,0,1.0068e+00,1.610927e-03,-2.7929,true
0.31034482758620685,2.1052631578947367,1.0,0.0001,0.0,-0.6,256,50.0,auto,auto,periodic,1.0068273112029764e-08,39.5,3.8930807732930146e-09,1.12,success,,0,1.0068e+00,1.610927e-03,-2.7929,true
0.31034482758620685,2.3684210526315788,1.0,0.0001,0.0,-0.6,256,50.0,auto,auto,periodic,1.0068273112031164e-08,39.5,3.893080773293545e-09,1.32,success,,0,1.0068e+00,1.610927e-03,-2.7929,true
0.31034482758620685,2.631578947368421,1.0,0.0001,0.0,-0.6,256,50.0,auto,auto,periodic,1.0068273112030137e-08,39.5,3.893080773293474e-09,0.99,success,,0,1.0068e+00,1.610927e-03,-2.7929,true
0.31034482758620685,2.894736842105263,1.0,0.0001,0.0,-0.6,256,50.0,auto,auto,periodic,1.0068273112030087e-08,39.5,3.893080773293453e-09,1.11,success,,0,1.0068e+00,1.610927e-03,-2.7929,true
0.31034482758620685,3.1578947368421053,1.0,0.0001,0.0,-0.6,256,50.0,auto,auto,periodic,1.0068273112033649e-08,39.5,3.893080773294532e-09,1.38,success,,0,1.0068e+00,1.610927e-03,-2.7929,true
0.31034482758620685,3.4210526315789473,1.0,0.0001,0.0,-0.6,256,50.0,auto,auto,periodic,1.0068273112031184e-08,39.5,3.8930807732935655e-09,1.05,success,,0,1.0068e+00,1.610927e-03,-2.7929,true
0.31034482758620685,3.6842105263157894,1.0,0.0001,0.0,-0.6,256,50.0,auto,auto,periodic,1.0068273112031085e-08,39.5,3.893080773293517e-09,1.13,success,,0,1.0068e+00,1.610927e-03,-2.7929,true
0.31034482758620685,3.9473684210526314,1.0,0.0001,0.0,-0.6,256,50.0,auto,auto,periodic,1.0068273112031176e-08,39.5,3.893080773293641e-09,1.25,success,,0,1.0068e+00,1.610927e-03,-2.7929,true
0.31034482758620685,4.2105263157894735,1.0,0.0001,0.0,-0.6,256,50.0,auto,auto,periodic,1.0068273112031174e-08,39.5,3.89308077329364e-09,1.43,success,,0,1.0068e+00,1.610927e-03,-2.7929,true
0.31034482758620685,4.473684210526316,1.0,0.0001,0.0,-0.6,256,50.0,auto,auto,periodic,1.0068273112031702e-08,39.5,3.893080773293664e-09,1.12,success,,0,1.0068e+00,1.610927e-03,-2.7929,true
0.31034482758620685,4.7368421052631575,1.0,0.0001,0.0,-0.6,256,50.0,auto,auto,periodic,1.0068273112030613e-08,39.5,3.893080773292815e-09,1.1,success,,0,1.0068e+00,1.610927e-03,-2.7929,true
0.31034482758620685,5.0,1.0,0.0001,0.0,-0.6,256,50.0,auto,auto,periodic,1.006827311203058e-08,39.5,3.893080773292803e-09,1.16,success,,0,1.0068e+00,1.610927e-03,-2.7929,true
0.3793103448275863,0.0,1.0,0.0001,0.0,-0.6,256,50.0,auto,auto,periodic,3.926029053201105e-09,46.0,1.9433285526348214e-09,1.04,success,,0,3.9260e-01,6.281660e-04,-3.2019,true
0.3793103448275863,0.2631578947368421,1.0,0.0001,0.0,-0.6,256,50.0,auto,auto,periodic,3.9260290532015935e-09,46.0,1.943328552635336e-09,1.1,success,,0,3.9260e-01,6.281660e-04,-3.2019,true
0.3793103448275863,0.5263157894736842,1.0,0.0001,0.0,-0.6,256,50.0,auto,auto,periodic,3.926029053201593e-09,46.0,1.943328552635334e-09,1.01,success,,0,3.9260e-01,6.281660e-04,-3.2019,true
0.3793103448275863,0.7894736842105263,1.0,0.0001,0.0,-0.6,256,50.0,auto,auto,periodic,3.926029053201534e-09,46.0,1.943328552635272e-09,0.99,success,,0,3.9260e-01,6.281660e-04,-3.2019,true
0.3793103448275863,1.0526315789473684,1.0,0.0001,0.0,-0.6,256,50.0,auto,auto,periodic,3.926029053200652e-09,46.0,1.943328552634631e-09,1.25,success,,0,3.9260e-01,6.281660e-04,-3.2019,true
0.3793103448275863,1.3157894736842104,1.0,0.0001,0.0,-0.6,256,50.0,auto,auto,periodic,3.9260290532015075e-09,46.0,1.943328552635241e-09,1.28,success,,0,3.9260e-01,6.281660e-04,-3.2019,true
0.3793103448275863,1.5789473684210527,1.0,0.0001,0.0,-0.6,256,50.0,auto,auto,periodic,3.926029053200732e-09,46.0,1.9433285526348305e-09,1.01,success,,0,3.9260e-01,6.281660e-04,-3.2019,true
0.3793103448275863,1.8421052631578947,1.0,0.0001,0.0,-0.6,256,50.0,auto,auto,periodic,3.926029053201572e-09,46.0,1.9433285526353103e-09,1.02,success,,0,3.9260e-01,6.281660e-04,-3.2019,true
0.3793103448275863,2.1052631578947367,1.0,0.0001,0.0,-0.6,256,50.0,auto,auto,periodic,3.926029053200816e-09,46.0,1.9433285526349265e-09,1.09,success,,0,3.9260e-01,6.281660e-04,-3.2019,true
0.3793103448275863,2.3684210526315788,1.0,0.0001,0.0,-0.6,256,50.0,auto,auto,periodic,3.926029053201121e-09,46.0,1.9433285526348437e-09,1.17,success,,0,3.9260e-01,6.281660e-04,-3.2019,true
0.3793103448275863,2.631578947368421,1.0,0.0001,0.0,-0.6,256,50.0,auto,auto,periodic,3.926029053201133e-09,46.0,1.9433285526348466e-09,1.21,success,,0,3.9260e-01,6.281660e-04,-3.2019,true
0.3793103448275863,2.894736842105263,1.0,0.0001,0.0,-0.6,256,50.0,auto,auto,periodic,3.9260290532003585e-09,46.0,1.9433285526344426e-09,1.01,success,,0,3.9260e-01,6.281660e-04,-3.2019,true
0.3793103448275863,3.1578947368421053,1.0,0.0001,0.0,-0.6,256,50.0,auto,auto,periodic,3.926029053201111e-09,46.0,1.943328552634823e-09,0.98,success,,0,3.9260e-01,6.281660e-04,-3.2019,true
0.3793103448275863,3.4210526315789473,1.0,0.0001,0.0,-0.6,256,50.0,auto,auto,periodic,3.926029053201121e-09,46.0,1.9433285526348433e-09,1.31,success,,0,3.9260e-01,6.281660e-04,-3.2019,true
0.3793103448275863,3.6842105263157894,1.0,0.0001,0.0,-0.6,256,50.0,auto,auto,periodic,3.92602905320112e-09,46.0,1.9433285526348206e-09,1.0,success,,0,3.9260e-01,6.281660e-04,-3.2019,true
0.3793103448275863,3.9473684210526314,1.0,0.0001,0.0,-0.6,256,50.0,auto,auto,periodic,3.926029053201187e-09,46.0,1.9433285526349153e-09,1.03,success,,0,3.9260e-01,6.281660e-04,-3.2019,true
0.3793103448275863,4.2105263157894735,1.0,0.0001,0.0,-0.6,256,50.0,auto,auto,periodic,3.926029053200648e-09,46.0,1.9433285526346063e-09,1.05,success,,0,3.9260e-01,6.281660e-04,-3.2019,true
0.3793103448275863,4.473684210526316,1.0,0.0001,0.0,-0.6,256,50.0,auto,auto,periodic,3.926029053200929e-09,46.0,1.9433285526347387e-09,1.05,success,,0,3.9260e-01,6.281660e-04,-3.2019,true
0.3793103448275863,4.7368421052631575,1.0,0.0001,0.0,-0.6,256,50.0,auto,auto,periodic,3.9260290532010004e-09,46.0,1.9433285526352288e-09,1.21,success,,0,3.9260e-01,6.281660e-04,-3.2019,true
0.3793103448275863,5.0,1.0,0.0001,0.0,-0.6,256,50.0,auto,auto,periodic,3.926029053201027e-09,46.0,1.943328552635272e-09,1.38,success,,0,3.9260e-01,6.281660e-04,-3.2019,true
0.4482758620689655,0.0,1.0,0.0001,0.0,-0.6,256,50.0,auto,auto,periodic,1.5914465958403925e-09,41.5,9.613682189397014e-10,1.32,success,,0,1.5914e-01,2.546320e-04,-3.5941,true
0.4482758620689655,0.2631578947368421,1.0,0.0001,0.0,-0.6,256,50.0,auto,auto,periodic,1.5914465958405962e-09,41.5,9.613682189399131e-10,1.0,success,,0,1.5914e-01,2.546320e-04,-3.5941,true
0.4482758620689655,0.5263157894736842,1.0,0.0001,0.0,-0.6,256,50.0,auto,auto,periodic,1.5914465958405064e-09,41.5,9.613682189398817e-10,1.0,success,,0,1.5914e-01,2.546320e-04,-3.5941,true
0.4482758620689655,0.7894736842105263,1.0,0.0001,0.0,-0.6,256,50.0,auto,auto,periodic,1.5914465958406882e-09,41.5,9.613682189399903e-10,1.13,success,,0,1.5914e-01,2.546320e-04,-3.5941,true
0.4482758620689655,1.0526315789473684,1.0,0.0001,0.0,-0.6,256,50.0,auto,auto,periodic,1.5914465958404314e-09,41.5,9.61368218939764e-10,1.4,success,,0,1.5914e-01,2.546320e-04,-3.5941,true
0.4482758620689655,1.3157894736842104,1.0,0.0001,0.0,-0.6,256,50.0,auto,auto,periodic,1.5914465958403652e-09,41.5,9.613682189396615e-10,1.41,success,,0,1.5914e-01,2.546320e-04,-3.5941,true
0.4482758620689655,1.5789473684210527,1.0,0.0001,0.0,-0.6,256,50.0,auto,auto,periodic,1.5914465958403271e-09,41.5,9.613682189397928e-10,1.04,success,,0,1.5914e-01,2.546320e-04,-3.5941,true
0.4482758620689655,1.8421052631578947,1.0,0.0001,0.0,-0.6,256,50.0,auto,auto,periodic,1.5914465958403317e-09,41.5,9.613682189398006e-10,1.23,success,,0,1.5914e-01,2.546320e-04,-3.5941,true
0.4482758620689655,2.1052631578947367,1.0,0.0001,0.0,-0.6,256,50.0,auto,auto,periodic,1.591446595840071e-09,41.5,9.613682189394727e-10,1.14,success,,0,1.5914e-01,2.546320e-04,-3.5941,true
0.4482758620689655,2.3684210526315788,1.0,0.0001,0.0,-0.6,256,50.0,auto,auto,periodic,1.5914465958404773e-09,41.5,9.613682189397276e-10,1.26,success,,0,1.5914e-01,2.546320e-04,-3.5941,true
0.4482758620689655,2.631578947368421,1.0,0.0001,0.0,-0.6,256,50.0,auto,auto,periodic,1.5914465958404657e-09,41.5,9.61368218939705e-10,1.59,success,,0,1.5914e-01,2.546320e-04,-3.5941,true
0.4482758620689655,2.894736842105263,1.0,0.0001,0.0,-0.6,256,50.0,auto,auto,periodic,1.5914465958406828e-09,41.5,9.613682189399942e-10,1.49,success,,0,1.5914e-01,2.546320e-04,-3.5941,true
0.4482758620689655,3.1578947368421053,1.0,0.0001,0.0,-0.6,256,50.0,auto,auto,periodic,1.591446595840615e-09,41.5,9.613682189399808e-10,1.23,success,,0,1.5914e-01,2.546320e-04,-3.5941,true
0.4482758620689655,3.4210526315789473,1.0,0.0001,0.0,-0.6,256,50.0,auto,auto,periodic,1.5914465958407101e-09,41.5,9.613682189400147e-10,1.31,success,,0,1.5914e-01,2.546320e-04,-3.5941,true
0.4482758620689655,3.6842105263157894,1.0,0.0001,0.0,-0.6,256,50.0,auto,auto,periodic,1.591446595840392e-09,41.5,9.613682189397012e-10,1.15,success,,0,1.5914e-01,2.546320e-04,-3.5941,true
0.4482758620689655,3.9473684210526314,1.0,0.0001,0.0,-0.6,256,50.0,auto,auto,periodic,1.5914465958404634e-09,41.5,9.61368218939703e-10,1.4,success,,0,1.5914e-01,2.546320e-04,-3.5941,true
0.4482758620689655,4.2105263157894735,1.0,0.0001,0.0,-0.6,256,50.0,auto,auto,periodic,1.5914465958403164e-09,41.5,9.613682189396584e-10,1.38,success,,0,1.5914e-01,2.546320e-04,-3.5941,true
0.4482758620689655,4.473684210526316,1.0,0.0001,0.0,-0.6,256,50.0,auto,auto,periodic,1.5914465958404583e-09,41.5,9.613682189397022e-10,1.28,success,,0,1.5914e-01,2.546320e-04,-3.5941,true
0.4482758620689655,4.7368421052631575,1.0,0.0001,0.0,-0.6,256,50.0,auto,auto,periodic,1.591446595840679e-09,41.5,9.613682189400515e-10,1.33,success,,0,1.5914e-01,2.546320e-04,-3.5941,true
0.4482758620689655,5.0,1.0,0.0001,0.0,-0.6,256,50.0,auto,auto,periodic,1.5914465958402765e-09,41.5,9.613682189395727e-10,1.27,success,,0,1.5914e-01,2.546320e-04,-3.5941,true
0.5172413793103448,0.0,1.0,0.0001,0.0,-0.6,256,50.0,auto,auto,periodic,6.647629465116113e-10,49.0,5.990290875053365e-10,1.29,success,,0,6.6476e-02,1.063623e-04,-3.9732,true
0.5172413793103448,0.2631578947368421,1.0,0.0001,0.0,-0.6,256,50.0,auto,auto,periodic,6.647629465114219e-10,49.0,5.990290875051456e-10,1.31,success,,0,6.6476e-02,1.063623e-04,-3.9732,true
0.5172413793103448,0.5263157894736842,1.0,0.0001,0.0,-0.6,256,50.0,auto,auto,periodic,6.647629465111333e-10,49.0,5.990290875048766e-10,1.2,success,,0,6.6476e-02,1.063623e-04,-3.9732,true
0.5172413793103448,0.7894736842105263,1.0,0.0001,0.0,-0.6,256,50.0,auto,auto,periodic,6.647629465113689e-10,49.0,5.990290875050908e-10,1.16,success,,0,6.6476e-02,1.063623e-04,-3.9732,true
0.5172413793103448,1.0526315789473684,1.0,0.0001,0.0,-0.6,256,50.0,auto,auto,periodic,6.64762946511094e-10,49.0,5.99029087504874e-10,1.15,success,,0,6.6476e-02,1.063623e-04,-3.9732,true
0.5172413793103448,1.3157894736842104,1.0,0.0001,0.0,-0.6,256,50.0,auto,auto,periodic,6.647629465113683e-10,49.0,5.990290875050911e-10,1.38,success,,0,6.6476e-02,1.063623e-04,-3.9732,true
0.5172413793103448,1.5789473684210527,1.0,0.0001,0.0,-0.6,256,50.0,auto,auto,periodic,6.647629465113998e-10,49.0,5.990290875051234e-10,1.23,success,,0,6.6476e-02,1.063623e-04,-3.9732,true
0.5172413793103448,1.8421052631578947,1.0,0.0001,0.0,-0.6,256,50.0,auto,auto,periodic,6.647629465113746e-10,49.0,5.990290875050955e-10,1.16,success,,0,6.6476e-02,1.063623e-04,-3.9732,true
0.5172413793103448,2.1052631578947367,1.0,0.0001,0.0,-0.6,256,50.0,auto,auto,periodic,6.647629465112907e-10,49.0,5.990290875050369e-10,1.25,success,,0,6.6476e-02,1.063623e-04,-3.9732,true
0.5172413793103448,2.3684210526315788,1.0,0.0001,0.0,-0.6,256,50.0,auto,auto,periodic,6.647629465116062e-10,49.0,5.990290875053328e-10,1.22,success,,0,6.6476e-02,1.063623e-04,-3.9732,true
0.5172413793103448,2.631578947368421,1.0,0.0001,0.0,-0.6,256,50.0,auto,auto,periodic,6.647629465116174e-10,49.0,5.99029087505344e-10,1.15,success,,0,6.6476e-02,1.063623e-04,-3.9732,true
0.5172413793103448,2.894736842105263,1.0,0.0001,0.0,-0.6,256,50.0,auto,auto,periodic,6.647629465113115e-10,49.0,5.990290875050573e-10,1.42,success,,0,6.6476e-02,1.063623e-04,-3.9732,true
0.5172413793103448,3.1578947368421053,1.0,0.0001,0.0,-0.6,256,50.0,auto,auto,periodic,6.647629465115865e-10,49.0,5.990290875053121e-10,2.13,success,,0,6.6476e-02,1.063623e-04,-3.9732,true
0.5172413793103448,3.4210526315789473,1.0,0.0001,0.0,-0.6,256,50.0,auto,auto,periodic,6.647629465115738e-10,49.0,5.990290875052998e-10,2.5,success,,0,6.6476e-02,1.063623e-04,-3.9732,true
0.5172413793103448,3.6842105263157894,1.0,0.0001,0.0,-0.6,256,50.0,auto,auto,periodic,6.647629465112891e-10,49.0,5.990290875050583e-10,2.24,success,,0,6.6476e-02,1.063623e-04,-3.9732,true
0.5172413793103448,3.9473684210526314,1.0,0.0001,0.0,-0.6,256,50.0,auto,auto,periodic,6.647629465114111e-10,49.0,5.990290875051662e-10,2.04,success,,0,6.6476e-02,1.063623e-04,-3.9732,true
0.5172413793103448,4.2105263157894735,1.0,0.0001,0.0,-0.6,256,50.0,auto,auto,periodic,6.647629465110917e-10,49.0,5.990290875048703e-10,1.24,success,,0,6.6476e-02,1.063623e-04,-3.9732,true
0.5172413793103448,4.473684210526316,1.0,0.0001,0.0,-0.6,256,50.0,auto,auto,periodic,6.647629465116398e-10,49.0,5.990290875053682e-10,1.3,success,,0,6.6476e-02,1.063623e-04,-3.9732,true
0.5172413793103448,4.7368421052631575,1.0,0.0001,0.0,-0.6,256,50.0,auto,auto,periodic,6.647629465113125e-10,49.0,5.990290875050843e-10,1.5,success,,0,6.6476e-02,1.063623e-04,-3.9732,true
0.5172413793103448,5.0,1.0,0.0001,0.0,-0.6,256,50.0,auto,auto,periodic,6.647629465111435e-10,49.0,5.99029087504924e-10,1.96,success,,0,6.6476e-02,1.063623e-04,-3.9732,true
0.5862068965517242,0.0,1.0,0.0001,0.0,-0.6,256,50.0,auto,auto,periodic,2.510547278918617e-10,46.0,1.0633929263394558e-10,1.62,success,,0,2.5105e-02,4.016884e-05,-4.3961,true
0.5862068965517242,0.2631578947368421,1.0,0.0001,0.0,-0.6,256,50.0,auto,auto,periodic,2.5105472789210764e-10,46.0,1.0633929263423123e-10,1.19,success,,0,2.5105e-02,4.016884e-05,-4.3961,true
0.5862068965517242,0.5263157894736842,1.0,0.0001,0.0,-0.6,256,50.0,auto,auto,periodic,2.5105472789212956e-10,46.0,1.0633929263425715e-10,1.82,success,,0,2.5105e-02,4.016884e-05,-4.3961,true
0.5862068965517242,0.7894736842105263,1.0,0.0001,0.0,-0.6,256,50.0,auto,auto,periodic,2.510547278917896e-10,46.0,1.0633929263387008e-10,1.51,success,,0,2.5105e-02,4.016884e-05,-4.3961,true
0.5862068965517242,1.0526315789473684,1.0,0.0001,0.0,-0.6,256,50.0,auto,auto,periodic,2.510547278917775e-10,46.0,1.063392926338544e-10,1.43,success,,0,2.5105e-02,4.016884e-05,-4.3961,true
0.5862068965517242,1.3157894736842104,1.0,0.0001,0.0,-0.6,256,50.0,auto,auto,periodic,2.510547278917936e-10,46.0,1.0633929263387335e-10,1.41,success,,0,2.5105e-02,4.016884e-05,-4.3961,true
0.5862068965517242,1.5789473684210527,1.0,0.0001,0.0,-0.6,256,50.0,auto,auto,periodic,2.510547278917932e-10,46.0,1.0633929263387024e-10,1.56,success,,0,2.5105e-02,4.016884e-05,-4.3961,true
0.5862068965517242,1.8421052631578947,1.0,0.0001,0.0,-0.6,256,50.0,auto,auto,periodic,2.5105472789180055e-10,46.0,1.063392926338809e-10,1.26,success,,0,2.5105e-02,4.016884e-05,-4.3961,true
0.5862068965517242,2.1052631578947367,1.0,0.0001,0.0,-0.6,256,50.0,auto,auto,periodic,2.510547278919184e-10,46.0,1.0633929263400776e-10,1.08,success,,0,2.5105e-02,4.016884e-05,-4.3961,true
0.5862068965517242,2.3684210526315788,1.0,0.0001,0.0,-0.6,256,50.0,auto,auto,periodic,2.5105472789188017e-10,46.0,1.06339292633975e-10,1.04,success,,0,2.5105e-02,4.016884e-05,-4.3961,true
0.5862068965517242,2.631578947368421,1.0,0.0001,0.0,-0.6,256,50.0,auto,auto,periodic,2.510547278918822e-10,46.0,1.063392926339738e-10,1.04,success,,0,2.5105e-02,4.016884e-05,-4.3961,true
0.5862068965517242,2.894736842105263,1.0,0.0001,0.0,-0.6,256,50.0,auto,auto,periodic,2.510547278919025e-10,46.0,1.063392926340278e-10,1.05,success,,0,2.5105e-02,4.016884e-05,-4.3961,true
0.5862068965517242,3.1578947368421053,1.0,0.0001,0.0,-0.6,256,50.0,auto,auto,periodic,2.5105472789186176e-10,46.0,1.0633929263394552e-10,1.17,success,,0,2.5105e-02,4.016884e-05,-4.3961,true
0.5862068965517242,3.4210526315789473,1.0,0.0001,0.0,-0.6,256,50.0,auto,auto,periodic,2.5105472789186114e-10,46.0,1.063392926339465e-10,1.31,success,,0,2.5105e-02,4.016884e-05,-4.3961,true
0.5862068965517242,3.6842105263157894,1.0,0.0001,0.0,-0.6,256,50.0,auto,auto,periodic,2.510547278918824e-10,46.0,1.0633929263397324e-10,1.11,success,,0,2.5105e-02,4.016884e-05,-4.3961,true
0.5862068965517242,3.9473684210526314,1.0,0.0001,0.0,-0.6,256,50.0,auto,auto,periodic,2.51054727891828e-10,46.0,1.0633929263397253e-10,1.45,success,,0,2.5105e-02,4.016884e-05,-4.3961,true
0.5862068965517242,4.2105263157894735,1.0,0.0001,0.0,-0.6,256,50.0,auto,auto,periodic,2.5105472789206236e-10,46.0,1.0633929263417958e-10,1.22,success,,0,2.5105e-02,4.016884e-05,-4.3961,true
0.5862068965517242,4.473684210526316,1.0,0.0001,0.0,-0.6,256,50.0,auto,auto,periodic,2.510547278918344e-10,46.0,1.0633929263397699e-10,1.15,success,,0,2.5105e-02,4.016884e-05,-4.3961,true
0.5862068965517242,4.7368421052631575,1.0,0.0001,0.0,-0.6,256,50.0,auto,auto,periodic,2.510547278917193e-10,46.0,1.0633929263384692e-10,1.22,success,,0,2.5105e-02,4.016884e-05,-4.3961,true
0.5862068965517242,5.0,1.0,0.0001,0.0,-0.6,256,50.0,auto,auto,periodic,2.5105472789187826e-10,46.0,1.063392926340273e-10,1.33,success,,0,2.5105e-02,4.016884e-05,-4.3961,true
0.6551724137931034,0.0,1.0,0.0001,0.0,-0.6,256,50.0,auto,auto,periodic,7.226680429716063e-11,44.5,3.304260458562162e-11,1.32,success,,0,7.2267e-03,1.156271e-05,-4.9369,true
0.6551724137931034,0.2631578947368421,1.0,0.0001,0.0,-0.6,256,50.0,auto,auto,periodic,7.226680429699938e-11,44.5,3.304260458554154e-11,1.19,success,,0,7.2267e-03,1.156271e-05,-4.9369,true
0.6551724137931034,0.5263157894736842,1.0,0.0001,0.0,-0.6,256,50.0,auto,auto,periodic,7.226680429710159e-11,44.5,3.304260458554921e-11,1.0,success,,0,7.2267e-03,1.156271e-05,-4.9369,true
0.6551724137931034,0.7894736842105263,1.0,0.0001,0.0,-0.6,256,50.0,auto,auto,periodic,7.226680429709609e-11,44.5,3.3042604585543456e-11,1.12,success,,0,7.2267e-03,1.156271e-05,-4.9369,true
0.6551724137931034,1.0526315789473684,1.0,0.0001,0.0,-0.6,256,50.0,auto,auto,periodic,7.226680429722662e-11,44.5,3.304260458571277e-11,1.05,success,,0,7.2267e-03,1.156271e-05,-4.9369,true
0.6551724137931034,1.3157894736842104,1.0,0.0001,0.0,-0.6,256,50.0,auto,auto,periodic,7.226680429699397e-11,44.5,3.3042604585536257e-11,1.04,success,,0,7.2267e-03,1.156271e-05,-4.9369,true
0.6551724137931034,1.5789473684210527,1.0,0.0001,0.0,-0.6,256,50.0,auto,auto,periodic,7.226680429723606e-11,44.5,3.3042604585726676e-11,1.03,success,,0,7.2267e-03,1.156271e-05,-4.9369,true
0.6551724137931034,1.8421052631578947,1.0,0.0001,0.0,-0.6,256,50.0,auto,auto,periodic,7.226680429700299e-11,44.5,3.304260458554651e-11,1.08,success,,0,7.2267e-03,1.156271e-05,-4.9369,true
0.6551724137931034,2.1052631578947367,1.0,0.0001,0.0,-0.6,256,50.0,auto,auto,periodic,7.226680429717949e-11,44.5,3.30426045856461e-11,1.28,success,,0,7.2267e-03,1.156271e-05,-4.9369,true
0.6551724137931034,2.3684210526315788,1.0,0.0001,0.0,-0.6,256,50.0,auto,auto,periodic,7.226680429729124e-11,44.5,3.3042604585798046e-11,1.32,success,,0,7.2267e-03,1.156271e-05,-4.9369,true
0.6551724137931034,2.631578947368421,1.0,0.0001,0.0,-0.6,256,50.0,auto,auto,periodic,7.226680429717887e-11,44.5,3.3042604585647306e-11,1.32,success,,0,7.2267e-03,1.156271e-05,-4.9369,true
0.6551724137931034,2.894736842105263,1.0,0.0001,0.0,-0.6,256,50.0,auto,auto,periodic,7.226680429718285e-11,44.5,3.304260458579004e-11,1.13,success,,0,7.2267e-03,1.156271e-05,-4.9369,true
0.6551724137931034,3.1578947368421053,1.0,0.0001,0.0,-0.6,256,50.0,auto,auto,periodic,7.226680429717967e-11,44.5,3.30426045856461e-11,1.15,success,,0,7.2267e-03,1.156271e-05,-4.9369,true
0.6551724137931034,3.4210526315789473,1.0,0.0001,0.0,-0.6,256,50.0,auto,auto,periodic,7.226680429729177e-11,44.5,3.3042604585798706e-11,1.17,success,,0,7.2267e-03,1.156271e-05,-4.9369,true
0.6551724137931034,3.6842105263157894,1.0,0.0001,0.0,-0.6,256,50.0,auto,auto,periodic,7.226680429716057e-11,44.5,3.3042604585621476e-11,1.17,success,,0,7.2267e-03,1.156271e-05,-4.9369,true
0.6551724137931034,3.9473684210526314,1.0,0.0001,0.0,-0.6,256,50.0,auto,auto,periodic,7.226680429705696e-11,44.5,3.304260458561445e-11,1.09,success,,0,7.2267e-03,1.156271e-05,-4.9369,true
0.6551724137931034,4.2105263157894735,1.0,0.0001,0.0,-0.6,256,50.0,auto,auto,periodic,7.226680429727013e-11,44.5,3.3042604585768513e-11,1.19,success,,0,7.2267e-03,1.156271e-05,-4.9369,true
0.6551724137931034,4.473684210526316,1.0,0.0001,0.0,-0.6,256,50.0,auto,auto,periodic,7.226680429705118e-11,44.5,3.3042604585482206e-11,1.14,success,,0,7.2267e-03,1.156271e-05,-4.9369,true
0.6551724137931034,4.7368421052631575,1.0,0.0001,0.0,-0.6,256,50.0,auto,auto,periodic,7.226680429708925e-11,44.5,3.30426045857403e-11,0.99,success,,0,7.2267e-03,1.156271e-05,-4.9369,true
0.6551724137931034,5.0,1.0,0.0001,0.0,-0.6,256,50.0,auto,auto,periodic,7.226680429724048e-11,44.5,3.304260458573079e-11,1.34,success,,0,7.2267e-03,1.156271e-05,-4.9369,true
0.7241379310344827,0.0,1.0,0.0001,0.0,-0.6,256,50.0,auto,auto,periodic,7.540477333972388e-12,43.0,6.4283501221090836e-12,1.16,success,,0,7.5405e-04,1.206479e-06,-5.9185,true
0.7241379310344827,0.2631578947368421,1.0,0.0001,0.0,-0.6,256,50.0,auto,auto,periodic,7.540477333981473e-12,43.0,6.428350122101122e-12,1.24,success,,0,7.5405e-04,1.206479e-06,-5.9185,true
0.7241379310344827,0.5263157894736842,1.0,0.0001,0.0,-0.6,256,50.0,auto,auto,periodic,7.540477333942852e-12,43.0,6.428350122045634e-12,1.4,success,,0,7.5405e-04,1.206479e-06,-5.9185,true
0.7241379310344827,0.7894736842105263,1.0,0.0001,0.0,-0.6,256,50.0,auto,auto,periodic,7.540477334024685e-12,43.0,6.428350122115245e-12,1.16,success,,0,7.5405e-04,1.206479e-06,-5.9185,true
0.7241379310344827,1.0526315789473684,1.0,0.0001,0.0,-0.6,256,50.0,auto,auto,periodic,7.54047733402169e-12,43.0,6.4283501221308076e-12,1.24,success,,0,7.5405e-04,1.206479e-06,-5.9185,true
0.7241379310344827,1.3157894736842104,1.0,0.0001,0.0,-0.6,256,50.0,auto,auto,periodic,7.540477333978692e-12,43.0,6.428350122090271e-12,1.24,success,,0,7.5405e-04,1.206479e-06,-5.9185,true
0.7241379310344827,1.5789473684210527,1.0,0.0001,0.0,-0.6,256,50.0,auto,auto,periodic,7.540477333978206e-12,43.0,6.428350122098522e-12,1.33,success,,0,7.5405e-04,1.206479e-06,-5.9185,true
0.7241379310344827,1.8421052631578947,1.0,0.0001,0.0,-0.6,256,50.0,auto,auto,periodic,7.540477333984678e-12,43.0,6.42835012208791e-12,1.2,success,,0,7.5405e-04,1.206479e-06,-5.9185,true
0.7241379310344827,2.1052631578947367,1.0,0.0001,0.0,-0.6,256,50.0,auto,auto,periodic,7.540477333995454e-12,43.0,6.428350122125045e-12,1.06,success,,0,7.5405e-04,1.206479e-06,-5.9185,true
0.7241379310344827,2.3684210526315788,1.0,0.0001,0.0,-0.6,256,50.0,auto,auto,periodic,7.540477333991535e-12,43.0,6.428350122119141e-12,1.06,success,,0,7.5405e-04,1.206479e-06,-5.9185,true
0.7241379310344827,2.631578947368421,1.0,0.0001,0.0,-0.6,256,50.0,auto,auto,periodic,7.540477333995522e-12,43.0,6.4283501221247556e-12,1.22,success,,0,7.5405e-04,1.206479e-06,-5.9185,true
0.7241379310344827,2.894736842105263,1.0,0.0001,0.0,-0.6,256,50.0,auto,auto,periodic,7.540477333970915e-12,43.0,6.4283501221084826e-12,1.05,success,,0,7.5405e-04,1.206479e-06,-5.9185,true
0.7241379310344827,3.1578947368421053,1.0,0.0001,0.0,-0.6,256,50.0,auto,auto,periodic,7.540477333965918e-12,43.0,6.428350122105205e-12,1.09,success,,0,7.5405e-04,1.206479e-06,-5.9185,true
0.7241379310344827,3.4210526315789473,1.0,0.0001,0.0,-0.6,256,50.0,auto,auto,periodic,7.540477333995275e-12,43.0,6.428350122122147e-12,1.03,success,,0,7.5405e-04,1.206479e-06,-5.9185,true
0.7241379310344827,3.6842105263157894,1.0,0.0001,0.0,-0.6,256,50.0,auto,auto,periodic,7.540477333995383e-12,43.0,6.428350122125316e-12,1.03,success,,0,7.5405e-04,1.206479e-06,-5.9185,true
0.7241379310344827,3.9473684210526314,1.0,0.0001,0.0,-0.6,256,50.0,auto,auto,periodic,7.540477334054678e-12,43.0,6.428350122176599e-12,1.18,success,,0,7.5405e-04,1.206479e-06,-5.9185,true
0.7241379310344827,4.2105263157894735,1.0,0.0001,0.0,-0.6,256,50.0,auto,auto,periodic,7.540477334029961e-12,43.0,6.428350122140977e-12,1.19,success,,0,7.5405e-04,1.206479e-06,-5.9185,true
0.7241379310344827,4.473684210526316,1.0,0.0001,0.0,-0.6,256,50.0,auto,auto,periodic,7.540477333907413e-12,43.0,6.428350121965781e-12,0.94,success,,0,7.5405e-04,1.206479e-06,-5.9185,true
0.7241379310344827,4.7368421052631575,1.0,0.0001,0.0,-0.6,256,50.0,auto,auto,periodic,7.540477334016113e-12,43.0,6.428350122125779e-12,0.96,success,,0,7.5405e-04,1.206479e-06,-5.9185,true
0.7241379310344827,5.0,1.0,0.0001,0.0,-0.6,256,50.0,auto,auto,periodic,7.540477334029058e-12,43.0,6.4283501221306016e-12,1.06,success,,0,7.5405e-04,1.206479e-06,-5.9185,true
0.7931034482758621,0.0,1.0,0.0001,0.0,-0.6,256,50.0,auto,auto,periodic,3.014993044568794e-11,50.0,3.014993044568794e-11,1.04,success,,0,3.0150e-03,4.823999e-06,-5.3166,true
0.7931034482758621,0.2631578947368421,1.0,0.0001,0.0,-0.6,256,50.0,auto,auto,periodic,3.01499304457556e-11,50.0,3.01499304457556e-11,1.01,success,,0,3.0150e-03,4.823999e-06,-5.3166,true
0.7931034482758621,0.5263157894736842,1.0,0.0001,0.0,-0.6,256,50.0,auto,auto,periodic,3.0149930445621996e-11,50.0,3.0149930445621996e-11,0.92,success,,0,3.0150e-03,4.823999e-06,-5.3166,true
0.7931034482758621,0.7894736842105263,1.0,0.0001,0.0,-0.6,256,50.0,auto,auto,periodic,3.014993044585893e-11,50.0,3.014993044585893e-11,1.21,success,,0,3.0150e-03,4.823999e-06,-5.3166,true
0.7931034482758621,1.0526315789473684,1.0,0.0001,0.0,-0.6,256,50.0,auto,auto,periodic,3.014993044583739e-11,50.0,3.014993044583739e-11,0.92,success,,0,3.0150e-03,4.823999e-06,-5.3166,true
0.7931034482758621,1.3157894736842104,1.0,0.0001,0.0,-0.6,256,50.0,auto,auto,periodic,3.014993044570617e-11,50.0,3.014993044570617e-11,1.15,success,,0,3.0150e-03,4.823999e-06,-5.3166,true
0.7931034482758621,1.5789473684210527,1.0,0.0001,0.0,-0.6,256,50.0,auto,auto,periodic,3.014993044562224e-11,50.0,3.014993044562224e-11,0.92,success,,0,3.0150e-03,4.823999e-06,-5.3166,true
0.7931034482758621,1.8421052631578947,1.0,0.0001,0.0,-0.6,256,50.0,auto,auto,periodic,3.014993044576279e-11,50.0,3.014993044576279e-11,0.99,success,,0,3.0150e-03,4.823999e-06,-5.3166,true
0.7931034482758621,2.1052631578947367,1.0,0.0001,0.0,-0.6,256,50.0,auto,auto,periodic,3.0149930445630216e-11,50.0,3.0149930445630216e-11,1.1,success,,0,3.0150e-03,4.823999e-06,-5.3166,true
0.7931034482758621,2.3684210526315788,1.0,0.0001,0.0,-0.6,256,50.0,auto,auto,periodic,3.0149930445703033e-11,50.0,3.0149930445703033e-11,1.22,success,,0,3.0150e-03,4.823999e-06,-5.3166,true
0.7931034482758621,2.631578947368421,1.0,0.0001,0.0,-0.6,256,50.0,auto,auto,periodic,3.0149930445681423e-11,50.0,3.0149930445681423e-11,1.13,success,,0,3.0150e-03,4.823999e-06,-5.3166,true
0.7931034482758621,2.894736842105263,1.0,0.0001,0.0,-0.6,256,50.0,auto,auto,periodic,3.014993044567422e-11,50.0,3.014993044567422e-11,1.75,success,,0,3.0150e-03,4.823999e-06,-5.3166,true
0.7931034482758621,3.1578947368421053,1.0,0.0001,0.0,-0.6,256,50.0,auto,auto,periodic,3.0149930445866944e-11,50.0,3.0149930445866944e-11,1.3,success,,0,3.0150e-03,4.823999e-06,-5.3166,true
0.7931034482758621,3.4210526315789473,1.0,0.0001,0.0,-0.6,256,50.0,auto,auto,periodic,3.014993044589196e-11,50.0,3.014993044589196e-11,1.01,success,,0,3.0150e-03,4.823999e-06,-5.3166,true
0.7931034482758621,3.6842105263157894,1.0,0.0001,0.0,-0.6,256,50.0,auto,auto,periodic,3.014993044568563e-11,50.0,3.014993044568563e-11,1.19,success,,0,3.0150e-03,4.823999e-06,-5.3166,true
0.7931034482758621,3.9473684210526314,1.0,0.0001,0.0,-0.6,256,50.0,auto,auto,periodic,3.0149930445773234e-11,50.0,3.0149930445773234e-11,1.01,success,,0,3.0150e-03,4.823999e-06,-5.3166,true
0.7931034482758621,4.2105263157894735,1.0,0.0001,0.0,-0.6,256,50.0,auto,auto,periodic,3.014993044595153e-11,50.0,3.014993044595153e-11,1.06,success,,0,3.0150e-03,4.823999e-06,-5.3166,true
0.7931034482758621,4.473684210526316,1.0,0.0001,0.0,-0.6,256,50.0,auto,auto,periodic,3.0149930445892283e-11,50.0,3.0149930445892283e-11,1.08,success,,0,3.0150e-03,4.823999e-06,-5.3166,true
0.7931034482758621,4.7368421052631575,1.0,0.0001,0.0,-0.6,256,50.0,auto,auto,periodic,3.0149930445795956e-11,50.0,3.0149930445795956e-11,1.0,success,,0,3.0150e-03,4.823999e-06,-5.3166,true
0.7931034482758621,5.0,1.0,0.0001,0.0,-0.6,256,50.0,auto,auto,periodic,3.014993044573444e-11,50.0,3.014993044573444e-11,1.0,success,,0,3.0150e-03,4.823999e-06,-5.3166,true
0.8620689655172413,0.0,1.0,0.0001,0.0,-0.6,256,50.0,auto,auto,periodic,2.466096599352901e-08,50.0,2.466096599352901e-08,0.9,success,,0,2.4661e+00,3.945763e-03,-2.4039,true
0.8620689655172413,0.2631578947368421,1.0,0.0001,0.0,-0.6,256,50.0,auto,auto,periodic,2.466096599352987e-08,50.0,2.466096599352987e-08,0.98,success,,0,2.4661e+00,3.945763e-03,-2.4039,true
0.8620689655172413,0.5263157894736842,1.0,0.0001,0.0,-0.6,256,50.0,auto,auto,periodic,2.466096599352719e-08,50.0,2.466096599352719e-08,0.98,success,,0,2.4661e+00,3.945763e-03,-2.4039,true
0.8620689655172413,0.7894736842105263,1.0,0.0001,0.0,-0.6,256,50.0,auto,auto,periodic,2.4660965993524335e-08,50.0,2.4660965993524335e-08,1.17,success,,0,2.4661e+00,3.945763e-03,-2.4039,true
0.8620689655172413,1.0526315789473684,1.0,0.0001,0.0,-0.6,256,50.0,auto,auto,periodic,2.4660965993522144e-08,50.0,2.4660965993522144e-08,0.94,success,,0,2.4661e+00,3.945763e-03,-2.4039,true
0.8620689655172413,1.3157894736842104,1.0,0.0001,0.0,-0.6,256,50.0,auto,auto,periodic,2.4660965993525066e-08,50.0,2.4660965993525066e-08,1.41,success,,0,2.4661e+00,3.945763e-03,-2.4039,true
0.8620689655172413,1.5789473684210527,1.0,0.0001,0.0,-0.6,256,50.0,auto,auto,periodic,2.4660965993529092e-08,50.0,2.4660965993529092e-08,1.12,success,,0,2.4661e+00,3.945763e-03,-2.4039,true
0.8620689655172413,1.8421052631578947,1.0,0.0001,0.0,-0.6,256,50.0,auto,auto,periodic,2.466096599352769e-08,50.0,2.466096599352769e-08,1.24,success,,0,2.4661e+00,3.945763e-03,-2.4039,true
0.8620689655172413,2.1052631578947367,1.0,0.0001,0.0,-0.6,256,50.0,auto,auto,periodic,2.4660965993527266e-08,50.0,2.4660965993527266e-08,1.29,success,,0,2.4661e+00,3.945763e-03,-2.4039,true
0.8620689655172413,2.3684210526315788,1.0,0.0001,0.0,-0.6,256,50.0,auto,auto,periodic,2.4660965993527253e-08,50.0,2.4660965993527253e-08,1.07,success,,0,2.4661e+00,3.945763e-03,-2.4039,true
0.8620689655172413,2.631578947368421,1.0,0.0001,0.0,-0.6,256,50.0,auto,auto,periodic,2.466096599352901e-08,50.0,2.466096599352901e-08,1.5,success,,0,2.4661e+00,3.945763e-03,-2.4039,true
0.8620689655172413,2.894736842105263,1.0,0.0001,0.0,-0.6,256,50.0,auto,auto,periodic,2.466096599352733e-08,50.0,2.466096599352733e-08,1.07,success,,0,2.4661e+00,3.945763e-03,-2.4039,true
0.8620689655172413,3.1578947368421053,1.0,0.0001,0.0,-0.6,256,50.0,auto,auto,periodic,2.466096599352901e-08,50.0,2.466096599352901e-08,0.97,success,,0,2.4661e+00,3.945763e-03,-2.4039,true
0.8620689655172413,3.4210526315789473,1.0,0.0001,0.0,-0.6,256,50.0,auto,auto,periodic,2.4660965993529466e-08,50.0,2.4660965993529466e-08,1.01,success,,0,2.4661e+00,3.945763e-03,-2.4039,true
0.8620689655172413,3.6842105263157894,1.0,0.0001,0.0,-0.6,256,50.0,auto,auto,periodic,2.466096599352737e-08,50.0,2.466096599352737e-08,0.93,success,,0,2.4661e+00,3.945763e-03,-2.4039,true
0.8620689655172413,3.9473684210526314,1.0,0.0001,0.0,-0.6,256,50.0,auto,auto,periodic,2.466096599352896e-08,50.0,2.466096599352896e-08,1.09,success,,0,2.4661e+00,3.945763e-03,-2.4039,true
0.8620689655172413,4.2105263157894735,1.0,0.0001,0.0,-0.6,256,50.0,auto,auto,periodic,2.4660965993525698e-08,50.0,2.4660965993525698e-08,0.98,success,,0,2.4661e+00,3.945763e-03,-2.4039,true
0.8620689655172413,4.473684210526316,1.0,0.0001,0.0,-0.6,256,50.0,auto,auto,periodic,2.4660965993528805e-08,50.0,2.4660965993528805e-08,0.96,success,,0,2.4661e+00,3.945763e-03,-2.4039,true
0.8620689655172413,4.7368421052631575,1.0,0.0001,0.0,-0.6,256,50.0,auto,auto,periodic,2.4660965993531213e-08,50.0,2.4660965993531213e-08,1.04,success,,0,2.4661e+00,3.945763e-03,-2.4039,true
0.8620689655172413,5.0,1.0,0.0001,0.0,-0.6,256,50.0,auto,auto,periodic,2.4660965993527743e-08,50.0,2.4660965993527743e-08,1.04,success,,0,2.4661e+00,3.945763e-03,-2.4039,true
0.9310344827586206,0.0,1.0,0.0001,0.0,-0.6,256,50.0,auto,auto,periodic,6.742733394647698e-06,50.0,6.742733394647698e-06,1.0,success,,0,6.7427e+02,1.078840e+00,0.0330,true
0.9310344827586206,0.2631578947368421,1.0,0.0001,0.0,-0.6,256,50.0,auto,auto,periodic,6.742733394647598e-06,50.0,6.742733394647598e-06,1.11,success,,0,6.7427e+02,1.078840e+00,0.0330,true
0.9310344827586206,0.5263157894736842,1.0,0.0001,0.0,-0.6,256,50.0,auto,auto,periodic,6.742733394647347e-06,50.0,6.742733394647347e-06,1.09,success,,0,6.7427e+02,1.078840e+00,0.0330,true
0.9310344827586206,0.7894736842105263,1.0,0.0001,0.0,-0.6,256,50.0,auto,auto,periodic,6.742733394647463e-06,50.0,6.742733394647463e-06,1.02,success,,0,6.7427e+02,1.078840e+00,0.0330,true
0.9310344827586206,1.0526315789473684,1.0,0.0001,0.0,-0.6,256,50.0,auto,auto,periodic,6.742733394646309e-06,50.0,6.742733394646309e-06,0.94,success,,0,6.7427e+02,1.078840e+00,0.0330,true
0.9310344827586206,1.3157894736842104,1.0,0.0001,0.0,-0.6,256,50.0,auto,auto,periodic,6.742733394647298e-06,50.0,6.742733394647298e-06,1.11,success,,0,6.7427e+02,1.078840e+00,0.0330,true
0.9310344827586206,1.5789473684210527,1.0,0.0001,0.0,-0.6,256,50.0,auto,auto,periodic,6.742733394647666e-06,50.0,6.742733394647666e-06,1.06,success,,0,6.7427e+02,1.078840e+00,0.0330,true
0.9310344827586206,1.8421052631578947,1.0,0.0001,0.0,-0.6,256,50.0,auto,auto,periodic,6.7427333946475445e-06,50.0,6.7427333946475445e-06,1.21,success,,0,6.7427e+02,1.078840e+00,0.0330,true
0.9310344827586206,2.1052631578947367,1.0,0.0001,0.0,-0.6,256,50.0,auto,auto,periodic,6.742733394647665e-06,50.0,6.742733394647665e-06,1.01,success,,0,6.7427e+02,1.078840e+00,0.0330,true
0.9310344827586206,2.3684210526315788,1.0,0.0001,0.0,-0.6,256,50.0,auto,auto,periodic,6.742733394647421e-06,50.0,6.742733394647421e-06,0.97,success,,0,6.7427e+02,1.078840e+00,0.0330,true
0.9310344827586206,2.631578947368421,1.0,0.0001,0.0,-0.6,256,50.0,auto,auto,periodic,6.74273339464769e-06,50.0,6.74273339464769e-06,1.07,success,,0,6.7427e+02,1.078840e+00,0.0330,true
0.9310344827586206,2.894736842105263,1.0,0.0001,0.0,-0.6,256,50.0,auto,auto,periodic,6.742733394647648e-06,50.0,6.742733394647648e-06,1.02,success,,0,6.7427e+02,1.078840e+00,0.0330,true
0.9310344827586206,3.1578947368421053,1.0,0.0001,0.0,-0.6,256,50.0,auto,auto,periodic,6.742733394647451e-06,50.0,6.742733394647451e-06,1.0,success,,0,6.7427e+02,1.078840e+00,0.0330,true
0.9310344827586206,3.4210526315789473,1.0,0.0001,0.0,-0.6,256,50.0,auto,auto,periodic,6.742733394647516e-06,50.0,6.742733394647516e-06,1.17,success,,0,6.7427e+02,1.078840e+00,0.0330,true
0.9310344827586206,3.6842105263157894,1.0,0.0001,0.0,-0.6,256,50.0,auto,auto,periodic,6.742733394647549e-06,50.0,6.742733394647549e-06,1.37,success,,0,6.7427e+02,1.078840e+00,0.0330,true
0.9310344827586206,3.9473684210526314,1.0,0.0001,0.0,-0.6,256,50.0,auto,auto,periodic,6.742733394647488e-06,50.0,6.742733394647488e-06,1.09,success,,0,6.7427e+02,1.078840e+00,0.0330,true
0.9310344827586206,4.2105263157894735,1.0,0.0001,0.0,-0.6,256,50.0,auto,auto,periodic,6.7427333946474996e-06,50.0,6.7427333946474996e-06,0.99,success,,0,6.7427e+02,1.078840e+00,0.0330,true
0.9310344827586206,4.473684210526316,1.0,0.0001,0.0,-0.6,256,50.0,auto,auto,periodic,6.742733394647742e-06,50.0,6.742733394647742e-06,0.99,success,,0,6.7427e+02,1.078840e+00,0.0330,true
0.9310344827586206,4.7368421052631575,1.0,0.0001,0.0,-0.6,256,50.0,auto,auto,periodic,6.7427333946474e-06,50.0,6.7427333946474e-06,1.09,success,,0,6.7427e+02,1.078840e+00,0.0330,true
0.9310344827586206,5.0,1.0,0.0001,0.0,-0.6,256,50.0,auto,auto,periodic,6.742733394647397e-06,50.0,6.742733394647397e-06,1.1,success,,0,6.7427e+02,1.078840e+00,0.0330,true
1.0,0.0,1.0,0.0001,0.0,-0.6,256,50.0,auto,auto,periodic,0.0007006472860212627,50.0,0.0007006472860212627,1.24,success,,0,7.0065e+04,1.121038e+02,2.0496,true
1.0,0.2631578947368421,1.0,0.0001,0.0,-0.6,256,50.0,auto,auto,periodic,0.0007006472860212366,50.0,0.0007006472860212366,1.31,success,,0,7.0065e+04,1.121038e+02,2.0496,true
1.0,0.5263157894736842,1.0,0.0001,0.0,-0.6,256,50.0,auto,auto,periodic,0.000700647286021244,50.0,0.000700647286021244,0.99,success,,0,7.0065e+04,1.121038e+02,2.0496,true
1.0,0.7894736842105263,1.0,0.0001,0.0,-0.6,256,50.0,auto,auto,periodic,0.0007006472860212396,50.0,0.0007006472860212396,1.01,success,,0,7.0065e+04,1.121038e+02,2.0496,true
1.0,1.0526315789473684,1.0,0.0001,0.0,-0.6,256,50.0,auto,auto,periodic,0.0007006472860211163,50.0,0.0007006472860211163,1.16,success,,0,7.0065e+04,1.121038e+02,2.0496,true
1.0,1.3157894736842104,1.0,0.0001,0.0,-0.6,256,50.0,auto,auto,periodic,0.0007006472860211888,50.0,0.0007006472860211888,1.16,success,,0,7.0065e+04,1.121038e+02,2.0496,true
1.0,1.5789473684210527,1.0,0.0001,0.0,-0.6,256,50.0,auto,auto,periodic,0.0007006472860212544,50.0,0.0007006472860212544,1.35,success,,0,7.0065e+04,1.121038e+02,2.0496,true
1.0,1.8421052631578947,1.0,0.0001,0.0,-0.6,256,50.0,auto,auto,periodic,0.0007006472860212563,50.0,0.0007006472860212563,1.04,success,,0,7.0065e+04,1.121038e+02,2.0496,true
1.0,2.1052631578947367,1.0,0.0001,0.0,-0.6,256,50.0,auto,auto,periodic,0.0007006472860212548,50.0,0.0007006472860212548,0.99,success,,0,7.0065e+04,1.121038e+02,2.0496,true
1.0,2.3684210526315788,1.0,0.0001,0.0,-0.6,256,50.0,auto,auto,periodic,0.0007006472860212577,50.0,0.0007006472860212577,1.12,success,,0,7.0065e+04,1.121038e+02,2.0496,true
1.0,2.631578947368421,1.0,0.0001,0.0,-0.6,256,50.0,auto,auto,periodic,0.0007006472860212525,50.0,0.0007006472860212525,1.04,success,,0,7.0065e+04,1.121038e+02,2.0496,true
1.0,2.894736842105263,1.0,0.0001,0.0,-0.6,256,50.0,auto,auto,periodic,0.0007006472860212491,50.0,0.0007006472860212491,1.09,success,,0,7.0065e+04,1.121038e+02,2.0496,true
1.0,3.1578947368421053,1.0,0.0001,0.0,-0.6,256,50.0,auto,auto,periodic,0.0007006472860212577,50.0,0.0007006472860212577,1.14,success,,0,7.0065e+04,1.121038e+02,2.0496,true
1.0,3.4210526315789473,1.0,0.0001,0.0,-0.6,256,50.0,auto,auto,periodic,0.0007006472860212449,50.0,0.0007006472860212449,1.14,success,,0,7.0065e+04,1.121038e+02,2.0496,true
1.0,3.6842105263157894,1.0,0.0001,0.0,-0.6,256,50.0,auto,auto,periodic,0.0007006472860212563,50.0,0.0007006472860212563,1.16,success,,0,7.0065e+04,1.121038e+02,2.0496,true
1.0,3.9473684210526314,1.0,0.0001,0.0,-0.6,256,50.0,auto,auto,periodic,0.0007006472860212516,50.0,0.0007006472860212516,1.35,success,,0,7.0065e+04,1.121038e+02,2.0496,true
1.0,4.2105263157894735,1.0,0.0001,0.0,-0.6,256,50.0,auto,auto,periodic,0.0007006472860212368,50.0,0.0007006472860212368,1.17,success,,0,7.0065e+04,1.121038e+02,2.0496,true
1.0,4.473684210526316,1.0,0.0001,0.0,-0.6,256,50.0,auto,auto,periodic,0.0007006472860212573,50.0,0.0007006472860212573,0.96,success,,0,7.0065e+04,1.121038e+02,2.0496,true
1.0,4.7368421052631575,1.0,0.0001,0.0,-0.6,256,50.0,auto,auto,periodic,0.0007006472860212292,50.0,0.0007006472860212292,0.98,success,,0,7.0065e+04,1.121038e+02,2.0496,true
1.0,5.0,1.0,0.0001,0.0,-0.6,256,50.0,auto,auto,periodic,0.00070064728602123,50.0,0.00070064728602123,1.05,success,,0,7.0065e+04,1.121038e+02,2.0496,true
