alpha1,alpha2,alpha3,delta1,kappa,B0,grid_shape,t_end,dt,scheme,bc,error,run_status,error_message,solver_exit_code,P_max,P_max_time,P_final,wall_time_s
-1.7577258857738711,-2.029577585362328,3.9644594959235224,0.3439569516702854,1.0,0.001,256,50.0,auto,auto,periodic,Simulation diverged at t=3: amplitude ratio 7.14e+08 exceeds threshold 1e+08. The system is physically unstable (linearized regime violated).,diverged,Simulation diverged at t=3: amplitude ratio 7.14e+08 exceeds threshold 1e+08. The system is physically unstable (linearized regime violated).,-1,,,,
0.49828418652491635,-1.119373045178669,2.7900197611799267,-0.3484943562238584,1.0,0.001,256,50.0,auto,auto,periodic,,success,,0,1.332400819399313e-06,41.5,1.2690401276525716e-07,1.52
-0.4372026757479017,-2.0209705380749616,1.2286699096302847,-0.3618610871329814,1.0,0.001,256,50.0,auto,auto,periodic,Simulation diverged at t=5: amplitude ratio 2.38e+09 exceeds threshold 1e+08. The system is physically unstable (linearized regime violated).,diverged,Simulation diverged at t=5: amplitude ratio 2.38e+09 exceeds threshold 1e+08. The system is physically unstable (linearized regime violated).,-1,,,,
0.7509762206368564,-2.5358980996204585,0.13129958067393627,0.524262062030185,1.0,0.001,256,50.0,auto,auto,periodic,,success,,0,5.804520274486916e-09,44.5,2.966685137974138e-09,1.24
1.9812666438511823,-1.0388425939112942,4.073197106062232,0.9412774695197956,1.0,0.001,256,50.0,auto,auto,periodic,,success,,0,1.2380873992733495e-07,40.0,1.052535238189013e-07,1.14
-0.8106765462182708,-1.3504531812327243,1.9117228213251478,-0.4517955862463421,1.0,0.001,256,50.0,auto,auto,periodic,Simulation diverged at t=6.5: amplitude ratio 7.47e+08 exceeds threshold 1e+08. The system is physically unstable (linearized regime violated).,diverged,Simulation diverged at t=6.5: amplitude ratio 7.47e+08 exceeds threshold 1e+08. The system is physically unstable (linearized regime violated).,-1,,,,
-0.7115913346324185,-1.8288317049522793,0.8791392955720438,0.8547078231380396,1.0,0.001,256,50.0,auto,auto,periodic,Simulation diverged at t=11: amplitude ratio 1.40e+08 exceeds threshold 1e+08. The system is physically unstable (linearized regime violated).,diverged,Simulation diverged at t=11: amplitude ratio 1.40e+08 exceeds threshold 1e+08. The system is physically unstable (linearized regime violated).,-1,,,,
0.9295591658998132,-2.5427941485904366,3.0589831293330834,0.22476399607675557,1.0,0.001,256,50.0,auto,auto,periodic,,success,,0,3.6311964625635193e-06,32.0,2.7601043279682745e-06,1.18
-1.4094577501071166,-2.913277331776448,1.3739891656828993,-0.8361158633231095,1.0,0.001,256,50.0,auto,auto,periodic,Simulation diverged at t=1: amplitude ratio 2.64e+13 exceeds threshold 1e+08. The system is physically unstable (linearized regime violated).,diverged,Simulation diverged at t=1: amplitude ratio 2.64e+13 exceeds threshold 1e+08. The system is physically unstable (linearized regime violated).,-1,,,,
0.1452873461487485,-0.03889195403997592,4.849422606921627,-0.46635918980538404,1.0,0.001,256,50.0,auto,auto,periodic,,success,,0,5.557053213529662e-07,49.0,5.155807720851308e-07,1.14
1.7485388186959168,-2.9319053521374094,2.1624812424582607,0.5535280696758333,1.0,0.001,256,50.0,auto,auto,periodic,,success,,0,3.3067452689396004e-07,32.0,1.0320936885108115e-07,1.0
-0.6681355278953944,-2.3190770005402706,1.4140120569461703,-0.5179303191937472,1.0,0.001,256,50.0,auto,auto,periodic,Simulation diverged at t=7: amplitude ratio 2.89e+08 exceeds threshold 1e+08. The system is physically unstable (linearized regime violated).,diverged,Simulation diverged at t=7: amplitude ratio 2.89e+08 exceeds threshold 1e+08. The system is physically unstable (linearized regime violated).,-1,,,,
0.022782559525257984,-2.8503520173561374,2.629559304234359,0.9507068098809455,1.0,0.001,256,50.0,auto,auto,periodic,Simulation diverged at t=11.5: amplitude ratio 2.37e+08 exceeds threshold 1e+08. The system is physically unstable (linearized regime violated).,diverged,Simulation diverged at t=11.5: amplitude ratio 2.37e+08 exceeds threshold 1e+08. The system is physically unstable (linearized regime violated).,-1,,,,
0.6653324930728792,-1.0203518179145052,4.5617801837700584,-0.3931423637416511,1.0,0.001,256,50.0,auto,auto,periodic,,success,,0,1.3176405572165145e-06,41.5,1.2819739321304122e-07,0.93
-0.8491078314231439,-1.6497017495343322,4.710021129346186,-0.7254253119080354,1.0,0.001,256,50.0,auto,auto,periodic,Simulation diverged at t=4.5: amplitude ratio 4.99e+08 exceeds threshold 1e+08. The system is physically unstable (linearized regime violated).,diverged,Simulation diverged at t=4.5: amplitude ratio 4.99e+08 exceeds threshold 1e+08. The system is physically unstable (linearized regime violated).,-1,,,,
0.6968340817503158,-0.10621086939240287,1.4880110457799542,0.829307980731228,1.0,0.001,256,50.0,auto,auto,periodic,,success,,0,7.309426987000185e-08,49.0,6.775440017056902e-08,1.11
-1.934825910321503,-0.6386700501203597,3.190857974480471,-0.038734130669145994,1.0,0.001,256,50.0,auto,auto,periodic,,success,,0,0.0006301102283707422,50.0,0.0006301102283707422,1.19
1.7138722386037957,-2.37257058571135,3.454365731392717,0.9207303635070847,1.0,0.001,256,50.0,auto,auto,periodic,,success,,0,2.3872186379027428e-08,46.0,9.720729286908316e-09,0.97
-1.4664751068997581,-2.7208909793680545,1.8232921116097758,0.5116413836498099,1.0,0.001,256,50.0,auto,auto,periodic,Simulation diverged at t=2.5: amplitude ratio 2.07e+09 exceeds threshold 1e+08. The system is physically unstable (linearized regime violated).,diverged,Simulation diverged at t=2.5: amplitude ratio 2.07e+09 exceeds threshold 1e+08. The system is physically unstable (linearized regime violated).,-1,,,,
-1.3575596695140617,-1.7047678505072692,2.201528516288991,-0.5972859663878285,1.0,0.001,256,50.0,auto,auto,periodic,Simulation diverged at t=3.5: amplitude ratio 1.44e+08 exceeds threshold 1e+08. The system is physically unstable (linearized regime violated).,diverged,Simulation diverged at t=3.5: amplitude ratio 1.44e+08 exceeds threshold 1e+08. The system is physically unstable (linearized regime violated).,-1,,,,
-1.6321364325284384,-0.7641047288759064,4.634101434285424,-0.7029714621712198,1.0,0.001,256,50.0,auto,auto,periodic,Simulation diverged at t=9.5: amplitude ratio 1.97e+08 exceeds threshold 1e+08. The system is physically unstable (linearized regime violated).,diverged,Simulation diverged at t=9.5: amplitude ratio 1.97e+08 exceeds threshold 1e+08. The system is physically unstable (linearized regime violated).,-1,,,,
-0.0024337110404697437,-0.9333288901446384,2.958470986992106,0.7176216516732183,1.0,0.001,256,50.0,auto,auto,periodic,,success,,0,1.2002112974816458e-06,50.0,1.2002112974816458e-06,1.14
1.850879238404307,-1.4946921703857492,2.4112969956771435,0.7025240190490554,1.0,0.001,256,50.0,auto,auto,periodic,,success,,0,3.9510266965278847e-07,46.0,2.0038241874343754e-07,1.3
-0.5404862177842731,-0.4873086834203888,2.575990909429212,0.6273548597801082,1.0,0.001,256,50.0,auto,auto,periodic,,success,,0,62601285.17512588,50.0,62601285.17512588,1.18
0.9669727868915619,-1.6123258053086833,3.342828650252963,0.6994383907818804,1.0,0.001,256,50.0,auto,auto,periodic,,success,,0,6.258717546170019e-08,49.0,5.563370419525997e-08,1.18
0.3822952845027996,-2.695478340904751,2.4639802844462038,-0.7341527932535872,1.0,0.001,256,50.0,auto,auto,periodic,Simulation diverged at t=16.5: amplitude ratio 2.25e+08 exceeds threshold 1e+08. The system is physically unstable (linearized regime violated).,diverged,Simulation diverged at t=16.5: amplitude ratio 2.25e+08 exceeds threshold 1e+08. The system is physically unstable (linearized regime violated).,-1,,,,
-0.6998207798240841,-0.6595525512005826,1.4741210086552363,-0.4709870833943792,1.0,0.001,256,50.0,auto,auto,periodic,Simulation diverged at t=13: amplitude ratio 1.48e+08 exceeds threshold 1e+08. The system is physically unstable (linearized regime violated).,diverged,Simulation diverged at t=13: amplitude ratio 1.48e+08 exceeds threshold 1e+08. The system is physically unstable (linearized regime violated).,-1,,,,
1.6880655364823842,-0.17811805376557954,1.298347191869778,-0.7808377983005936,1.0,0.001,256,50.0,auto,auto,periodic,,success,,0,4.0376050088066246e-07,46.0,2.2502237944121278e-07,1.24
1.5684029922333158,-1.7412401719763075,1.4692314594114675,0.030908498551810437,1.0,0.001,256,50.0,auto,auto,periodic,,success,,0,0.0006167254038106477,50.0,0.0006167254038106477,0.95
1.3113700950441096,-0.8123073219086985,4.260426271450552,-0.023138069321845478,1.0,0.001,256,50.0,auto,auto,periodic,,success,,0,0.0006211482331338636,50.0,0.0006211482331338636,1.15
-1.1986400583636492,-0.40797433378982983,1.1491841487014598,0.9331972058305291,1.0,0.001,256,50.0,auto,auto,periodic,Simulation diverged at t=8.5: amplitude ratio 1.06e+08 exceeds threshold 1e+08. The system is physically unstable (linearized regime violated).,diverged,Simulation diverged at t=8.5: amplitude ratio 1.06e+08 exceeds threshold 1e+08. The system is physically unstable (linearized regime violated).,-1,,,,
-0.4912957802181115,-0.07565706010912487,4.86905351112,-0.9793822350444119,1.0,0.001,256,50.0,auto,auto,periodic,,success,,0,13235.814022318566,50.0,13235.814022318566,1.19
-0.94079348569949,-1.2504352457744212,2.6776221676787286,0.06599012693228756,1.0,0.001,256,50.0,auto,auto,periodic,,success,,0,0.0005417837609066571,50.0,0.0005417837609066571,1.1
-0.6367032848202021,-1.3891492642356722,2.5948690657396405,0.25319422942882497,1.0,0.001,256,50.0,auto,auto,periodic,Simulation diverged at t=5: amplitude ratio 1.74e+09 exceeds threshold 1e+08. The system is physically unstable (linearized regime violated).,diverged,Simulation diverged at t=5: amplitude ratio 1.74e+09 exceeds threshold 1e+08. The system is physically unstable (linearized regime violated).,-1,,,,
-0.194679206230697,-1.7718637748682124,1.584768998787108,0.8457223750280742,1.0,0.001,256,50.0,auto,auto,periodic,Simulation diverged at t=21.5: amplitude ratio 1.60e+08 exceeds threshold 1e+08. The system is physically unstable (linearized regime violated).,diverged,Simulation diverged at t=21.5: amplitude ratio 1.60e+08 exceeds threshold 1e+08. The system is physically unstable (linearized regime violated).,-1,,,,
-0.4713333334861003,-1.8473547302486124,0.6601488833673254,0.8751565346551864,1.0,0.001,256,50.0,auto,auto,periodic,Simulation diverged at t=14.5: amplitude ratio 1.97e+08 exceeds threshold 1e+08. The system is physically unstable (linearized regime violated).,diverged,Simulation diverged at t=14.5: amplitude ratio 1.97e+08 exceeds threshold 1e+08. The system is physically unstable (linearized regime violated).,-1,,,,
0.21049117690961294,-2.8235026819561764,2.223315303360653,-0.8637860943494402,1.0,0.001,256,50.0,auto,auto,periodic,Simulation diverged at t=14.5: amplitude ratio 1.05e+08 exceeds threshold 1e+08. The system is physically unstable (linearized regime violated).,diverged,Simulation diverged at t=14.5: amplitude ratio 1.05e+08 exceeds threshold 1e+08. The system is physically unstable (linearized regime violated).,-1,,,,
-1.1876772988085074,-0.6537148410886711,3.9493181600629135,-0.06263456109096244,1.0,0.001,256,50.0,auto,auto,periodic,,success,,0,0.0005475828751303769,50.0,0.0005475828751303769,1.12
0.893681564800048,-0.6886103527578964,4.735492645317191,0.5954769760445842,1.0,0.001,256,50.0,auto,auto,periodic,,success,,0,3.9667124116975363e-07,46.0,2.0438103854179127e-07,1.1
0.7394264806930275,-0.7267128455954399,1.2134508552571073,0.8919007114566628,1.0,0.001,256,50.0,auto,auto,periodic,,success,,0,1.8415820297747807e-08,46.0,6.702719038642548e-09,1.28
1.2441479239061506,-2.3277857657071968,0.31001965024704065,0.010434202582895402,1.0,0.001,256,50.0,auto,auto,periodic,,success,,0,0.0006236029985696161,50.0,0.0006236029985696161,0.9
0.24455707239864521,-2.5125040892765673,0.7459432870257854,-0.13012167863330792,1.0,0.001,256,50.0,auto,auto,periodic,Simulation diverged at t=1: amplitude ratio 8.65e+15 exceeds threshold 1e+08. The system is physically unstable (linearized regime violated).,diverged,Simulation diverged at t=1: amplitude ratio 8.65e+15 exceeds threshold 1e+08. The system is physically unstable (linearized regime violated).,-1,,,,
0.5219435056152739,-2.122586387374444,1.6676551691561854,-0.18612700317009911,1.0,0.001,256,50.0,auto,auto,periodic,,success,,0,3.015058288699693e-06,30.5,2.92480312691406e-06,1.25
1.2719407696243663,-1.0844539420235617,2.689845190328055,-0.3370772536003338,1.0,0.001,256,50.0,auto,auto,periodic,,success,,0,6.775506999463994e-06,13.0,6.994600911572551e-07,1.42
0.3938954592342183,-1.319353270016763,0.33900110586596655,-0.7668431092495824,1.0,0.001,256,50.0,auto,auto,periodic,,success,,0,1.2220275912782324e-10,43.0,1.1981408767561828e-10,1.05
0.9524957780397014,-2.524337139306033,0.5066509241114169,-0.010253187232379224,1.0,0.001,256,50.0,auto,auto,periodic,,success,,0,0.000622700435535717,50.0,0.000622700435535717,1.06
0.8236148520165942,-1.0708877790959934,4.153461850549615,0.8026424935173271,1.0,0.001,256,50.0,auto,auto,periodic,,success,,0,3.369334972976723e-08,47.5,1.963996774598469e-08,0.99
1.1785339727066333,-2.0525062650874286,3.350297216794903,-0.9440204336981182,1.0,0.001,256,50.0,auto,auto,periodic,,success,,0,1.7147449971717532e-09,43.0,1.2919947219365462e-09,1.05
0.4008748083380209,-0.10890292155585346,0.7957341474877857,0.5617857679153151,1.0,0.001,256,50.0,auto,auto,periodic,,success,,0,3.6032301807555283e-07,46.0,1.3748971462104894e-07,1.22
0.20276705248629812,-0.2996251975138864,3.7796848801729754,0.38914789830063556,1.0,0.001,256,50.0,auto,auto,periodic,,success,,0,1.08335221698819e-06,40.0,3.0517128353465336e-07,1.21
0.2795633138226621,-0.2514899347758104,1.2759458314777397,-0.7545750488808427,1.0,0.001,256,50.0,auto,auto,periodic,,success,,0,3.382691423285304e-08,47.5,1.975897160555173e-08,1.06
0.3323571534607952,-2.0930047687130404,2.775494080481988,0.8655705900604871,1.0,0.001,256,50.0,auto,auto,periodic,,success,,0,199253245.77807418,50.0,199253245.77807418,0.87
-0.20395978628643818,-0.6805368646692527,4.321960237666288,0.8620354937514971,1.0,0.001,256,50.0,auto,auto,periodic,,success,,0,90.80948850687295,50.0,90.80948850687295,0.9
0.551203873865854,-0.43419385655640363,3.5226200580089477,0.5434575001202833,1.0,0.001,256,50.0,auto,auto,periodic,,success,,0,4.088646969780594e-07,46.0,2.4390672129272583e-07,0.95
0.22894771887261633,-1.9106102966199112,3.7343579381312657,-0.9732342209509164,1.0,0.001,256,50.0,auto,auto,periodic,,success,,0,16797948609.431625,50.0,16797948609.431625,0.86
-1.5914992909464702,-1.186748307338164,1.9774444878609398,-0.770034192897399,1.0,0.001,256,50.0,auto,auto,periodic,Simulation diverged at t=5.5: amplitude ratio 9.18e+08 exceeds threshold 1e+08. The system is physically unstable (linearized regime violated).,diverged,Simulation diverged at t=5.5: amplitude ratio 9.18e+08 exceeds threshold 1e+08. The system is physically unstable (linearized regime violated).,-1,,,,
0.626304600577726,-0.30757783505025316,0.8888951377853195,0.7230930638825916,1.0,0.001,256,50.0,auto,auto,periodic,,success,,0,1.1632913227825552e-07,40.0,1.0368762886603438e-07,0.88
-0.4027879792051945,-0.5417441552382547,3.0845006331467593,0.1831211844863072,1.0,0.001,256,50.0,auto,auto,periodic,,success,,0,1.0227947207222818e-06,40.0,3.7083561889745734e-07,1.2
-1.5246641089957245,-2.2693476343683114,4.023000711013466,-0.25086421013437465,1.0,0.001,256,50.0,auto,auto,periodic,Simulation diverged at t=1: amplitude ratio 2.57e+19 exceeds threshold 1e+08. The system is physically unstable (linearized regime violated).,diverged,Simulation diverged at t=1: amplitude ratio 2.57e+19 exceeds threshold 1e+08. The system is physically unstable (linearized regime violated).,-1,,,,
1.1928267406611366,-0.7806720700059602,2.6371596161605644,0.9588676484009049,1.0,0.001,256,50.0,auto,auto,periodic,,success,,0,3.551721013011714e-08,47.5,2.1305961327133607e-08,1.37
0.1245727058152708,-0.4717058077108467,4.466620405100381,-0.9996469902342069,1.0,0.001,256,50.0,auto,auto,periodic,,success,,0,3.95737858492002e-06,50.0,3.95737858492002e-06,0.99
-1.9826208095889286,-1.3256362432795488,1.4389796713412975,0.13675599235688574,1.0,0.001,256,50.0,auto,auto,periodic,Simulation diverged at t=1: amplitude ratio 1.49e+17 exceeds threshold 1e+08. The system is physically unstable (linearized regime violated).,diverged,Simulation diverged at t=1: amplitude ratio 1.49e+17 exceeds threshold 1e+08. The system is physically unstable (linearized regime violated).,-1,,,,
0.04405395668175549,-0.4081699580233389,2.403121479164612,0.21066557814719888,1.0,0.001,256,50.0,auto,auto,periodic,,success,,0,8.960285959009824e-06,43.0,4.448914364526899e-06,1.11
-1.962510228388439,-0.569943822167783,1.5683613883096357,-0.8282934040298847,1.0,0.001,256,50.0,auto,auto,periodic,Simulation diverged at t=3: amplitude ratio 2.66e+08 exceeds threshold 1e+08. The system is physically unstable (linearized regime violated).,diverged,Simulation diverged at t=3: amplitude ratio 2.66e+08 exceeds threshold 1e+08. The system is physically unstable (linearized regime violated).,-1,,,,
1.4455223428247002,-2.6720779831719197,0.857514039084129,0.9801757854008637,1.0,0.001,256,50.0,auto,auto,periodic,,success,,0,6.04744472002e-11,50.0,6.04744472002e-11,1.05
-1.433822644835728,-0.7488310859610112,1.688347639314903,0.42921807320381644,1.0,0.001,256,50.0,auto,auto,periodic,Simulation diverged at t=5: amplitude ratio 1.47e+08 exceeds threshold 1e+08. The system is physically unstable (linearized regime violated).,diverged,Simulation diverged at t=5: amplitude ratio 1.47e+08 exceeds threshold 1e+08. The system is physically unstable (linearized regime violated).,-1,,,,
-0.5770632035718319,-1.6951394840635068,1.493922584880519,0.3066675928124929,1.0,0.001,256,50.0,auto,auto,periodic,Simulation diverged at t=5: amplitude ratio 2.29e+08 exceeds threshold 1e+08. The system is physically unstable (linearized regime violated).,diverged,Simulation diverged at t=5: amplitude ratio 2.29e+08 exceeds threshold 1e+08. The system is physically unstable (linearized regime violated).,-1,,,,
0.3558657126473257,-1.5523025685812804,0.7097210466641242,-0.6320653702660659,1.0,0.001,256,50.0,auto,auto,periodic,,success,,0,1.43626133939108e-09,43.0,1.117073464516171e-09,1.04
-0.1657376664033321,-2.0990594167433816,4.581050461571748,-0.2248129383924784,1.0,0.001,256,50.0,auto,auto,periodic,Simulation diverged at t=4.5: amplitude ratio 2.74e+08 exceeds threshold 1e+08. The system is physically unstable (linearized regime violated).,diverged,Simulation diverged at t=4.5: amplitude ratio 2.74e+08 exceeds threshold 1e+08. The system is physically unstable (linearized regime violated).,-1,,,,
-1.4980875781524632,-1.9521897988330916,0.5436807901723681,0.27168873287409245,1.0,0.001,256,50.0,auto,auto,periodic,Simulation diverged at t=2: amplitude ratio 8.84e+08 exceeds threshold 1e+08. The system is physically unstable (linearized regime violated).,diverged,Simulation diverged at t=2: amplitude ratio 8.84e+08 exceeds threshold 1e+08. The system is physically unstable (linearized regime violated).,-1,,,,
1.682075675154033,-1.8668066155924459,4.34351522191228,-0.18374759288166653,1.0,0.001,256,50.0,auto,auto,periodic,,success,,0,8.630306922927161e-05,34.0,4.886445105799227e-05,1.03
1.5389125593679363,-2.106902292458777,4.256936003777282,0.6731186353273555,1.0,0.001,256,50.0,auto,auto,periodic,,success,,0,1.8087767943597473e-07,41.5,8.007245370180549e-08,1.19
0.1850621448384655,-1.1984110584350258,2.519478773867896,-0.050783470192965696,1.0,0.001,256,50.0,auto,auto,periodic,,success,,0,0.0004872376921463418,50.0,0.0004872376921463418,1.11
0.6431879797778168,-1.447028332300997,0.3421011707878179,0.5516690537188786,1.0,0.001,256,50.0,auto,auto,periodic,,success,,0,1.2066925745863302e-07,40.0,1.0477156492657092e-07,1.02
-1.4164977099937568,-2.394028007652628,0.6212581370000554,0.7702950900757788,1.0,0.001,256,50.0,auto,auto,periodic,Simulation diverged at t=7.5: amplitude ratio 2.36e+08 exceeds threshold 1e+08. The system is physically unstable (linearized regime violated).,diverged,Simulation diverged at t=7.5: amplitude ratio 2.36e+08 exceeds threshold 1e+08. The system is physically unstable (linearized regime violated).,-1,,,,
0.42786515577609663,-2.9515781437708704,3.803985277532986,0.0936457945344682,1.0,0.001,256,50.0,auto,auto,periodic,Simulation diverged at t=0.5: amplitude ratio 4.44e+11 exceeds threshold 1e+08. The system is physically unstable (linearized regime violated).,diverged,Simulation diverged at t=0.5: amplitude ratio 4.44e+11 exceeds threshold 1e+08. The system is physically unstable (linearized regime violated).,-1,,,,
-1.073902437517377,-1.7867187224778391,0.7882011170269477,0.20541850628998026,1.0,0.001,256,50.0,auto,auto,periodic,Simulation diverged at t=2: amplitude ratio 2.04e+09 exceeds threshold 1e+08. The system is physically unstable (linearized regime violated).,diverged,Simulation diverged at t=2: amplitude ratio 2.04e+09 exceeds threshold 1e+08. The system is physically unstable (linearized regime violated).,-1,,,,
-0.08271428766899813,-0.05111790626910917,2.097224245857208,-0.3741550007621257,1.0,0.001,256,50.0,auto,auto,periodic,,success,,0,8.233242058536261e-07,38.0,6.141892051557808e-07,0.95
-0.13671943760543348,-1.1462360239423954,0.9846814494140175,0.9456878399037065,1.0,0.001,256,50.0,auto,auto,periodic,,success,,0,1870602063.3809483,50.0,1870602063.3809483,0.99
-0.4462644073889579,-2.2497563013051565,3.109378316742552,0.9940073719119709,1.0,0.001,256,50.0,auto,auto,periodic,Simulation diverged at t=12.5: amplitude ratio 1.95e+08 exceeds threshold 1e+08. The system is physically unstable (linearized regime violated).,diverged,Simulation diverged at t=12.5: amplitude ratio 1.95e+08 exceeds threshold 1e+08. The system is physically unstable (linearized regime violated).,-1,,,,
-0.9347473336859755,-1.9916644244145563,0.8050056723677601,0.2751320386710234,1.0,0.001,256,50.0,auto,auto,periodic,Simulation diverged at t=3.5: amplitude ratio 2.48e+09 exceeds threshold 1e+08. The system is physically unstable (linearized regime violated).,diverged,Simulation diverged at t=3.5: amplitude ratio 2.48e+09 exceeds threshold 1e+08. The system is physically unstable (linearized regime violated).,-1,,,,
-0.21740851751039836,-0.24300772657325753,3.0499660283890764,-0.8326304843048913,1.0,0.001,256,50.0,auto,auto,periodic,,success,,0,2.5219327967481706e-06,50.0,2.5219327967481706e-06,1.07
-1.8648019083132807,-0.83161343905816,0.37010554088842157,-0.8891794246572156,1.0,0.001,256,50.0,auto,auto,periodic,Simulation diverged at t=11.5: amplitude ratio 3.15e+08 exceeds threshold 1e+08. The system is physically unstable (linearized regime violated).,diverged,Simulation diverged at t=11.5: amplitude ratio 3.15e+08 exceeds threshold 1e+08. The system is physically unstable (linearized regime violated).,-1,,,,
1.710518082451573,-2.334800193462045,4.608857548405034,-0.4090591266364876,1.0,0.001,256,50.0,auto,auto,periodic,,success,,0,2.247165079978689e-06,47.5,1.8056928912319558e-06,1.1
-0.6115700505735695,-1.417435484247286,2.377111607646079,-0.8138027733479221,1.0,0.001,256,50.0,auto,auto,periodic,Simulation diverged at t=15: amplitude ratio 2.03e+08 exceeds threshold 1e+08. The system is physically unstable (linearized regime violated).,diverged,Simulation diverged at t=15: amplitude ratio 2.03e+08 exceeds threshold 1e+08. The system is physically unstable (linearized regime violated).,-1,,,,
1.8427438126474547,-2.8191102613982872,0.6314743030112526,-0.40289054864893237,1.0,0.001,256,50.0,auto,auto,periodic,,success,,0,2.0195554492024957e-06,46.0,1.2302364934565832e-06,1.53
-1.2604354965722435,-0.6669671569882167,0.5197475935403748,0.6177044156998779,1.0,0.001,256,50.0,auto,auto,periodic,Simulation diverged at t=8: amplitude ratio 1.12e+08 exceeds threshold 1e+08. The system is physically unstable (linearized regime violated).,diverged,Simulation diverged at t=8: amplitude ratio 1.12e+08 exceeds threshold 1e+08. The system is physically unstable (linearized regime violated).,-1,,,,
1.1051334388266594,-0.6354725152810348,2.9429356216671754,0.8508682064898614,1.0,0.001,256,50.0,auto,auto,periodic,,success,,0,8.171624375594098e-08,49.5,7.900763902140719e-08,1.11
0.21989723566980945,-0.3753867195082541,3.7906367098628673,-0.9120041741962079,1.0,0.001,256,50.0,auto,auto,periodic,,success,,0,6.73480199743215e-10,43.0,5.816400771125678e-10,0.94
1.5202163756231064,-0.4578427000715415,0.7337320482514763,-0.8410233530840674,1.0,0.001,256,50.0,auto,auto,periodic,,success,,0,1.875257000508765e-07,41.5,7.202133567734472e-08,0.93
1.0618174223819112,-2.1689417004130234,4.81822246559288,-0.6791898910190621,1.0,0.001,256,50.0,auto,auto,periodic,,success,,0,3.7741217796757896e-08,47.5,2.346315681268494e-08,0.88
0.46378518579283945,-0.045246410284850214,2.7218479312142465,0.19684814386670357,1.0,0.001,256,50.0,auto,auto,periodic,,success,,0,4.238458596964907e-05,25.5,1.325769955432274e-06,0.91
-1.6804477402136693,-2.2436194374132685,0.8682941410275837,-0.4465649574180376,1.0,0.001,256,50.0,auto,auto,periodic,Simulation diverged at t=0.5: amplitude ratio 5.64e+09 exceeds threshold 1e+08. The system is physically unstable (linearized regime violated).,diverged,Simulation diverged at t=0.5: amplitude ratio 5.64e+09 exceeds threshold 1e+08. The system is physically unstable (linearized regime violated).,-1,,,,
1.1340678968110298,-1.7608398525079214,2.5392504862857015,0.23449576578512632,1.0,0.001,256,50.0,auto,auto,periodic,,success,,0,1.4914223957310413e-05,16.5,1.472823876081148e-05,1.13
0.6828753261878928,-1.9463765341802035,2.0639277037272232,-0.11124235200577193,1.0,0.001,256,50.0,auto,auto,periodic,,success,,0,8.332306724256593e-05,33.5,4.423858831112556e-05,1.28
-1.1108462887026365,-0.8614268974421697,2.752924546996126,-0.7743405796412718,1.0,0.001,256,50.0,auto,auto,periodic,Simulation diverged at t=5: amplitude ratio 1.44e+08 exceeds threshold 1e+08. The system is physically unstable (linearized regime violated).,diverged,Simulation diverged at t=5: amplitude ratio 1.44e+08 exceeds threshold 1e+08. The system is physically unstable (linearized regime violated).,-1,,,,
0.9163825624950435,-2.8065552230277286,0.28123291770436876,0.6697301474321455,1.0,0.001,256,50.0,auto,auto,periodic,,success,,0,2.8592783174749306e-08,50.0,2.8592783174749306e-08,1.02
1.1853388524218138,-0.7222963350757787,4.5157998211796615,0.27835756953844637,1.0,0.001,256,50.0,auto,auto,periodic,,success,,0,1.7162702405941722e-05,18.0,1.554587093785273e-05,1.0
-0.3488232107723612,-0.8879672928573648,2.873867527588395,-0.4334672354377449,1.0,0.001,256,50.0,auto,auto,periodic,,success,,0,141.02350813415757,50.0,141.02350813415757,0.99
1.2255257811058802,-0.8051608471410541,3.9977397904485708,-0.17743776474788586,1.0,0.001,256,50.0,auto,auto,periodic,,success,,0,0.00010905627011675502,38.0,8.375781032428808e-05,1.05
0.47634313629663794,-1.7223077079865858,4.0071990829964825,0.8086403748976048,1.0,0.001,256,50.0,auto,auto,periodic,,success,,0,8.24498194162966e-06,50.0,8.24498194162966e-06,1.19
1.507128539501326,-1.0525746097867947,0.24408516805823433,-0.34606776296105435,1.0,0.001,256,50.0,auto,auto,periodic,,success,,0,8.265882481980376e-06,41.5,2.9422691829157248e-06,1.62
1.6672114799184725,-1.8964218051481097,4.305294683535546,0.4671024426910211,1.0,0.001,256,50.0,auto,auto,periodic,,success,,0,1.6112626257261052e-06,43.0,3.65492484345447e-07,1.2
0.1558952187949907,-1.56845809792023,1.332488696925396,0.5576672789679618,1.0,0.001,256,50.0,auto,auto,periodic,,success,,0,9.381939599147083e-07,50.0,9.381939599147083e-07,1.08
-1.0514687556887352,-0.6459797066364801,2.3661925566616073,0.8982912725236354,1.0,0.001,256,50.0,auto,auto,periodic,Simulation diverged at t=7: amplitude ratio 8.46e+08 exceeds threshold 1e+08. The system is physically unstable (linearized regime violated).,diverged,Simulation diverged at t=7: amplitude ratio 8.46e+08 exceeds threshold 1e+08. The system is physically unstable (linearized regime violated).,-1,,,,
0.5725186679996601,-0.6767096448890397,1.960685527377644,-0.9909019999667902,1.0,0.001,256,50.0,auto,auto,periodic,,success,,0,1.281455349730138e-09,43.0,1.015544149232264e-09,1.61
1.9892601737180633,-1.3950302089273614,4.892568980143669,-0.02780023615887528,1.0,0.001,256,50.0,auto,auto,periodic,,success,,0,0.0006203609909025886,50.0,0.0006203609909025886,1.09
-0.8273172855979407,-0.19639948891730663,3.647084009094273,-0.9211844633193369,1.0,0.001,256,50.0,auto,auto,periodic,Simulation diverged at t=17: amplitude ratio 1.05e+08 exceeds threshold 1e+08. The system is physically unstable (linearized regime violated).,diverged,Simulation diverged at t=17: amplitude ratio 1.05e+08 exceeds threshold 1e+08. The system is physically unstable (linearized regime violated).,-1,,,,
1.233355335079251,-2.3434301105635456,1.6717081058783323,-0.4439427074709139,1.0,0.001,256,50.0,auto,auto,periodic,,success,,0,5.977692238374014e-07,49.5,5.793330160311796e-07,1.11
-1.1162703637951572,-0.28973993066608905,2.9125154956663253,-0.7513607776256859,1.0,0.001,256,50.0,auto,auto,periodic,Simulation diverged at t=14: amplitude ratio 1.51e+08 exceeds threshold 1e+08. The system is physically unstable (linearized regime violated).,diverged,Simulation diverged at t=14: amplitude ratio 1.51e+08 exceeds threshold 1e+08. The system is physically unstable (linearized regime violated).,-1,,,,
1.642541134606764,-2.831134670108509,1.9071564899940294,-0.43843975523965417,1.0,0.001,256,50.0,auto,auto,periodic,,success,,0,9.250508770326372e-07,38.5,5.128029876729727e-07,1.1
0.14251081412621724,-1.6590252399193375,2.8118533417127956,-0.23497006155250522,1.0,0.001,256,50.0,auto,auto,periodic,,success,,0,2.5214821896935376e-07,43.0,4.116155955204188e-08,1.13
-0.5046076410724383,-0.5305698262744252,0.2535372400651858,0.6936747827674183,1.0,0.001,256,50.0,auto,auto,periodic,,success,,0,152043048.50420824,50.0,152043048.50420824,0.88
-0.9025012465046338,-1.8352873240531733,2.3090174115212894,0.015334738934177805,1.0,0.001,256,50.0,auto,auto,periodic,,success,,0,0.0006267932331852067,50.0,0.0006267932331852067,0.89
1.3126498766126096,-1.1010520429756094,4.759242149442784,-0.15092042107262926,1.0,0.001,256,50.0,auto,auto,periodic,,success,,0,0.00019541896237917415,49.0,0.00019507499747865867,0.88
0.2974474145928778,-0.9176356801611121,1.5349563501840486,-0.12343483967110347,1.0,0.001,256,50.0,auto,auto,periodic,,success,,0,8.185605667239669e-05,33.5,4.203715313199069e-05,0.89
-1.8438709853519248,-2.6068457426912435,2.1318091064413744,-0.29698886185853257,1.0,0.001,256,50.0,auto,auto,periodic,Simulation diverged at t=2: amplitude ratio 1.20e+08 exceeds threshold 1e+08. The system is physically unstable (linearized regime violated).,diverged,Simulation diverged at t=2: amplitude ratio 1.20e+08 exceeds threshold 1e+08. The system is physically unstable (linearized regime violated).,-1,,,,
0.38779024265710715,-2.7250404377563444,1.3445161228406497,-0.7380886817319023,1.0,0.001,256,50.0,auto,auto,periodic,Simulation diverged at t=11: amplitude ratio 1.48e+08 exceeds threshold 1e+08. The system is physically unstable (linearized regime violated).,diverged,Simulation diverged at t=11: amplitude ratio 1.48e+08 exceeds threshold 1e+08. The system is physically unstable (linearized regime violated).,-1,,,,
-1.1665981098543048,-2.7573485394498394,4.082884082725164,0.2891451285124602,1.0,0.001,256,50.0,auto,auto,periodic,Simulation diverged at t=2.5: amplitude ratio 2.93e+10 exceeds threshold 1e+08. The system is physically unstable (linearized regime violated).,diverged,Simulation diverged at t=2.5: amplitude ratio 2.93e+10 exceeds threshold 1e+08. The system is physically unstable (linearized regime violated).,-1,,,,
1.75282621052519,-1.974193805853938,2.6678403860224997,0.16527918798142793,1.0,0.001,256,50.0,auto,auto,periodic,,success,,0,0.0001357669961400793,41.5,0.00012273498139506251,0.91
0.19863276082821857,-0.9058455900183251,1.244451414772305,0.7274274123294941,1.0,0.001,256,50.0,auto,auto,periodic,,success,,0,2.1343382750026575e-09,43.0,1.5387107715113182e-09,1.39
-0.7844668753999904,-0.8780090219504828,3.861421005620792,0.2026860444946108,1.0,0.001,256,50.0,auto,auto,periodic,Simulation diverged at t=2: amplitude ratio 4.53e+08 exceeds threshold 1e+08. The system is physically unstable (linearized regime violated).,diverged,Simulation diverged at t=2: amplitude ratio 4.53e+08 exceeds threshold 1e+08. The system is physically unstable (linearized regime violated).,-1,,,,
0.7571022427461993,-0.3146529375178604,1.0472908441367403,0.5347536557729791,1.0,0.001,256,50.0,auto,auto,periodic,,success,,0,7.196081450948404e-07,36.5,6.612167804775418e-07,1.23
0.36900870640462324,-1.5783711228205268,4.796628055452087,0.2625670840563279,1.0,0.001,256,50.0,auto,auto,periodic,,success,,0,1.2853883946747795e-06,41.5,1.3504644563810936e-07,1.27
-0.09721581519873346,-2.500851842951976,2.4323073027899085,-0.08710119542718908,1.0,0.001,256,50.0,auto,auto,periodic,Simulation diverged at t=0.5: amplitude ratio 1.46e+09 exceeds threshold 1e+08. The system is physically unstable (linearized regime violated).,diverged,Simulation diverged at t=0.5: amplitude ratio 1.46e+09 exceeds threshold 1e+08. The system is physically unstable (linearized regime violated).,-1,,,,
1.860877151308236,-1.5244614939339014,0.4398316530843398,-0.08371058996432235,1.0,0.001,256,50.0,auto,auto,periodic,,success,,0,0.0005521196778641435,50.0,0.0005521196778641435,1.05
1.7269395632563698,-0.0789730152621968,1.3664297279590971,-0.7477732981712193,1.0,0.001,256,50.0,auto,auto,periodic,,success,,0,5.491471659336469e-07,49.0,5.065427676564204e-07,1.33
-0.6841542199984634,-2.158175486121765,2.3984182194556185,0.36130900343421657,1.0,0.001,256,50.0,auto,auto,periodic,Simulation diverged at t=4: amplitude ratio 2.83e+08 exceeds threshold 1e+08. The system is physically unstable (linearized regime violated).,diverged,Simulation diverged at t=4: amplitude ratio 2.83e+08 exceeds threshold 1e+08. The system is physically unstable (linearized regime violated).,-1,,,,
1.074044921836924,-0.38229431812973935,3.2203547357214983,0.07948955443017836,1.0,0.001,256,50.0,auto,auto,periodic,,success,,0,0.0005508663897063457,50.0,0.0005508663897063457,1.22
0.36231686761886017,-2.04478659469941,2.607816185999438,-0.8676634694948939,1.0,0.001,256,50.0,auto,auto,periodic,,success,,0,1519054.938891752,50.0,1519054.938891752,1.1
-0.14692899950332294,-1.8513574423769312,1.1739050161131248,-0.002791946876369744,1.0,0.001,256,50.0,auto,auto,periodic,,success,,0,0.0006252464266731113,50.0,0.0006252464266731113,1.23
-1.925715458720057,-0.09905915994117809,2.699434900398022,0.6206611512881715,1.0,0.001,256,50.0,auto,auto,periodic,Simulation diverged at t=9: amplitude ratio 4.44e+08 exceeds threshold 1e+08. The system is physically unstable (linearized regime violated).,diverged,Simulation diverged at t=9: amplitude ratio 4.44e+08 exceeds threshold 1e+08. The system is physically unstable (linearized regime violated).,-1,,,,
-0.7249547964209457,-1.5546507516564654,1.2517881951549024,0.38749214459009385,1.0,0.001,256,50.0,auto,auto,periodic,Simulation diverged at t=7: amplitude ratio 1.66e+08 exceeds threshold 1e+08. The system is physically unstable (linearized regime violated).,diverged,Simulation diverged at t=7: amplitude ratio 1.66e+08 exceeds threshold 1e+08. The system is physically unstable (linearized regime violated).,-1,,,,
1.8852901582626878,-0.26267347413663344,1.8385050550924316,-0.3774623684071603,1.0,0.001,256,50.0,auto,auto,periodic,,success,,0,1.1903027278841766e-05,16.0,1.0861342832505108e-05,1.18
1.026432344365677,-0.4750147062556085,4.392323803409287,-0.1927754936769599,1.0,0.001,256,50.0,auto,auto,periodic,,success,,0,7.466853277239425e-05,32.0,3.154599909800202e-05,1.27
-0.7290551330052473,-1.522061411046789,2.14023127047724,-0.27631846832866425,1.0,0.001,256,50.0,auto,auto,periodic,Simulation diverged at t=1: amplitude ratio 1.48e+09 exceeds threshold 1e+08. The system is physically unstable (linearized regime violated).,diverged,Simulation diverged at t=1: amplitude ratio 1.48e+09 exceeds threshold 1e+08. The system is physically unstable (linearized regime violated).,-1,,,,
1.9080431042967616,-1.4099328809578586,4.069877455277886,0.16309972432297504,1.0,0.001,256,50.0,auto,auto,periodic,,success,,0,0.0002295224799315456,50.0,0.0002295224799315456,1.25
1.3547029423339132,-0.3865942215365772,3.811755790473412,-0.013126672188254807,1.0,0.001,256,50.0,auto,auto,periodic,,success,,0,0.000623949593528572,50.0,0.000623949593528572,1.3
0.8272432836074959,-2.2531823547507246,0.3032068452451627,0.6100164147116984,1.0,0.001,256,50.0,auto,auto,periodic,,success,,0,1.6729532435848954e-08,46.0,6.033920016501357e-09,1.68
0.602554202369602,-2.7957414196889157,3.1815987210622505,0.43280438552391076,1.0,0.001,256,50.0,auto,auto,periodic,,success,,0,282.8028043445784,50.0,282.8028043445784,1.3
1.5295992619315095,-0.2557237187047341,3.361859170489444,0.297979258920978,1.0,0.001,256,50.0,auto,auto,periodic,,success,,0,2.368584891083337e-05,19.5,1.164695555436929e-05,1.21
-0.5240760933318163,-1.007226657091163,2.004037497119352,-0.45729685495498296,1.0,0.001,256,50.0,auto,auto,periodic,Simulation diverged at t=10.5: amplitude ratio 3.97e+08 exceeds threshold 1e+08. The system is physically unstable (linearized regime violated).,diverged,Simulation diverged at t=10.5: amplitude ratio 3.97e+08 exceeds threshold 1e+08. The system is physically unstable (linearized regime violated).,-1,,,,
1.7751142234289827,-2.3023512099472816,1.2379874074841914,-0.9690418764266373,1.0,0.001,256,50.0,auto,auto,periodic,,success,,0,1.9981582472097094e-08,46.0,7.423154875623664e-09,1.66
-1.5815936129471817,-0.9271102841072993,0.21740259502713313,0.9608189122430046,1.0,0.001,256,50.0,auto,auto,periodic,Simulation diverged at t=7.5: amplitude ratio 1.53e+08 exceeds threshold 1e+08. The system is physically unstable (linearized regime violated).,diverged,Simulation diverged at t=7.5: amplitude ratio 1.53e+08 exceeds threshold 1e+08. The system is physically unstable (linearized regime violated).,-1,,,,
1.5528154895675534,-2.3805492231240883,0.11926944966356076,0.03971782746783181,1.0,0.001,256,50.0,auto,auto,periodic,,success,,0,0.0006057855601363938,50.0,0.0006057855601363938,1.74
1.1458510935079023,-0.7189290897264735,2.170545331668787,-0.1568424884393762,1.0,0.001,256,50.0,auto,auto,periodic,,success,,0,0.00017225153239590712,46.0,0.00016941923625759348,1.06
1.3475065331941583,-1.7166690133526008,3.8947540697183336,-0.09845326644913899,1.0,0.001,256,50.0,auto,auto,periodic,,success,,0,0.0004334184069058117,50.0,0.0004334184069058117,0.99
1.0134994757136275,-1.5962680187706033,0.48485120549648286,0.9983963134697844,1.0,0.001,256,50.0,auto,auto,periodic,,success,,0,7.166090754553715e-10,43.0,6.145465992284993e-10,1.29
-0.2968445617474982,-0.02212307832106397,4.879733559797103,0.5188407581688619,1.0,0.001,256,50.0,auto,auto,periodic,,success,,0,6.125382367973087e-08,49.0,5.421239633110915e-08,1.33
-0.8324596811589327,-1.5005086712250353,0.1882965039358717,0.4623084480710866,1.0,0.001,256,50.0,auto,auto,periodic,Simulation diverged at t=6: amplitude ratio 5.20e+08 exceeds threshold 1e+08. The system is physically unstable (linearized regime violated).,diverged,Simulation diverged at t=6: amplitude ratio 5.20e+08 exceeds threshold 1e+08. The system is physically unstable (linearized regime violated).,-1,,,,
-0.34176544002656484,-2.1757666474065323,2.8516663556943564,-0.8207686935549525,1.0,0.001,256,50.0,auto,auto,periodic,Simulation diverged at t=14: amplitude ratio 1.76e+08 exceeds threshold 1e+08. The system is physically unstable (linearized regime violated).,diverged,Simulation diverged at t=14: amplitude ratio 1.76e+08 exceeds threshold 1e+08. The system is physically unstable (linearized regime violated).,-1,,,,
0.6572614213422288,-0.7539426479672438,2.8321809613124103,-0.3975541770375791,1.0,0.001,256,50.0,auto,auto,periodic,,success,,0,1.6125900622477076e-06,43.0,3.6863973880220516e-07,1.24
-0.17498110522256005,-1.8099765956684633,3.2114320246187034,0.23760085428802613,1.0,0.001,256,50.0,auto,auto,periodic,Simulation diverged at t=6: amplitude ratio 1.02e+09 exceeds threshold 1e+08. The system is physically unstable (linearized regime violated).,diverged,Simulation diverged at t=6: amplitude ratio 1.02e+09 exceeds threshold 1e+08. The system is physically unstable (linearized regime violated).,-1,,,,
-0.35419975989452857,-0.513893953823513,2.8931982685600266,0.7532437013925335,1.0,0.001,256,50.0,auto,auto,periodic,,success,,0,29.265537049562788,50.0,29.265537049562788,1.51
-0.6938876939619136,-1.5372689216006454,3.425325574720166,0.22855407483674517,1.0,0.001,256,50.0,auto,auto,periodic,Simulation diverged at t=2: amplitude ratio 2.52e+09 exceeds threshold 1e+08. The system is physically unstable (linearized regime violated).,diverged,Simulation diverged at t=2: amplitude ratio 2.52e+09 exceeds threshold 1e+08. The system is physically unstable (linearized regime violated).,-1,,,,
0.08937560773500852,-2.1496309234264093,0.32535026389848465,-0.9364502108697349,1.0,0.001,256,50.0,auto,auto,periodic,Simulation diverged at t=2.5: amplitude ratio 1.77e+10 exceeds threshold 1e+08. The system is physically unstable (linearized regime violated).,diverged,Simulation diverged at t=2.5: amplitude ratio 1.77e+10 exceeds threshold 1e+08. The system is physically unstable (linearized regime violated).,-1,,,,
-1.09204937666718,-2.9721677329197393,1.1825284553342548,-0.691528988248888,1.0,0.001,256,50.0,auto,auto,periodic,Simulation diverged at t=7: amplitude ratio 5.60e+08 exceeds threshold 1e+08. The system is physically unstable (linearized regime violated).,diverged,Simulation diverged at t=7: amplitude ratio 5.60e+08 exceeds threshold 1e+08. The system is physically unstable (linearized regime violated).,-1,,,,
0.5804016658010474,-0.26772348220125597,2.0314939002159074,-0.9337236525667354,1.0,0.001,256,50.0,auto,auto,periodic,,success,,0,1.4751201767122981e-08,46.0,5.3714502075312555e-09,1.12
-1.0388084530134525,-2.637403048391395,1.4221803396866417,-0.8876148851973198,1.0,0.001,256,50.0,auto,auto,periodic,Simulation diverged at t=8.5: amplitude ratio 5.23e+08 exceeds threshold 1e+08. The system is physically unstable (linearized regime violated).,diverged,Simulation diverged at t=8.5: amplitude ratio 5.23e+08 exceeds threshold 1e+08. The system is physically unstable (linearized regime violated).,-1,,,,
0.8675604932173169,-0.9960915491527609,4.381132377033088,0.7049787892754735,1.0,0.001,256,50.0,auto,auto,periodic,,success,,0,1.0600441234562418e-07,40.0,9.970813865573521e-08,1.05
-0.25836038294247765,-0.5839175725767771,1.205462743898786,-0.4810584460466213,1.0,0.001,256,50.0,auto,auto,periodic,,success,,0,9.883161310571663e-09,44.5,3.875040816937662e-09,1.12
0.673278624839801,-0.9792581864195289,0.6451110635709668,-0.7562487291922734,1.0,0.001,256,50.0,auto,auto,periodic,,success,,0,3.80616681924475e-08,47.5,2.378608575845227e-08,1.58
-1.2882730268470692,-1.046184993902315,4.237065263211423,-0.10716147547045718,1.0,0.001,256,50.0,auto,auto,periodic,Simulation diverged at t=1: amplitude ratio 1.03e+18 exceeds threshold 1e+08. The system is physically unstable (linearized regime violated).,diverged,Simulation diverged at t=1: amplitude ratio 1.03e+18 exceeds threshold 1e+08. The system is physically unstable (linearized regime violated).,-1,,,,
-0.47973684843689424,-0.9958306431314754,2.4403654412222457,0.1506164713412752,1.0,0.001,256,50.0,auto,auto,periodic,Simulation diverged at t=2: amplitude ratio 4.55e+11 exceeds threshold 1e+08. The system is physically unstable (linearized regime violated).,diverged,Simulation diverged at t=2: amplitude ratio 4.55e+11 exceeds threshold 1e+08. The system is physically unstable (linearized regime violated).,-1,,,,
-0.6034658208612607,-2.44315589877155,4.6437079935802155,-0.9509348558775843,1.0,0.001,256,50.0,auto,auto,periodic,Simulation diverged at t=10: amplitude ratio 3.95e+08 exceeds threshold 1e+08. The system is physically unstable (linearized regime violated).,diverged,Simulation diverged at t=10: amplitude ratio 3.95e+08 exceeds threshold 1e+08. The system is physically unstable (linearized regime violated).,-1,,,,
-1.8018946082538165,-2.711128621410325,3.0232792851075105,0.8363242250082783,1.0,0.001,256,50.0,auto,auto,periodic,Simulation diverged at t=7: amplitude ratio 8.58e+08 exceeds threshold 1e+08. The system is physically unstable (linearized regime violated).,diverged,Simulation diverged at t=7: amplitude ratio 8.58e+08 exceeds threshold 1e+08. The system is physically unstable (linearized regime violated).,-1,,,,
-0.05450650039977423,-0.6624384468472897,1.451481560488409,0.6148135097459002,1.0,0.001,256,50.0,auto,auto,periodic,,success,,0,5.504057682092935e-09,44.5,2.8879777298810847e-09,1.94
-1.4300851249708755,-1.093311975151317,4.2439800617913175,-0.24300604798363412,1.0,0.001,256,50.0,auto,auto,periodic,Simulation diverged at t=2: amplitude ratio 9.17e+10 exceeds threshold 1e+08. The system is physically unstable (linearized regime violated).,diverged,Simulation diverged at t=2: amplitude ratio 9.17e+10 exceeds threshold 1e+08. The system is physically unstable (linearized regime violated).,-1,,,,
1.6615816337627285,-1.6355741609540644,4.953170608660515,-0.03457814272498205,1.0,0.001,256,50.0,auto,auto,periodic,,success,,0,0.0006154035410472972,50.0,0.0006154035410472972,1.22
-0.5869587565864949,-1.376546124536557,1.7020554925439728,0.6638847009777822,1.0,0.001,256,50.0,auto,auto,periodic,Simulation diverged at t=8: amplitude ratio 2.26e+08 exceeds threshold 1e+08. The system is physically unstable (linearized regime violated).,diverged,Simulation diverged at t=8: amplitude ratio 2.26e+08 exceeds threshold 1e+08. The system is physically unstable (linearized regime violated).,-1,,,,
1.2502999391721903,-1.8160655010598736,0.14059795699704136,0.7514079778670242,1.0,0.001,256,50.0,auto,auto,periodic,,success,,0,6.726661066475711e-08,49.0,6.079634593730573e-08,1.23
1.490522158304751,-1.1310630035746518,0.9280433996635805,0.4268752387518935,1.0,0.001,256,50.0,auto,auto,periodic,,success,,0,3.1314151228085334e-06,30.5,2.9624392612538264e-06,1.24
1.3284798612388573,-2.0140137450129982,1.3530563327732217,-0.6488687314100234,1.0,0.001,256,50.0,auto,auto,periodic,,success,,0,1.5554601336400452e-07,41.5,9.784111055398427e-08,1.34
0.26146201389476165,-1.0149713355482484,2.7001874345018373,0.49545290699620104,1.0,0.001,256,50.0,auto,auto,periodic,,success,,0,1.1432927836010017e-07,40.0,1.0305407036580353e-07,1.35
-1.8549062298717904,-2.0710359744007865,1.2683521154588873,-0.8470717442311348,1.0,0.001,256,50.0,auto,auto,periodic,Simulation diverged at t=3.5: amplitude ratio 2.28e+09 exceeds threshold 1e+08. The system is physically unstable (linearized regime violated).,diverged,Simulation diverged at t=3.5: amplitude ratio 2.28e+09 exceeds threshold 1e+08. The system is physically unstable (linearized regime violated).,-1,,,,
-1.4045736982139274,-1.776308325501618,2.8241864582633376,0.10663286886533796,1.0,0.001,256,50.0,auto,auto,periodic,Simulation diverged at t=0.5: amplitude ratio 5.40e+11 exceeds threshold 1e+08. The system is physically unstable (linearized regime violated).,diverged,Simulation diverged at t=0.5: amplitude ratio 5.40e+11 exceeds threshold 1e+08. The system is physically unstable (linearized regime violated).,-1,,,,
-1.283728173844587,-2.6935072419560853,3.4821376351930873,-0.27290183883555985,1.0,0.001,256,50.0,auto,auto,periodic,Simulation diverged at t=1.5: amplitude ratio 3.99e+09 exceeds threshold 1e+08. The system is physically unstable (linearized regime violated).,diverged,Simulation diverged at t=1.5: amplitude ratio 3.99e+09 exceeds threshold 1e+08. The system is physically unstable (linearized regime violated).,-1,,,,
0.46674366244661014,-0.4664107825669981,0.06463940338006047,-0.2935687245986821,1.0,0.001,256,50.0,auto,auto,periodic,,success,,0,5.555184687486925e-06,36.5,4.869988673043228e-07,2.11
-0.26611172062979715,-0.33187903954695397,4.448698352119434,0.18697305496311012,1.0,0.001,256,50.0,auto,auto,periodic,,success,,0,5.366778641338558e-06,12.0,6.05667056549597e-07,1.37
-0.3908223341810797,-0.8470739217652383,3.2457291230829304,-0.06545823265663087,1.0,0.001,256,50.0,auto,auto,periodic,,success,,0,6.8057055314192235e-06,13.0,7.2642066121673e-07,1.3
-0.0204934364829108,-2.680362702633814,0.5790265555271084,-0.5289916658990452,1.0,0.001,256,50.0,auto,auto,periodic,Simulation diverged at t=5: amplitude ratio 1.42e+09 exceeds threshold 1e+08. The system is physically unstable (linearized regime violated).,diverged,Simulation diverged at t=5: amplitude ratio 1.42e+09 exceeds threshold 1e+08. The system is physically unstable (linearized regime violated).,-1,,,,
0.9976239344352078,-1.3846886086138224,2.0753466655376194,0.7743443490878053,1.0,0.001,256,50.0,auto,auto,periodic,,success,,0,4.853434444999709e-08,47.5,3.656024785181732e-08,1.2
1.2773466987218711,-0.8197988205607682,2.5083383772621417,-0.04567230227282115,1.0,0.001,256,50.0,auto,auto,periodic,,success,,0,0.0006071737642637457,50.0,0.0006071737642637457,1.24
-0.924102147023321,-1.3560679770421786,4.670738777605889,-0.7201055568455113,1.0,0.001,256,50.0,auto,auto,periodic,Simulation diverged at t=10.5: amplitude ratio 2.70e+08 exceeds threshold 1e+08. The system is physically unstable (linearized regime violated).,diverged,Simulation diverged at t=10.5: amplitude ratio 2.70e+08 exceeds threshold 1e+08. The system is physically unstable (linearized regime violated).,-1,,,,
0.014020423796562653,-0.6282815302847475,0.4456772491390393,0.4529176829904755,1.0,0.001,256,50.0,auto,auto,periodic,,success,,0,1.4800207265807604e-07,41.5,1.0077467721616156e-07,1.25
-1.1471841516031982,-1.269672655217354,4.500936650525907,-0.04185577348076652,1.0,0.001,256,50.0,auto,auto,periodic,,success,,0,0.0006290856206762135,50.0,0.0006290856206762135,1.21
-1.2144623229637808,-2.209518202487151,4.372918686997128,-0.37115141373412186,1.0,0.001,256,50.0,auto,auto,periodic,Simulation diverged at t=3: amplitude ratio 7.68e+08 exceeds threshold 1e+08. The system is physically unstable (linearized regime violated).,diverged,Simulation diverged at t=3: amplitude ratio 7.68e+08 exceeds threshold 1e+08. The system is physically unstable (linearized regime violated).,-1,,,,
0.3373318112668775,-1.712582266245203,2.1944426521968605,-0.5795486623830295,1.0,0.001,256,50.0,auto,auto,periodic,,success,,0,3.1645069489127964e-10,43.0,2.9300038608415035e-10,1.03
-0.6297835650291135,-1.6544496493928202,4.9213071496894925,-0.11826942391476192,1.0,0.001,256,50.0,auto,auto,periodic,Simulation diverged at t=1: amplitude ratio 4.29e+08 exceeds threshold 1e+08. The system is physically unstable (linearized regime violated).,diverged,Simulation diverged at t=1: amplitude ratio 4.29e+08 exceeds threshold 1e+08. The system is physically unstable (linearized regime violated).,-1,,,,
-0.9129388090552479,-0.3468817209512105,3.383282714410309,0.2443188979280455,1.0,0.001,256,50.0,auto,auto,periodic,Simulation diverged at t=7: amplitude ratio 1.53e+08 exceeds threshold 1e+08. The system is physically unstable (linearized regime violated).,diverged,Simulation diverged at t=7: amplitude ratio 1.53e+08 exceeds threshold 1e+08. The system is physically unstable (linearized regime violated).,-1,,,,
0.5582353852009785,-1.563253248624473,2.805173404758924,0.45712232512409257,1.0,0.001,256,50.0,auto,auto,periodic,,success,,0,1.9936309315451927e-07,43.0,6.450236755416109e-08,1.6
-0.24111084198570865,-1.9049094871165093,4.901629604588787,-0.8581788942705013,1.0,0.001,256,50.0,auto,auto,periodic,Simulation diverged at t=15.5: amplitude ratio 2.61e+08 exceeds threshold 1e+08. The system is physically unstable (linearized regime violated).,diverged,Simulation diverged at t=15.5: amplitude ratio 2.61e+08 exceeds threshold 1e+08. The system is physically unstable (linearized regime violated).,-1,,,,
-1.0848918016234552,-0.7338666732026375,3.886857201639726,0.5453868577479861,1.0,0.001,256,50.0,auto,auto,periodic,Simulation diverged at t=6.5: amplitude ratio 1.09e+09 exceeds threshold 1e+08. The system is physically unstable (linearized regime violated).,diverged,Simulation diverged at t=6.5: amplitude ratio 1.09e+09 exceeds threshold 1e+08. The system is physically unstable (linearized regime violated).,-1,,,,
-1.7445012848382755,-0.08530339796976127,4.837127716489377,0.7397134352377905,1.0,0.001,256,50.0,auto,auto,periodic,Simulation diverged at t=8: amplitude ratio 2.19e+08 exceeds threshold 1e+08. The system is physically unstable (linearized regime violated).,diverged,Simulation diverged at t=8: amplitude ratio 2.19e+08 exceeds threshold 1e+08. The system is physically unstable (linearized regime violated).,-1,,,,
1.7358742866740902,-1.7574274461270945,1.2879011066618462,-0.5524464317031643,1.0,0.001,256,50.0,auto,auto,periodic,,success,,0,9.042492558186153e-07,38.5,5.392424299246285e-07,1.38
-0.8686422270781193,-1.3044505595926548,3.9078183724146025,0.17559120911277093,1.0,0.001,256,50.0,auto,auto,periodic,Simulation diverged at t=2: amplitude ratio 2.06e+10 exceeds threshold 1e+08. The system is physically unstable (linearized regime violated).,diverged,Simulation diverged at t=2: amplitude ratio 2.06e+10 exceeds threshold 1e+08. The system is physically unstable (linearized regime violated).,-1,,,,
1.0888130751856915,-0.8521419088825524,2.908708163814588,-0.9568834712532451,1.0,0.001,256,50.0,auto,auto,periodic,,success,,0,2.5504941853430862e-08,46.0,1.095163756356314e-08,1.85
0.9905999952574849,-2.465889951873198,4.142437079239206,-0.05426630290596879,1.0,0.001,256,50.0,auto,auto,periodic,,success,,0,0.000518586797174713,50.0,0.000518586797174713,1.21
-1.3064903471630922,-1.4598666656156198,2.5432593635882874,-0.798604233141258,1.0,0.001,256,50.0,auto,auto,periodic,Simulation diverged at t=10: amplitude ratio 1.42e+08 exceeds threshold 1e+08. The system is physically unstable (linearized regime violated).,diverged,Simulation diverged at t=10: amplitude ratio 1.42e+08 exceeds threshold 1e+08. The system is physically unstable (linearized regime violated).,-1,,,,
-0.03894897790719787,-1.0740549453468773,4.28032223861838,-0.3826594282600514,1.0,0.001,256,50.0,auto,auto,periodic,,success,,0,5.392282947475812e-08,48.0,4.5746198337477813e-08,1.27
-1.9173778985800878,-0.8897730078732469,2.126105520480586,0.28026810150017534,1.0,0.001,256,50.0,auto,auto,periodic,Simulation diverged at t=0.5: amplitude ratio 1.02e+10 exceeds threshold 1e+08. The system is physically unstable (linearized regime violated).,diverged,Simulation diverged at t=0.5: amplitude ratio 1.02e+10 exceeds threshold 1e+08. The system is physically unstable (linearized regime violated).,-1,,,,
1.080480625194749,-2.2568333180365476,1.0656611408741976,0.44891628603884537,1.0,0.001,256,50.0,auto,auto,periodic,,success,,0,4.113665168412158e-07,33.5,2.4928543798015624e-07,1.17
0.761132718089514,-0.9442025771766511,1.7628876262572235,-0.5917429463035522,1.0,0.001,256,50.0,auto,auto,periodic,,success,,0,2.4161748610438427e-07,43.0,4.338449898597417e-08,1.36
-1.7797388890615609,-2.038145455476021,3.2635235295957505,-0.7045111918559397,1.0,0.001,256,50.0,auto,auto,periodic,Simulation diverged at t=7: amplitude ratio 5.45e+08 exceeds threshold 1e+08. The system is physically unstable (linearized regime violated).,diverged,Simulation diverged at t=7: amplitude ratio 5.45e+08 exceeds threshold 1e+08. The system is physically unstable (linearized regime violated).,-1,,,,
1.5887574581142165,-1.1752095054719276,3.445419701947554,-0.13648666417688415,1.0,0.001,256,50.0,auto,auto,periodic,,success,,0,0.00032895317480565123,50.0,0.00032895317480565123,1.35
0.05460633976039819,-2.988734621154259,1.074749602150218,-0.7905347521617097,1.0,0.001,256,50.0,auto,auto,periodic,Simulation diverged at t=8.5: amplitude ratio 3.35e+08 exceeds threshold 1e+08. The system is physically unstable (linearized regime violated).,diverged,Simulation diverged at t=8.5: amplitude ratio 3.35e+08 exceeds threshold 1e+08. The system is physically unstable (linearized regime violated).,-1,,,,
1.3425938390056378,-0.1888568377849862,3.600094526655337,0.6296857636132243,1.0,0.001,256,50.0,auto,auto,periodic,,success,,0,7.778186904839773e-07,22.5,6.438968822705539e-07,1.26
1.0036751354114664,-2.9010640156277443,3.0726802352856932,-0.4063280212294237,1.0,0.001,256,50.0,auto,auto,periodic,,success,,0,1.184150572139323e-07,40.0,1.042623089213801e-07,1.18
1.6307807004469743,-1.2036741185328999,4.168911039630563,0.26450010824951353,1.0,0.001,256,50.0,auto,auto,periodic,,success,,0,2.6861092768333135e-05,21.0,8.631656912500214e-06,1.18
-0.9824471616827088,-2.134184197416193,3.1597222308482156,0.2155672741528063,1.0,0.001,256,50.0,auto,auto,periodic,Simulation diverged at t=1.5: amplitude ratio 1.48e+09 exceeds threshold 1e+08. The system is physically unstable (linearized regime violated).,diverged,Simulation diverged at t=1.5: amplitude ratio 1.48e+09 exceeds threshold 1e+08. The system is physically unstable (linearized regime violated).,-1,,,,
-1.0070890885862582,-2.8616552567935503,4.498164188822703,0.05860906938947896,1.0,0.001,256,50.0,auto,auto,periodic,,success,,0,0.0006277238212637628,50.0,0.0006277238212637628,1.12
0.9427618448643935,-1.4740592503489967,3.208728312456283,0.4720590634967843,1.0,0.001,256,50.0,auto,auto,periodic,,success,,0,6.16744339619453e-07,49.5,6.12123036452953e-07,1.03
0.1143269303270853,-2.9998306944035065,1.1047984304623242,-0.14403413403758558,1.0,0.001,256,50.0,auto,auto,periodic,Simulation diverged at t=1: amplitude ratio 6.90e+09 exceeds threshold 1e+08. The system is physically unstable (linearized regime violated).,diverged,Simulation diverged at t=1: amplitude ratio 6.90e+09 exceeds threshold 1e+08. The system is physically unstable (linearized regime violated).,-1,,,,
-0.7612683327180534,-1.8804962220540222,0.5259483267995073,0.11679126202085,1.0,0.001,256,50.0,auto,auto,periodic,Simulation diverged at t=1: amplitude ratio 1.17e+13 exceeds threshold 1e+08. The system is physically unstable (linearized regime violated).,diverged,Simulation diverged at t=1: amplitude ratio 1.17e+13 exceeds threshold 1e+08. The system is physically unstable (linearized regime violated).,-1,,,,
0.3097409652866774,-2.840916535715013,4.294341486189008,-0.9038592661770807,1.0,0.001,256,50.0,auto,auto,periodic,Simulation diverged at t=21.5: amplitude ratio 1.94e+08 exceeds threshold 1e+08. The system is physically unstable (linearized regime violated).,diverged,Simulation diverged at t=21.5: amplitude ratio 1.94e+08 exceeds threshold 1e+08. The system is physically unstable (linearized regime violated).,-1,,,,
-0.10959000521182061,-2.881675757825628,1.0989814454099036,-0.5021865066188534,1.0,0.001,256,50.0,auto,auto,periodic,Simulation diverged at t=7: amplitude ratio 2.42e+08 exceeds threshold 1e+08. The system is physically unstable (linearized regime violated).,diverged,Simulation diverged at t=7: amplitude ratio 2.42e+08 exceeds threshold 1e+08. The system is physically unstable (linearized regime violated).,-1,,,,
-0.04357079942739617,-1.6434345292139922,0.47716727625550115,0.25176706612962807,1.0,0.001,256,50.0,auto,auto,periodic,,success,,0,22781133633.35058,50.0,22781133633.35058,2.37
1.6192855248717737,-2.9644985764480527,3.9850336372818584,0.40921516741338126,1.0,0.001,256,50.0,auto,auto,periodic,,success,,0,1.0432311850671424e-06,40.0,3.495963674644319e-07,1.32
-0.4314686454339012,-2.4014156604860224,3.6825018123078443,-0.8272018093967001,1.0,0.001,256,50.0,auto,auto,periodic,Simulation diverged at t=5.5: amplitude ratio 1.35e+08 exceeds threshold 1e+08. The system is physically unstable (linearized regime violated).,diverged,Simulation diverged at t=5.5: amplitude ratio 1.35e+08 exceeds threshold 1e+08. The system is physically unstable (linearized regime violated).,-1,,,,
-0.6220102308595821,-2.6842701510544345,0.38123513448341945,-0.09039734888069384,1.0,0.001,256,50.0,auto,auto,periodic,,success,,0,0.0004953683367682233,50.0,0.0004953683367682233,1.16
1.9397953420942748,-2.33226032901328,1.5006027422647639,0.46995149606252373,1.0,0.001,256,50.0,auto,auto,periodic,,success,,0,1.6894405611144904e-06,44.5,5.070883269697757e-07,1.14
1.958557751224757,-0.18527627195129615,3.7115596198385563,-0.2237143008639999,1.0,0.001,256,50.0,auto,auto,periodic,,success,,0,0.00011251800829477823,38.5,8.900739035293214e-05,1.27
1.9658747863857071,-1.3282240596805632,2.103839309664433,-0.7313715061997359,1.0,0.001,256,50.0,auto,auto,periodic,,success,,0,4.05542691431881e-07,46.0,2.3110337691224963e-07,1.27
-1.2653770506711148,-2.6158663071233383,3.010600555878447,-0.6000238185587806,1.0,0.001,256,50.0,auto,auto,periodic,Simulation diverged at t=5: amplitude ratio 5.94e+08 exceeds threshold 1e+08. The system is physically unstable (linearized regime violated).,diverged,Simulation diverged at t=5: amplitude ratio 5.94e+08 exceeds threshold 1e+08. The system is physically unstable (linearized regime violated).,-1,,,,
-1.0297120117455165,-0.7713910935574937,4.770584374261383,-0.8942789426789705,1.0,0.001,256,50.0,auto,auto,periodic,Simulation diverged at t=14.5: amplitude ratio 1.19e+08 exceeds threshold 1e+08. The system is physically unstable (linearized regime violated).,diverged,Simulation diverged at t=14.5: amplitude ratio 1.19e+08 exceeds threshold 1e+08. The system is physically unstable (linearized regime violated).,-1,,,,
-1.3465924692875961,-2.904294050299255,1.6488664008413612,0.35329132914946726,1.0,0.001,256,50.0,auto,auto,periodic,Simulation diverged at t=3: amplitude ratio 2.61e+09 exceeds threshold 1e+08. The system is physically unstable (linearized regime violated).,diverged,Simulation diverged at t=3: amplitude ratio 2.61e+09 exceeds threshold 1e+08. The system is physically unstable (linearized regime violated).,-1,,,,
0.03455330410018709,-2.467283401574264,1.7286184973645367,-0.6176152573609959,1.0,0.001,256,50.0,auto,auto,periodic,Simulation diverged at t=12.5: amplitude ratio 2.61e+08 exceeds threshold 1e+08. The system is physically unstable (linearized regime violated).,diverged,Simulation diverged at t=12.5: amplitude ratio 2.61e+08 exceeds threshold 1e+08. The system is physically unstable (linearized regime violated).,-1,,,,
1.10156343886903,-0.16128928553531097,1.329846684027266,0.32389830914530715,1.0,0.001,256,50.0,auto,auto,periodic,,success,,0,1.1419353700053677e-05,46.0,9.881344131789602e-06,1.38
1.369004932607885,-0.3519204629755244,4.729410907623207,0.12674010622265142,1.0,0.001,256,50.0,auto,auto,periodic,,success,,0,0.00040901548750590255,50.0,0.00040901548750590255,1.34
0.9106810070677169,-2.745642159531557,2.994708387312117,0.8420842095421488,1.0,0.001,256,50.0,auto,auto,periodic,,success,,0,0.047634265775079954,50.0,0.047634265775079954,1.06
-0.5954199936289217,-0.41894811014495437,0.09998980637655322,-0.8713373959052322,1.0,0.001,256,50.0,auto,auto,periodic,,success,,0,5654923518530.962,50.0,5654923518530.962,1.47
-1.651722545476143,-1.6781309910742643,3.62284660866863,0.08417373486781177,1.0,0.001,256,50.0,auto,auto,periodic,,success,,0,0.0005969233907329531,50.0,0.0005969233907329531,1.51
-1.2181376431151816,-2.977391204309103,1.8708912085249816,-0.462995475680298,1.0,0.001,256,50.0,auto,auto,periodic,Simulation diverged at t=1.5: amplitude ratio 1.69e+10 exceeds threshold 1e+08. The system is physically unstable (linearized regime violated).,diverged,Simulation diverged at t=1.5: amplitude ratio 1.69e+10 exceeds threshold 1e+08. The system is physically unstable (linearized regime violated).,-1,,,,
-0.5726411897102706,-1.0131309045797836,3.84095356785775,-0.41283034120802553,1.0,0.001,256,50.0,auto,auto,periodic,Simulation diverged at t=11: amplitude ratio 1.10e+08 exceeds threshold 1e+08. The system is physically unstable (linearized regime violated).,diverged,Simulation diverged at t=11: amplitude ratio 1.10e+08 exceeds threshold 1e+08. The system is physically unstable (linearized regime violated).,-1,,,,
0.1730961084039495,-2.2351917715745415,3.610602910053834,-0.25895852125615837,1.0,0.001,256,50.0,auto,auto,periodic,Simulation diverged at t=10.5: amplitude ratio 1.32e+08 exceeds threshold 1e+08. The system is physically unstable (linearized regime violated).,diverged,Simulation diverged at t=10.5: amplitude ratio 1.32e+08 exceeds threshold 1e+08. The system is physically unstable (linearized regime violated).,-1,,,,
-1.71667201125621,-1.110901333947822,1.3103440092401495,0.09878123344648992,1.0,0.001,256,50.0,auto,auto,periodic,,success,,0,0.0005164200228366803,50.0,0.0005164200228366803,1.08
1.1687399376674632,-0.11779283808481411,3.271264357640067,-0.47407910375159534,1.0,0.001,256,50.0,auto,auto,periodic,,success,,0,2.4579339329410287e-06,29.0,2.26000483194132e-06,1.45
0.8963904303256092,-1.3735424993120877,1.5763978185555405,-0.4249911472169128,1.0,0.001,256,50.0,auto,auto,periodic,,success,,0,1.0232685635345032e-06,40.0,3.70354579209688e-07,1.43
-0.06902899331851797,-2.8872987653032074,0.8137468741997187,0.6446951978009656,1.0,0.001,256,50.0,auto,auto,periodic,Simulation diverged at t=3: amplitude ratio 6.44e+08 exceeds threshold 1e+08. The system is physically unstable (linearized regime violated).,diverged,Simulation diverged at t=3: amplitude ratio 6.44e+08 exceeds threshold 1e+08. The system is physically unstable (linearized regime violated).,-1,,,,
-0.6797260576915078,-2.7985584080401122,0.3558451953233546,-0.11500442255724386,1.0,0.001,256,50.0,auto,auto,periodic,Simulation diverged at t=1: amplitude ratio 1.94e+14 exceeds threshold 1e+08. The system is physically unstable (linearized regime violated).,diverged,Simulation diverged at t=1: amplitude ratio 1.94e+14 exceeds threshold 1e+08. The system is physically unstable (linearized regime violated).,-1,,,,
-0.7373597480736782,-0.5890643503013022,1.816408120583637,0.1316072637873893,1.0,0.001,256,50.0,auto,auto,periodic,Simulation diverged at t=1.5: amplitude ratio 7.43e+08 exceeds threshold 1e+08. The system is physically unstable (linearized regime violated).,diverged,Simulation diverged at t=1.5: amplitude ratio 7.43e+08 exceeds threshold 1e+08. The system is physically unstable (linearized regime violated).,-1,,,,
0.80109786754912,-1.6209917901017152,2.9337269551904974,0.07123063814134123,1.0,0.001,256,50.0,auto,auto,periodic,,success,,0,0.00047803302145823454,50.0,0.00047803302145823454,1.33
1.7420569393144758,-1.963327495453163,2.3352629500487834,-0.8069630045096112,1.0,0.001,256,50.0,auto,auto,periodic,,success,,0,1.070907349736385e-07,40.0,1.0020101843995083e-07,1.33
1.1270540294094786,-0.28404769715830813,0.729336542039213,-0.3881945309641127,1.0,0.001,256,50.0,auto,auto,periodic,,success,,0,5.074274040324971e-06,12.0,8.78992801128189e-07,1.32
-1.3390408805968037,-2.893462991237751,2.4838468602619694,0.4814676815957777,1.0,0.001,256,50.0,auto,auto,periodic,Simulation diverged at t=3.5: amplitude ratio 1.30e+08 exceeds threshold 1e+08. The system is physically unstable (linearized regime violated).,diverged,Simulation diverged at t=3.5: amplitude ratio 1.30e+08 exceeds threshold 1e+08. The system is physically unstable (linearized regime violated).,-1,,,,
-1.6088026488484433,-0.9557832371122967,3.939260996218777,0.6058561657554469,1.0,0.001,256,50.0,auto,auto,periodic,Simulation diverged at t=6: amplitude ratio 1.97e+08 exceeds threshold 1e+08. The system is physically unstable (linearized regime violated).,diverged,Simulation diverged at t=6: amplitude ratio 1.97e+08 exceeds threshold 1e+08. The system is physically unstable (linearized regime violated).,-1,,,,
-0.549259731986206,-0.325832740543627,4.93328625075246,0.7917375054742883,1.0,0.001,256,50.0,auto,auto,periodic,,success,,0,8464828.80661369,50.0,8464828.80661369,1.23
1.8782274360398734,-1.4673373891858823,4.614571029807827,-0.4860409491578138,1.0,0.001,256,50.0,auto,auto,periodic,,success,,0,2.2995032045923445e-06,47.5,1.9049557915859306e-06,1.3
0.6516992815990661,-0.9630302070843975,0.7187586472831031,0.7833578762265008,1.0,0.001,256,50.0,auto,auto,periodic,,success,,0,2.7019644996181806e-08,46.0,1.2272009131380675e-08,1.39
1.0485337005939943,-1.4279588027637928,2.923300647812135,0.3148937115333088,1.0,0.001,256,50.0,auto,auto,periodic,,success,,0,4.957880202592322e-06,35.0,1.02321867385371e-06,1.46
-0.46049460409404386,-2.3058214345616346,0.16723479876606195,0.21864497918762082,1.0,0.001,256,50.0,auto,auto,periodic,Simulation diverged at t=3: amplitude ratio 7.65e+09 exceeds threshold 1e+08. The system is physically unstable (linearized regime violated).,diverged,Simulation diverged at t=3: amplitude ratio 7.65e+09 exceeds threshold 1e+08. The system is physically unstable (linearized regime violated).,-1,,,,
1.8236000221000461,-1.8759164544549154,4.109811835402574,0.5070924958420693,1.0,0.001,256,50.0,auto,auto,periodic,,success,,0,1.384783176324797e-06,41.5,1.3885781861734547e-07,2.27
1.0709788661521906,-1.1697065082461477,1.031921702293982,0.6642505715818319,1.0,0.001,256,50.0,auto,auto,periodic,,success,,0,1.910236917524465e-07,30.5,6.900761359892046e-08,1.29
-1.132443770716659,-0.16307315980045267,1.934980540669695,0.6802506645358837,1.0,0.001,256,50.0,auto,auto,periodic,Simulation diverged at t=10: amplitude ratio 1.76e+08 exceeds threshold 1e+08. The system is physically unstable (linearized regime violated).,diverged,Simulation diverged at t=10: amplitude ratio 1.76e+08 exceeds threshold 1e+08. The system is physically unstable (linearized regime violated).,-1,,,,
1.4255685708591965,-0.21338861417463173,0.8268784926073174,0.79779676742022,1.0,0.001,256,50.0,auto,auto,periodic,,success,,0,2.607356455538048e-07,44.5,4.1927917465181865e-08,1.12
0.31757552035971237,-1.33862410341156,1.8076886571529838,0.44082891494075005,1.0,0.001,256,50.0,auto,auto,periodic,,success,,0,1.2966585984742413e-07,40.0,1.0520482277674503e-07,1.02
0.8866224927167639,-2.192228341421838,2.7369518082483344,-0.5430850299790199,1.0,0.001,256,50.0,auto,auto,periodic,,success,,0,7.798458982930983e-08,49.5,7.401672213460328e-08,1.17
-0.5648145656860908,-2.4131191001343586,2.848591295805965,-0.9675090853783596,1.0,0.001,256,50.0,auto,auto,periodic,Simulation diverged at t=14.5: amplitude ratio 1.04e+08 exceeds threshold 1e+08. The system is physically unstable (linearized regime violated).,diverged,Simulation diverged at t=14.5: amplitude ratio 1.04e+08 exceeds threshold 1e+08. The system is physically unstable (linearized regime violated).,-1,,,,
-0.3342384564460723,-1.9848069889758255,1.8944931906746407,-0.3005688075063787,1.0,0.001,256,50.0,auto,auto,periodic,Simulation diverged at t=6: amplitude ratio 8.50e+08 exceeds threshold 1e+08. The system is physically unstable (linearized regime violated).,diverged,Simulation diverged at t=6: amplitude ratio 8.50e+08 exceeds threshold 1e+08. The system is physically unstable (linearized regime violated).,-1,,,,
0.5123388692854944,-1.4523325244756728,4.7430861606268815,-0.24732734217902452,1.0,0.001,256,50.0,auto,auto,periodic,,success,,0,3.791651399848813e-06,32.0,2.5638168861504843e-06,1.3
1.3634639760639184,-0.9516037410500671,1.1618104035567687,-0.5566906462830872,1.0,0.001,256,50.0,auto,auto,periodic,,success,,0,9.088809513439179e-07,38.5,5.337371591976781e-07,1.11
-0.9557931952404115,-2.060876861390999,1.9814555853385456,0.586416808524991,1.0,0.001,256,50.0,auto,auto,periodic,Simulation diverged at t=7.5: amplitude ratio 6.68e+08 exceeds threshold 1e+08. The system is physically unstable (linearized regime violated).,diverged,Simulation diverged at t=7.5: amplitude ratio 6.68e+08 exceeds threshold 1e+08. The system is physically unstable (linearized regime violated).,-1,,,,
0.41242896175531474,-2.008115474811379,0.7579281323703226,0.15355325269937592,1.0,0.001,256,50.0,auto,auto,periodic,,success,,0,4.805936517571396e-06,35.0,1.2177472208725663e-06,1.62
-0.3653569634024332,-0.43153726790446667,0.12618050529734587,0.805364860719997,1.0,0.001,256,50.0,auto,auto,periodic,,success,,0,57.66170917304472,50.0,57.66170917304472,1.49
0.6935390959360035,-2.084741030576319,3.1339015016181144,0.022544353354236657,1.0,0.001,256,50.0,auto,auto,periodic,,success,,0,0.0006111287105444066,50.0,0.0006111287105444066,1.0
0.5366975737245632,-1.804092352374329,0.017790847699898363,0.5653137499297056,1.0,0.001,256,50.0,auto,auto,periodic,,success,,0,1.9882224193799286e-08,46.0,7.3743392173995855e-09,0.97
-0.15636590550798957,-2.3890793668315142,1.8673422169122411,-0.9289377253135793,1.0,0.001,256,50.0,auto,auto,periodic,Simulation diverged at t=14.5: amplitude ratio 1.35e+08 exceeds threshold 1e+08. The system is physically unstable (linearized regime violated).,diverged,Simulation diverged at t=14.5: amplitude ratio 1.35e+08 exceeds threshold 1e+08. The system is physically unstable (linearized regime violated).,-1,,,,
-1.3284725059817961,-1.2593541034614897,3.3930084485826617,-0.7125091129760004,1.0,0.001,256,50.0,auto,auto,periodic,Simulation diverged at t=8: amplitude ratio 6.03e+08 exceeds threshold 1e+08. The system is physically unstable (linearized regime violated).,diverged,Simulation diverged at t=8: amplitude ratio 6.03e+08 exceeds threshold 1e+08. The system is physically unstable (linearized regime violated).,-1,,,,
0.5618310767678909,-2.7480779147259646,0.8984037101481073,0.3501182263090943,1.0,0.001,256,50.0,auto,auto,periodic,,success,,0,2.1061118356185466,50.0,2.1061118356185466,2.35
-0.13465742503139633,-0.009264383262358677,1.028443877741607,0.39902471801532235,1.0,0.001,256,50.0,auto,auto,periodic,,success,,0,5.618698849431453e-07,49.0,5.243433129569816e-07,1.23
1.2943986717984455,-2.0698157251349447,2.0593086754604464,-0.5069864437844038,1.0,0.001,256,50.0,auto,auto,periodic,,success,,0,4.965746856843746e-07,47.5,4.1992210382595456e-07,1.31
0.4940605082587779,-0.1418267228286716,3.5431670485499445,0.49630131470189487,1.0,0.001,256,50.0,auto,auto,periodic,,success,,0,7.546018152510178e-07,37.0,6.560735875944244e-07,1.22
0.16038238212609457,-2.473580924249218,4.6805609340247685,-0.9946356714493171,1.0,0.001,256,50.0,auto,auto,periodic,Simulation diverged at t=23: amplitude ratio 1.60e+08 exceeds threshold 1e+08. The system is physically unstable (linearized regime violated).,diverged,Simulation diverged at t=23: amplitude ratio 1.60e+08 exceeds threshold 1e+08. The system is physically unstable (linearized regime violated).,-1,,,,
1.0190504321767677,-0.3234363067718329,1.1350382795038962,0.9700600448959975,1.0,0.001,256,50.0,auto,auto,periodic,,success,,0,3.709191237782781e-08,47.5,2.2818401779561547e-08,1.18
-1.1567740052177067,-1.7465090806004349,3.5726884270621992,-0.5744307305765837,1.0,0.001,256,50.0,auto,auto,periodic,Simulation diverged at t=7.5: amplitude ratio 1.15e+08 exceeds threshold 1e+08. The system is physically unstable (linearized regime violated).,diverged,Simulation diverged at t=7.5: amplitude ratio 1.15e+08 exceeds threshold 1e+08. The system is physically unstable (linearized regime violated).,-1,,,,
-0.8203918201390148,-0.016655061972219887,0.20056755527549155,-0.21518559103107138,1.0,0.001,256,50.0,auto,auto,periodic,,success,,0,3.255746071229234e-14,50.0,3.255746071229234e-14,1.04
0.326522979097287,-1.6852140106934046,0.08419165471579027,0.5969826342833786,1.0,0.001,256,50.0,auto,auto,periodic,,success,,0,5.6362244777786065e-12,50.0,5.6362244777786065e-12,1.03
1.47440415115596,-1.3453431427043594,2.212168961124723,-0.9424033419628803,1.0,0.001,256,50.0,auto,auto,periodic,,success,,0,4.153171417121165e-08,47.5,2.7499486853243892e-08,1.1
1.3920507348128206,-1.444373229738154,4.546195124388729,-0.317020461844131,1.0,0.001,256,50.0,auto,auto,periodic,,success,,0,8.119944573168576e-06,41.5,2.666965389582564e-06,1.03
1.6118124598227315,-1.2194713207697254,3.305240640998079,0.8147944864274377,1.0,0.001,256,50.0,auto,auto,periodic,,success,,0,1.5283675947565438e-07,41.5,9.89913044860865e-08,1.67
-0.7148114833871055,-2.8743351673668593,2.4532367601549705,-0.9526114499644405,1.0,0.001,256,50.0,auto,auto,periodic,Simulation diverged at t=10: amplitude ratio 1.11e+08 exceeds threshold 1e+08. The system is physically unstable (linearized regime violated).,diverged,Simulation diverged at t=10: amplitude ratio 1.11e+08 exceeds threshold 1e+08. The system is physically unstable (linearized regime violated).,-1,,,,
-0.792006031272416,-1.4800451948250353,4.126883873401402,-0.5837526019653475,1.0,0.001,256,50.0,auto,auto,periodic,Simulation diverged at t=6.5: amplitude ratio 1.30e+08 exceeds threshold 1e+08. The system is physically unstable (linearized regime violated).,diverged,Simulation diverged at t=6.5: amplitude ratio 1.30e+08 exceeds threshold 1e+08. The system is physically unstable (linearized regime violated).,-1,,,,
-1.5598563256809277,-1.8624425088946877,4.41019574365126,-0.7162625462356647,1.0,0.001,256,50.0,auto,auto,periodic,Simulation diverged at t=1.5: amplitude ratio 3.22e+10 exceeds threshold 1e+08. The system is physically unstable (linearized regime violated).,diverged,Simulation diverged at t=1.5: amplitude ratio 3.22e+10 exceeds threshold 1e+08. The system is physically unstable (linearized regime violated).,-1,,,,
1.0387999382739461,-2.9217837821493506,1.77676949559627,-0.3565733154903302,1.0,0.001,256,50.0,auto,auto,periodic,,success,,0,2.9211886502226443e-07,44.5,5.179662970860455e-08,0.96
1.5780862380413199,-1.237554847013795,4.9773052343635085,-0.10267734317024158,1.0,0.001,256,50.0,auto,auto,periodic,,success,,0,0.0004820052117036189,50.0,0.0004820052117036189,1.13
-0.9696860099768159,-0.7966720158214451,2.2645315525222363,0.523860545023771,1.0,0.001,256,50.0,auto,auto,periodic,Simulation diverged at t=11: amplitude ratio 3.40e+08 exceeds threshold 1e+08. The system is physically unstable (linearized regime violated).,diverged,Simulation diverged at t=11: amplitude ratio 3.40e+08 exceeds threshold 1e+08. The system is physically unstable (linearized regime violated).,-1,,,,
1.3896281596319664,-0.22702844975905245,2.0843487372620304,-0.6725112942915814,1.0,0.001,256,50.0,auto,auto,periodic,,success,,0,5.986844566189073e-07,49.5,5.807396526498254e-07,1.33
0.8602525837219681,-1.2953568355771345,2.497346827224564,-0.69836966796805,1.0,0.001,256,50.0,auto,auto,periodic,,success,,0,7.528527153931566e-08,49.0,7.059514000274511e-08,1.53
-1.445971861291768,-0.9708374154762001,2.282109606898143,0.6546129506159153,1.0,0.001,256,50.0,auto,auto,periodic,Simulation diverged at t=5.5: amplitude ratio 2.84e+08 exceeds threshold 1e+08. The system is physically unstable (linearized regime violated).,diverged,Simulation diverged at t=5.5: amplitude ratio 2.84e+08 exceeds threshold 1e+08. The system is physically unstable (linearized regime violated).,-1,,,,
0.6321660287280806,-1.2245184767567987,3.402313525295077,0.4866235719076979,1.0,0.001,256,50.0,auto,auto,periodic,,success,,0,3.3086286888334855e-07,32.0,1.035525628806572e-07,1.29
-1.5082373643939233,-2.423373137418393,3.8788421601701577,0.10943780213666465,1.0,0.001,256,50.0,auto,auto,periodic,,success,,0,0.0005350090164615341,50.0,0.0005350090164615341,1.17
1.4641001625632297,-1.3118324722754329,0.6042705349405113,-0.8765393807571275,1.0,0.001,256,50.0,auto,auto,periodic,,success,,0,7.122064707765921e-08,49.0,6.543566270165292e-08,1.24
1.2603759433523036,-0.5541818671020513,3.596342734113298,0.08245686758114212,1.0,0.001,256,50.0,auto,auto,periodic,,success,,0,0.0005490137641533109,50.0,0.0005490137641533109,1.33
-0.9978273054683087,-2.7729861668338063,4.558762039605804,-0.3289187090569047,1.0,0.001,256,50.0,auto,auto,periodic,Simulation diverged at t=3.5: amplitude ratio 2.95e+09 exceeds threshold 1e+08. The system is physically unstable (linearized regime violated).,diverged,Simulation diverged at t=3.5: amplitude ratio 2.95e+09 exceeds threshold 1e+08. The system is physically unstable (linearized regime violated).,-1,,,,
-1.0585181548273774,-1.1899445593546325,3.678141364731608,0.32906922517105586,1.0,0.001,256,50.0,auto,auto,periodic,Simulation diverged at t=4.5: amplitude ratio 1.26e+09 exceeds threshold 1e+08. The system is physically unstable (linearized regime violated).,diverged,Simulation diverged at t=4.5: amplitude ratio 1.26e+09 exceeds threshold 1e+08. The system is physically unstable (linearized regime violated).,-1,,,,
-0.45126078012550397,-0.941245232080973,4.880187958679965,-0.6280322447117159,1.0,0.001,256,50.0,auto,auto,periodic,Simulation diverged at t=10: amplitude ratio 1.70e+08 exceeds threshold 1e+08. The system is physically unstable (linearized regime violated).,diverged,Simulation diverged at t=10: amplitude ratio 1.70e+08 exceeds threshold 1e+08. The system is physically unstable (linearized regime violated).,-1,,,,
0.0812744458856618,-0.0274031899738838,0.024321173018383976,0.9245422654544089,1.0,0.001,256,50.0,auto,auto,periodic,,success,,0,8.43411585642608e-10,43.0,7.092266482223454e-10,1.3
0.9758026415012169,-2.5072364335106707,4.1982963347341,0.29417625131986114,1.0,0.001,256,50.0,auto,auto,periodic,,success,,0,1.4021755647838712e-06,8.5,1.5053189765870897e-07,1.48
-1.9743840760202578,-1.413152196272808,0.006615905348373832,-0.962322786639091,1.0,0.001,256,50.0,auto,auto,periodic,Simulation diverged at t=6: amplitude ratio 9.80e+08 exceeds threshold 1e+08. The system is physically unstable (linearized regime violated).,diverged,Simulation diverged at t=6: amplitude ratio 9.80e+08 exceeds threshold 1e+08. The system is physically unstable (linearized regime violated).,-1,,,,
-1.8576209372875054,-0.36351245942242727,1.4479586316859425,-0.7866488995825487,1.0,0.001,256,50.0,auto,auto,periodic,Simulation diverged at t=8.5: amplitude ratio 5.18e+08 exceeds threshold 1e+08. The system is physically unstable (linearized regime violated).,diverged,Simulation diverged at t=8.5: amplitude ratio 5.18e+08 exceeds threshold 1e+08. The system is physically unstable (linearized regime violated).,-1,,,,
-1.9413785792122644,-2.5993810427706645,2.9658603933976924,0.7316890295806149,1.0,0.001,256,50.0,auto,auto,periodic,Simulation diverged at t=4: amplitude ratio 4.07e+08 exceeds threshold 1e+08. The system is physically unstable (linearized regime violated).,diverged,Simulation diverged at t=4: amplitude ratio 4.07e+08 exceeds threshold 1e+08. The system is physically unstable (linearized regime violated).,-1,,,,
1.2028657033074714,-0.09070241334586093,1.1244604114670382,-0.1558303000467952,1.0,0.001,256,50.0,auto,auto,periodic,,success,,0,0.0002576959370510789,50.0,0.0002576959370510789,1.23
-0.27898665612580786,-0.5072128445605677,0.7623124959199735,-0.5718933058444419,1.0,0.001,256,50.0,auto,auto,periodic,,success,,0,2.004868954234635e-10,43.0,1.9143936843835698e-10,1.06
-0.5181105975994971,-1.2609883842380734,0.8471288402914368,0.8929736148850937,1.0,0.001,256,50.0,auto,auto,periodic,Simulation diverged at t=13.5: amplitude ratio 1.27e+08 exceeds threshold 1e+08. The system is physically unstable (linearized regime violated).,diverged,Simulation diverged at t=13.5: amplitude ratio 1.27e+08 exceeds threshold 1e+08. The system is physically unstable (linearized regime violated).,-1,,,,
-0.091266710753797,-2.579940862387768,0.6804794236294552,0.6019568578451318,1.0,0.001,256,50.0,auto,auto,periodic,Simulation diverged at t=10.5: amplitude ratio 1.47e+08 exceeds threshold 1e+08. The system is physically unstable (linearized regime violated).,diverged,Simulation diverged at t=10.5: amplitude ratio 1.47e+08 exceeds threshold 1e+08. The system is physically unstable (linearized regime violated).,-1,,,,
-1.1714321561280219,-2.358940175413137,3.0658660734455396,-0.3135045660907789,1.0,0.001,256,50.0,auto,auto,periodic,Simulation diverged at t=2: amplitude ratio 8.14e+08 exceeds threshold 1e+08. The system is physically unstable (linearized regime violated).,diverged,Simulation diverged at t=2: amplitude ratio 8.14e+08 exceeds threshold 1e+08. The system is physically unstable (linearized regime violated).,-1,,,,
-1.8244816278987788,-2.935940221178548,3.7293442250297657,-0.7614506278572907,1.0,0.001,256,50.0,auto,auto,periodic,Simulation diverged at t=1: amplitude ratio 1.05e+09 exceeds threshold 1e+08. The system is physically unstable (linearized regime violated).,diverged,Simulation diverged at t=1: amplitude ratio 1.05e+09 exceeds threshold 1e+08. The system is physically unstable (linearized regime violated).,-1,,,,
1.0447108171675117,-0.6124683235500816,3.7009576693721535,0.4002541235108532,1.0,0.001,256,50.0,auto,auto,periodic,,success,,0,3.257317143961865e-06,10.0,2.9569918997210632e-06,1.15
1.1602970276510356,-2.7369587080581055,4.822581332992562,0.5293716294147364,1.0,0.001,256,50.0,auto,auto,periodic,,success,,0,8.8613369321435e-08,50.0,8.8613369321435e-08,1.06
1.7636847013329833,-0.12461717386587612,2.979841984098593,0.33575960593822907,1.0,0.001,256,50.0,auto,auto,periodic,,success,,0,1.8676395515737443e-05,18.0,1.5285753614484222e-05,1.2
0.4198117100769374,-1.1374327909599433,3.661480635547023,0.04078588714085485,1.0,0.001,256,50.0,auto,auto,periodic,,success,,0,0.0005847709983954361,50.0,0.0005847709983954361,1.21
1.7807463146358686,-1.8864725849823822,1.0583469413889126,-0.21143927873171853,1.0,0.001,256,50.0,auto,auto,periodic,,success,,0,5.420077005728044e-05,27.5,7.382914042013392e-06,1.32
0.7247433369328342,-0.19849360897281887,3.432816571427667,-0.2812453904587866,1.0,0.001,256,50.0,auto,auto,periodic,,success,,0,1.26490378857731e-05,16.5,1.2087182379701398e-05,1.04
-0.9899653339314145,-0.034565332886040245,4.092432738081549,0.745242390831738,1.0,0.001,256,50.0,auto,auto,periodic,Simulation diverged at t=17: amplitude ratio 2.12e+08 exceeds threshold 1e+08. The system is physically unstable (linearized regime violated).,diverged,Simulation diverged at t=17: amplitude ratio 2.12e+08 exceeds threshold 1e+08. The system is physically unstable (linearized regime violated).,-1,,,,
1.4996798891146992,-0.27791707482628514,0.05253655970504798,0.5737531915862271,1.0,0.001,256,50.0,auto,auto,periodic,,success,,0,1.3673995165805396e-06,41.5,1.3095895123861922e-07,1.12
-1.5150576304427095,-0.3954055994225265,1.5257116233537638,0.11310214791230444,1.0,0.001,256,50.0,auto,auto,periodic,Simulation diverged at t=1.5: amplitude ratio 3.63e+13 exceeds threshold 1e+08. The system is physically unstable (linearized regime violated).,diverged,Simulation diverged at t=1.5: amplitude ratio 3.63e+13 exceeds threshold 1e+08. The system is physically unstable (linearized regime violated).,-1,,,,
1.8380759680033139,-2.1019809630208393,4.016881762502368,-0.2607653606562743,1.0,0.001,256,50.0,auto,auto,periodic,,success,,0,2.1507704267074823e-05,19.5,1.3619379852481708e-05,1.78
-1.986768325801363,-2.8642247851438163,4.52330035358771,-0.5661638164077971,1.0,0.001,256,50.0,auto,auto,periodic,Simulation diverged at t=2.5: amplitude ratio 7.57e+09 exceeds threshold 1e+08. The system is physically unstable (linearized regime violated).,diverged,Simulation diverged at t=2.5: amplitude ratio 7.57e+09 exceeds threshold 1e+08. The system is physically unstable (linearized regime violated).,-1,,,,
1.9122750042341377,-2.1421816515389462,2.3441966910941234,-0.12674315762616617,1.0,0.001,256,50.0,auto,auto,periodic,,success,,0,0.0003498596147817156,50.0,0.0003498596147817156,1.47
-1.0108298709285681,-0.8682009127406398,4.59572015856469,-0.5208277356023493,1.0,0.001,256,50.0,auto,auto,periodic,Simulation diverged at t=8.5: amplitude ratio 1.27e+08 exceeds threshold 1e+08. The system is physically unstable (linearized regime violated).,diverged,Simulation diverged at t=8.5: amplitude ratio 1.27e+08 exceeds threshold 1e+08. The system is physically unstable (linearized regime violated).,-1,,,,
0.25450669984554875,-0.12747171123629952,3.474970269884662,-0.418637991759262,1.0,0.001,256,50.0,auto,auto,periodic,,success,,0,1.0617723499407786e-06,40.0,3.2953125446675667e-07,1.26
0.23452939258303518,-1.593669669204238,3.698198433161284,0.054039643118683145,1.0,0.001,256,50.0,auto,auto,periodic,,success,,0,0.00035063946238718516,50.0,0.00035063946238718516,1.18
-1.794973458514497,-2.2851381556169366,4.70088623828367,0.794069063414359,1.0,0.001,256,50.0,auto,auto,periodic,Simulation diverged at t=6.5: amplitude ratio 1.66e+08 exceeds threshold 1e+08. The system is physically unstable (linearized regime violated).,diverged,Simulation diverged at t=6.5: amplitude ratio 1.66e+08 exceeds threshold 1e+08. The system is physically unstable (linearized regime violated).,-1,,,,
-1.493572755675332,-2.779008156887595,1.9941155026938626,-0.9804685992270761,1.0,0.001,256,50.0,auto,auto,periodic,Simulation diverged at t=9: amplitude ratio 2.33e+08 exceeds threshold 1e+08. The system is physically unstable (linearized regime violated).,diverged,Simulation diverged at t=9: amplitude ratio 2.33e+08 exceeds threshold 1e+08. The system is physically unstable (linearized regime violated).,-1,,,,
-0.9490374361871774,-0.40044767323141084,0.6712078283096657,0.37713034738615625,1.0,0.001,256,50.0,auto,auto,periodic,Simulation diverged at t=6.5: amplitude ratio 1.36e+08 exceeds threshold 1e+08. The system is physically unstable (linearized regime violated).,diverged,Simulation diverged at t=6.5: amplitude ratio 1.36e+08 exceeds threshold 1e+08. The system is physically unstable (linearized regime violated).,-1,,,,
-1.7665497826676368,-0.5763976724135311,3.958985660357664,-0.42931797101930247,1.0,0.001,256,50.0,auto,auto,periodic,Simulation diverged at t=4: amplitude ratio 1.21e+09 exceeds threshold 1e+08. The system is physically unstable (linearized regime violated).,diverged,Simulation diverged at t=4: amplitude ratio 1.21e+09 exceeds threshold 1e+08. The system is physically unstable (linearized regime violated).,-1,,,,
0.346981828757154,-2.263986328461665,2.9833134034076645,-0.9870228603395848,1.0,0.001,256,50.0,auto,auto,periodic,,success,,0,5636469222952.187,50.0,5636469222952.187,1.33
1.6390547177261174,-2.457301955257202,1.389973235825718,0.9097499039014332,1.0,0.001,256,50.0,auto,auto,periodic,,success,,0,1.712762103580549e-08,46.0,6.182561347409051e-09,1.17
-1.6015029085950578,-2.125329400155811,3.0389649551107594,0.6790462722186288,1.0,0.001,256,50.0,auto,auto,periodic,Simulation diverged at t=7: amplitude ratio 6.98e+08 exceeds threshold 1e+08. The system is physically unstable (linearized regime violated).,diverged,Simulation diverged at t=7: amplitude ratio 6.98e+08 exceeds threshold 1e+08. The system is physically unstable (linearized regime violated).,-1,,,,
1.3220088333733289,-0.13346787250714076,0.3945351252873722,0.4770124094629362,1.0,0.001,256,50.0,auto,auto,periodic,,success,,0,2.7837162646776876e-06,10.0,2.7613679133994903e-06,1.41
0.7706131672989875,-2.048147638535898,1.5445974806596208,-0.16694362186862066,1.0,0.001,256,50.0,auto,auto,periodic,,success,,0,1.7774213659097433e-05,18.0,1.5512891363665607e-05,1.24
0.44590002742877743,-2.5570700425628488,4.177717889662473,0.17630852002542685,1.0,0.001,256,50.0,auto,auto,periodic,,success,,0,8.178733358322896e-09,44.5,3.510105702912473e-09,1.18
-1.819533689438091,-2.1880510964792643,3.534035672744353,0.18868312568501766,1.0,0.001,256,50.0,auto,auto,periodic,Simulation diverged at t=1.5: amplitude ratio 4.88e+12 exceeds threshold 1e+08. The system is physically unstable (linearized regime violated).,diverged,Simulation diverged at t=1.5: amplitude ratio 4.88e+12 exceeds threshold 1e+08. The system is physically unstable (linearized regime violated).,-1,,,,
-0.8013825778029497,-2.1404157508506194,4.981736055065223,0.9391146571519928,1.0,0.001,256,50.0,auto,auto,periodic,Simulation diverged at t=3: amplitude ratio 2.46e+10 exceeds threshold 1e+08. The system is physically unstable (linearized regime violated).,diverged,Simulation diverged at t=3: amplitude ratio 2.46e+10 exceeds threshold 1e+08. The system is physically unstable (linearized regime violated).,-1,,,,
-1.672117592050025,-0.44789000175075566,0.1010063716215706,0.3700177678581471,1.0,0.001,256,50.0,auto,auto,periodic,Simulation diverged at t=2.5: amplitude ratio 2.41e+09 exceeds threshold 1e+08. The system is physically unstable (linearized regime violated).,diverged,Simulation diverged at t=2.5: amplitude ratio 2.41e+09 exceeds threshold 1e+08. The system is physically unstable (linearized regime violated).,-1,,,,
-1.665241281365464,-1.8408443951944986,4.208642154630691,0.7407838495618895,1.0,0.001,256,50.0,auto,auto,periodic,Simulation diverged at t=3: amplitude ratio 3.58e+08 exceeds threshold 1e+08. The system is physically unstable (linearized regime violated).,diverged,Simulation diverged at t=3: amplitude ratio 3.58e+08 exceeds threshold 1e+08. The system is physically unstable (linearized regime violated).,-1,,,,
-0.7775395840747799,-1.797671278233792,2.5271847217225964,0.5129428512282046,1.0,0.001,256,50.0,auto,auto,periodic,Simulation diverged at t=5: amplitude ratio 1.58e+08 exceeds threshold 1e+08. The system is physically unstable (linearized regime violated).,diverged,Simulation diverged at t=5: amplitude ratio 1.58e+08 exceeds threshold 1e+08. The system is physically unstable (linearized regime violated).,-1,,,,
0.9504916394113683,-0.4999947039235577,4.229533813815367,-0.18915695749357953,1.0,0.001,256,50.0,auto,auto,periodic,,success,,0,7.214346850460874e-05,32.0,2.8043667105847646e-05,1.15
0.778396868589545,-1.4004282531945396,4.480229739155244,-0.546047806638658,1.0,0.001,256,50.0,auto,auto,periodic,,success,,0,2.1770926110130318e-07,43.0,5.464893071993176e-08,1.12
-1.363164168378356,-0.3050025640235621,3.234252947144272,-0.4909524759475835,1.0,0.001,256,50.0,auto,auto,periodic,Simulation diverged at t=7.5: amplitude ratio 2.96e+08 exceeds threshold 1e+08. The system is physically unstable (linearized regime violated).,diverged,Simulation diverged at t=7.5: amplitude ratio 2.96e+08 exceeds threshold 1e+08. The system is physically unstable (linearized regime violated).,-1,,,,
1.992737366527177,-1.6151235254766458,1.7546817061961275,-0.3853800615322901,1.0,0.001,256,50.0,auto,auto,periodic,,success,,0,6.525315149230443e-06,38.5,5.087134622435162e-07,0.92
0.2659638480886817,-1.7671592296130034,4.535719962647159,-0.592900637211039,1.0,0.001,256,50.0,auto,auto,periodic,,success,,0,1.9904406670722408e-05,50.0,1.9904406670722408e-05,1.22
0.7318319167958998,-2.7337632022791416,3.8255702139284455,0.9869456970182846,1.0,0.001,256,50.0,auto,auto,periodic,,success,,0,21206283.6067591,50.0,21206283.6067591,1.21
-1.894202387282848,-1.105901023439875,3.5699149842437055,0.3010292197932771,1.0,0.001,256,50.0,auto,auto,periodic,Simulation diverged at t=1: amplitude ratio 5.94e+08 exceeds threshold 1e+08. The system is physically unstable (linearized regime violated).,diverged,Simulation diverged at t=1: amplitude ratio 5.94e+08 exceeds threshold 1e+08. The system is physically unstable (linearized regime violated).,-1,,,,
1.5143896582916256,-0.6057513215825985,3.7457339026833676,-0.8510546471066183,1.0,0.001,256,50.0,auto,auto,periodic,,success,,0,1.6256777395392604e-07,41.5,9.430251890752537e-08,1.38
-0.9092109284797454,-2.6591508624893887,4.450330058260691,-0.5866738978191117,1.0,0.001,256,50.0,auto,auto,periodic,Simulation diverged at t=5.5: amplitude ratio 1.21e+08 exceeds threshold 1e+08. The system is physically unstable (linearized regime violated).,diverged,Simulation diverged at t=5.5: amplitude ratio 1.21e+08 exceeds threshold 1e+08. The system is physically unstable (linearized regime violated).,-1,,,,
-0.8830724468806603,-0.7771442996199864,1.6591197532068085,0.14732706783995364,1.0,0.001,256,50.0,auto,auto,periodic,Simulation diverged at t=3: amplitude ratio 2.53e+10 exceeds threshold 1e+08. The system is physically unstable (linearized regime violated).,diverged,Simulation diverged at t=3: amplitude ratio 2.53e+10 exceeds threshold 1e+08. The system is physically unstable (linearized regime violated).,-1,,,,
0.5314505957389049,-2.0791886495775893,3.3268043384779005,0.3114601252297391,1.0,0.001,256,50.0,auto,auto,periodic,,success,,0,3.3151869577091166e-07,46.0,1.044318507103139e-07,1.28
0.07283831807452401,-0.6195428181920164,2.3548008283210473,-0.19781125279185252,1.0,0.001,256,50.0,auto,auto,periodic,,success,,0,9.208045555404859e-06,43.0,4.97145471364075e-06,1.32
1.6789058738213658,-0.5988041704780489,4.2157031196278,-0.06976851282565844,1.0,0.001,256,50.0,auto,auto,periodic,,success,,0,0.0005877864106655999,50.0,0.0005877864106655999,1.35
0.4341344592116534,-0.0663190558441955,4.947901028513785,0.4185689614237693,1.0,0.001,256,50.0,auto,auto,periodic,,success,,0,1.603293799481465e-06,43.0,3.4767641173433527e-07,1.07
1.6544093685273298,-1.9732475886537517,1.0071552884530963,-0.8820347532948755,1.0,0.001,256,50.0,auto,auto,periodic,,success,,0,4.968190576197626e-08,47.5,3.8328024399439276e-08,1.06
-1.4555048524416532,-1.0886738004117542,3.464383809625715,-0.17019680855941233,1.0,0.001,256,50.0,auto,auto,periodic,Simulation diverged at t=1.5: amplitude ratio 1.33e+08 exceeds threshold 1e+08. The system is physically unstable (linearized regime violated).,diverged,Simulation diverged at t=1.5: amplitude ratio 1.33e+08 exceeds threshold 1e+08. The system is physically unstable (linearized regime violated).,-1,,,,
1.8259174270060803,-2.64473533939856,0.9614911665332551,-0.20372892623936878,1.0,0.001,256,50.0,auto,auto,periodic,,success,,0,4.044193896567956e-05,24.5,1.2275310754340397e-06,1.3
-0.8600056746215883,-2.383133077523968,4.651784325262448,0.8862649820284338,1.0,0.001,256,50.0,auto,auto,periodic,Simulation diverged at t=6: amplitude ratio 6.50e+08 exceeds threshold 1e+08. The system is physically unstable (linearized regime violated).,diverged,Simulation diverged at t=6: amplitude ratio 6.50e+08 exceeds threshold 1e+08. The system is physically unstable (linearized regime violated).,-1,,,,
0.12989098537773325,-1.9299842597281427,3.2803288111003632,-0.511201712489969,1.0,0.001,256,50.0,auto,auto,periodic,,success,,0,23817962459.0894,50.0,23817962459.0894,1.43
-1.6436107624250573,-2.8726285569681096,1.9251265455500883,0.5006298742493824,1.0,0.001,256,50.0,auto,auto,periodic,Simulation diverged at t=3.5: amplitude ratio 1.15e+09 exceeds threshold 1e+08. The system is physically unstable (linearized regime violated).,diverged,Simulation diverged at t=3.5: amplitude ratio 1.15e+09 exceeds threshold 1e+08. The system is physically unstable (linearized regime violated).,-1,,,,
-1.385005640833407,-1.2725291053510968,3.9724584637658578,-0.4778750240891818,1.0,0.001,256,50.0,auto,auto,periodic,Simulation diverged at t=5.5: amplitude ratio 1.79e+08 exceeds threshold 1e+08. The system is physically unstable (linearized regime violated).,diverged,Simulation diverged at t=5.5: amplitude ratio 1.79e+08 exceeds threshold 1e+08. The system is physically unstable (linearized regime violated).,-1,,,,
-1.8133987081001504,-2.484622616039411,2.56070311192204,0.4381250337854683,1.0,0.001,256,50.0,auto,auto,periodic,Simulation diverged at t=1: amplitude ratio 2.69e+09 exceeds threshold 1e+08. The system is physically unstable (linearized regime violated).,diverged,Simulation diverged at t=1: amplitude ratio 2.69e+09 exceeds threshold 1e+08. The system is physically unstable (linearized regime violated).,-1,,,,
-0.6412465052920666,-2.286884458141538,3.0032158317177537,0.9545526531172195,1.0,0.001,256,50.0,auto,auto,periodic,Simulation diverged at t=12.5: amplitude ratio 1.08e+08 exceeds threshold 1e+08. The system is physically unstable (linearized regime violated).,diverged,Simulation diverged at t=12.5: amplitude ratio 1.08e+08 exceeds threshold 1e+08. The system is physically unstable (linearized regime violated).,-1,,,,
-0.8441242200977888,-2.2962221855768616,0.9104578276968611,0.3811773215651475,1.0,0.001,256,50.0,auto,auto,periodic,Simulation diverged at t=4: amplitude ratio 1.27e+09 exceeds threshold 1e+08. The system is physically unstable (linearized regime violated).,diverged,Simulation diverged at t=4: amplitude ratio 1.27e+09 exceeds threshold 1e+08. The system is physically unstable (linearized regime violated).,-1,,,,
0.9773936486712067,-0.5279627106224161,0.2707243054946824,-0.029471510267400802,1.0,0.001,256,50.0,auto,auto,periodic,,success,,0,0.0006176182504290306,50.0,0.0006176182504290306,1.35
1.403060935011398,-1.4891690388657453,4.432212059313489,-0.524888296129076,1.0,0.001,256,50.0,auto,auto,periodic,,success,,0,8.60347340682824e-07,38.0,5.842660151495349e-07,1.24
-1.369520770074193,-2.225296313963035,4.364561912819791,-0.3402800908774394,1.0,0.001,256,50.0,auto,auto,periodic,Simulation diverged at t=1: amplitude ratio 4.70e+10 exceeds threshold 1e+08. The system is physically unstable (linearized regime violated).,diverged,Simulation diverged at t=1: amplitude ratio 4.70e+10 exceeds threshold 1e+08. The system is physically unstable (linearized regime violated).,-1,,,,
0.8745629925926162,-0.5619364474693009,1.6267087951522206,0.42221785567187875,1.0,0.001,256,50.0,auto,auto,periodic,,success,,0,2.1152646733845042e-06,46.0,1.4784649601345299e-06,1.55
-1.6570706141558431,-2.548168536417993,3.4917259766229702,0.5783355830296806,1.0,0.001,256,50.0,auto,auto,periodic,Simulation diverged at t=2: amplitude ratio 1.38e+11 exceeds threshold 1e+08. The system is physically unstable (linearized regime violated).,diverged,Simulation diverged at t=2: amplitude ratio 1.38e+11 exceeds threshold 1e+08. The system is physically unstable (linearized regime violated).,-1,,,,
-1.177909920078621,-1.8201770451129426,0.6974022797812136,0.4142814122226095,1.0,0.001,256,50.0,auto,auto,periodic,Simulation diverged at t=1.5: amplitude ratio 8.28e+09 exceeds threshold 1e+08. The system is physically unstable (linearized regime violated).,diverged,Simulation diverged at t=1.5: amplitude ratio 8.28e+09 exceeds threshold 1e+08. The system is physically unstable (linearized regime violated).,-1,,,,
-0.23261871513029342,-0.8269531158742582,2.5537269016260993,-0.2176012586798568,1.0,0.001,256,50.0,auto,auto,periodic,,success,,0,6.14362758995447e-07,49.5,6.073877307635145e-07,1.28
-0.07353405478482178,-2.3480625718533594,2.6497912643110046,-0.32646229172854835,1.0,0.001,256,50.0,auto,auto,periodic,Simulation diverged at t=8: amplitude ratio 6.32e+08 exceeds threshold 1e+08. The system is physically unstable (linearized regime violated).,diverged,Simulation diverged at t=8: amplitude ratio 6.32e+08 exceeds threshold 1e+08. The system is physically unstable (linearized regime violated).,-1,,,,
-0.3210148741181649,-0.23669678096207392,2.3243080512864074,0.39327705432270355,1.0,0.001,256,50.0,auto,auto,periodic,,success,,0,1.5076785414488238e-07,41.5,9.979536089764294e-08,1.98
0.7880505995733809,-0.8966485209773758,4.912945169006443,0.9124518363691516,1.0,0.001,256,50.0,auto,auto,periodic,,success,,0,1.2323511503834321e-08,44.5,4.485967822884342e-09,1.03
-0.410935395533516,-1.2347355540926792,2.7681935503890562,-0.1635022961156869,1.0,0.001,256,50.0,auto,auto,periodic,Simulation diverged at t=1.5: amplitude ratio 1.44e+11 exceeds threshold 1e+08. The system is physically unstable (linearized regime violated).,diverged,Simulation diverged at t=1.5: amplitude ratio 1.44e+11 exceeds threshold 1e+08. The system is physically unstable (linearized regime violated).,-1,,,,
-1.9599614874840072,-2.180312705369693,3.7830572969588196,0.8698590702822582,1.0,0.001,256,50.0,auto,auto,periodic,Simulation diverged at t=8.5: amplitude ratio 2.38e+08 exceeds threshold 1e+08. The system is physically unstable (linearized regime violated).,diverged,Simulation diverged at t=8.5: amplitude ratio 2.38e+08 exceeds threshold 1e+08. The system is physically unstable (linearized regime violated).,-1,,,,
0.0656169118370693,-2.7037144573061127,2.0439751494913763,0.019389466007770917,1.0,0.001,256,50.0,auto,auto,periodic,,success,,0,0.0006297269450368198,50.0,0.0006297269450368198,1.25
-0.3106362592804657,-0.42207631032229864,0.9914651234774998,0.8183233966724914,1.0,0.001,256,50.0,auto,auto,periodic,,success,,0,0.906062388402507,50.0,0.906062388402507,1.29
-0.17796067670590143,-0.8406608613625344,0.9570874851645443,-0.6574810923764172,1.0,0.001,256,50.0,auto,auto,periodic,,success,,0,0.0022530122075357403,50.0,0.0022530122075357403,1.24
1.4485268624743712,-2.45356987416931,4.574580433542722,-0.007680523870111977,1.0,0.001,256,50.0,auto,auto,periodic,,success,,0,0.0006242981970614541,50.0,0.0006242981970614541,1.17
-0.5029898353758657,-2.2152269748686635,4.668203657214802,-0.17251413848603137,1.0,0.001,256,50.0,auto,auto,periodic,Simulation diverged at t=0.5: amplitude ratio 1.05e+09 exceeds threshold 1e+08. The system is physically unstable (linearized regime violated).,diverged,Simulation diverged at t=0.5: amplitude ratio 1.05e+09 exceeds threshold 1e+08. The system is physically unstable (linearized regime violated).,-1,,,,
-0.8955897195304723,-2.4309049066005954,2.7890016894791776,-0.22970018318472185,1.0,0.001,256,50.0,auto,auto,periodic,Simulation diverged at t=2: amplitude ratio 7.93e+10 exceeds threshold 1e+08. The system is physically unstable (linearized regime violated).,diverged,Simulation diverged at t=2: amplitude ratio 7.93e+10 exceeds threshold 1e+08. The system is physically unstable (linearized regime violated).,-1,,,,
-1.2990946435851143,-2.984037606552144,1.5143642159221757,0.4068970405451582,1.0,0.001,256,50.0,auto,auto,periodic,Simulation diverged at t=3.5: amplitude ratio 1.13e+10 exceeds threshold 1e+08. The system is physically unstable (linearized regime violated).,diverged,Simulation diverged at t=3.5: amplitude ratio 1.13e+10 exceeds threshold 1e+08. The system is physically unstable (linearized regime violated).,-1,,,,
0.5903067192325269,-0.2311055835206548,1.9504900078843446,0.0631753055793518,1.0,0.001,256,50.0,auto,auto,periodic,,success,,0,0.000568339735134563,50.0,0.000568339735134563,1.29
1.4838060912060942,-1.298472115975073,0.5696113804243261,0.33702575430889037,1.0,0.001,256,50.0,auto,auto,periodic,,success,,0,7.766193175489697e-06,13.5,2.0156135878585273e-06,0.93
-1.2753656552001131,-1.1452890075154158,2.8615941381503425,0.35881289662104554,1.0,0.001,256,50.0,auto,auto,periodic,Simulation diverged at t=1.5: amplitude ratio 9.46e+12 exceeds threshold 1e+08. The system is physically unstable (linearized regime violated).,diverged,Simulation diverged at t=1.5: amplitude ratio 9.46e+12 exceeds threshold 1e+08. The system is physically unstable (linearized regime violated).,-1,,,,
-1.597321592149527,-0.9103179695837005,3.33712948172006,0.686002184238057,1.0,0.001,256,50.0,auto,auto,periodic,Simulation diverged at t=4.5: amplitude ratio 2.47e+09 exceeds threshold 1e+08. The system is physically unstable (linearized regime violated).,diverged,Simulation diverged at t=4.5: amplitude ratio 2.47e+09 exceeds threshold 1e+08. The system is physically unstable (linearized regime violated).,-1,,,,
-1.8848815199820788,-2.5834307930460176,1.7482995909413122,-0.6643166866654733,1.0,0.001,256,50.0,auto,auto,periodic,Simulation diverged at t=3.5: amplitude ratio 1.56e+09 exceeds threshold 1e+08. The system is physically unstable (linearized regime violated).,diverged,Simulation diverged at t=3.5: amplitude ratio 1.56e+09 exceeds threshold 1e+08. The system is physically unstable (linearized regime violated).,-1,,,,
-1.5293334821752673,-1.2136028699386565,4.275349818704895,0.36407190065604556,1.0,0.001,256,50.0,auto,auto,periodic,Simulation diverged at t=2.5: amplitude ratio 2.93e+10 exceeds threshold 1e+08. The system is physically unstable (linearized regime violated).,diverged,Simulation diverged at t=2.5: amplitude ratio 2.93e+10 exceeds threshold 1e+08. The system is physically unstable (linearized regime violated).,-1,,,,
1.8155208561520761,-1.1818117187202177,1.738033035225644,0.8596150978575008,1.0,0.001,256,50.0,auto,auto,periodic,,success,,0,1.554757784738863e-07,41.5,9.78723632154611e-08,1.16
0.5069326866723216,-1.7881172170307862,4.69429329018084,-0.09576900704788438,1.0,0.001,256,50.0,auto,auto,periodic,,success,,0,0.00010600717957949462,37.0,7.916435811102082e-05,0.93
-0.877095903241764,-0.4430528169057273,4.030589151598319,-0.14067401829156523,1.0,0.001,256,50.0,auto,auto,periodic,Simulation diverged at t=1.5: amplitude ratio 3.48e+08 exceeds threshold 1e+08. The system is physically unstable (linearized regime violated).,diverged,Simulation diverged at t=1.5: amplitude ratio 3.48e+08 exceeds threshold 1e+08. The system is physically unstable (linearized regime violated).,-1,,,,
-1.2475635590334702,-1.6687880240120916,2.248713406118696,-0.26650140115384446,1.0,0.001,256,50.0,auto,auto,periodic,Simulation diverged at t=2.5: amplitude ratio 8.69e+09 exceeds threshold 1e+08. The system is physically unstable (linearized regime violated).,diverged,Simulation diverged at t=2.5: amplitude ratio 8.69e+09 exceeds threshold 1e+08. The system is physically unstable (linearized regime violated).,-1,,,,
-1.320298811757759,-1.363705246669499,3.8376788677398292,0.3751399911649551,1.0,0.001,256,50.0,auto,auto,periodic,Simulation diverged at t=1.5: amplitude ratio 1.33e+08 exceeds threshold 1e+08. The system is physically unstable (linearized regime violated).,diverged,Simulation diverged at t=1.5: amplitude ratio 1.33e+08 exceeds threshold 1e+08. The system is physically unstable (linearized regime violated).,-1,,,,
0.8451322435480915,-0.6908528807500902,4.851127928836206,-0.36656673373927795,1.0,0.001,256,50.0,auto,auto,periodic,,success,,0,3.3836942314950703e-06,32.0,2.9198925825332993e-06,1.28
-1.5423011544574057,-1.9258815387796266,1.1564990291221269,-0.8189369729272077,1.0,0.001,256,50.0,auto,auto,periodic,Simulation diverged at t=6.5: amplitude ratio 2.48e+08 exceeds threshold 1e+08. The system is physically unstable (linearized regime violated).,diverged,Simulation diverged at t=6.5: amplitude ratio 2.48e+08 exceeds threshold 1e+08. The system is physically unstable (linearized regime violated).,-1,,,,
1.544512154276175,-1.2874959548185285,3.588961591091166,-0.532999131867317,1.0,0.001,256,50.0,auto,auto,periodic,,success,,0,1.132755044608423e-06,40.0,2.448475787406246e-07,1.12
-1.7291072578184,-0.9879145548039361,0.6178820467958867,0.7648247283245704,1.0,0.001,256,50.0,auto,auto,periodic,Simulation diverged at t=9.5: amplitude ratio 1.88e+08 exceeds threshold 1e+08. The system is physically unstable (linearized regime violated).,diverged,Simulation diverged at t=9.5: amplitude ratio 1.88e+08 exceeds threshold 1e+08. The system is physically unstable (linearized regime violated).,-1,,,,
1.2190666735263158,-1.9935891828510433,3.5143554573988363,0.7855823403922986,1.0,0.001,256,50.0,auto,auto,periodic,,success,,0,3.135645364563224e-08,46.0,1.7388785557269016e-08,1.12
-1.2307314828257074,-0.539164745182183,1.7172461660459626,0.026737901766950678,1.0,0.001,256,50.0,auto,auto,periodic,,success,,0,0.0006301917298960998,50.0,0.0006301917298960998,1.27
-1.487650124338448,-2.62959744510255,2.7163119136406344,-0.6078879715836565,1.0,0.001,256,50.0,auto,auto,periodic,Simulation diverged at t=3.5: amplitude ratio 1.71e+09 exceeds threshold 1e+08. The system is physically unstable (linearized regime violated).,diverged,Simulation diverged at t=3.5: amplitude ratio 1.71e+09 exceeds threshold 1e+08. The system is physically unstable (linearized regime violated).,-1,,,,
-1.3975295209083387,-0.27051209346382254,3.165139998067852,-0.13376747208854112,1.0,0.001,256,50.0,auto,auto,periodic,Simulation diverged at t=1.5: amplitude ratio 3.09e+08 exceeds threshold 1e+08. The system is physically unstable (linearized regime violated).,diverged,Simulation diverged at t=1.5: amplitude ratio 3.09e+08 exceeds threshold 1e+08. The system is physically unstable (linearized regime violated).,-1,,,,
-0.9672937641373773,-1.5126977834400572,2.4729556086723656,-0.8547726959578231,1.0,0.001,256,50.0,auto,auto,periodic,Simulation diverged at t=13: amplitude ratio 2.78e+08 exceeds threshold 1e+08. The system is physically unstable (linearized regime violated).,diverged,Simulation diverged at t=13: amplitude ratio 2.78e+08 exceeds threshold 1e+08. The system is physically unstable (linearized regime violated).,-1,,,,
1.5646907111714787,-0.4802719644059623,1.79696106852152,0.7583870438322848,1.0,0.001,256,50.0,auto,auto,periodic,,success,,0,3.459446469358528e-07,46.0,1.1958532156615716e-07,1.13
1.8942931047143161,-0.06434198245016587,2.274488916389498,0.033338258295648515,1.0,0.001,256,50.0,auto,auto,periodic,,success,,0,0.0006196570544472974,50.0,0.0006196570544472974,1.21
-0.2540413863475286,-2.1658526841066372,4.33276685499534,-0.8081114495425705,1.0,0.001,256,50.0,auto,auto,periodic,Simulation diverged at t=12: amplitude ratio 1.00e+08 exceeds threshold 1e+08. The system is physically unstable (linearized regime violated).,diverged,Simulation diverged at t=12: amplitude ratio 1.00e+08 exceeds threshold 1e+08. The system is physically unstable (linearized regime violated).,-1,,,,
0.4529733733033332,-0.16915164936505978,2.2375676962100495,0.9914507356115447,1.0,0.001,256,50.0,auto,auto,periodic,,success,,0,4.485487232291334e-09,44.5,2.592597243529253e-09,1.21
1.6025052102681987,-2.277748824069242,2.581898965250656,0.8349852700387561,1.0,0.001,256,50.0,auto,auto,periodic,,success,,0,4.444044262604826e-08,47.5,3.096407890004058e-08,1.22
-1.7709218866168794,-0.49524563249755094,2.1597864566668474,-0.26807686904966954,1.0,0.001,256,50.0,auto,auto,periodic,Simulation diverged at t=1: amplitude ratio 1.09e+09 exceeds threshold 1e+08. The system is physically unstable (linearized regime violated).,diverged,Simulation diverged at t=1: amplitude ratio 1.09e+09 exceeds threshold 1e+08. The system is physically unstable (linearized regime violated).,-1,,,,
0.5981413181394961,-1.667457486237264,2.185126368367932,0.0010339033082915616,1.0,0.001,256,50.0,auto,auto,periodic,,success,,0,0.0006248486937843977,50.0,0.0006248486937843977,1.49
-1.562562794425045,-2.568311501056303,2.290021891805168,-0.9184030205068884,1.0,0.001,256,50.0,auto,auto,periodic,Simulation diverged at t=9: amplitude ratio 4.28e+08 exceeds threshold 1e+08. The system is physically unstable (linearized regime violated).,diverged,Simulation diverged at t=9: amplitude ratio 4.28e+08 exceeds threshold 1e+08. The system is physically unstable (linearized regime violated).,-1,,,,
0.2803627252375973,-0.7587388419310015,0.8396154089244936,0.04545588992381533,1.0,0.001,256,50.0,auto,auto,periodic,,success,,0,0.0005758419163333368,50.0,0.0005758419163333368,1.32
1.1159417306704578,-2.6560475244965893,4.403121970832111,-0.6224113920053144,1.0,0.001,256,50.0,auto,auto,periodic,,success,,0,2.751673221863415e-08,46.0,1.2748463370940018e-08,1.27
0.6190079752728801,-2.76720567122816,2.884195619543768,-0.6861469708023135,1.0,0.001,256,50.0,auto,auto,periodic,,success,,0,48393964.671264574,50.0,48393964.671264574,1.05
-0.4811570832294254,-2.4091894434511962,3.0997701896572845,0.931451357938482,1.0,0.001,256,50.0,auto,auto,periodic,Simulation diverged at t=5.5: amplitude ratio 1.43e+09 exceeds threshold 1e+08. The system is physically unstable (linearized regime violated).,diverged,Simulation diverged at t=5.5: amplitude ratio 1.43e+09 exceeds threshold 1e+08. The system is physically unstable (linearized regime violated).,-1,,,,
-0.3190868753331304,-2.117587779309873,1.0174892014389547,-0.6630522801154486,1.0,0.001,256,50.0,auto,auto,periodic,Simulation diverged at t=13.5: amplitude ratio 1.54e+08 exceeds threshold 1e+08. The system is physically unstable (linearized regime violated).,diverged,Simulation diverged at t=13.5: amplitude ratio 1.54e+08 exceeds threshold 1e+08. The system is physically unstable (linearized regime violated).,-1,,,,
-1.4570975593901365,-0.7052374621903263,0.19932134802110235,-0.3118134548094167,1.0,0.001,256,50.0,auto,auto,periodic,Simulation diverged at t=1.5: amplitude ratio 3.89e+10 exceeds threshold 1e+08. The system is physically unstable (linearized regime violated).,diverged,Simulation diverged at t=1.5: amplitude ratio 3.89e+10 exceeds threshold 1e+08. The system is physically unstable (linearized regime violated).,-1,,,,
-1.573112103961897,-2.5971475090607186,1.6399495994525286,-0.4991137363377076,1.0,0.001,256,50.0,auto,auto,periodic,Simulation diverged at t=1.5: amplitude ratio 3.79e+08 exceeds threshold 1e+08. The system is physically unstable (linearized regime violated).,diverged,Simulation diverged at t=1.5: amplitude ratio 3.79e+08 exceeds threshold 1e+08. The system is physically unstable (linearized regime violated).,-1,,,,
-0.3699715219683197,-1.06601566969226,0.040628409395773765,-0.8017514812595086,1.0,0.001,256,50.0,auto,auto,periodic,Simulation diverged at t=27.5: amplitude ratio 1.22e+08 exceeds threshold 1e+08. The system is physically unstable (linearized regime violated).,diverged,Simulation diverged at t=27.5: amplitude ratio 1.22e+08 exceeds threshold 1e+08. The system is physically unstable (linearized regime violated).,-1,,,,
-1.0206827803039382,-1.2801092843297615,3.5550983311221005,-0.6829466666912878,1.0,0.001,256,50.0,auto,auto,periodic,Simulation diverged at t=7.5: amplitude ratio 5.81e+08 exceeds threshold 1e+08. The system is physically unstable (linearized regime violated).,diverged,Simulation diverged at t=7.5: amplitude ratio 5.81e+08 exceeds threshold 1e+08. The system is physically unstable (linearized regime violated).,-1,,,,
0.10214026524231867,-1.0312179646844444,0.3689488977576365,0.6566546107990079,1.0,0.001,256,50.0,auto,auto,periodic,,success,,0,4.235581993969324e-10,43.0,3.829796973263517e-10,0.94
1.4354825414183732,-2.7611603606283466,2.619701776008654,-0.2856554957713092,1.0,0.001,256,50.0,auto,auto,periodic,,success,,0,4.284466414385966e-06,33.5,1.948295057134907e-06,1.82
-1.2004471168552986,-0.8724407272645722,3.371160744853707,0.5360055048238161,1.0,0.001,256,50.0,auto,auto,periodic,Simulation diverged at t=7.5: amplitude ratio 1.63e+08 exceeds threshold 1e+08. The system is physically unstable (linearized regime violated).,diverged,Simulation diverged at t=7.5: amplitude ratio 1.63e+08 exceeds threshold 1e+08. The system is physically unstable (linearized regime violated).,-1,,,,
-0.7583761901993733,-1.5447408997201655,4.993395600751935,-0.5147054025391369,1.0,0.001,256,50.0,auto,auto,periodic,Simulation diverged at t=5: amplitude ratio 1.05e+08 exceeds threshold 1e+08. The system is physically unstable (linearized regime violated).,diverged,Simulation diverged at t=5: amplitude ratio 1.05e+08 exceeds threshold 1e+08. The system is physically unstable (linearized regime violated).,-1,,,,
0.7931046984867236,-2.0249252630197736,0.9337060630311405,0.9781265085664894,1.0,0.001,256,50.0,auto,auto,periodic,,success,,0,0.0002174148466654495,50.0,0.0002174148466654495,1.43
0.1113982671525573,-2.625353835321337,0.5317520285552323,-0.0750483014650597,1.0,0.001,256,50.0,auto,auto,periodic,Simulation diverged at t=1: amplitude ratio 6.51e+13 exceeds threshold 1e+08. The system is physically unstable (linearized regime violated).,diverged,Simulation diverged at t=1: amplitude ratio 6.51e+13 exceeds threshold 1e+08. The system is physically unstable (linearized regime violated).,-1,,,,
1.9458166637672618,-0.9739190334717929,0.6554190865449463,-0.6104337116870326,1.0,0.001,256,50.0,auto,auto,periodic,,success,,0,1.1371147389476363e-06,40.0,2.391800908223424e-07,2.67
1.4597610660020859,-1.5105437947223033,4.183403566729394,0.17090228509571892,1.0,0.001,256,50.0,auto,auto,periodic,,success,,0,0.00010967136947847604,38.0,8.468410088459402e-05,0.96
-1.8970505436298681,-2.812218538385461,0.5900187405780227,-0.45505344769373146,1.0,0.001,256,50.0,auto,auto,periodic,Simulation diverged at t=2.5: amplitude ratio 4.53e+08 exceeds threshold 1e+08. The system is physically unstable (linearized regime violated).,diverged,Simulation diverged at t=2.5: amplitude ratio 4.53e+08 exceeds threshold 1e+08. The system is physically unstable (linearized regime violated).,-1,,,,
-1.4738990061492108,-2.665953057804715,1.405866956073851,0.24321756153215923,1.0,0.001,256,50.0,auto,auto,periodic,Simulation diverged at t=1.5: amplitude ratio 1.39e+08 exceeds threshold 1e+08. The system is physically unstable (linearized regime violated).,diverged,Simulation diverged at t=1.5: amplitude ratio 1.39e+08 exceeds threshold 1e+08. The system is physically unstable (linearized regime violated).,-1,,,,
1.8057364638899802,-0.5724118694155624,2.115064317224215,0.4907458971521035,1.0,0.001,256,50.0,auto,auto,periodic,,success,,0,3.1708528735480558e-06,10.0,2.96553604746572e-06,1.2
-1.723611372199962,-0.0018202422804751706,2.6557762228726807,-0.5362718004088832,1.0,0.001,256,50.0,auto,auto,periodic,Simulation diverged at t=7: amplitude ratio 1.96e+08 exceeds threshold 1e+08. The system is physically unstable (linearized regime violated).,diverged,Simulation diverged at t=7: amplitude ratio 1.96e+08 exceeds threshold 1e+08. The system is physically unstable (linearized regime violated).,-1,,,,
1.1562453361524758,-1.2117679452586165,0.1588459335342596,-0.016554632301012284,1.0,0.001,256,50.0,auto,auto,periodic,,success,,0,0.0006226181958772586,50.0,0.0006226181958772586,1.31
-0.5545370097678071,-1.0379373165057801,4.429381572541173,0.14301203322388267,1.0,0.001,256,50.0,auto,auto,periodic,Simulation diverged at t=4: amplitude ratio 3.57e+08 exceeds threshold 1e+08. The system is physically unstable (linearized regime violated).,diverged,Simulation diverged at t=4: amplitude ratio 3.57e+08 exceeds threshold 1e+08. The system is physically unstable (linearized regime violated).,-1,,,,
-1.382499925986501,-1.9589753347680816,0.4545581058868112,-0.7935463066912397,1.0,0.001,256,50.0,auto,auto,periodic,Simulation diverged at t=8.5: amplitude ratio 5.45e+08 exceeds threshold 1e+08. The system is physically unstable (linearized regime violated).,diverged,Simulation diverged at t=8.5: amplitude ratio 5.45e+08 exceeds threshold 1e+08. The system is physically unstable (linearized regime violated).,-1,,,,
-1.12406906730103,-2.84871898669186,3.3101785921920457,-0.6462775558741076,1.0,0.001,256,50.0,auto,auto,periodic,Simulation diverged at t=5: amplitude ratio 3.13e+08 exceeds threshold 1e+08. The system is physically unstable (linearized regime violated).,diverged,Simulation diverged at t=5: amplitude ratio 3.13e+08 exceeds threshold 1e+08. The system is physically unstable (linearized regime violated).,-1,,,,
1.5922416311409746,-2.5297487772238503,4.477856830116687,-0.28832907980465305,1.0,0.001,256,50.0,auto,auto,periodic,,success,,0,7.13073070752725e-06,13.5,1.073800909257052e-06,1.5
-1.6226686621815214,-2.78911377846455,2.027236030857638,0.44770373176901734,1.0,0.001,256,50.0,auto,auto,periodic,Simulation diverged at t=2: amplitude ratio 3.35e+10 exceeds threshold 1e+08. The system is physically unstable (linearized regime violated).,diverged,Simulation diverged at t=2: amplitude ratio 3.35e+10 exceeds threshold 1e+08. The system is physically unstable (linearized regime violated).,-1,,,,
-0.663043374295823,-1.732685550481192,3.9205009540223132,-0.9258258813189176,1.0,0.001,256,50.0,auto,auto,periodic,Simulation diverged at t=6.5: amplitude ratio 1.25e+08 exceeds threshold 1e+08. The system is physically unstable (linearized regime violated).,diverged,Simulation diverged at t=6.5: amplitude ratio 1.25e+08 exceeds threshold 1e+08. The system is physically unstable (linearized regime violated).,-1,,,,
-0.1130967200691031,-2.227892697459316,4.044246209846264,-0.2044129345763095,1.0,0.001,256,50.0,auto,auto,periodic,Simulation diverged at t=2.5: amplitude ratio 5.94e+08 exceeds threshold 1e+08. The system is physically unstable (linearized regime violated).,diverged,Simulation diverged at t=2.5: amplitude ratio 5.94e+08 exceeds threshold 1e+08. The system is physically unstable (linearized regime violated).,-1,,,,
1.21385319368984,-1.1256367236873757,4.760556572904506,-0.49571822307114166,1.0,0.001,256,50.0,auto,auto,periodic,,success,,0,1.1176768947677707e-06,40.0,2.6398997182477475e-07,1.75
-1.2512272983454658,-2.9256728281702005,2.427624802554664,0.7092540829467884,1.0,0.001,256,50.0,auto,auto,periodic,Simulation diverged at t=5.5: amplitude ratio 7.73e+08 exceeds threshold 1e+08. The system is physically unstable (linearized regime violated).,diverged,Simulation diverged at t=5.5: amplitude ratio 7.73e+08 exceeds threshold 1e+08. The system is physically unstable (linearized regime violated).,-1,,,,
-1.786747415042013,-2.3119827878355386,3.7557949038851,-0.6128672982521218,1.0,0.001,256,50.0,auto,auto,periodic,Simulation diverged at t=4.5: amplitude ratio 2.24e+08 exceeds threshold 1e+08. The system is physically unstable (linearized regime violated).,diverged,Simulation diverged at t=4.5: amplitude ratio 2.24e+08 exceeds threshold 1e+08. The system is physically unstable (linearized regime violated).,-1,,,,
-1.8724412173943017,-2.203037471997335,1.552845352771891,-0.05672533024479898,1.0,0.001,256,50.0,auto,auto,periodic,,success,,0,0.0006301818302398653,50.0,0.0006301818302398653,1.16
-1.2381136185297406,-2.196291137124012,4.057480880617165,-0.7419801787990163,1.0,0.001,256,50.0,auto,auto,periodic,Simulation diverged at t=7.5: amplitude ratio 2.13e+08 exceeds threshold 1e+08. The system is physically unstable (linearized regime violated).,diverged,Simulation diverged at t=7.5: amplitude ratio 2.13e+08 exceeds threshold 1e+08. The system is physically unstable (linearized regime violated).,-1,,,,
1.9319598802469327,-2.714855864290686,1.6116530645959724,0.6390154286069252,1.0,0.001,256,50.0,auto,auto,periodic,,success,,0,2.890874097652455e-07,44.5,5.016664024210171e-08,2.52
-1.946951882030814,-1.9360841058974674,0.9459379612406736,0.12093783274705827,1.0,0.001,256,50.0,auto,auto,periodic,,success,,0,0.0005090603013456934,50.0,0.0005090603013456934,1.66
0.18338098209961862,-2.564529954331823,1.854412542513613,0.7352777881706458,1.0,0.001,256,50.0,auto,auto,periodic,Simulation diverged at t=17.5: amplitude ratio 2.20e+08 exceeds threshold 1e+08. The system is physically unstable (linearized regime violated).,diverged,Simulation diverged at t=17.5: amplitude ratio 2.20e+08 exceeds threshold 1e+08. The system is physically unstable (linearized regime violated).,-1,,,,
-1.700366596663335,-2.647375801160386,1.1183717566731084,-0.32054915611323465,1.0,0.001,256,50.0,auto,auto,periodic,Simulation diverged at t=2: amplitude ratio 4.99e+09 exceeds threshold 1e+08. The system is physically unstable (linearized regime violated).,diverged,Simulation diverged at t=2: amplitude ratio 4.99e+09 exceeds threshold 1e+08. The system is physically unstable (linearized regime violated).,-1,,,,
0.29098779348017123,-0.7910446398400839,4.1346790053591,-0.9105108523838698,1.0,0.001,256,50.0,auto,auto,periodic,,success,,0,1.4835588761181768e-09,50.0,1.4835588761181768e-09,1.52
1.7022558422730998,-1.155511055290944,3.294280169373577,0.8777435572947858,1.0,0.001,256,50.0,auto,auto,periodic,,success,,0,1.1868281831448918e-07,40.0,1.0432916673288926e-07,1.25
1.2803538606751395,-1.857306365991997,3.6515642282958667,0.9008556794897122,1.0,0.001,256,50.0,auto,auto,periodic,,success,,0,1.4564886659787368e-08,44.5,5.2922996690088296e-09,1.93
0.48099705792735703,-0.5172227388658883,0.4041870932558359,-0.5509251217258291,1.0,0.001,256,50.0,auto,auto,periodic,,success,,0,3.0418797395019894e-07,44.5,6.048704801145955e-08,1.66
-0.7479983496244798,-2.3679688731300974,1.6000999428423057,0.6352053450513935,1.0,0.001,256,50.0,auto,auto,periodic,Simulation diverged at t=8.5: amplitude ratio 5.83e+08 exceeds threshold 1e+08. The system is physically unstable (linearized regime violated).,diverged,Simulation diverged at t=8.5: amplitude ratio 5.83e+08 exceeds threshold 1e+08. The system is physically unstable (linearized regime violated).,-1,,,,
-1.5516006884880738,-0.1506252846063525,0.26680975300352766,-0.42152669462808656,1.0,0.001,256,50.0,auto,auto,periodic,Simulation diverged at t=6.5: amplitude ratio 2.75e+08 exceeds threshold 1e+08. The system is physically unstable (linearized regime violated).,diverged,Simulation diverged at t=6.5: amplitude ratio 2.75e+08 exceeds threshold 1e+08. The system is physically unstable (linearized regime violated).,-1,,,,
-1.0410729547526123,-0.35596593808792365,3.6373944237820597,0.5891274181820938,1.0,0.001,256,50.0,auto,auto,periodic,Simulation diverged at t=13: amplitude ratio 1.49e+08 exceeds threshold 1e+08. The system is physically unstable (linearized regime violated).,diverged,Simulation diverged at t=13: amplitude ratio 1.49e+08 exceeds threshold 1e+08. The system is physically unstable (linearized regime violated).,-1,,,,
0.85201812602689,-1.9195783417345642,0.23466274161764772,0.19358261604859606,1.0,0.001,256,50.0,auto,auto,periodic,,success,,0,1.4839724346824342e-05,16.5,1.4668917604876425e-05,1.93
-0.42296870026682853,-0.5473997338221217,1.301225863974473,0.8813487869992653,1.0,0.001,256,50.0,auto,auto,periodic,,success,,0,68533200.95665514,50.0,68533200.95665514,1.41
1.9019383164797237,-2.481071171857109,0.9731220037130388,-0.7788833716589136,1.0,0.001,256,50.0,auto,auto,periodic,,success,,0,1.1017176608167911e-07,40.0,1.0151256993057364e-07,1.94
1.8674362876986716,-1.9383071839062154,3.500802512705588,-0.7100283400302255,1.0,0.001,256,50.0,auto,auto,periodic,,success,,0,2.8073589665861137e-07,44.5,4.655707291592577e-08,1.38
-0.2870405656013988,-1.586531919332907,0.2912510983014874,0.15944848645861898,1.0,0.001,256,50.0,auto,auto,periodic,Simulation diverged at t=1: amplitude ratio 5.60e+17 exceeds threshold 1e+08. The system is physically unstable (linearized regime violated).,diverged,Simulation diverged at t=1: amplitude ratio 5.60e+17 exceeds threshold 1e+08. The system is physically unstable (linearized regime violated).,-1,,,,
-0.3799116187526379,-1.245861342656505,1.9440010775737453,-0.07947061125047927,1.0,0.001,256,50.0,auto,auto,periodic,Simulation diverged at t=1.5: amplitude ratio 1.31e+08 exceeds threshold 1e+08. The system is physically unstable (linearized regime violated).,diverged,Simulation diverged at t=1.5: amplitude ratio 1.31e+08 exceeds threshold 1e+08. The system is physically unstable (linearized regime violated).,-1,,,,
0.006496648895756518,-2.002106101299586,4.118751584206015,-0.307967106151974,1.0,0.001,256,50.0,auto,auto,periodic,Simulation diverged at t=8: amplitude ratio 2.11e+08 exceeds threshold 1e+08. The system is physically unstable (linearized regime violated).,diverged,Simulation diverged at t=8: amplitude ratio 2.11e+08 exceeds threshold 1e+08. The system is physically unstable (linearized regime violated).,-1,,,,
0.9213559843774428,-0.149102959350909,1.5931066544983186,-0.23720542817224632,1.0,0.001,256,50.0,auto,auto,periodic,,success,,0,3.41627012193946e-05,23.0,2.938243712859818e-06,1.56
-0.024746362505267294,-1.3332322528182896,4.966566996907561,0.6419426073520018,1.0,0.001,256,50.0,auto,auto,periodic,,success,,0,88.23273359060242,50.0,88.23273359060242,1.5
0.06043921255494844,-1.057217468862648,4.357817844554474,-0.6718376658124499,1.0,0.001,256,50.0,auto,auto,periodic,,success,,0,5.409455733957655e-09,50.0,5.409455733957655e-09,1.38
-1.312388066846546,-1.483043389377396,0.5573548797079859,0.1337392135577573,1.0,0.001,256,50.0,auto,auto,periodic,Simulation diverged at t=1: amplitude ratio 1.24e+10 exceeds threshold 1e+08. The system is physically unstable (linearized regime violated).,diverged,Simulation diverged at t=1: amplitude ratio 1.24e+10 exceeds threshold 1e+08. The system is physically unstable (linearized regime violated).,-1,,,,
1.7900724243664583,-2.9597481770081675,3.1203791150755262,-0.89971729061167,1.0,0.001,256,50.0,auto,auto,periodic,,success,,0,1.2545802038838936e-08,44.5,4.5522133063901325e-09,1.65
-0.012945999779328865,-1.4344296876756255,3.8571383411419387,0.10044944454748017,1.0,0.001,256,50.0,auto,auto,periodic,,success,,0,7.014597341536268e-06,13.0,9.39985428689815e-07,1.82
0.028598033163635073,-1.6276291870114274,1.8845017041902064,0.7142664241101664,1.0,0.001,256,50.0,auto,auto,periodic,,success,,0,3667672489.858492,50.0,3667672489.858492,1.41
-1.8328129015571206,-2.956637508605212,0.7795135966087375,0.32560858008986604,1.0,0.001,256,50.0,auto,auto,periodic,Simulation diverged at t=1: amplitude ratio 9.69e+19 exceeds threshold 1e+08. The system is physically unstable (linearized regime violated).,diverged,Simulation diverged at t=1: amplitude ratio 9.69e+19 exceeds threshold 1e+08. The system is physically unstable (linearized regime violated).,-1,,,,
-1.9923561176158642,-2.5189070010781442,4.627477334622308,0.0742911763558125,1.0,0.001,256,50.0,auto,auto,periodic,,success,,0,0.0006269135157607787,50.0,0.0006269135157607787,1.36
1.9241706833325836,-2.3557967189562588,0.41949755918272846,0.6884586092401164,1.0,0.001,256,50.0,auto,auto,periodic,,success,,0,2.5371749038036186e-07,43.0,4.128258643084072e-08,3.28
-0.2113285512091958,-1.736847115178412,4.806927258661472,0.006907823108122102,1.0,0.001,256,50.0,auto,auto,periodic,,success,,0,0.0006266995667148825,50.0,0.0006266995667148825,1.31
0.7113332809477257,-0.37025608030632196,0.5875879998225554,0.6496576022070684,1.0,0.001,256,50.0,auto,auto,periodic,,success,,0,2.4094589526158726e-07,43.0,4.362738508222862e-08,1.25
-0.6520847030287404,-0.70891229545717,1.8452950418070602,0.08856260463553478,1.0,0.001,256,50.0,auto,auto,periodic,Simulation diverged at t=3: amplitude ratio 2.47e+09 exceeds threshold 1e+08. The system is physically unstable (linearized regime violated).,diverged,Simulation diverged at t=3: amplitude ratio 2.47e+09 exceeds threshold 1e+08. The system is physically unstable (linearized regime violated).,-1,,,,
1.410733553077896,-0.7001646915967719,3.2530604111962997,-0.6527705692610316,1.0,0.001,256,50.0,auto,auto,periodic,,success,,0,5.343790180229237e-07,49.0,4.870403374228943e-07,1.2
-1.6260141753624135,-2.6170943709314494,0.4987047774490174,-0.3527033804215831,1.0,0.001,256,50.0,auto,auto,periodic,Simulation diverged at t=1.5: amplitude ratio 1.94e+10 exceeds threshold 1e+08. The system is physically unstable (linearized regime violated).,diverged,Simulation diverged at t=1.5: amplitude ratio 1.94e+10 exceeds threshold 1e+08. The system is physically unstable (linearized regime violated).,-1,,,,
-1.9113785991866798,-1.6046054001105765,0.07063068840631184,0.8269387259668948,1.0,0.001,256,50.0,auto,auto,periodic,Simulation diverged at t=7: amplitude ratio 7.17e+08 exceeds threshold 1e+08. The system is physically unstable (linearized regime violated).,diverged,Simulation diverged at t=7: amplitude ratio 7.17e+08 exceeds threshold 1e+08. The system is physically unstable (linearized regime violated).,-1,,,,
0.7130144273906733,-0.8397690692954267,1.0805423574849264,-0.6406379936577136,1.0,0.001,256,50.0,auto,auto,periodic,,success,,0,1.5636831589346377e-07,41.5,9.74693874102298e-08,1.25
-0.12366747823674973,-2.9400933768119923,3.419491011579926,-0.6254447047761423,1.0,0.001,256,50.0,auto,auto,periodic,Simulation diverged at t=9.5: amplitude ratio 1.32e+08 exceeds threshold 1e+08. The system is physically unstable (linearized regime violated).,diverged,Simulation diverged at t=9.5: amplitude ratio 1.32e+08 exceeds threshold 1e+08. The system is physically unstable (linearized regime violated).,-1,,,,
0.613099457823731,-1.4315399782010974,3.177363835146172,-0.5606530648774521,1.0,0.001,256,50.0,auto,auto,periodic,,success,,0,9.879143601613928e-08,40.0,9.60855384974931e-08,1.21
1.382054661203409,-2.8354990517906247,1.3954400452710578,0.8212610294540423,1.0,0.001,256,50.0,auto,auto,periodic,,success,,0,3.831544458668236e-09,44.5,2.373048089748317e-09,1.28
-1.7113976032312297,-1.68972741548174,0.909582580812971,0.9759773834452701,1.0,0.001,256,50.0,auto,auto,periodic,Simulation diverged at t=2.5: amplitude ratio 6.23e+08 exceeds threshold 1e+08. The system is physically unstable (linearized regime violated).,diverged,Simulation diverged at t=2.5: amplitude ratio 6.23e+08 exceeds threshold 1e+08. The system is physically unstable (linearized regime violated).,-1,,,,
-0.06043064165852785,-0.9234513227362044,4.7842351600973565,-0.3349751759114883,1.0,0.001,256,50.0,auto,auto,periodic,,success,,0,2.0574593706932984e-07,43.0,6.106630525652272e-08,1.18
-1.7387700406240771,-2.440735919093097,0.22456819815900075,0.2204328032963121,1.0,0.001,256,50.0,auto,auto,periodic,Simulation diverged at t=1: amplitude ratio 2.43e+11 exceeds threshold 1e+08. The system is physically unstable (linearized regime violated).,diverged,Simulation diverged at t=1: amplitude ratio 2.43e+11 exceeds threshold 1e+08. The system is physically unstable (linearized regime violated).,-1,,,,
-0.22530435969572649,-2.554089986417747,3.915602778326366,0.7622254711153165,1.0,0.001,256,50.0,auto,auto,periodic,Simulation diverged at t=8: amplitude ratio 4.17e+08 exceeds threshold 1e+08. The system is physically unstable (linearized regime violated).,diverged,Simulation diverged at t=8: amplitude ratio 4.17e+08 exceeds threshold 1e+08. The system is physically unstable (linearized regime violated).,-1,,,,
-0.28866525390429043,-0.05846926014172915,2.2599299640384563,0.5823363395267025,1.0,0.001,256,50.0,auto,auto,periodic,,success,,0,2.3096594477016055e-08,46.0,9.196720030999706e-09,1.12
1.4184639242272095,-1.1588159960262807,2.381112250582323,0.28720806750883043,1.0,0.001,256,50.0,auto,auto,periodic,,success,,0,1.527902588267062e-05,16.5,1.4989404382616287e-05,1.22
0.8339684576953834,-0.2206466132638627,1.788749295158735,0.9175828529520167,1.0,0.001,256,50.0,auto,auto,periodic,,success,,0,4.252301141763406e-08,47.5,2.8640398046794495e-08,1.27
-0.1840359179556743,-0.20933814746700374,2.7454992056009973,-0.8751112909725078,1.0,0.001,256,50.0,auto,auto,periodic,,success,,0,3.7044515220452713e-06,50.0,3.7044515220452713e-06,1.22
1.1415442303326997,-1.530141469295045,0.4674891072133692,0.5682616170160635,1.0,0.001,256,50.0,auto,auto,periodic,,success,,0,3.619181976009076e-07,46.0,1.3968391000384266e-07,1.54
-0.5308392358884053,-0.45343703704891514,1.6975859235864474,-0.9048599100090956,1.0,0.001,256,50.0,auto,auto,periodic,,success,,0,51544694370.91736,50.0,51544694370.91736,1.28
0.8081969011109291,-1.7036655794327538,1.1965963066679672,-0.6398581104204291,1.0,0.001,256,50.0,auto,auto,periodic,,success,,0,5.3067944527863976e-08,48.0,4.4268414686606346e-08,1.06
-0.7727359571107035,-1.5774551583359862,2.0183226621873915,0.9679779104617903,1.0,0.001,256,50.0,auto,auto,periodic,Simulation diverged at t=10: amplitude ratio 1.81e+08 exceeds threshold 1e+08. The system is physically unstable (linearized regime violated).,diverged,Simulation diverged at t=10: amplitude ratio 1.81e+08 exceeds threshold 1e+08. The system is physically unstable (linearized regime violated).,-1,,,,
1.9758755546394182,-0.8026324452568554,2.3144146202953957,0.25917003631747426,1.0,0.001,256,50.0,auto,auto,periodic,,success,,0,4.903589700781661e-05,27.0,3.688116050614426e-06,1.18
-1.0693779982153426,-2.5908604285001156,0.42156379558640045,-0.6926741521567095,1.0,0.001,256,50.0,auto,auto,periodic,Simulation diverged at t=3.5: amplitude ratio 5.82e+08 exceeds threshold 1e+08. The system is physically unstable (linearized regime violated).,diverged,Simulation diverged at t=3.5: amplitude ratio 5.82e+08 exceeds threshold 1e+08. The system is physically unstable (linearized regime violated).,-1,,,,
-0.3937401691339073,-1.8928466439619869,3.1187246098559713,0.3475314107915375,1.0,0.001,256,50.0,auto,auto,periodic,Simulation diverged at t=7: amplitude ratio 1.39e+08 exceeds threshold 1e+08. The system is physically unstable (linearized regime violated).,diverged,Simulation diverged at t=7: amplitude ratio 1.39e+08 exceeds threshold 1e+08. The system is physically unstable (linearized regime violated).,-1,,,,
1.297614368575204,-0.74142986680519,0.17737860583759174,0.0497410968089782,1.0,0.001,256,50.0,auto,auto,periodic,,success,,0,0.0006039802344003575,50.0,0.0006039802344003575,1.15
-1.6959774626213615,-0.33746907738790277,3.7667673794289236,0.31700166985681344,1.0,0.001,256,50.0,auto,auto,periodic,Simulation diverged at t=3.5: amplitude ratio 1.31e+09 exceeds threshold 1e+08. The system is physically unstable (linearized regime violated).,diverged,Simulation diverged at t=3.5: amplitude ratio 1.31e+09 exceeds threshold 1e+08. The system is physically unstable (linearized regime violated).,-1,,,,
1.7977804663352073,-2.4924937733397647,3.1450886902828836,0.7789228233256817,1.0,0.001,256,50.0,auto,auto,periodic,,success,,0,8.599401533046567e-08,49.5,8.550585393274499e-08,1.32
-1.1429271026498182,-0.6083155833348828,4.3196841795837075,-0.2543153218223855,1.0,0.001,256,50.0,auto,auto,periodic,Simulation diverged at t=3: amplitude ratio 1.61e+08 exceeds threshold 1e+08. The system is physically unstable (linearized regime violated).,diverged,Simulation diverged at t=3: amplitude ratio 1.61e+08 exceeds threshold 1e+08. The system is physically unstable (linearized regime violated).,-1,,,,
-1.0969897958250705,-2.4241601697004875,0.038896509865462774,0.906617180602127,1.0,0.001,256,50.0,auto,auto,periodic,Simulation diverged at t=4.5: amplitude ratio 3.43e+09 exceeds threshold 1e+08. The system is physically unstable (linearized regime violated).,diverged,Simulation diverged at t=4.5: amplitude ratio 3.43e+09 exceeds threshold 1e+08. The system is physically unstable (linearized regime violated).,-1,,,,
