xi,delta1,alpha2,alpha3,kappa,B0,alpha1,grid_shape,t_end,dt,scheme,bc,error,run_status,error_message,solver_exit_code,P_max,P_max_time,P_final,wall_time_s
9.433655985270208,0.08845795101758314,-3.4378826333615873,4.270250773008693,1.0,0.001,0.0,128,5.0,auto,auto,periodic,Mass matrix stability check failed: Coupled mass matrix has minimum eigenvalue -1.404 at (x=0.3906). The system has exponentially growing modes -- it will be unstable. Check that the mass matrix is positive-definite at all grid points (e.g. for Gaussian-coupled scalars: mPhi2 * mChi2 > g0^2).. Use --no-require-stable to override.,diverged,Mass matrix stability check failed: Coupled mass matrix has minimum eigenvalue -1.404 at (x=0.3906). The system has exponentially growing modes -- it will be unstable. Check that the mass matrix is po,-1,,,,
9.28415792359765,0.4911348122688802,-2.093243322043018,1.1939991907951006,1.0,0.001,0.0,128,5.0,auto,auto,periodic,"Simulation diverged at t=0: eigenvalue Re(λ)=3.975e+00 predicts growth factor 4.28e+08 over Δt=5.0, exceeding threshold 1e+08. The system is physically unstable.",diverged,"Simulation diverged at t=0: eigenvalue Re(λ)=3.975e+00 predicts growth factor 4.28e+08 over Δt=5.0, exceeding threshold 1e+08. The system is physically unstable.",-1,,,,
8.914395410154189,-0.3723628882803177,-0.9764207861865364,4.83848928258071,1.0,0.001,0.0,128,5.0,auto,auto,periodic,Mass matrix stability check failed: Coupled mass matrix has minimum eigenvalue -2.421 at (x=0.3906). The system has exponentially growing modes -- it will be unstable. Check that the mass matrix is positive-definite at all grid points (e.g. for Gaussian-coupled scalars: mPhi2 * mChi2 > g0^2).. Use --no-require-stable to override.,diverged,Mass matrix stability check failed: Coupled mass matrix has minimum eigenvalue -2.421 at (x=0.3906). The system has exponentially growing modes -- it will be unstable. Check that the mass matrix is po,-1,,,,
9.409001729447702,-0.03256809458289461,-1.0730031791092176,3.4863979839556425,1.0,0.001,0.0,128,5.0,auto,auto,periodic,Mass matrix stability check failed: Coupled mass matrix has minimum eigenvalue -1.411 at (x=0.3906). The system has exponentially growing modes -- it will be unstable. Check that the mass matrix is positive-definite at all grid points (e.g. for Gaussian-coupled scalars: mPhi2 * mChi2 > g0^2).. Use --no-require-stable to override.,diverged,Mass matrix stability check failed: Coupled mass matrix has minimum eigenvalue -1.411 at (x=0.3906). The system has exponentially growing modes -- it will be unstable. Check that the mass matrix is po,-1,,,,
2.3890468136584384,-0.41799950931377877,-2.6042834711848672,3.631633888564026,1.0,0.001,0.0,128,5.0,auto,auto,periodic,Mass matrix stability check failed: Coupled mass matrix has minimum eigenvalue -4.638 at (x=0.3906). The system has exponentially growing modes -- it will be unstable. Check that the mass matrix is positive-definite at all grid points (e.g. for Gaussian-coupled scalars: mPhi2 * mChi2 > g0^2).. Use --no-require-stable to override.,diverged,Mass matrix stability check failed: Coupled mass matrix has minimum eigenvalue -4.638 at (x=0.3906). The system has exponentially growing modes -- it will be unstable. Check that the mass matrix is po,-1,,,,
5.108461063816601,-0.016355145399721105,-1.797918446960833,0.5152481006137467,1.0,0.001,0.0,128,5.0,auto,auto,periodic,,success,,0,6.276262241558048e-06,5.0,6.276262241558048e-06,1.33
8.187199228934125,-0.11884921210250649,-4.786596721571859,0.7409001982667114,1.0,0.001,0.0,128,5.0,auto,auto,periodic,"Simulation diverged at t=0: eigenvalue Re(λ)=3.748e+00 predicts growth factor 1.38e+08 over Δt=5.0, exceeding threshold 1e+08. The system is physically unstable.",diverged,"Simulation diverged at t=0: eigenvalue Re(λ)=3.748e+00 predicts growth factor 1.38e+08 over Δt=5.0, exceeding threshold 1e+08. The system is physically unstable.",-1,,,,
5.990079846339902,0.025630028207024536,-1.9698824331447868,3.564282401173799,1.0,0.001,0.0,128,5.0,auto,auto,periodic,Mass matrix stability check failed: Coupled mass matrix has minimum eigenvalue -1.994 at (x=0.3906). The system has exponentially growing modes -- it will be unstable. Check that the mass matrix is positive-definite at all grid points (e.g. for Gaussian-coupled scalars: mPhi2 * mChi2 > g0^2).. Use --no-require-stable to override.,diverged,Mass matrix stability check failed: Coupled mass matrix has minimum eigenvalue -1.994 at (x=0.3906). The system has exponentially growing modes -- it will be unstable. Check that the mass matrix is po,-1,,,,
1.7242604997703388,-0.044053527745370746,-2.291697338906219,3.0333857128626835,1.0,0.001,0.0,128,5.0,auto,auto,periodic,Mass matrix stability check failed: Coupled mass matrix has minimum eigenvalue -4.707 at (x=0.3906). The system has exponentially growing modes -- it will be unstable. Check that the mass matrix is positive-definite at all grid points (e.g. for Gaussian-coupled scalars: mPhi2 * mChi2 > g0^2).. Use --no-require-stable to override.,diverged,Mass matrix stability check failed: Coupled mass matrix has minimum eigenvalue -4.707 at (x=0.3906). The system has exponentially growing modes -- it will be unstable. Check that the mass matrix is po,-1,,,,
5.929991455764225,-0.2500096294776929,-1.0665119934723024,2.854652397039583,1.0,0.001,0.0,128,5.0,auto,auto,periodic,Mass matrix stability check failed: Coupled mass matrix has minimum eigenvalue -1.601 at (x=0.3906). The system has exponentially growing modes -- it will be unstable. Check that the mass matrix is positive-definite at all grid points (e.g. for Gaussian-coupled scalars: mPhi2 * mChi2 > g0^2).. Use --no-require-stable to override.,diverged,Mass matrix stability check failed: Coupled mass matrix has minimum eigenvalue -1.601 at (x=0.3906). The system has exponentially growing modes -- it will be unstable. Check that the mass matrix is po,-1,,,,
5.1313234315481315,0.05338675912738766,-3.6235201703543334,2.458571916799916,1.0,0.001,0.0,128,5.0,auto,auto,periodic,Mass matrix stability check failed: Coupled mass matrix has minimum eigenvalue -0.3906 at (x=0.3906). The system has exponentially growing modes -- it will be unstable. Check that the mass matrix is positive-definite at all grid points (e.g. for Gaussian-coupled scalars: mPhi2 * mChi2 > g0^2).. Use --no-require-stable to override.,diverged,Mass matrix stability check failed: Coupled mass matrix has minimum eigenvalue -0.3906 at (x=0.3906). The system has exponentially growing modes -- it will be unstable. Check that the mass matrix is p,-1,,,,
9.486237151225,-0.19514920874453567,-3.114836102187941,0.07731160609157127,1.0,0.001,0.0,128,5.0,auto,auto,periodic,"Simulation diverged at t=0: eigenvalue Re(λ)=3.751e+00 predicts growth factor 1.39e+08 over Δt=5.0, exceeding threshold 1e+08. The system is physically unstable.",diverged,"Simulation diverged at t=0: eigenvalue Re(λ)=3.751e+00 predicts growth factor 1.39e+08 over Δt=5.0, exceeding threshold 1e+08. The system is physically unstable.",-1,,,,
4.522558674329138,-0.01137474405937039,-2.826868313483943,3.6698616344109376,1.0,0.001,0.0,128,5.0,auto,auto,periodic,Mass matrix stability check failed: Coupled mass matrix has minimum eigenvalue -2.402 at (x=0.3906). The system has exponentially growing modes -- it will be unstable. Check that the mass matrix is positive-definite at all grid points (e.g. for Gaussian-coupled scalars: mPhi2 * mChi2 > g0^2).. Use --no-require-stable to override.,diverged,Mass matrix stability check failed: Coupled mass matrix has minimum eigenvalue -2.402 at (x=0.3906). The system has exponentially growing modes -- it will be unstable. Check that the mass matrix is po,-1,,,,
1.6864926498787716,0.20594588511995493,-2.007150729474634,4.510016311557753,1.0,0.001,0.0,128,5.0,auto,auto,periodic,Mass matrix stability check failed: Coupled mass matrix has minimum eigenvalue -10.4 at (x=0.3906). The system has exponentially growing modes -- it will be unstable. Check that the mass matrix is positive-definite at all grid points (e.g. for Gaussian-coupled scalars: mPhi2 * mChi2 > g0^2).. Use --no-require-stable to override.,diverged,Mass matrix stability check failed: Coupled mass matrix has minimum eigenvalue -10.4 at (x=0.3906). The system has exponentially growing modes -- it will be unstable. Check that the mass matrix is pos,-1,,,,
0.9307201287263098,0.4585910337075586,-1.8454929426812092,4.286638930565589,1.0,0.001,0.0,128,5.0,auto,auto,periodic,Mass matrix stability check failed: Coupled mass matrix has minimum eigenvalue -17.76 at (x=0.3906). The system has exponentially growing modes -- it will be unstable. Check that the mass matrix is positive-definite at all grid points (e.g. for Gaussian-coupled scalars: mPhi2 * mChi2 > g0^2).. Use --no-require-stable to override.,diverged,Mass matrix stability check failed: Coupled mass matrix has minimum eigenvalue -17.76 at (x=0.3906). The system has exponentially growing modes -- it will be unstable. Check that the mass matrix is po,-1,,,,
7.6558858986746365,-0.38899323419996484,-1.4367735658403054,0.20814872490766576,1.0,0.001,0.0,128,5.0,auto,auto,periodic,Mass matrix stability check failed: Coupled mass matrix has minimum eigenvalue -0.08183 at (x=0.3906). The system has exponentially growing modes -- it will be unstable. Check that the mass matrix is positive-definite at all grid points (e.g. for Gaussian-coupled scalars: mPhi2 * mChi2 > g0^2).. Use --no-require-stable to override.,diverged,Mass matrix stability check failed: Coupled mass matrix has minimum eigenvalue -0.08183 at (x=0.3906). The system has exponentially growing modes -- it will be unstable. Check that the mass matrix is ,-1,,,,
1.7765296877566352,0.29040124323671745,-4.8600401476831365,1.662410781337079,1.0,0.001,0.0,128,5.0,auto,auto,periodic,"Simulation diverged at t=0: eigenvalue Re(λ)=3.708e+00 predicts growth factor 1.13e+08 over Δt=5.0, exceeding threshold 1e+08. The system is physically unstable.",diverged,"Simulation diverged at t=0: eigenvalue Re(λ)=3.708e+00 predicts growth factor 1.13e+08 over Δt=5.0, exceeding threshold 1e+08. The system is physically unstable.",-1,,,,
0.6929268896318003,0.1965676325126413,-3.5542663991550194,4.816624926017692,1.0,0.001,0.0,128,5.0,auto,auto,periodic,Mass matrix stability check failed: Coupled mass matrix has minimum eigenvalue -23.51 at (x=0.3906). The system has exponentially growing modes -- it will be unstable. Check that the mass matrix is positive-definite at all grid points (e.g. for Gaussian-coupled scalars: mPhi2 * mChi2 > g0^2).. Use --no-require-stable to override.,diverged,Mass matrix stability check failed: Coupled mass matrix has minimum eigenvalue -23.51 at (x=0.3906). The system has exponentially growing modes -- it will be unstable. Check that the mass matrix is po,-1,,,,
6.737062443153902,0.2690304367770112,-4.661263730065699,3.414623331996927,1.0,0.001,0.0,128,5.0,auto,auto,periodic,Mass matrix stability check failed: Coupled mass matrix has minimum eigenvalue -0.8409 at (x=0.3906). The system has exponentially growing modes -- it will be unstable. Check that the mass matrix is positive-definite at all grid points (e.g. for Gaussian-coupled scalars: mPhi2 * mChi2 > g0^2).. Use --no-require-stable to override.,diverged,Mass matrix stability check failed: Coupled mass matrix has minimum eigenvalue -0.8409 at (x=0.3906). The system has exponentially growing modes -- it will be unstable. Check that the mass matrix is p,-1,,,,
0.2732281804133644,-0.3072953971525392,-1.7102396328169105,0.966798332055032,1.0,0.001,0.0,128,5.0,auto,auto,periodic,Mass matrix stability check failed: Coupled mass matrix has minimum eigenvalue -0.291 at (x=0.3906). The system has exponentially growing modes -- it will be unstable. Check that the mass matrix is positive-definite at all grid points (e.g. for Gaussian-coupled scalars: mPhi2 * mChi2 > g0^2).. Use --no-require-stable to override.,diverged,Mass matrix stability check failed: Coupled mass matrix has minimum eigenvalue -0.291 at (x=0.3906). The system has exponentially growing modes -- it will be unstable. Check that the mass matrix is po,-1,,,,
6.8272951829712145,-0.07309368275234113,-3.9414346785323713,0.3383674583907732,1.0,0.001,0.0,128,5.0,auto,auto,periodic,"Simulation diverged at t=0: eigenvalue Re(λ)=3.686e+00 predicts growth factor 1.01e+08 over Δt=5.0, exceeding threshold 1e+08. The system is physically unstable.",diverged,"Simulation diverged at t=0: eigenvalue Re(λ)=3.686e+00 predicts growth factor 1.01e+08 over Δt=5.0, exceeding threshold 1e+08. The system is physically unstable.",-1,,,,
5.653665372478016,-0.44849780664096994,-2.559275077342984,3.4932960668889184,1.0,0.001,0.0,128,5.0,auto,auto,periodic,Mass matrix stability check failed: Coupled mass matrix has minimum eigenvalue -1.829 at (x=0.3906). The system has exponentially growing modes -- it will be unstable. Check that the mass matrix is positive-definite at all grid points (e.g. for Gaussian-coupled scalars: mPhi2 * mChi2 > g0^2).. Use --no-require-stable to override.,diverged,Mass matrix stability check failed: Coupled mass matrix has minimum eigenvalue -1.829 at (x=0.3906). The system has exponentially growing modes -- it will be unstable. Check that the mass matrix is po,-1,,,,
5.777583226672038,-0.1610004180874013,-3.430179512683181,0.19936972972254213,1.0,0.001,0.0,128,5.0,auto,auto,periodic,"Simulation diverged at t=0: eigenvalue Re(λ)=3.716e+00 predicts growth factor 1.17e+08 over Δt=5.0, exceeding threshold 1e+08. The system is physically unstable.",diverged,"Simulation diverged at t=0: eigenvalue Re(λ)=3.716e+00 predicts growth factor 1.17e+08 over Δt=5.0, exceeding threshold 1e+08. The system is physically unstable.",-1,,,,
5.32507951396765,-0.04092438011103977,-0.5338497319808138,4.4741241003138965,1.0,0.001,0.0,128,5.0,auto,auto,periodic,Mass matrix stability check failed: Coupled mass matrix has minimum eigenvalue -3.808 at (x=0.3906). The system has exponentially growing modes -- it will be unstable. Check that the mass matrix is positive-definite at all grid points (e.g. for Gaussian-coupled scalars: mPhi2 * mChi2 > g0^2).. Use --no-require-stable to override.,diverged,Mass matrix stability check failed: Coupled mass matrix has minimum eigenvalue -3.808 at (x=0.3906). The system has exponentially growing modes -- it will be unstable. Check that the mass matrix is po,-1,,,,
4.31481694147002,-0.10928876893596756,-1.4987013061285892,4.176175107183341,1.0,0.001,0.0,128,5.0,auto,auto,periodic,Mass matrix stability check failed: Coupled mass matrix has minimum eigenvalue -3.838 at (x=0.3906). The system has exponentially growing modes -- it will be unstable. Check that the mass matrix is positive-definite at all grid points (e.g. for Gaussian-coupled scalars: mPhi2 * mChi2 > g0^2).. Use --no-require-stable to override.,diverged,Mass matrix stability check failed: Coupled mass matrix has minimum eigenvalue -3.838 at (x=0.3906). The system has exponentially growing modes -- it will be unstable. Check that the mass matrix is po,-1,,,,
1.434487977008162,0.3796771688463709,-3.52461783511992,2.7875035774975236,1.0,0.001,0.0,128,5.0,auto,auto,periodic,Mass matrix stability check failed: Coupled mass matrix has minimum eigenvalue -2.911 at (x=0.3906). The system has exponentially growing modes -- it will be unstable. Check that the mass matrix is positive-definite at all grid points (e.g. for Gaussian-coupled scalars: mPhi2 * mChi2 > g0^2).. Use --no-require-stable to override.,diverged,Mass matrix stability check failed: Coupled mass matrix has minimum eigenvalue -2.911 at (x=0.3906). The system has exponentially growing modes -- it will be unstable. Check that the mass matrix is po,-1,,,,
4.537126719183874,-0.11023440008432212,-3.907961447742304,1.1118484362381942,1.0,0.001,0.0,128,5.0,auto,auto,periodic,"Simulation diverged at t=0: eigenvalue Re(λ)=3.740e+00 predicts growth factor 1.33e+08 over Δt=5.0, exceeding threshold 1e+08. The system is physically unstable.",diverged,"Simulation diverged at t=0: eigenvalue Re(λ)=3.740e+00 predicts growth factor 1.33e+08 over Δt=5.0, exceeding threshold 1e+08. The system is physically unstable.",-1,,,,
6.002571364721313,0.3227849252141032,-2.8777875558928034,1.8355338580703042,1.0,0.001,0.0,128,5.0,auto,auto,periodic,"Simulation diverged at t=0: eigenvalue Re(λ)=3.709e+00 predicts growth factor 1.13e+08 over Δt=5.0, exceeding threshold 1e+08. The system is physically unstable.",diverged,"Simulation diverged at t=0: eigenvalue Re(λ)=3.709e+00 predicts growth factor 1.13e+08 over Δt=5.0, exceeding threshold 1e+08. The system is physically unstable.",-1,,,,
5.047326755168763,0.4888139033426838,-3.2472617693774017,4.495137718482241,1.0,0.001,0.0,128,5.0,auto,auto,periodic,Mass matrix stability check failed: Coupled mass matrix has minimum eigenvalue -2.967 at (x=0.3906). The system has exponentially growing modes -- it will be unstable. Check that the mass matrix is positive-definite at all grid points (e.g. for Gaussian-coupled scalars: mPhi2 * mChi2 > g0^2).. Use --no-require-stable to override.,diverged,Mass matrix stability check failed: Coupled mass matrix has minimum eigenvalue -2.967 at (x=0.3906). The system has exponentially growing modes -- it will be unstable. Check that the mass matrix is po,-1,,,,
4.965872084134475,-0.02588762881280604,-0.8780227069788245,1.7388582758775435,1.0,0.001,0.0,128,5.0,auto,auto,periodic,Mass matrix stability check failed: Coupled mass matrix has minimum eigenvalue -0.6398 at (x=0.3906). The system has exponentially growing modes -- it will be unstable. Check that the mass matrix is positive-definite at all grid points (e.g. for Gaussian-coupled scalars: mPhi2 * mChi2 > g0^2).. Use --no-require-stable to override.,diverged,Mass matrix stability check failed: Coupled mass matrix has minimum eigenvalue -0.6398 at (x=0.3906). The system has exponentially growing modes -- it will be unstable. Check that the mass matrix is p,-1,,,,
1.0025678779874727,-0.08530228411682789,-1.6399569783665298,0.8843651401617975,1.0,0.001,0.0,128,5.0,auto,auto,periodic,Mass matrix stability check failed: Coupled mass matrix has minimum eigenvalue -0.2195 at (x=0.3906). The system has exponentially growing modes -- it will be unstable. Check that the mass matrix is positive-definite at all grid points (e.g. for Gaussian-coupled scalars: mPhi2 * mChi2 > g0^2).. Use --no-require-stable to override.,diverged,Mass matrix stability check failed: Coupled mass matrix has minimum eigenvalue -0.2195 at (x=0.3906). The system has exponentially growing modes -- it will be unstable. Check that the mass matrix is p,-1,,,,
1.6212410741999452,0.4273887483529272,-0.9450685646289516,2.062213406873038,1.0,0.001,0.0,128,5.0,auto,auto,periodic,Mass matrix stability check failed: Coupled mass matrix has minimum eigenvalue -3.074 at (x=0.3906). The system has exponentially growing modes -- it will be unstable. Check that the mass matrix is positive-definite at all grid points (e.g. for Gaussian-coupled scalars: mPhi2 * mChi2 > g0^2).. Use --no-require-stable to override.,diverged,Mass matrix stability check failed: Coupled mass matrix has minimum eigenvalue -3.074 at (x=0.3906). The system has exponentially growing modes -- it will be unstable. Check that the mass matrix is po,-1,,,,
4.05065314392383,-0.2970369791048093,-4.723260076739292,2.1844392420244065,1.0,0.001,0.0,128,5.0,auto,auto,periodic,"Simulation diverged at t=0: eigenvalue Re(λ)=3.733e+00 predicts growth factor 1.28e+08 over Δt=5.0, exceeding threshold 1e+08. The system is physically unstable.",diverged,"Simulation diverged at t=0: eigenvalue Re(λ)=3.733e+00 predicts growth factor 1.28e+08 over Δt=5.0, exceeding threshold 1e+08. The system is physically unstable.",-1,,,,
6.227308432170163,-0.22539301051176308,-4.647480935029576,2.502838930703182,1.0,0.001,0.0,128,5.0,auto,auto,periodic,Mass matrix stability check failed: Coupled mass matrix has minimum eigenvalue -0.03566 at (x=0.3906). The system has exponentially growing modes -- it will be unstable. Check that the mass matrix is positive-definite at all grid points (e.g. for Gaussian-coupled scalars: mPhi2 * mChi2 > g0^2).. Use --no-require-stable to override.,diverged,Mass matrix stability check failed: Coupled mass matrix has minimum eigenvalue -0.03566 at (x=0.3906). The system has exponentially growing modes -- it will be unstable. Check that the mass matrix is ,-1,,,,
3.0060424655437945,0.14688747417078885,-0.725151139232354,0.06172928016838893,1.0,0.001,0.0,128,5.0,auto,auto,periodic,Mass matrix stability check failed: Coupled mass matrix has minimum eigenvalue -0.6819 at (x=0.3906). The system has exponentially growing modes -- it will be unstable. Check that the mass matrix is positive-definite at all grid points (e.g. for Gaussian-coupled scalars: mPhi2 * mChi2 > g0^2).. Use --no-require-stable to override.,diverged,Mass matrix stability check failed: Coupled mass matrix has minimum eigenvalue -0.6819 at (x=0.3906). The system has exponentially growing modes -- it will be unstable. Check that the mass matrix is p,-1,,,,
0.17544284505034463,-0.34659217837094963,-3.218640734787798,1.5758446497566663,1.0,0.001,0.0,128,5.0,auto,auto,periodic,"Simulation diverged at t=0: eigenvalue Re(λ)=3.735e+00 predicts growth factor 1.29e+08 over Δt=5.0, exceeding threshold 1e+08. The system is physically unstable.",diverged,"Simulation diverged at t=0: eigenvalue Re(λ)=3.735e+00 predicts growth factor 1.29e+08 over Δt=5.0, exceeding threshold 1e+08. The system is physically unstable.",-1,,,,
4.327159950861369,0.4772074582909581,-3.767322964834079,2.0878961827692035,1.0,0.001,0.0,128,5.0,auto,auto,periodic,"Simulation diverged at t=0: eigenvalue Re(λ)=3.698e+00 predicts growth factor 1.07e+08 over Δt=5.0, exceeding threshold 1e+08. The system is physically unstable.",diverged,"Simulation diverged at t=0: eigenvalue Re(λ)=3.698e+00 predicts growth factor 1.07e+08 over Δt=5.0, exceeding threshold 1e+08. The system is physically unstable.",-1,,,,
9.812088258350228,-0.4418297048208202,-3.6029505092642093,2.9054882465212595,1.0,0.001,0.0,128,5.0,auto,auto,periodic,Mass matrix stability check failed: Coupled mass matrix has minimum eigenvalue -0.4818 at (x=0.3906). The system has exponentially growing modes -- it will be unstable. Check that the mass matrix is positive-definite at all grid points (e.g. for Gaussian-coupled scalars: mPhi2 * mChi2 > g0^2).. Use --no-require-stable to override.,diverged,Mass matrix stability check failed: Coupled mass matrix has minimum eigenvalue -0.4818 at (x=0.3906). The system has exponentially growing modes -- it will be unstable. Check that the mass matrix is p,-1,,,,
3.2867229294286986,-0.17574838110646318,-4.260367527614525,1.4539302938670151,1.0,0.001,0.0,128,5.0,auto,auto,periodic,"Simulation diverged at t=0: eigenvalue Re(λ)=3.731e+00 predicts growth factor 1.26e+08 over Δt=5.0, exceeding threshold 1e+08. The system is physically unstable.",diverged,"Simulation diverged at t=0: eigenvalue Re(λ)=3.731e+00 predicts growth factor 1.26e+08 over Δt=5.0, exceeding threshold 1e+08. The system is physically unstable.",-1,,,,
9.190000598302646,0.4499489479395058,-4.1172976595882345,0.37611364668487407,1.0,0.001,0.0,128,5.0,auto,auto,periodic,"Simulation diverged at t=0: eigenvalue Re(λ)=3.792e+00 predicts growth factor 1.72e+08 over Δt=5.0, exceeding threshold 1e+08. The system is physically unstable.",diverged,"Simulation diverged at t=0: eigenvalue Re(λ)=3.792e+00 predicts growth factor 1.72e+08 over Δt=5.0, exceeding threshold 1e+08. The system is physically unstable.",-1,,,,
1.0529937995081875,0.4440031861951558,-4.589821180067811,4.162251868576011,1.0,0.001,0.0,128,5.0,auto,auto,periodic,Mass matrix stability check failed: Coupled mass matrix has minimum eigenvalue -9.776 at (x=0.3906). The system has exponentially growing modes -- it will be unstable. Check that the mass matrix is positive-definite at all grid points (e.g. for Gaussian-coupled scalars: mPhi2 * mChi2 > g0^2).. Use --no-require-stable to override.,diverged,Mass matrix stability check failed: Coupled mass matrix has minimum eigenvalue -9.776 at (x=0.3906). The system has exponentially growing modes -- it will be unstable. Check that the mass matrix is po,-1,,,,
8.386056098982806,-0.10688002363113053,-3.702129741268,0.13549994584560435,1.0,0.001,0.0,128,5.0,auto,auto,periodic,"Simulation diverged at t=0: eigenvalue Re(λ)=3.737e+00 predicts growth factor 1.30e+08 over Δt=5.0, exceeding threshold 1e+08. The system is physically unstable.",diverged,"Simulation diverged at t=0: eigenvalue Re(λ)=3.737e+00 predicts growth factor 1.30e+08 over Δt=5.0, exceeding threshold 1e+08. The system is physically unstable.",-1,,,,
5.6957885884648745,-0.29356261736151423,-0.6589186042135946,4.056544666654606,1.0,0.001,0.0,128,5.0,auto,auto,periodic,Mass matrix stability check failed: Coupled mass matrix has minimum eigenvalue -3.076 at (x=0.3906). The system has exponentially growing modes -- it will be unstable. Check that the mass matrix is positive-definite at all grid points (e.g. for Gaussian-coupled scalars: mPhi2 * mChi2 > g0^2).. Use --no-require-stable to override.,diverged,Mass matrix stability check failed: Coupled mass matrix has minimum eigenvalue -3.076 at (x=0.3906). The system has exponentially growing modes -- it will be unstable. Check that the mass matrix is po,-1,,,,
8.676913577730554,0.40937179416537073,-1.5374542059237348,1.1722364613289884,1.0,0.001,0.0,128,5.0,auto,auto,periodic,Mass matrix stability check failed: Coupled mass matrix has minimum eigenvalue -0.04899 at (x=0.3906). The system has exponentially growing modes -- it will be unstable. Check that the mass matrix is positive-definite at all grid points (e.g. for Gaussian-coupled scalars: mPhi2 * mChi2 > g0^2).. Use --no-require-stable to override.,diverged,Mass matrix stability check failed: Coupled mass matrix has minimum eigenvalue -0.04899 at (x=0.3906). The system has exponentially growing modes -- it will be unstable. Check that the mass matrix is ,-1,,,,
3.2360076591819413,0.009074966532017892,-4.008813847898106,4.557224011345095,1.0,0.001,0.0,128,5.0,auto,auto,periodic,Mass matrix stability check failed: Coupled mass matrix has minimum eigenvalue -4.272 at (x=0.3906). The system has exponentially growing modes -- it will be unstable. Check that the mass matrix is positive-definite at all grid points (e.g. for Gaussian-coupled scalars: mPhi2 * mChi2 > g0^2).. Use --no-require-stable to override.,diverged,Mass matrix stability check failed: Coupled mass matrix has minimum eigenvalue -4.272 at (x=0.3906). The system has exponentially growing modes -- it will be unstable. Check that the mass matrix is po,-1,,,,
9.004132881597979,-0.3419304966519632,-1.4871093949066405,0.2906953702565972,1.0,0.001,0.0,128,5.0,auto,auto,periodic,Mass matrix stability check failed: Coupled mass matrix has minimum eigenvalue -0.05839 at (x=0.3906). The system has exponentially growing modes -- it will be unstable. Check that the mass matrix is positive-definite at all grid points (e.g. for Gaussian-coupled scalars: mPhi2 * mChi2 > g0^2).. Use --no-require-stable to override.,diverged,Mass matrix stability check failed: Coupled mass matrix has minimum eigenvalue -0.05839 at (x=0.3906). The system has exponentially growing modes -- it will be unstable. Check that the mass matrix is ,-1,,,,
8.090116747809683,-0.40912581912454216,-4.412881442976353,4.707016541714457,1.0,0.001,0.0,128,5.0,auto,auto,periodic,Mass matrix stability check failed: Coupled mass matrix has minimum eigenvalue -1.72 at (x=0.3906). The system has exponentially growing modes -- it will be unstable. Check that the mass matrix is positive-definite at all grid points (e.g. for Gaussian-coupled scalars: mPhi2 * mChi2 > g0^2).. Use --no-require-stable to override.,diverged,Mass matrix stability check failed: Coupled mass matrix has minimum eigenvalue -1.72 at (x=0.3906). The system has exponentially growing modes -- it will be unstable. Check that the mass matrix is pos,-1,,,,
4.066745677458151,0.34927142189564275,-2.9623274983340164,1.2376386357086928,1.0,0.001,0.0,128,5.0,auto,auto,periodic,"Simulation diverged at t=0: eigenvalue Re(λ)=3.692e+00 predicts growth factor 1.04e+08 over Δt=5.0, exceeding threshold 1e+08. The system is physically unstable.",diverged,"Simulation diverged at t=0: eigenvalue Re(λ)=3.692e+00 predicts growth factor 1.04e+08 over Δt=5.0, exceeding threshold 1e+08. The system is physically unstable.",-1,,,,
2.788893165508509,-0.44724165404090593,-3.727752115551035,1.9443894964665072,1.0,0.001,0.0,128,5.0,auto,auto,periodic,"Simulation diverged at t=0: eigenvalue Re(λ)=3.711e+00 predicts growth factor 1.14e+08 over Δt=5.0, exceeding threshold 1e+08. The system is physically unstable.",diverged,"Simulation diverged at t=0: eigenvalue Re(λ)=3.711e+00 predicts growth factor 1.14e+08 over Δt=5.0, exceeding threshold 1e+08. The system is physically unstable.",-1,,,,
5.484687531495784,-0.06394234820742944,-1.662744547962299,2.093328796531633,1.0,0.001,0.0,128,5.0,auto,auto,periodic,Mass matrix stability check failed: Coupled mass matrix has minimum eigenvalue -0.6809 at (x=0.3906). The system has exponentially growing modes -- it will be unstable. Check that the mass matrix is positive-definite at all grid points (e.g. for Gaussian-coupled scalars: mPhi2 * mChi2 > g0^2).. Use --no-require-stable to override.,diverged,Mass matrix stability check failed: Coupled mass matrix has minimum eigenvalue -0.6809 at (x=0.3906). The system has exponentially growing modes -- it will be unstable. Check that the mass matrix is p,-1,,,,
7.362449470600779,-0.15659775015828725,-3.108763846852296,3.756587525283244,1.0,0.001,0.0,128,5.0,auto,auto,periodic,Mass matrix stability check failed: Coupled mass matrix has minimum eigenvalue -1.47 at (x=0.3906). The system has exponentially growing modes -- it will be unstable. Check that the mass matrix is positive-definite at all grid points (e.g. for Gaussian-coupled scalars: mPhi2 * mChi2 > g0^2).. Use --no-require-stable to override.,diverged,Mass matrix stability check failed: Coupled mass matrix has minimum eigenvalue -1.47 at (x=0.3906). The system has exponentially growing modes -- it will be unstable. Check that the mass matrix is pos,-1,,,,
9.061333239870933,-0.454436947346785,-3.5053362297947386,3.32459297678172,1.0,0.001,0.0,128,5.0,auto,auto,periodic,Mass matrix stability check failed: Coupled mass matrix has minimum eigenvalue -0.8207 at (x=0.3906). The system has exponentially growing modes -- it will be unstable. Check that the mass matrix is positive-definite at all grid points (e.g. for Gaussian-coupled scalars: mPhi2 * mChi2 > g0^2).. Use --no-require-stable to override.,diverged,Mass matrix stability check failed: Coupled mass matrix has minimum eigenvalue -0.8207 at (x=0.3906). The system has exponentially growing modes -- it will be unstable. Check that the mass matrix is p,-1,,,,
8.36304329117898,-0.48932984034132015,-3.0528382670666083,3.6809390311416914,1.0,0.001,0.0,128,5.0,auto,auto,periodic,Mass matrix stability check failed: Coupled mass matrix has minimum eigenvalue -1.253 at (x=0.3906). The system has exponentially growing modes -- it will be unstable. Check that the mass matrix is positive-definite at all grid points (e.g. for Gaussian-coupled scalars: mPhi2 * mChi2 > g0^2).. Use --no-require-stable to override.,diverged,Mass matrix stability check failed: Coupled mass matrix has minimum eigenvalue -1.253 at (x=0.3906). The system has exponentially growing modes -- it will be unstable. Check that the mass matrix is po,-1,,,,
3.291479427801495,-0.366498398441403,-2.364138399907651,1.8246089591057626,1.0,0.001,0.0,128,5.0,auto,auto,periodic,Mass matrix stability check failed: Coupled mass matrix has minimum eigenvalue -0.2186 at (x=0.3906). The system has exponentially growing modes -- it will be unstable. Check that the mass matrix is positive-definite at all grid points (e.g. for Gaussian-coupled scalars: mPhi2 * mChi2 > g0^2).. Use --no-require-stable to override.,diverged,Mass matrix stability check failed: Coupled mass matrix has minimum eigenvalue -0.2186 at (x=0.3906). The system has exponentially growing modes -- it will be unstable. Check that the mass matrix is p,-1,,,,
9.333237829045714,-0.1524812888172738,-4.8127875901831425,2.222029303563652,1.0,0.001,0.0,128,5.0,auto,auto,periodic,"Simulation diverged at t=0: eigenvalue Re(λ)=3.744e+00 predicts growth factor 1.35e+08 over Δt=5.0, exceeding threshold 1e+08. The system is physically unstable.",diverged,"Simulation diverged at t=0: eigenvalue Re(λ)=3.744e+00 predicts growth factor 1.35e+08 over Δt=5.0, exceeding threshold 1e+08. The system is physically unstable.",-1,,,,
6.94826244351463,-0.42189414354444554,-3.8528957121272787,2.3253592738639464,1.0,0.001,0.0,128,5.0,auto,auto,periodic,Mass matrix stability check failed: Coupled mass matrix has minimum eigenvalue -0.1074 at (x=0.3906). The system has exponentially growing modes -- it will be unstable. Check that the mass matrix is positive-definite at all grid points (e.g. for Gaussian-coupled scalars: mPhi2 * mChi2 > g0^2).. Use --no-require-stable to override.,diverged,Mass matrix stability check failed: Coupled mass matrix has minimum eigenvalue -0.1074 at (x=0.3906). The system has exponentially growing modes -- it will be unstable. Check that the mass matrix is p,-1,,,,
0.878250784590754,-0.4252445530203862,-4.932719025381014,1.1576316409847158,1.0,0.001,0.0,128,5.0,auto,auto,periodic,"Simulation diverged at t=0: eigenvalue Re(λ)=3.752e+00 predicts growth factor 1.40e+08 over Δt=5.0, exceeding threshold 1e+08. The system is physically unstable.",diverged,"Simulation diverged at t=0: eigenvalue Re(λ)=3.752e+00 predicts growth factor 1.40e+08 over Δt=5.0, exceeding threshold 1e+08. The system is physically unstable.",-1,,,,
3.214860499042845,0.27708501374053673,-4.7095006193464855,2.4987373973327234,1.0,0.001,0.0,128,5.0,auto,auto,periodic,Mass matrix stability check failed: Coupled mass matrix has minimum eigenvalue -0.02284 at (x=0.3906). The system has exponentially growing modes -- it will be unstable. Check that the mass matrix is positive-definite at all grid points (e.g. for Gaussian-coupled scalars: mPhi2 * mChi2 > g0^2).. Use --no-require-stable to override.,diverged,Mass matrix stability check failed: Coupled mass matrix has minimum eigenvalue -0.02284 at (x=0.3906). The system has exponentially growing modes -- it will be unstable. Check that the mass matrix is ,-1,,,,
1.269001361757155,0.16540027120334366,-2.7808831432824404,1.7147837609831071,1.0,0.001,0.0,128,5.0,auto,auto,periodic,"Simulation diverged at t=0: eigenvalue Re(λ)=3.689e+00 predicts growth factor 1.02e+08 over Δt=5.0, exceeding threshold 1e+08. The system is physically unstable.",diverged,"Simulation diverged at t=0: eigenvalue Re(λ)=3.689e+00 predicts growth factor 1.02e+08 over Δt=5.0, exceeding threshold 1e+08. The system is physically unstable.",-1,,,,
1.8652447557023129,0.1597993009566785,-4.482869706475936,3.356011525895598,1.0,0.001,0.0,128,5.0,auto,auto,periodic,Mass matrix stability check failed: Coupled mass matrix has minimum eigenvalue -3.04 at (x=0.3906). The system has exponentially growing modes -- it will be unstable. Check that the mass matrix is positive-definite at all grid points (e.g. for Gaussian-coupled scalars: mPhi2 * mChi2 > g0^2).. Use --no-require-stable to override.,diverged,Mass matrix stability check failed: Coupled mass matrix has minimum eigenvalue -3.04 at (x=0.3906). The system has exponentially growing modes -- it will be unstable. Check that the mass matrix is pos,-1,,,,
9.39387711860379,0.43822917073135614,-4.499827650795121,1.9744051917030594,1.0,0.001,0.0,128,5.0,auto,auto,periodic,"Simulation diverged at t=0: eigenvalue Re(λ)=3.713e+00 predicts growth factor 1.16e+08 over Δt=5.0, exceeding threshold 1e+08. The system is physically unstable.",diverged,"Simulation diverged at t=0: eigenvalue Re(λ)=3.713e+00 predicts growth factor 1.16e+08 over Δt=5.0, exceeding threshold 1e+08. The system is physically unstable.",-1,,,,
8.909077322826873,0.4003281372575517,-1.5492435201330323,0.9359368481550799,1.0,0.001,0.0,128,5.0,auto,auto,periodic,Mass matrix stability check failed: Coupled mass matrix has minimum eigenvalue -0.04507 at (x=0.3906). The system has exponentially growing modes -- it will be unstable. Check that the mass matrix is positive-definite at all grid points (e.g. for Gaussian-coupled scalars: mPhi2 * mChi2 > g0^2).. Use --no-require-stable to override.,diverged,Mass matrix stability check failed: Coupled mass matrix has minimum eigenvalue -0.04507 at (x=0.3906). The system has exponentially growing modes -- it will be unstable. Check that the mass matrix is ,-1,,,,
5.78690569232044,-0.42982231296538825,-3.592360477667124,2.015578758120993,1.0,0.001,0.0,128,5.0,auto,auto,periodic,"Simulation diverged at t=0: eigenvalue Re(λ)=3.784e+00 predicts growth factor 1.65e+08 over Δt=5.0, exceeding threshold 1e+08. The system is physically unstable.",diverged,"Simulation diverged at t=0: eigenvalue Re(λ)=3.784e+00 predicts growth factor 1.65e+08 over Δt=5.0, exceeding threshold 1e+08. The system is physically unstable.",-1,,,,
3.525386608388267,0.2758337164975576,-4.14431351488995,3.044040157887072,1.0,0.001,0.0,128,5.0,auto,auto,periodic,Mass matrix stability check failed: Coupled mass matrix has minimum eigenvalue -1.27 at (x=0.3906). The system has exponentially growing modes -- it will be unstable. Check that the mass matrix is positive-definite at all grid points (e.g. for Gaussian-coupled scalars: mPhi2 * mChi2 > g0^2).. Use --no-require-stable to override.,diverged,Mass matrix stability check failed: Coupled mass matrix has minimum eigenvalue -1.27 at (x=0.3906). The system has exponentially growing modes -- it will be unstable. Check that the mass matrix is pos,-1,,,,
6.321616656517652,0.4839529034031108,-4.308582538044268,4.60754151593693,1.0,0.001,0.0,128,5.0,auto,auto,periodic,Mass matrix stability check failed: Coupled mass matrix has minimum eigenvalue -2.14 at (x=0.3906). The system has exponentially growing modes -- it will be unstable. Check that the mass matrix is positive-definite at all grid points (e.g. for Gaussian-coupled scalars: mPhi2 * mChi2 > g0^2).. Use --no-require-stable to override.,diverged,Mass matrix stability check failed: Coupled mass matrix has minimum eigenvalue -2.14 at (x=0.3906). The system has exponentially growing modes -- it will be unstable. Check that the mass matrix is pos,-1,,,,
1.2915347700018844,0.2981219953764902,-1.922771277636099,3.151579925612411,1.0,0.001,0.0,128,5.0,auto,auto,periodic,Mass matrix stability check failed: Coupled mass matrix has minimum eigenvalue -7.405 at (x=0.3906). The system has exponentially growing modes -- it will be unstable. Check that the mass matrix is positive-definite at all grid points (e.g. for Gaussian-coupled scalars: mPhi2 * mChi2 > g0^2).. Use --no-require-stable to override.,diverged,Mass matrix stability check failed: Coupled mass matrix has minimum eigenvalue -7.405 at (x=0.3906). The system has exponentially growing modes -- it will be unstable. Check that the mass matrix is po,-1,,,,
5.755042728664319,0.26218993870413376,-2.0492055144197865,4.508473514595223,1.0,0.001,0.0,128,5.0,auto,auto,periodic,Mass matrix stability check failed: Coupled mass matrix has minimum eigenvalue -3.033 at (x=0.3906). The system has exponentially growing modes -- it will be unstable. Check that the mass matrix is positive-definite at all grid points (e.g. for Gaussian-coupled scalars: mPhi2 * mChi2 > g0^2).. Use --no-require-stable to override.,diverged,Mass matrix stability check failed: Coupled mass matrix has minimum eigenvalue -3.033 at (x=0.3906). The system has exponentially growing modes -- it will be unstable. Check that the mass matrix is po,-1,,,,
7.67364219579709,0.08446090921036131,-1.030289233517105,3.337527642263805,1.0,0.001,0.0,128,5.0,auto,auto,periodic,Mass matrix stability check failed: Coupled mass matrix has minimum eigenvalue -1.624 at (x=0.3906). The system has exponentially growing modes -- it will be unstable. Check that the mass matrix is positive-definite at all grid points (e.g. for Gaussian-coupled scalars: mPhi2 * mChi2 > g0^2).. Use --no-require-stable to override.,diverged,Mass matrix stability check failed: Coupled mass matrix has minimum eigenvalue -1.624 at (x=0.3906). The system has exponentially growing modes -- it will be unstable. Check that the mass matrix is po,-1,,,,
6.487190804936602,0.36565396134882844,-3.092810540307102,4.115770021330994,1.0,0.001,0.0,128,5.0,auto,auto,periodic,Mass matrix stability check failed: Coupled mass matrix has minimum eigenvalue -2.005 at (x=0.3906). The system has exponentially growing modes -- it will be unstable. Check that the mass matrix is positive-definite at all grid points (e.g. for Gaussian-coupled scalars: mPhi2 * mChi2 > g0^2).. Use --no-require-stable to override.,diverged,Mass matrix stability check failed: Coupled mass matrix has minimum eigenvalue -2.005 at (x=0.3906). The system has exponentially growing modes -- it will be unstable. Check that the mass matrix is po,-1,,,,
7.835351483643168,-0.12340268561593437,-3.3199625617094553,2.834525049705419,1.0,0.001,0.0,128,5.0,auto,auto,periodic,Mass matrix stability check failed: Coupled mass matrix has minimum eigenvalue -0.6212 at (x=0.3906). The system has exponentially growing modes -- it will be unstable. Check that the mass matrix is positive-definite at all grid points (e.g. for Gaussian-coupled scalars: mPhi2 * mChi2 > g0^2).. Use --no-require-stable to override.,diverged,Mass matrix stability check failed: Coupled mass matrix has minimum eigenvalue -0.6212 at (x=0.3906). The system has exponentially growing modes -- it will be unstable. Check that the mass matrix is p,-1,,,,
7.387197241382286,0.13967848974517216,-0.5249417962963685,2.464277990962888,1.0,0.001,0.0,128,5.0,auto,auto,periodic,Mass matrix stability check failed: Coupled mass matrix has minimum eigenvalue -1.115 at (x=0.3906). The system has exponentially growing modes -- it will be unstable. Check that the mass matrix is positive-definite at all grid points (e.g. for Gaussian-coupled scalars: mPhi2 * mChi2 > g0^2).. Use --no-require-stable to override.,diverged,Mass matrix stability check failed: Coupled mass matrix has minimum eigenvalue -1.115 at (x=0.3906). The system has exponentially growing modes -- it will be unstable. Check that the mass matrix is po,-1,,,,
9.375951067465277,-0.3357354261518096,-2.70916141752215,1.5281009369433107,1.0,0.001,0.0,128,5.0,auto,auto,periodic,"Simulation diverged at t=0: eigenvalue Re(λ)=3.713e+00 predicts growth factor 1.15e+08 over Δt=5.0, exceeding threshold 1e+08. The system is physically unstable.",diverged,"Simulation diverged at t=0: eigenvalue Re(λ)=3.713e+00 predicts growth factor 1.15e+08 over Δt=5.0, exceeding threshold 1e+08. The system is physically unstable.",-1,,,,
9.91178721921516,0.3848175379423793,-2.0204144895825507,2.5376982128541408,1.0,0.001,0.0,128,5.0,auto,auto,periodic,Mass matrix stability check failed: Coupled mass matrix has minimum eigenvalue -0.5736 at (x=0.3906). The system has exponentially growing modes -- it will be unstable. Check that the mass matrix is positive-definite at all grid points (e.g. for Gaussian-coupled scalars: mPhi2 * mChi2 > g0^2).. Use --no-require-stable to override.,diverged,Mass matrix stability check failed: Coupled mass matrix has minimum eigenvalue -0.5736 at (x=0.3906). The system has exponentially growing modes -- it will be unstable. Check that the mass matrix is p,-1,,,,
3.4754959843167534,-0.29121845185362055,-1.9483189325472328,3.9291613770842866,1.0,0.001,0.0,128,5.0,auto,auto,periodic,Mass matrix stability check failed: Coupled mass matrix has minimum eigenvalue -4.08 at (x=0.3906). The system has exponentially growing modes -- it will be unstable. Check that the mass matrix is positive-definite at all grid points (e.g. for Gaussian-coupled scalars: mPhi2 * mChi2 > g0^2).. Use --no-require-stable to override.,diverged,Mass matrix stability check failed: Coupled mass matrix has minimum eigenvalue -4.08 at (x=0.3906). The system has exponentially growing modes -- it will be unstable. Check that the mass matrix is pos,-1,,,,
2.969566106918308,0.4524529211304673,-4.569014343512548,2.7560273971390292,1.0,0.001,0.0,128,5.0,auto,auto,periodic,Mass matrix stability check failed: Coupled mass matrix has minimum eigenvalue -0.6392 at (x=0.3906). The system has exponentially growing modes -- it will be unstable. Check that the mass matrix is positive-definite at all grid points (e.g. for Gaussian-coupled scalars: mPhi2 * mChi2 > g0^2).. Use --no-require-stable to override.,diverged,Mass matrix stability check failed: Coupled mass matrix has minimum eigenvalue -0.6392 at (x=0.3906). The system has exponentially growing modes -- it will be unstable. Check that the mass matrix is p,-1,,,,
5.975188104884926,0.36634946910793365,-2.542580148378985,4.324237709522817,1.0,0.001,0.0,128,5.0,auto,auto,periodic,Mass matrix stability check failed: Coupled mass matrix has minimum eigenvalue -2.571 at (x=0.3906). The system has exponentially growing modes -- it will be unstable. Check that the mass matrix is positive-definite at all grid points (e.g. for Gaussian-coupled scalars: mPhi2 * mChi2 > g0^2).. Use --no-require-stable to override.,diverged,Mass matrix stability check failed: Coupled mass matrix has minimum eigenvalue -2.571 at (x=0.3906). The system has exponentially growing modes -- it will be unstable. Check that the mass matrix is po,-1,,,,
7.342589669044117,0.06747653652534724,-1.378243918309979,1.7094777845327316,1.0,0.001,0.0,128,5.0,auto,auto,periodic,Mass matrix stability check failed: Coupled mass matrix has minimum eigenvalue -0.2724 at (x=0.3906). The system has exponentially growing modes -- it will be unstable. Check that the mass matrix is positive-definite at all grid points (e.g. for Gaussian-coupled scalars: mPhi2 * mChi2 > g0^2).. Use --no-require-stable to override.,diverged,Mass matrix stability check failed: Coupled mass matrix has minimum eigenvalue -0.2724 at (x=0.3906). The system has exponentially growing modes -- it will be unstable. Check that the mass matrix is p,-1,,,,
3.7090853819558256,-0.3015048806103311,-3.011319477702088,1.7738819657845433,1.0,0.001,0.0,128,5.0,auto,auto,periodic,"Simulation diverged at t=0: eigenvalue Re(λ)=3.695e+00 predicts growth factor 1.06e+08 over Δt=5.0, exceeding threshold 1e+08. The system is physically unstable.",diverged,"Simulation diverged at t=0: eigenvalue Re(λ)=3.695e+00 predicts growth factor 1.06e+08 over Δt=5.0, exceeding threshold 1e+08. The system is physically unstable.",-1,,,,
9.976020477440915,0.3045599415696616,-1.3833043600286743,1.0970255680471501,1.0,0.001,0.0,128,5.0,auto,auto,periodic,Mass matrix stability check failed: Coupled mass matrix has minimum eigenvalue -0.07352 at (x=0.3906). The system has exponentially growing modes -- it will be unstable. Check that the mass matrix is positive-definite at all grid points (e.g. for Gaussian-coupled scalars: mPhi2 * mChi2 > g0^2).. Use --no-require-stable to override.,diverged,Mass matrix stability check failed: Coupled mass matrix has minimum eigenvalue -0.07352 at (x=0.3906). The system has exponentially growing modes -- it will be unstable. Check that the mass matrix is ,-1,,,,
9.75797761397803,-0.11668362877125099,-4.396326240393392,2.397030327140828,1.0,0.001,0.0,128,5.0,auto,auto,periodic,Mass matrix stability check failed: Coupled mass matrix has minimum eigenvalue -0.009175 at (x=0.3906). The system has exponentially growing modes -- it will be unstable. Check that the mass matrix is positive-definite at all grid points (e.g. for Gaussian-coupled scalars: mPhi2 * mChi2 > g0^2).. Use --no-require-stable to override.,diverged,Mass matrix stability check failed: Coupled mass matrix has minimum eigenvalue -0.009175 at (x=0.3906). The system has exponentially growing modes -- it will be unstable. Check that the mass matrix is,-1,,,,
6.555552759946502,0.22282982731184187,-1.580989007579538,0.5427638515876342,1.0,0.001,0.0,128,5.0,auto,auto,periodic,Mass matrix stability check failed: Coupled mass matrix has minimum eigenvalue -0.05156 at (x=0.3906). The system has exponentially growing modes -- it will be unstable. Check that the mass matrix is positive-definite at all grid points (e.g. for Gaussian-coupled scalars: mPhi2 * mChi2 > g0^2).. Use --no-require-stable to override.,diverged,Mass matrix stability check failed: Coupled mass matrix has minimum eigenvalue -0.05156 at (x=0.3906). The system has exponentially growing modes -- it will be unstable. Check that the mass matrix is ,-1,,,,
0.5244070443163418,0.09120035918353231,-1.2933302268047502,1.1219073221334024,1.0,0.001,0.0,128,5.0,auto,auto,periodic,Mass matrix stability check failed: Coupled mass matrix has minimum eigenvalue -1.742 at (x=0.3906). The system has exponentially growing modes -- it will be unstable. Check that the mass matrix is positive-definite at all grid points (e.g. for Gaussian-coupled scalars: mPhi2 * mChi2 > g0^2).. Use --no-require-stable to override.,diverged,Mass matrix stability check failed: Coupled mass matrix has minimum eigenvalue -1.742 at (x=0.3906). The system has exponentially growing modes -- it will be unstable. Check that the mass matrix is po,-1,,,,
3.133750049295257,-0.04346147930321659,-1.1701533517853742,4.535052825602534,1.0,0.001,0.0,128,5.0,auto,auto,periodic,Mass matrix stability check failed: Coupled mass matrix has minimum eigenvalue -6.181 at (x=0.3906). The system has exponentially growing modes -- it will be unstable. Check that the mass matrix is positive-definite at all grid points (e.g. for Gaussian-coupled scalars: mPhi2 * mChi2 > g0^2).. Use --no-require-stable to override.,diverged,Mass matrix stability check failed: Coupled mass matrix has minimum eigenvalue -6.181 at (x=0.3906). The system has exponentially growing modes -- it will be unstable. Check that the mass matrix is po,-1,,,,
0.4264063146143465,-0.24643769916511216,-4.298634185375483,3.899334451610458,1.0,0.001,0.0,128,5.0,auto,auto,periodic,Mass matrix stability check failed: Coupled mass matrix has minimum eigenvalue -21.81 at (x=0.3906). The system has exponentially growing modes -- it will be unstable. Check that the mass matrix is positive-definite at all grid points (e.g. for Gaussian-coupled scalars: mPhi2 * mChi2 > g0^2).. Use --no-require-stable to override.,diverged,Mass matrix stability check failed: Coupled mass matrix has minimum eigenvalue -21.81 at (x=0.3906). The system has exponentially growing modes -- it will be unstable. Check that the mass matrix is po,-1,,,,
0.7806029972567152,0.25009466287593207,-2.323854356563657,3.1232732414676194,1.0,0.001,0.0,128,5.0,auto,auto,periodic,Mass matrix stability check failed: Coupled mass matrix has minimum eigenvalue -11.01 at (x=0.3906). The system has exponentially growing modes -- it will be unstable. Check that the mass matrix is positive-definite at all grid points (e.g. for Gaussian-coupled scalars: mPhi2 * mChi2 > g0^2).. Use --no-require-stable to override.,diverged,Mass matrix stability check failed: Coupled mass matrix has minimum eigenvalue -11.01 at (x=0.3906). The system has exponentially growing modes -- it will be unstable. Check that the mass matrix is po,-1,,,,
2.094361193854496,0.43760067460109164,-0.8478100020293704,0.15588174349760905,1.0,0.001,0.0,128,5.0,auto,auto,periodic,Mass matrix stability check failed: Coupled mass matrix has minimum eigenvalue -0.8615 at (x=0.3906). The system has exponentially growing modes -- it will be unstable. Check that the mass matrix is positive-definite at all grid points (e.g. for Gaussian-coupled scalars: mPhi2 * mChi2 > g0^2).. Use --no-require-stable to override.,diverged,Mass matrix stability check failed: Coupled mass matrix has minimum eigenvalue -0.8615 at (x=0.3906). The system has exponentially growing modes -- it will be unstable. Check that the mass matrix is p,-1,,,,
4.202188330292659,0.12315035704017763,-4.147953262077574,4.904212831908365,1.0,0.001,0.0,128,5.0,auto,auto,periodic,Mass matrix stability check failed: Coupled mass matrix has minimum eigenvalue -3.719 at (x=0.3906). The system has exponentially growing modes -- it will be unstable. Check that the mass matrix is positive-definite at all grid points (e.g. for Gaussian-coupled scalars: mPhi2 * mChi2 > g0^2).. Use --no-require-stable to override.,diverged,Mass matrix stability check failed: Coupled mass matrix has minimum eigenvalue -3.719 at (x=0.3906). The system has exponentially growing modes -- it will be unstable. Check that the mass matrix is po,-1,,,,
5.444289610466087,-0.28108153736202557,-4.753293929338252,4.545741123600414,1.0,0.001,0.0,128,5.0,auto,auto,periodic,Mass matrix stability check failed: Coupled mass matrix has minimum eigenvalue -2.253 at (x=0.3906). The system has exponentially growing modes -- it will be unstable. Check that the mass matrix is positive-definite at all grid points (e.g. for Gaussian-coupled scalars: mPhi2 * mChi2 > g0^2).. Use --no-require-stable to override.,diverged,Mass matrix stability check failed: Coupled mass matrix has minimum eigenvalue -2.253 at (x=0.3906). The system has exponentially growing modes -- it will be unstable. Check that the mass matrix is po,-1,,,,
8.546238865685718,-0.09593415471415168,-1.566767438272827,1.5942974953878972,1.0,0.001,0.0,128,5.0,auto,auto,periodic,Mass matrix stability check failed: Coupled mass matrix has minimum eigenvalue -0.1091 at (x=0.3906). The system has exponentially growing modes -- it will be unstable. Check that the mass matrix is positive-definite at all grid points (e.g. for Gaussian-coupled scalars: mPhi2 * mChi2 > g0^2).. Use --no-require-stable to override.,diverged,Mass matrix stability check failed: Coupled mass matrix has minimum eigenvalue -0.1091 at (x=0.3906). The system has exponentially growing modes -- it will be unstable. Check that the mass matrix is p,-1,,,,
6.257565330240619,0.3971950654086479,-3.575912570625004,3.0232169600848655,1.0,0.001,0.0,128,5.0,auto,auto,periodic,Mass matrix stability check failed: Coupled mass matrix has minimum eigenvalue -0.8769 at (x=0.3906). The system has exponentially growing modes -- it will be unstable. Check that the mass matrix is positive-definite at all grid points (e.g. for Gaussian-coupled scalars: mPhi2 * mChi2 > g0^2).. Use --no-require-stable to override.,diverged,Mass matrix stability check failed: Coupled mass matrix has minimum eigenvalue -0.8769 at (x=0.3906). The system has exponentially growing modes -- it will be unstable. Check that the mass matrix is p,-1,,,,
4.113433398284967,0.28742762019012047,-1.515299627557416,3.8613232103216575,1.0,0.001,0.0,128,5.0,auto,auto,periodic,Mass matrix stability check failed: Coupled mass matrix has minimum eigenvalue -3.558 at (x=0.3906). The system has exponentially growing modes -- it will be unstable. Check that the mass matrix is positive-definite at all grid points (e.g. for Gaussian-coupled scalars: mPhi2 * mChi2 > g0^2).. Use --no-require-stable to override.,diverged,Mass matrix stability check failed: Coupled mass matrix has minimum eigenvalue -3.558 at (x=0.3906). The system has exponentially growing modes -- it will be unstable. Check that the mass matrix is po,-1,,,,
8.828177560902558,0.03978784820344161,-4.0159810241504434,4.445259315302286,1.0,0.001,0.0,128,5.0,auto,auto,periodic,Mass matrix stability check failed: Coupled mass matrix has minimum eigenvalue -1.488 at (x=0.3906). The system has exponentially growing modes -- it will be unstable. Check that the mass matrix is positive-definite at all grid points (e.g. for Gaussian-coupled scalars: mPhi2 * mChi2 > g0^2).. Use --no-require-stable to override.,diverged,Mass matrix stability check failed: Coupled mass matrix has minimum eigenvalue -1.488 at (x=0.3906). The system has exponentially growing modes -- it will be unstable. Check that the mass matrix is po,-1,,,,
8.661928326318927,-0.07602450913695358,-0.8900182372240533,0.7954058029649993,1.0,0.001,0.0,128,5.0,auto,auto,periodic,Mass matrix stability check failed: Coupled mass matrix has minimum eigenvalue -0.1986 at (x=0.3906). The system has exponentially growing modes -- it will be unstable. Check that the mass matrix is positive-definite at all grid points (e.g. for Gaussian-coupled scalars: mPhi2 * mChi2 > g0^2).. Use --no-require-stable to override.,diverged,Mass matrix stability check failed: Coupled mass matrix has minimum eigenvalue -0.1986 at (x=0.3906). The system has exponentially growing modes -- it will be unstable. Check that the mass matrix is p,-1,,,,
7.222637550091175,-0.08868958625831574,-0.5582426578580248,0.2271656507921475,1.0,0.001,0.0,128,5.0,auto,auto,periodic,Mass matrix stability check failed: Coupled mass matrix has minimum eigenvalue -0.33 at (x=0.3906). The system has exponentially growing modes -- it will be unstable. Check that the mass matrix is positive-definite at all grid points (e.g. for Gaussian-coupled scalars: mPhi2 * mChi2 > g0^2).. Use --no-require-stable to override.,diverged,Mass matrix stability check failed: Coupled mass matrix has minimum eigenvalue -0.33 at (x=0.3906). The system has exponentially growing modes -- it will be unstable. Check that the mass matrix is pos,-1,,,,
1.1702033529678795,-0.182388019638486,-1.469192754203155,1.5478727971978854,1.0,0.001,0.0,128,5.0,auto,auto,periodic,Mass matrix stability check failed: Coupled mass matrix has minimum eigenvalue -0.7254 at (x=0.3906). The system has exponentially growing modes -- it will be unstable. Check that the mass matrix is positive-definite at all grid points (e.g. for Gaussian-coupled scalars: mPhi2 * mChi2 > g0^2).. Use --no-require-stable to override.,diverged,Mass matrix stability check failed: Coupled mass matrix has minimum eigenvalue -0.7254 at (x=0.3906). The system has exponentially growing modes -- it will be unstable. Check that the mass matrix is p,-1,,,,
7.269312176732387,0.33050961541402446,-4.769921116753168,0.6619416575734972,1.0,0.001,0.0,128,5.0,auto,auto,periodic,"Simulation diverged at t=0: eigenvalue Re(λ)=3.746e+00 predicts growth factor 1.36e+08 over Δt=5.0, exceeding threshold 1e+08. The system is physically unstable.",diverged,"Simulation diverged at t=0: eigenvalue Re(λ)=3.746e+00 predicts growth factor 1.36e+08 over Δt=5.0, exceeding threshold 1e+08. The system is physically unstable.",-1,,,,
1.8191682030060987,-0.3021296323129375,-4.51416336728277,0.25250445247155484,1.0,0.001,0.0,128,5.0,auto,auto,periodic,"Simulation diverged at t=0: eigenvalue Re(λ)=3.758e+00 predicts growth factor 1.44e+08 over Δt=5.0, exceeding threshold 1e+08. The system is physically unstable.",diverged,"Simulation diverged at t=0: eigenvalue Re(λ)=3.758e+00 predicts growth factor 1.44e+08 over Δt=5.0, exceeding threshold 1e+08. The system is physically unstable.",-1,,,,
4.481727036686531,-0.14247295383148895,-3.777482560580629,4.048547792748516,1.0,0.001,0.0,128,5.0,auto,auto,periodic,Mass matrix stability check failed: Coupled mass matrix has minimum eigenvalue -2.507 at (x=0.3906). The system has exponentially growing modes -- it will be unstable. Check that the mass matrix is positive-definite at all grid points (e.g. for Gaussian-coupled scalars: mPhi2 * mChi2 > g0^2).. Use --no-require-stable to override.,diverged,Mass matrix stability check failed: Coupled mass matrix has minimum eigenvalue -2.507 at (x=0.3906). The system has exponentially growing modes -- it will be unstable. Check that the mass matrix is po,-1,,,,
3.454202239901331,0.1483918629656028,-2.110371947678039,0.9878895852925131,1.0,0.001,0.0,128,5.0,auto,auto,periodic,"Simulation diverged at t=0: eigenvalue Re(λ)=3.705e+00 predicts growth factor 1.11e+08 over Δt=5.0, exceeding threshold 1e+08. The system is physically unstable.",diverged,"Simulation diverged at t=0: eigenvalue Re(λ)=3.705e+00 predicts growth factor 1.11e+08 over Δt=5.0, exceeding threshold 1e+08. The system is physically unstable.",-1,,,,
4.9929285354731086,0.33533351190653704,-2.1705017082929428,4.683126918150629,1.0,0.001,0.0,128,5.0,auto,auto,periodic,Mass matrix stability check failed: Coupled mass matrix has minimum eigenvalue -3.657 at (x=0.3906). The system has exponentially growing modes -- it will be unstable. Check that the mass matrix is positive-definite at all grid points (e.g. for Gaussian-coupled scalars: mPhi2 * mChi2 > g0^2).. Use --no-require-stable to override.,diverged,Mass matrix stability check failed: Coupled mass matrix has minimum eigenvalue -3.657 at (x=0.3906). The system has exponentially growing modes -- it will be unstable. Check that the mass matrix is po,-1,,,,
4.889341237897831,-0.3207261901888796,-4.67595691549696,2.8851361850128168,1.0,0.001,0.0,128,5.0,auto,auto,periodic,Mass matrix stability check failed: Coupled mass matrix has minimum eigenvalue -0.5029 at (x=0.3906). The system has exponentially growing modes -- it will be unstable. Check that the mass matrix is positive-definite at all grid points (e.g. for Gaussian-coupled scalars: mPhi2 * mChi2 > g0^2).. Use --no-require-stable to override.,diverged,Mass matrix stability check failed: Coupled mass matrix has minimum eigenvalue -0.5029 at (x=0.3906). The system has exponentially growing modes -- it will be unstable. Check that the mass matrix is p,-1,,,,
4.266970556136636,-0.007242584309666511,-3.649791891454152,2.741111074630813,1.0,0.001,0.0,128,5.0,auto,auto,periodic,Mass matrix stability check failed: Coupled mass matrix has minimum eigenvalue -0.8547 at (x=0.3906). The system has exponentially growing modes -- it will be unstable. Check that the mass matrix is positive-definite at all grid points (e.g. for Gaussian-coupled scalars: mPhi2 * mChi2 > g0^2).. Use --no-require-stable to override.,diverged,Mass matrix stability check failed: Coupled mass matrix has minimum eigenvalue -0.8547 at (x=0.3906). The system has exponentially growing modes -- it will be unstable. Check that the mass matrix is p,-1,,,,
2.411622749661975,-0.14437700676411375,-2.2665914186717364,2.988064212944048,1.0,0.001,0.0,128,5.0,auto,auto,periodic,Mass matrix stability check failed: Coupled mass matrix has minimum eigenvalue -3.274 at (x=0.3906). The system has exponentially growing modes -- it will be unstable. Check that the mass matrix is positive-definite at all grid points (e.g. for Gaussian-coupled scalars: mPhi2 * mChi2 > g0^2).. Use --no-require-stable to override.,diverged,Mass matrix stability check failed: Coupled mass matrix has minimum eigenvalue -3.274 at (x=0.3906). The system has exponentially growing modes -- it will be unstable. Check that the mass matrix is po,-1,,,,
1.5560321233951828,0.302384272953242,-4.079170696400241,4.743443629734859,1.0,0.001,0.0,128,5.0,auto,auto,periodic,Mass matrix stability check failed: Coupled mass matrix has minimum eigenvalue -9.513 at (x=0.3906). The system has exponentially growing modes -- it will be unstable. Check that the mass matrix is positive-definite at all grid points (e.g. for Gaussian-coupled scalars: mPhi2 * mChi2 > g0^2).. Use --no-require-stable to override.,diverged,Mass matrix stability check failed: Coupled mass matrix has minimum eigenvalue -9.513 at (x=0.3906). The system has exponentially growing modes -- it will be unstable. Check that the mass matrix is po,-1,,,,
1.8500684039561188,-0.47355081548847844,-0.961403428845597,0.6319228438628961,1.0,0.001,0.0,128,5.0,auto,auto,periodic,Mass matrix stability check failed: Coupled mass matrix has minimum eigenvalue -0.8525 at (x=0.3906). The system has exponentially growing modes -- it will be unstable. Check that the mass matrix is positive-definite at all grid points (e.g. for Gaussian-coupled scalars: mPhi2 * mChi2 > g0^2).. Use --no-require-stable to override.,diverged,Mass matrix stability check failed: Coupled mass matrix has minimum eigenvalue -0.8525 at (x=0.3906). The system has exponentially growing modes -- it will be unstable. Check that the mass matrix is p,-1,,,,
7.498932542889564,0.3956769960915193,-2.500700224575093,4.919680915651585,1.0,0.001,0.0,128,5.0,auto,auto,periodic,Mass matrix stability check failed: Coupled mass matrix has minimum eigenvalue -2.536 at (x=0.3906). The system has exponentially growing modes -- it will be unstable. Check that the mass matrix is positive-definite at all grid points (e.g. for Gaussian-coupled scalars: mPhi2 * mChi2 > g0^2).. Use --no-require-stable to override.,diverged,Mass matrix stability check failed: Coupled mass matrix has minimum eigenvalue -2.536 at (x=0.3906). The system has exponentially growing modes -- it will be unstable. Check that the mass matrix is po,-1,,,,
3.5428913123654504,-0.2272760778455557,-3.3873982985962634,0.9984887379911705,1.0,0.001,0.0,128,5.0,auto,auto,periodic,"Simulation diverged at t=0: eigenvalue Re(λ)=3.750e+00 predicts growth factor 1.39e+08 over Δt=5.0, exceeding threshold 1e+08. The system is physically unstable.",diverged,"Simulation diverged at t=0: eigenvalue Re(λ)=3.750e+00 predicts growth factor 1.39e+08 over Δt=5.0, exceeding threshold 1e+08. The system is physically unstable.",-1,,,,
2.1808662218396497,0.1547653092483905,-1.8963111198278066,3.8784964376269,1.0,0.001,0.0,128,5.0,auto,auto,periodic,Mass matrix stability check failed: Coupled mass matrix has minimum eigenvalue -6.41 at (x=0.3906). The system has exponentially growing modes -- it will be unstable. Check that the mass matrix is positive-definite at all grid points (e.g. for Gaussian-coupled scalars: mPhi2 * mChi2 > g0^2).. Use --no-require-stable to override.,diverged,Mass matrix stability check failed: Coupled mass matrix has minimum eigenvalue -6.41 at (x=0.3906). The system has exponentially growing modes -- it will be unstable. Check that the mass matrix is pos,-1,,,,
7.942792832381874,0.05086471573021878,-0.9175220143730272,1.146755691703469,1.0,0.001,0.0,128,5.0,auto,auto,periodic,Mass matrix stability check failed: Coupled mass matrix has minimum eigenvalue -0.2096 at (x=0.3906). The system has exponentially growing modes -- it will be unstable. Check that the mass matrix is positive-definite at all grid points (e.g. for Gaussian-coupled scalars: mPhi2 * mChi2 > g0^2).. Use --no-require-stable to override.,diverged,Mass matrix stability check failed: Coupled mass matrix has minimum eigenvalue -0.2096 at (x=0.3906). The system has exponentially growing modes -- it will be unstable. Check that the mass matrix is p,-1,,,,
2.604444320095307,-0.19307199081928705,-1.8354130041448173,3.390612014882522,1.0,0.001,0.0,128,5.0,auto,auto,periodic,Mass matrix stability check failed: Coupled mass matrix has minimum eigenvalue -4.29 at (x=0.3906). The system has exponentially growing modes -- it will be unstable. Check that the mass matrix is positive-definite at all grid points (e.g. for Gaussian-coupled scalars: mPhi2 * mChi2 > g0^2).. Use --no-require-stable to override.,diverged,Mass matrix stability check failed: Coupled mass matrix has minimum eigenvalue -4.29 at (x=0.3906). The system has exponentially growing modes -- it will be unstable. Check that the mass matrix is pos,-1,,,,
6.4461905494287866,-0.27457859789339184,-1.8501203818157759,2.199223644936311,1.0,0.001,0.0,128,5.0,auto,auto,periodic,Mass matrix stability check failed: Coupled mass matrix has minimum eigenvalue -0.6198 at (x=0.3906). The system has exponentially growing modes -- it will be unstable. Check that the mass matrix is positive-definite at all grid points (e.g. for Gaussian-coupled scalars: mPhi2 * mChi2 > g0^2).. Use --no-require-stable to override.,diverged,Mass matrix stability check failed: Coupled mass matrix has minimum eigenvalue -0.6198 at (x=0.3906). The system has exponentially growing modes -- it will be unstable. Check that the mass matrix is p,-1,,,,
7.878993545845014,-0.4133062661039819,-4.677195651754082,2.7659877065021403,1.0,0.001,0.0,128,5.0,auto,auto,periodic,Mass matrix stability check failed: Coupled mass matrix has minimum eigenvalue -0.221 at (x=0.3906). The system has exponentially growing modes -- it will be unstable. Check that the mass matrix is positive-definite at all grid points (e.g. for Gaussian-coupled scalars: mPhi2 * mChi2 > g0^2).. Use --no-require-stable to override.,diverged,Mass matrix stability check failed: Coupled mass matrix has minimum eigenvalue -0.221 at (x=0.3906). The system has exponentially growing modes -- it will be unstable. Check that the mass matrix is po,-1,,,,
2.0045792692405158,-0.20082006860375506,-0.643287631779029,4.667792671583337,1.0,0.001,0.0,128,5.0,auto,auto,periodic,Mass matrix stability check failed: Coupled mass matrix has minimum eigenvalue -10.59 at (x=0.3906). The system has exponentially growing modes -- it will be unstable. Check that the mass matrix is positive-definite at all grid points (e.g. for Gaussian-coupled scalars: mPhi2 * mChi2 > g0^2).. Use --no-require-stable to override.,diverged,Mass matrix stability check failed: Coupled mass matrix has minimum eigenvalue -10.59 at (x=0.3906). The system has exponentially growing modes -- it will be unstable. Check that the mass matrix is po,-1,,,,
3.3287267655959494,-0.0032112093381403972,-1.6106085299053134,3.6053396994254676,1.0,0.001,0.0,128,5.0,auto,auto,periodic,Mass matrix stability check failed: Coupled mass matrix has minimum eigenvalue -3.879 at (x=0.3906). The system has exponentially growing modes -- it will be unstable. Check that the mass matrix is positive-definite at all grid points (e.g. for Gaussian-coupled scalars: mPhi2 * mChi2 > g0^2).. Use --no-require-stable to override.,diverged,Mass matrix stability check failed: Coupled mass matrix has minimum eigenvalue -3.879 at (x=0.3906). The system has exponentially growing modes -- it will be unstable. Check that the mass matrix is po,-1,,,,
2.262394488125461,-0.32463784143876706,-3.156727243156944,3.3876218236288658,1.0,0.001,0.0,128,5.0,auto,auto,periodic,Mass matrix stability check failed: Coupled mass matrix has minimum eigenvalue -3.763 at (x=0.3906). The system has exponentially growing modes -- it will be unstable. Check that the mass matrix is positive-definite at all grid points (e.g. for Gaussian-coupled scalars: mPhi2 * mChi2 > g0^2).. Use --no-require-stable to override.,diverged,Mass matrix stability check failed: Coupled mass matrix has minimum eigenvalue -3.763 at (x=0.3906). The system has exponentially growing modes -- it will be unstable. Check that the mass matrix is po,-1,,,,
0.9432350266349937,-0.07592429163400288,-1.962234627646521,4.090847722845641,1.0,0.001,0.0,128,5.0,auto,auto,periodic,Mass matrix stability check failed: Coupled mass matrix has minimum eigenvalue -16.03 at (x=0.3906). The system has exponentially growing modes -- it will be unstable. Check that the mass matrix is positive-definite at all grid points (e.g. for Gaussian-coupled scalars: mPhi2 * mChi2 > g0^2).. Use --no-require-stable to override.,diverged,Mass matrix stability check failed: Coupled mass matrix has minimum eigenvalue -16.03 at (x=0.3906). The system has exponentially growing modes -- it will be unstable. Check that the mass matrix is po,-1,,,,
5.25828276218516,-0.3440990037801258,-2.3006610809416053,1.2607926532338163,1.0,0.001,0.0,128,5.0,auto,auto,periodic,"Simulation diverged at t=0: eigenvalue Re(λ)=3.818e+00 predicts growth factor 1.96e+08 over Δt=5.0, exceeding threshold 1e+08. The system is physically unstable.",diverged,"Simulation diverged at t=0: eigenvalue Re(λ)=3.818e+00 predicts growth factor 1.96e+08 over Δt=5.0, exceeding threshold 1e+08. The system is physically unstable.",-1,,,,
9.011128697153534,0.38110196400979546,-2.615012628169276,2.242566348539453,1.0,0.001,0.0,128,5.0,auto,auto,periodic,Mass matrix stability check failed: Coupled mass matrix has minimum eigenvalue -0.3024 at (x=0.3906). The system has exponentially growing modes -- it will be unstable. Check that the mass matrix is positive-definite at all grid points (e.g. for Gaussian-coupled scalars: mPhi2 * mChi2 > g0^2).. Use --no-require-stable to override.,diverged,Mass matrix stability check failed: Coupled mass matrix has minimum eigenvalue -0.3024 at (x=0.3906). The system has exponentially growing modes -- it will be unstable. Check that the mass matrix is p,-1,,,,
4.9730698908584685,-0.3954593980644352,-3.465893035151658,0.837672458098577,1.0,0.001,0.0,128,5.0,auto,auto,periodic,"Simulation diverged at t=0: eigenvalue Re(λ)=3.781e+00 predicts growth factor 1.63e+08 over Δt=5.0, exceeding threshold 1e+08. The system is physically unstable.",diverged,"Simulation diverged at t=0: eigenvalue Re(λ)=3.781e+00 predicts growth factor 1.63e+08 over Δt=5.0, exceeding threshold 1e+08. The system is physically unstable.",-1,,,,
6.973206949070087,-0.2623294773493483,-4.443641401344998,0.49528495558949515,1.0,0.001,0.0,128,5.0,auto,auto,periodic,"Simulation diverged at t=0: eigenvalue Re(λ)=3.724e+00 predicts growth factor 1.22e+08 over Δt=5.0, exceeding threshold 1e+08. The system is physically unstable.",diverged,"Simulation diverged at t=0: eigenvalue Re(λ)=3.724e+00 predicts growth factor 1.22e+08 over Δt=5.0, exceeding threshold 1e+08. The system is physically unstable.",-1,,,,
2.7171266596252197,0.2669326481983697,-4.886648063472057,2.1579285132815667,1.0,0.001,0.0,128,5.0,auto,auto,periodic,"Simulation diverged at t=0: eigenvalue Re(λ)=3.725e+00 predicts growth factor 1.23e+08 over Δt=5.0, exceeding threshold 1e+08. The system is physically unstable.",diverged,"Simulation diverged at t=0: eigenvalue Re(λ)=3.725e+00 predicts growth factor 1.23e+08 over Δt=5.0, exceeding threshold 1e+08. The system is physically unstable.",-1,,,,
3.023444489595462,0.40402020017857454,-0.7549152621189421,2.8260095173731026,1.0,0.001,0.0,128,5.0,auto,auto,periodic,Mass matrix stability check failed: Coupled mass matrix has minimum eigenvalue -3.29 at (x=0.3906). The system has exponentially growing modes -- it will be unstable. Check that the mass matrix is positive-definite at all grid points (e.g. for Gaussian-coupled scalars: mPhi2 * mChi2 > g0^2).. Use --no-require-stable to override.,diverged,Mass matrix stability check failed: Coupled mass matrix has minimum eigenvalue -3.29 at (x=0.3906). The system has exponentially growing modes -- it will be unstable. Check that the mass matrix is pos,-1,,,,
3.0746948536516703,-0.46997953721056485,-2.867213064575411,3.8154234284136708,1.0,0.001,0.0,128,5.0,auto,auto,periodic,Mass matrix stability check failed: Coupled mass matrix has minimum eigenvalue -3.792 at (x=0.3906). The system has exponentially growing modes -- it will be unstable. Check that the mass matrix is positive-definite at all grid points (e.g. for Gaussian-coupled scalars: mPhi2 * mChi2 > g0^2).. Use --no-require-stable to override.,diverged,Mass matrix stability check failed: Coupled mass matrix has minimum eigenvalue -3.792 at (x=0.3906). The system has exponentially growing modes -- it will be unstable. Check that the mass matrix is po,-1,,,,
5.811316137609337,0.23897724385541697,-2.448419700756115,4.87955847404708,1.0,0.001,0.0,128,5.0,auto,auto,periodic,Mass matrix stability check failed: Coupled mass matrix has minimum eigenvalue -3.249 at (x=0.3906). The system has exponentially growing modes -- it will be unstable. Check that the mass matrix is positive-definite at all grid points (e.g. for Gaussian-coupled scalars: mPhi2 * mChi2 > g0^2).. Use --no-require-stable to override.,diverged,Mass matrix stability check failed: Coupled mass matrix has minimum eigenvalue -3.249 at (x=0.3906). The system has exponentially growing modes -- it will be unstable. Check that the mass matrix is po,-1,,,,
9.222812750749616,-0.06018778874923941,-1.5541059547925413,1.0170844400587278,1.0,0.001,0.0,128,5.0,auto,auto,periodic,Mass matrix stability check failed: Coupled mass matrix has minimum eigenvalue -0.04248 at (x=0.3906). The system has exponentially growing modes -- it will be unstable. Check that the mass matrix is positive-definite at all grid points (e.g. for Gaussian-coupled scalars: mPhi2 * mChi2 > g0^2).. Use --no-require-stable to override.,diverged,Mass matrix stability check failed: Coupled mass matrix has minimum eigenvalue -0.04248 at (x=0.3906). The system has exponentially growing modes -- it will be unstable. Check that the mass matrix is ,-1,,,,
9.730626647134702,-0.18876436369489974,-4.847818500023405,4.150038850623013,1.0,0.001,0.0,128,5.0,auto,auto,periodic,Mass matrix stability check failed: Coupled mass matrix has minimum eigenvalue -0.9973 at (x=0.3906). The system has exponentially growing modes -- it will be unstable. Check that the mass matrix is positive-definite at all grid points (e.g. for Gaussian-coupled scalars: mPhi2 * mChi2 > g0^2).. Use --no-require-stable to override.,diverged,Mass matrix stability check failed: Coupled mass matrix has minimum eigenvalue -0.9973 at (x=0.3906). The system has exponentially growing modes -- it will be unstable. Check that the mass matrix is p,-1,,,,
0.7670355198026195,0.3736652200837356,-2.8105134570423127,2.277431995386909,1.0,0.001,0.0,128,5.0,auto,auto,periodic,Mass matrix stability check failed: Coupled mass matrix has minimum eigenvalue -3.316 at (x=0.3906). The system has exponentially growing modes -- it will be unstable. Check that the mass matrix is positive-definite at all grid points (e.g. for Gaussian-coupled scalars: mPhi2 * mChi2 > g0^2).. Use --no-require-stable to override.,diverged,Mass matrix stability check failed: Coupled mass matrix has minimum eigenvalue -3.316 at (x=0.3906). The system has exponentially growing modes -- it will be unstable. Check that the mass matrix is po,-1,,,,
1.7506293705205374,-0.20201880300614866,-4.185038358908832,1.4275291707289715,1.0,0.001,0.0,128,5.0,auto,auto,periodic,"Simulation diverged at t=0: eigenvalue Re(λ)=3.723e+00 predicts growth factor 1.22e+08 over Δt=5.0, exceeding threshold 1e+08. The system is physically unstable.",diverged,"Simulation diverged at t=0: eigenvalue Re(λ)=3.723e+00 predicts growth factor 1.22e+08 over Δt=5.0, exceeding threshold 1e+08. The system is physically unstable.",-1,,,,
2.2018618292887218,0.1615651078954341,-3.9751237898956653,2.1184945587604807,1.0,0.001,0.0,128,5.0,auto,auto,periodic,"Simulation diverged at t=0: eigenvalue Re(λ)=3.703e+00 predicts growth factor 1.10e+08 over Δt=5.0, exceeding threshold 1e+08. The system is physically unstable.",diverged,"Simulation diverged at t=0: eigenvalue Re(λ)=3.703e+00 predicts growth factor 1.10e+08 over Δt=5.0, exceeding threshold 1e+08. The system is physically unstable.",-1,,,,
7.466630473671857,0.399815865397108,-4.166913994827679,4.088434196938669,1.0,0.001,0.0,128,5.0,auto,auto,periodic,Mass matrix stability check failed: Coupled mass matrix has minimum eigenvalue -1.433 at (x=0.3906). The system has exponentially growing modes -- it will be unstable. Check that the mass matrix is positive-definite at all grid points (e.g. for Gaussian-coupled scalars: mPhi2 * mChi2 > g0^2).. Use --no-require-stable to override.,diverged,Mass matrix stability check failed: Coupled mass matrix has minimum eigenvalue -1.433 at (x=0.3906). The system has exponentially growing modes -- it will be unstable. Check that the mass matrix is po,-1,,,,
1.1913149981045728,0.333110611612631,-3.0229888261175404,1.7885593573030336,1.0,0.001,0.0,128,5.0,auto,auto,periodic,"Simulation diverged at t=0: eigenvalue Re(λ)=3.718e+00 predicts growth factor 1.18e+08 over Δt=5.0, exceeding threshold 1e+08. The system is physically unstable.",diverged,"Simulation diverged at t=0: eigenvalue Re(λ)=3.718e+00 predicts growth factor 1.18e+08 over Δt=5.0, exceeding threshold 1e+08. The system is physically unstable.",-1,,,,
7.5971771170019435,-0.44207310571287306,-2.221343041142736,1.1621569210876406,1.0,0.001,0.0,128,5.0,auto,auto,periodic,"Simulation diverged at t=0: eigenvalue Re(λ)=3.739e+00 predicts growth factor 1.32e+08 over Δt=5.0, exceeding threshold 1e+08. The system is physically unstable.",diverged,"Simulation diverged at t=0: eigenvalue Re(λ)=3.739e+00 predicts growth factor 1.32e+08 over Δt=5.0, exceeding threshold 1e+08. The system is physically unstable.",-1,,,,
3.7493059520556584,0.06533984824300754,-1.6476240116140781,3.914665366205078,1.0,0.001,0.0,128,5.0,auto,auto,periodic,Mass matrix stability check failed: Coupled mass matrix has minimum eigenvalue -3.919 at (x=0.3906). The system has exponentially growing modes -- it will be unstable. Check that the mass matrix is positive-definite at all grid points (e.g. for Gaussian-coupled scalars: mPhi2 * mChi2 > g0^2).. Use --no-require-stable to override.,diverged,Mass matrix stability check failed: Coupled mass matrix has minimum eigenvalue -3.919 at (x=0.3906). The system has exponentially growing modes -- it will be unstable. Check that the mass matrix is po,-1,,,,
8.7664079522454,0.24859293330480703,-2.1484094444391633,2.1437027691553685,1.0,0.001,0.0,128,5.0,auto,auto,periodic,Mass matrix stability check failed: Coupled mass matrix has minimum eigenvalue -0.3497 at (x=0.3906). The system has exponentially growing modes -- it will be unstable. Check that the mass matrix is positive-definite at all grid points (e.g. for Gaussian-coupled scalars: mPhi2 * mChi2 > g0^2).. Use --no-require-stable to override.,diverged,Mass matrix stability check failed: Coupled mass matrix has minimum eigenvalue -0.3497 at (x=0.3906). The system has exponentially growing modes -- it will be unstable. Check that the mass matrix is p,-1,,,,
7.718764243070452,0.2895577473544466,-4.868170854894706,3.2297937999159707,1.0,0.001,0.0,128,5.0,auto,auto,periodic,Mass matrix stability check failed: Coupled mass matrix has minimum eigenvalue -0.5367 at (x=0.3906). The system has exponentially growing modes -- it will be unstable. Check that the mass matrix is positive-definite at all grid points (e.g. for Gaussian-coupled scalars: mPhi2 * mChi2 > g0^2).. Use --no-require-stable to override.,diverged,Mass matrix stability check failed: Coupled mass matrix has minimum eigenvalue -0.5367 at (x=0.3906). The system has exponentially growing modes -- it will be unstable. Check that the mass matrix is p,-1,,,,
6.497668188543183,-0.1021724802550752,-2.9354705800659024,0.5239094493472267,1.0,0.001,0.0,128,5.0,auto,auto,periodic,"Simulation diverged at t=0: eigenvalue Re(λ)=3.743e+00 predicts growth factor 1.34e+08 over Δt=5.0, exceeding threshold 1e+08. The system is physically unstable.",diverged,"Simulation diverged at t=0: eigenvalue Re(λ)=3.743e+00 predicts growth factor 1.34e+08 over Δt=5.0, exceeding threshold 1e+08. The system is physically unstable.",-1,,,,
9.184989393998025,-0.37555022921147196,-2.860654469094371,0.6045695259215189,1.0,0.001,0.0,128,5.0,auto,auto,periodic,"Simulation diverged at t=0: eigenvalue Re(λ)=3.726e+00 predicts growth factor 1.23e+08 over Δt=5.0, exceeding threshold 1e+08. The system is physically unstable.",diverged,"Simulation diverged at t=0: eigenvalue Re(λ)=3.726e+00 predicts growth factor 1.23e+08 over Δt=5.0, exceeding threshold 1e+08. The system is physically unstable.",-1,,,,
6.861670262637778,-0.16240114326496646,-2.204120603766223,3.113708272739259,1.0,0.001,0.0,128,5.0,auto,auto,periodic,Mass matrix stability check failed: Coupled mass matrix has minimum eigenvalue -1.279 at (x=0.3906). The system has exponentially growing modes -- it will be unstable. Check that the mass matrix is positive-definite at all grid points (e.g. for Gaussian-coupled scalars: mPhi2 * mChi2 > g0^2).. Use --no-require-stable to override.,diverged,Mass matrix stability check failed: Coupled mass matrix has minimum eigenvalue -1.279 at (x=0.3906). The system has exponentially growing modes -- it will be unstable. Check that the mass matrix is po,-1,,,,
5.218841744619751,0.3713084471684224,-4.583851594416548,4.370725207436769,1.0,0.001,0.0,128,5.0,auto,auto,periodic,Mass matrix stability check failed: Coupled mass matrix has minimum eigenvalue -2.214 at (x=0.3906). The system has exponentially growing modes -- it will be unstable. Check that the mass matrix is positive-definite at all grid points (e.g. for Gaussian-coupled scalars: mPhi2 * mChi2 > g0^2).. Use --no-require-stable to override.,diverged,Mass matrix stability check failed: Coupled mass matrix has minimum eigenvalue -2.214 at (x=0.3906). The system has exponentially growing modes -- it will be unstable. Check that the mass matrix is po,-1,,,,
2.906252638548663,-0.029481525275756593,-0.6197122649428453,2.0768262240095092,1.0,0.001,0.0,128,5.0,auto,auto,periodic,Mass matrix stability check failed: Coupled mass matrix has minimum eigenvalue -1.969 at (x=0.3906). The system has exponentially growing modes -- it will be unstable. Check that the mass matrix is positive-definite at all grid points (e.g. for Gaussian-coupled scalars: mPhi2 * mChi2 > g0^2).. Use --no-require-stable to override.,diverged,Mass matrix stability check failed: Coupled mass matrix has minimum eigenvalue -1.969 at (x=0.3906). The system has exponentially growing modes -- it will be unstable. Check that the mass matrix is po,-1,,,,
4.223871817118592,-0.05012149809634969,-1.0577384052296241,3.997002762105529,1.0,0.001,0.0,128,5.0,auto,auto,periodic,Mass matrix stability check failed: Coupled mass matrix has minimum eigenvalue -3.875 at (x=0.3906). The system has exponentially growing modes -- it will be unstable. Check that the mass matrix is positive-definite at all grid points (e.g. for Gaussian-coupled scalars: mPhi2 * mChi2 > g0^2).. Use --no-require-stable to override.,diverged,Mass matrix stability check failed: Coupled mass matrix has minimum eigenvalue -3.875 at (x=0.3906). The system has exponentially growing modes -- it will be unstable. Check that the mass matrix is po,-1,,,,
4.719709846030462,0.43091243578466487,-1.7343323816106766,0.23092400948519706,1.0,0.001,0.0,128,5.0,auto,auto,periodic,Mass matrix stability check failed: Coupled mass matrix has minimum eigenvalue -0.006639 at (x=0.3906). The system has exponentially growing modes -- it will be unstable. Check that the mass matrix is positive-definite at all grid points (e.g. for Gaussian-coupled scalars: mPhi2 * mChi2 > g0^2).. Use --no-require-stable to override.,diverged,Mass matrix stability check failed: Coupled mass matrix has minimum eigenvalue -0.006639 at (x=0.3906). The system has exponentially growing modes -- it will be unstable. Check that the mass matrix is,-1,,,,
9.58824227230823,0.23403801706052973,-4.355245435803327,2.8667906855674046,1.0,0.001,0.0,128,5.0,auto,auto,periodic,Mass matrix stability check failed: Coupled mass matrix has minimum eigenvalue -0.3119 at (x=0.3906). The system has exponentially growing modes -- it will be unstable. Check that the mass matrix is positive-definite at all grid points (e.g. for Gaussian-coupled scalars: mPhi2 * mChi2 > g0^2).. Use --no-require-stable to override.,diverged,Mass matrix stability check failed: Coupled mass matrix has minimum eigenvalue -0.3119 at (x=0.3906). The system has exponentially growing modes -- it will be unstable. Check that the mass matrix is p,-1,,,,
5.9467986636601795,0.16994472497313995,-4.319553560688069,4.881544529979958,1.0,0.001,0.0,128,5.0,auto,auto,periodic,Mass matrix stability check failed: Coupled mass matrix has minimum eigenvalue -2.548 at (x=0.3906). The system has exponentially growing modes -- it will be unstable. Check that the mass matrix is positive-definite at all grid points (e.g. for Gaussian-coupled scalars: mPhi2 * mChi2 > g0^2).. Use --no-require-stable to override.,diverged,Mass matrix stability check failed: Coupled mass matrix has minimum eigenvalue -2.548 at (x=0.3906). The system has exponentially growing modes -- it will be unstable. Check that the mass matrix is po,-1,,,,
9.461811496835098,-0.20604833763572566,-1.7426481966999252,0.4752833877742977,1.0,0.001,0.0,128,5.0,auto,auto,periodic,Mass matrix stability check failed: Coupled mass matrix has minimum eigenvalue -0.001554 at (x=0.3906). The system has exponentially growing modes -- it will be unstable. Check that the mass matrix is positive-definite at all grid points (e.g. for Gaussian-coupled scalars: mPhi2 * mChi2 > g0^2).. Use --no-require-stable to override.,diverged,Mass matrix stability check failed: Coupled mass matrix has minimum eigenvalue -0.001554 at (x=0.3906). The system has exponentially growing modes -- it will be unstable. Check that the mass matrix is,-1,,,,
4.400410786618419,-0.4655025454002028,-1.8742844937451824,0.7283419096130267,1.0,0.001,0.0,128,5.0,auto,auto,periodic,"Simulation diverged at t=0: eigenvalue Re(λ)=1.900e+01 predicts growth factor 1.84e+41 over Δt=5.0, exceeding threshold 1e+08. The system is physically unstable.",diverged,"Simulation diverged at t=0: eigenvalue Re(λ)=1.900e+01 predicts growth factor 1.84e+41 over Δt=5.0, exceeding threshold 1e+08. The system is physically unstable.",-1,,,,
7.859731496422079,0.3106424144699804,-1.287344035256592,2.047635092058588,1.0,0.001,0.0,128,5.0,auto,auto,periodic,Mass matrix stability check failed: Coupled mass matrix has minimum eigenvalue -0.5358 at (x=0.3906). The system has exponentially growing modes -- it will be unstable. Check that the mass matrix is positive-definite at all grid points (e.g. for Gaussian-coupled scalars: mPhi2 * mChi2 > g0^2).. Use --no-require-stable to override.,diverged,Mass matrix stability check failed: Coupled mass matrix has minimum eigenvalue -0.5358 at (x=0.3906). The system has exponentially growing modes -- it will be unstable. Check that the mass matrix is p,-1,,,,
7.244108417473282,-0.4967783655666815,-1.01242456014712,4.598932680485138,1.0,0.001,0.0,128,5.0,auto,auto,periodic,Mass matrix stability check failed: Coupled mass matrix has minimum eigenvalue -2.77 at (x=0.3906). The system has exponentially growing modes -- it will be unstable. Check that the mass matrix is positive-definite at all grid points (e.g. for Gaussian-coupled scalars: mPhi2 * mChi2 > g0^2).. Use --no-require-stable to override.,diverged,Mass matrix stability check failed: Coupled mass matrix has minimum eigenvalue -2.77 at (x=0.3906). The system has exponentially growing modes -- it will be unstable. Check that the mass matrix is pos,-1,,,,
6.611852119513827,0.1992518056269561,-3.4779786146388716,4.738884060027746,1.0,0.001,0.0,128,5.0,auto,auto,periodic,Mass matrix stability check failed: Coupled mass matrix has minimum eigenvalue -2.416 at (x=0.3906). The system has exponentially growing modes -- it will be unstable. Check that the mass matrix is positive-definite at all grid points (e.g. for Gaussian-coupled scalars: mPhi2 * mChi2 > g0^2).. Use --no-require-stable to override.,diverged,Mass matrix stability check failed: Coupled mass matrix has minimum eigenvalue -2.416 at (x=0.3906). The system has exponentially growing modes -- it will be unstable. Check that the mass matrix is po,-1,,,,
4.167445343418481,0.46833783789280625,-0.5673207576594494,1.6362780721017522,1.0,0.001,0.0,128,5.0,auto,auto,periodic,Mass matrix stability check failed: Coupled mass matrix has minimum eigenvalue -0.7638 at (x=0.3906). The system has exponentially growing modes -- it will be unstable. Check that the mass matrix is positive-definite at all grid points (e.g. for Gaussian-coupled scalars: mPhi2 * mChi2 > g0^2).. Use --no-require-stable to override.,diverged,Mass matrix stability check failed: Coupled mass matrix has minimum eigenvalue -0.7638 at (x=0.3906). The system has exponentially growing modes -- it will be unstable. Check that the mass matrix is p,-1,,,,
5.1631159663801505,-0.4599953268358129,-2.2383999065377926,3.20146550831603,1.0,0.001,0.0,128,5.0,auto,auto,periodic,Mass matrix stability check failed: Coupled mass matrix has minimum eigenvalue -1.788 at (x=0.3906). The system has exponentially growing modes -- it will be unstable. Check that the mass matrix is positive-definite at all grid points (e.g. for Gaussian-coupled scalars: mPhi2 * mChi2 > g0^2).. Use --no-require-stable to override.,diverged,Mass matrix stability check failed: Coupled mass matrix has minimum eigenvalue -1.788 at (x=0.3906). The system has exponentially growing modes -- it will be unstable. Check that the mass matrix is po,-1,,,,
8.60767077701378,-0.35467061767797464,-2.9947674409346257,4.654708172075436,1.0,0.001,0.0,128,5.0,auto,auto,periodic,Mass matrix stability check failed: Coupled mass matrix has minimum eigenvalue -1.91 at (x=0.3906). The system has exponentially growing modes -- it will be unstable. Check that the mass matrix is positive-definite at all grid points (e.g. for Gaussian-coupled scalars: mPhi2 * mChi2 > g0^2).. Use --no-require-stable to override.,diverged,Mass matrix stability check failed: Coupled mass matrix has minimum eigenvalue -1.91 at (x=0.3906). The system has exponentially growing modes -- it will be unstable. Check that the mass matrix is pos,-1,,,,
4.154453238592482,-0.035981668291626634,-4.905178628046725,4.854890340061383,1.0,0.001,0.0,128,5.0,auto,auto,periodic,Mass matrix stability check failed: Coupled mass matrix has minimum eigenvalue -3.326 at (x=0.3906). The system has exponentially growing modes -- it will be unstable. Check that the mass matrix is positive-definite at all grid points (e.g. for Gaussian-coupled scalars: mPhi2 * mChi2 > g0^2).. Use --no-require-stable to override.,diverged,Mass matrix stability check failed: Coupled mass matrix has minimum eigenvalue -3.326 at (x=0.3906). The system has exponentially growing modes -- it will be unstable. Check that the mass matrix is po,-1,,,,
2.8173990306301477,-0.02399272644576761,-1.632603303243724,1.399042229535827,1.0,0.001,0.0,128,5.0,auto,auto,periodic,Mass matrix stability check failed: Coupled mass matrix has minimum eigenvalue -0.08334 at (x=0.3906). The system has exponentially growing modes -- it will be unstable. Check that the mass matrix is positive-definite at all grid points (e.g. for Gaussian-coupled scalars: mPhi2 * mChi2 > g0^2).. Use --no-require-stable to override.,diverged,Mass matrix stability check failed: Coupled mass matrix has minimum eigenvalue -0.08334 at (x=0.3906). The system has exponentially growing modes -- it will be unstable. Check that the mass matrix is ,-1,,,,
0.2414163563689068,0.17167753274016428,-1.2337939108836444,3.841175539892358,1.0,0.001,0.0,128,5.0,auto,auto,periodic,Mass matrix stability check failed: Coupled mass matrix has minimum eigenvalue -62.46 at (x=0.3906). The system has exponentially growing modes -- it will be unstable. Check that the mass matrix is positive-definite at all grid points (e.g. for Gaussian-coupled scalars: mPhi2 * mChi2 > g0^2).. Use --no-require-stable to override.,diverged,Mass matrix stability check failed: Coupled mass matrix has minimum eigenvalue -62.46 at (x=0.3906). The system has exponentially growing modes -- it will be unstable. Check that the mass matrix is po,-1,,,,
8.017416564500996,-0.31131485325771824,-2.696665070767697,3.366746206216545,1.0,0.001,0.0,128,5.0,auto,auto,periodic,Mass matrix stability check failed: Coupled mass matrix has minimum eigenvalue -1.161 at (x=0.3906). The system has exponentially growing modes -- it will be unstable. Check that the mass matrix is positive-definite at all grid points (e.g. for Gaussian-coupled scalars: mPhi2 * mChi2 > g0^2).. Use --no-require-stable to override.,diverged,Mass matrix stability check failed: Coupled mass matrix has minimum eigenvalue -1.161 at (x=0.3906). The system has exponentially growing modes -- it will be unstable. Check that the mass matrix is po,-1,,,,
9.625186818746316,0.1534979197748707,-1.9368582990754049,2.9663863550625442,1.0,0.001,0.0,128,5.0,auto,auto,periodic,Mass matrix stability check failed: Coupled mass matrix has minimum eigenvalue -0.8753 at (x=0.3906). The system has exponentially growing modes -- it will be unstable. Check that the mass matrix is positive-definite at all grid points (e.g. for Gaussian-coupled scalars: mPhi2 * mChi2 > g0^2).. Use --no-require-stable to override.,diverged,Mass matrix stability check failed: Coupled mass matrix has minimum eigenvalue -0.8753 at (x=0.3906). The system has exponentially growing modes -- it will be unstable. Check that the mass matrix is p,-1,,,,
8.146599344046397,0.017589394245394296,-1.1914964491371287,1.0814234157609437,1.0,0.001,0.0,128,5.0,auto,auto,periodic,Mass matrix stability check failed: Coupled mass matrix has minimum eigenvalue -0.1371 at (x=0.3906). The system has exponentially growing modes -- it will be unstable. Check that the mass matrix is positive-definite at all grid points (e.g. for Gaussian-coupled scalars: mPhi2 * mChi2 > g0^2).. Use --no-require-stable to override.,diverged,Mass matrix stability check failed: Coupled mass matrix has minimum eigenvalue -0.1371 at (x=0.3906). The system has exponentially growing modes -- it will be unstable. Check that the mass matrix is p,-1,,,,
0.6568319661068778,-0.4808860080902829,-3.8742079114598686,2.3673369757819365,1.0,0.001,0.0,128,5.0,auto,auto,periodic,Mass matrix stability check failed: Coupled mass matrix has minimum eigenvalue -1.455 at (x=0.3906). The system has exponentially growing modes -- it will be unstable. Check that the mass matrix is positive-definite at all grid points (e.g. for Gaussian-coupled scalars: mPhi2 * mChi2 > g0^2).. Use --no-require-stable to override.,diverged,Mass matrix stability check failed: Coupled mass matrix has minimum eigenvalue -1.455 at (x=0.3906). The system has exponentially growing modes -- it will be unstable. Check that the mass matrix is po,-1,,,,
1.0866521150868795,0.3365509264194452,-1.0027169407045418,1.0547480025606402,1.0,0.001,0.0,128,5.0,auto,auto,periodic,Mass matrix stability check failed: Coupled mass matrix has minimum eigenvalue -1.375 at (x=0.3906). The system has exponentially growing modes -- it will be unstable. Check that the mass matrix is positive-definite at all grid points (e.g. for Gaussian-coupled scalars: mPhi2 * mChi2 > g0^2).. Use --no-require-stable to override.,diverged,Mass matrix stability check failed: Coupled mass matrix has minimum eigenvalue -1.375 at (x=0.3906). The system has exponentially growing modes -- it will be unstable. Check that the mass matrix is po,-1,,,,
4.365980659279853,-0.33793909056727056,-2.9401958072061927,0.5613850320698852,1.0,0.001,0.0,128,5.0,auto,auto,periodic,"Simulation diverged at t=0: eigenvalue Re(λ)=3.760e+00 predicts growth factor 1.46e+08 over Δt=5.0, exceeding threshold 1e+08. The system is physically unstable.",diverged,"Simulation diverged at t=0: eigenvalue Re(λ)=3.760e+00 predicts growth factor 1.46e+08 over Δt=5.0, exceeding threshold 1e+08. The system is physically unstable.",-1,,,,
0.8240218493405337,0.19320320249867806,-4.088179071667603,1.927047144348297,1.0,0.001,0.0,128,5.0,auto,auto,periodic,"Simulation diverged at t=0: eigenvalue Re(λ)=3.703e+00 predicts growth factor 1.10e+08 over Δt=5.0, exceeding threshold 1e+08. The system is physically unstable.",diverged,"Simulation diverged at t=0: eigenvalue Re(λ)=3.703e+00 predicts growth factor 1.10e+08 over Δt=5.0, exceeding threshold 1e+08. The system is physically unstable.",-1,,,,
3.050663701799763,-0.3279634121244414,-1.1091731888381133,0.5516383346139324,1.0,0.001,0.0,128,5.0,auto,auto,periodic,Mass matrix stability check failed: Coupled mass matrix has minimum eigenvalue -0.4201 at (x=0.3906). The system has exponentially growing modes -- it will be unstable. Check that the mass matrix is positive-definite at all grid points (e.g. for Gaussian-coupled scalars: mPhi2 * mChi2 > g0^2).. Use --no-require-stable to override.,diverged,Mass matrix stability check failed: Coupled mass matrix has minimum eigenvalue -0.4201 at (x=0.3906). The system has exponentially growing modes -- it will be unstable. Check that the mass matrix is p,-1,,,,
2.6972359579660474,0.49982713094681397,-1.369525336787913,0.7348524342165781,1.0,0.001,0.0,128,5.0,auto,auto,periodic,Mass matrix stability check failed: Coupled mass matrix has minimum eigenvalue -0.2821 at (x=0.3906). The system has exponentially growing modes -- it will be unstable. Check that the mass matrix is positive-definite at all grid points (e.g. for Gaussian-coupled scalars: mPhi2 * mChi2 > g0^2).. Use --no-require-stable to override.,diverged,Mass matrix stability check failed: Coupled mass matrix has minimum eigenvalue -0.2821 at (x=0.3906). The system has exponentially growing modes -- it will be unstable. Check that the mass matrix is p,-1,,,,
1.9048720059684057,-0.019234445654570498,-4.15824426107115,4.183603996076922,1.0,0.001,0.0,128,5.0,auto,auto,periodic,Mass matrix stability check failed: Coupled mass matrix has minimum eigenvalue -5.924 at (x=0.3906). The system has exponentially growing modes -- it will be unstable. Check that the mass matrix is positive-definite at all grid points (e.g. for Gaussian-coupled scalars: mPhi2 * mChi2 > g0^2).. Use --no-require-stable to override.,diverged,Mass matrix stability check failed: Coupled mass matrix has minimum eigenvalue -5.924 at (x=0.3906). The system has exponentially growing modes -- it will be unstable. Check that the mass matrix is po,-1,,,,
8.72750168462461,0.35208521763983414,-4.26869526846845,1.3007847008062905,1.0,0.001,0.0,128,5.0,auto,auto,periodic,"Simulation diverged at t=0: eigenvalue Re(λ)=3.747e+00 predicts growth factor 1.37e+08 over Δt=5.0, exceeding threshold 1e+08. The system is physically unstable.",diverged,"Simulation diverged at t=0: eigenvalue Re(λ)=3.747e+00 predicts growth factor 1.37e+08 over Δt=5.0, exceeding threshold 1e+08. The system is physically unstable.",-1,,,,
8.058279713260719,0.21397891943549985,-3.4572206485345185,4.3895595806262735,1.0,0.001,0.0,128,5.0,auto,auto,periodic,Mass matrix stability check failed: Coupled mass matrix has minimum eigenvalue -1.728 at (x=0.3906). The system has exponentially growing modes -- it will be unstable. Check that the mass matrix is positive-definite at all grid points (e.g. for Gaussian-coupled scalars: mPhi2 * mChi2 > g0^2).. Use --no-require-stable to override.,diverged,Mass matrix stability check failed: Coupled mass matrix has minimum eigenvalue -1.728 at (x=0.3906). The system has exponentially growing modes -- it will be unstable. Check that the mass matrix is po,-1,,,,
2.798847914326348,-0.19117624349003193,-2.5734349669681316,3.988312211037836,1.0,0.001,0.0,128,5.0,auto,auto,periodic,Mass matrix stability check failed: Coupled mass matrix has minimum eigenvalue -4.746 at (x=0.3906). The system has exponentially growing modes -- it will be unstable. Check that the mass matrix is positive-definite at all grid points (e.g. for Gaussian-coupled scalars: mPhi2 * mChi2 > g0^2).. Use --no-require-stable to override.,diverged,Mass matrix stability check failed: Coupled mass matrix has minimum eigenvalue -4.746 at (x=0.3906). The system has exponentially growing modes -- it will be unstable. Check that the mass matrix is po,-1,,,,
9.259315821703414,0.004747678362939767,-3.9890535929088435,1.5563159241287385,1.0,0.001,0.0,128,5.0,auto,auto,periodic,,success,,0,6.276262191687259e-06,5.0,6.276262191687259e-06,1.55
6.844655647735635,-0.02093322640636408,-0.5093986714703673,2.0502121597630723,1.0,0.001,0.0,128,5.0,auto,auto,periodic,Mass matrix stability check failed: Coupled mass matrix has minimum eigenvalue -0.8448 at (x=0.3906). The system has exponentially growing modes -- it will be unstable. Check that the mass matrix is positive-definite at all grid points (e.g. for Gaussian-coupled scalars: mPhi2 * mChi2 > g0^2).. Use --no-require-stable to override.,diverged,Mass matrix stability check failed: Coupled mass matrix has minimum eigenvalue -0.8448 at (x=0.3906). The system has exponentially growing modes -- it will be unstable. Check that the mass matrix is p,-1,,,,
7.762042290645589,-0.05832084435298218,-4.1007079384069804,4.96531087409021,1.0,0.001,0.0,128,5.0,auto,auto,periodic,Mass matrix stability check failed: Coupled mass matrix has minimum eigenvalue -2.073 at (x=0.3906). The system has exponentially growing modes -- it will be unstable. Check that the mass matrix is positive-definite at all grid points (e.g. for Gaussian-coupled scalars: mPhi2 * mChi2 > g0^2).. Use --no-require-stable to override.,diverged,Mass matrix stability check failed: Coupled mass matrix has minimum eigenvalue -2.073 at (x=0.3906). The system has exponentially growing modes -- it will be unstable. Check that the mass matrix is po,-1,,,,
3.4254041111662263,-0.1682910235750359,-3.0733095798027152,4.79553272637196,1.0,0.001,0.0,128,5.0,auto,auto,periodic,Mass matrix stability check failed: Coupled mass matrix has minimum eigenvalue -5 at (x=0.3906). The system has exponentially growing modes -- it will be unstable. Check that the mass matrix is positive-definite at all grid points (e.g. for Gaussian-coupled scalars: mPhi2 * mChi2 > g0^2).. Use --no-require-stable to override.,diverged,Mass matrix stability check failed: Coupled mass matrix has minimum eigenvalue -5 at (x=0.3906). The system has exponentially growing modes -- it will be unstable. Check that the mass matrix is positi,-1,,,,
2.4342693913638405,-0.13727974988071462,-4.896790831700818,4.895166309039563,1.0,0.001,0.0,128,5.0,auto,auto,periodic,Mass matrix stability check failed: Coupled mass matrix has minimum eigenvalue -5.783 at (x=0.3906). The system has exponentially growing modes -- it will be unstable. Check that the mass matrix is positive-definite at all grid points (e.g. for Gaussian-coupled scalars: mPhi2 * mChi2 > g0^2).. Use --no-require-stable to override.,diverged,Mass matrix stability check failed: Coupled mass matrix has minimum eigenvalue -5.783 at (x=0.3906). The system has exponentially growing modes -- it will be unstable. Check that the mass matrix is po,-1,,,,
0.8944570698522084,0.24348340370129018,-3.3568795599379055,1.2778600450035031,1.0,0.001,0.0,128,5.0,auto,auto,periodic,"Simulation diverged at t=0: eigenvalue Re(λ)=3.720e+00 predicts growth factor 1.20e+08 over Δt=5.0, exceeding threshold 1e+08. The system is physically unstable.",diverged,"Simulation diverged at t=0: eigenvalue Re(λ)=3.720e+00 predicts growth factor 1.20e+08 over Δt=5.0, exceeding threshold 1e+08. The system is physically unstable.",-1,,,,
6.654307449357384,0.39331040673146733,-1.6994466911029114,0.3005067192277843,1.0,0.001,0.0,128,5.0,auto,auto,periodic,Mass matrix stability check failed: Coupled mass matrix has minimum eigenvalue -0.01519 at (x=0.3906). The system has exponentially growing modes -- it will be unstable. Check that the mass matrix is positive-definite at all grid points (e.g. for Gaussian-coupled scalars: mPhi2 * mChi2 > g0^2).. Use --no-require-stable to override.,diverged,Mass matrix stability check failed: Coupled mass matrix has minimum eigenvalue -0.01519 at (x=0.3906). The system has exponentially growing modes -- it will be unstable. Check that the mass matrix is ,-1,,,,
8.522897974255862,0.06968603171331644,-4.46787787481734,3.5576360130814266,1.0,0.001,0.0,128,5.0,auto,auto,periodic,Mass matrix stability check failed: Coupled mass matrix has minimum eigenvalue -0.8108 at (x=0.3906). The system has exponentially growing modes -- it will be unstable. Check that the mass matrix is positive-definite at all grid points (e.g. for Gaussian-coupled scalars: mPhi2 * mChi2 > g0^2).. Use --no-require-stable to override.,diverged,Mass matrix stability check failed: Coupled mass matrix has minimum eigenvalue -0.8108 at (x=0.3906). The system has exponentially growing modes -- it will be unstable. Check that the mass matrix is p,-1,,,,
6.426591670793446,-0.2833979049982498,-2.6730032199026206,0.31505190489498763,1.0,0.001,0.0,128,5.0,auto,auto,periodic,"Simulation diverged at t=0: eigenvalue Re(λ)=3.701e+00 predicts growth factor 1.09e+08 over Δt=5.0, exceeding threshold 1e+08. The system is physically unstable.",diverged,"Simulation diverged at t=0: eigenvalue Re(λ)=3.701e+00 predicts growth factor 1.09e+08 over Δt=5.0, exceeding threshold 1e+08. The system is physically unstable.",-1,,,,
2.8542901881867144,-0.14601582910318067,-4.272375127407597,4.987361572075179,1.0,0.001,0.0,128,5.0,auto,auto,periodic,Mass matrix stability check failed: Coupled mass matrix has minimum eigenvalue -5.563 at (x=0.3906). The system has exponentially growing modes -- it will be unstable. Check that the mass matrix is positive-definite at all grid points (e.g. for Gaussian-coupled scalars: mPhi2 * mChi2 > g0^2).. Use --no-require-stable to override.,diverged,Mass matrix stability check failed: Coupled mass matrix has minimum eigenvalue -5.563 at (x=0.3906). The system has exponentially growing modes -- it will be unstable. Check that the mass matrix is po,-1,,,,
3.3209716425284923,-0.3438108636857465,-4.627781075176175,0.24835115410703146,1.0,0.001,0.0,128,5.0,auto,auto,periodic,"Simulation diverged at t=0: eigenvalue Re(λ)=3.699e+00 predicts growth factor 1.08e+08 over Δt=5.0, exceeding threshold 1e+08. The system is physically unstable.",diverged,"Simulation diverged at t=0: eigenvalue Re(λ)=3.699e+00 predicts growth factor 1.08e+08 over Δt=5.0, exceeding threshold 1e+08. The system is physically unstable.",-1,,,,
0.9735023092745921,-0.21750458688790925,-4.475112850781802,0.5057003341527928,1.0,0.001,0.0,128,5.0,auto,auto,periodic,"Simulation diverged at t=0: eigenvalue Re(λ)=3.758e+00 predicts growth factor 1.45e+08 over Δt=5.0, exceeding threshold 1e+08. The system is physically unstable.",diverged,"Simulation diverged at t=0: eigenvalue Re(λ)=3.758e+00 predicts growth factor 1.45e+08 over Δt=5.0, exceeding threshold 1e+08. The system is physically unstable.",-1,,,,
4.387775360169957,-0.12078679037746787,-1.9900360913917439,2.412618279619307,1.0,0.001,0.0,128,5.0,auto,auto,periodic,Mass matrix stability check failed: Coupled mass matrix has minimum eigenvalue -1.139 at (x=0.3906). The system has exponentially growing modes -- it will be unstable. Check that the mass matrix is positive-definite at all grid points (e.g. for Gaussian-coupled scalars: mPhi2 * mChi2 > g0^2).. Use --no-require-stable to override.,diverged,Mass matrix stability check failed: Coupled mass matrix has minimum eigenvalue -1.139 at (x=0.3906). The system has exponentially growing modes -- it will be unstable. Check that the mass matrix is po,-1,,,,
2.8436445739154586,0.4243092574275069,-1.4292165963303831,4.800075689082251,1.0,0.001,0.0,128,5.0,auto,auto,periodic,Mass matrix stability check failed: Coupled mass matrix has minimum eigenvalue -7.189 at (x=0.3906). The system has exponentially growing modes -- it will be unstable. Check that the mass matrix is positive-definite at all grid points (e.g. for Gaussian-coupled scalars: mPhi2 * mChi2 > g0^2).. Use --no-require-stable to override.,diverged,Mass matrix stability check failed: Coupled mass matrix has minimum eigenvalue -7.189 at (x=0.3906). The system has exponentially growing modes -- it will be unstable. Check that the mass matrix is po,-1,,,,
5.595664824296113,-0.2553575650152272,-0.7163437963851154,0.8178929962465089,1.0,0.001,0.0,128,5.0,auto,auto,periodic,Mass matrix stability check failed: Coupled mass matrix has minimum eigenvalue -0.3694 at (x=0.3906). The system has exponentially growing modes -- it will be unstable. Check that the mass matrix is positive-definite at all grid points (e.g. for Gaussian-coupled scalars: mPhi2 * mChi2 > g0^2).. Use --no-require-stable to override.,diverged,Mass matrix stability check failed: Coupled mass matrix has minimum eigenvalue -0.3694 at (x=0.3906). The system has exponentially growing modes -- it will be unstable. Check that the mass matrix is p,-1,,,,
8.399109627657166,0.4788985326386429,-1.5903721780883293,2.643993611917878,1.0,0.001,0.0,128,5.0,auto,auto,periodic,Mass matrix stability check failed: Coupled mass matrix has minimum eigenvalue -0.8552 at (x=0.3906). The system has exponentially growing modes -- it will be unstable. Check that the mass matrix is positive-definite at all grid points (e.g. for Gaussian-coupled scalars: mPhi2 * mChi2 > g0^2).. Use --no-require-stable to override.,diverged,Mass matrix stability check failed: Coupled mass matrix has minimum eigenvalue -0.8552 at (x=0.3906). The system has exponentially growing modes -- it will be unstable. Check that the mass matrix is p,-1,,,,
2.526943032375177,-0.082152586631622,-4.966421849194882,2.5757620730170787,1.0,0.001,0.0,128,5.0,auto,auto,periodic,Mass matrix stability check failed: Coupled mass matrix has minimum eigenvalue -0.008599 at (x=0.3906). The system has exponentially growing modes -- it will be unstable. Check that the mass matrix is positive-definite at all grid points (e.g. for Gaussian-coupled scalars: mPhi2 * mChi2 > g0^2).. Use --no-require-stable to override.,diverged,Mass matrix stability check failed: Coupled mass matrix has minimum eigenvalue -0.008599 at (x=0.3906). The system has exponentially growing modes -- it will be unstable. Check that the mass matrix is,-1,,,,
9.799630769737098,-0.24862394146217442,-4.5554494685055245,0.5827664026325707,1.0,0.001,0.0,128,5.0,auto,auto,periodic,"Simulation diverged at t=0: eigenvalue Re(λ)=3.764e+00 predicts growth factor 1.49e+08 over Δt=5.0, exceeding threshold 1e+08. The system is physically unstable.",diverged,"Simulation diverged at t=0: eigenvalue Re(λ)=3.764e+00 predicts growth factor 1.49e+08 over Δt=5.0, exceeding threshold 1e+08. The system is physically unstable.",-1,,,,
3.886327942692554,0.354519331203069,-4.536802681541649,0.39482225690999434,1.0,0.001,0.0,128,5.0,auto,auto,periodic,"Simulation diverged at t=0: eigenvalue Re(λ)=3.739e+00 predicts growth factor 1.32e+08 over Δt=5.0, exceeding threshold 1e+08. The system is physically unstable.",diverged,"Simulation diverged at t=0: eigenvalue Re(λ)=3.739e+00 predicts growth factor 1.32e+08 over Δt=5.0, exceeding threshold 1e+08. The system is physically unstable.",-1,,,,
1.0380347409651012,-0.07835206973646919,-0.8228428934879446,1.729560484866583,1.0,0.001,0.0,128,5.0,auto,auto,periodic,Mass matrix stability check failed: Coupled mass matrix has minimum eigenvalue -3.113 at (x=0.3906). The system has exponentially growing modes -- it will be unstable. Check that the mass matrix is positive-definite at all grid points (e.g. for Gaussian-coupled scalars: mPhi2 * mChi2 > g0^2).. Use --no-require-stable to override.,diverged,Mass matrix stability check failed: Coupled mass matrix has minimum eigenvalue -3.113 at (x=0.3906). The system has exponentially growing modes -- it will be unstable. Check that the mass matrix is po,-1,,,,
5.026724303957932,-0.26733806806361254,-3.080537034401875,1.4459828514257735,1.0,0.001,0.0,128,5.0,auto,auto,periodic,"Simulation diverged at t=0: eigenvalue Re(λ)=3.745e+00 predicts growth factor 1.35e+08 over Δt=5.0, exceeding threshold 1e+08. The system is physically unstable.",diverged,"Simulation diverged at t=0: eigenvalue Re(λ)=3.745e+00 predicts growth factor 1.35e+08 over Δt=5.0, exceeding threshold 1e+08. The system is physically unstable.",-1,,,,
8.321449650676994,0.13275159920226265,-4.402829381196882,4.2178986476098705,1.0,0.001,0.0,128,5.0,auto,auto,periodic,Mass matrix stability check failed: Coupled mass matrix has minimum eigenvalue -1.322 at (x=0.3906). The system has exponentially growing modes -- it will be unstable. Check that the mass matrix is positive-definite at all grid points (e.g. for Gaussian-coupled scalars: mPhi2 * mChi2 > g0^2).. Use --no-require-stable to override.,diverged,Mass matrix stability check failed: Coupled mass matrix has minimum eigenvalue -1.322 at (x=0.3906). The system has exponentially growing modes -- it will be unstable. Check that the mass matrix is po,-1,,,,
1.4183670876195393,-0.29958031573512633,-2.774781466757296,0.7570884426943135,1.0,0.001,0.0,128,5.0,auto,auto,periodic,"Simulation diverged at t=0: eigenvalue Re(λ)=3.742e+00 predicts growth factor 1.34e+08 over Δt=5.0, exceeding threshold 1e+08. The system is physically unstable.",diverged,"Simulation diverged at t=0: eigenvalue Re(λ)=3.742e+00 predicts growth factor 1.34e+08 over Δt=5.0, exceeding threshold 1e+08. The system is physically unstable.",-1,,,,
0.5616824056428853,0.2926245331942665,-4.944212029760684,1.4662634068151856,1.0,0.001,0.0,128,5.0,auto,auto,periodic,"Simulation diverged at t=0: eigenvalue Re(λ)=3.713e+00 predicts growth factor 1.15e+08 over Δt=5.0, exceeding threshold 1e+08. The system is physically unstable.",diverged,"Simulation diverged at t=0: eigenvalue Re(λ)=3.713e+00 predicts growth factor 1.15e+08 over Δt=5.0, exceeding threshold 1e+08. The system is physically unstable.",-1,,,,
9.29035030309119,-0.4713524245263635,-2.992992696484447,4.209371405395757,1.0,0.001,0.0,128,5.0,auto,auto,periodic,Mass matrix stability check failed: Coupled mass matrix has minimum eigenvalue -1.482 at (x=0.3906). The system has exponentially growing modes -- it will be unstable. Check that the mass matrix is positive-definite at all grid points (e.g. for Gaussian-coupled scalars: mPhi2 * mChi2 > g0^2).. Use --no-require-stable to override.,diverged,Mass matrix stability check failed: Coupled mass matrix has minimum eigenvalue -1.482 at (x=0.3906). The system has exponentially growing modes -- it will be unstable. Check that the mass matrix is po,-1,,,,
8.171696113756092,0.27853486875886146,-3.202540959146669,4.640764480524842,1.0,0.001,0.0,128,5.0,auto,auto,periodic,Mass matrix stability check failed: Coupled mass matrix has minimum eigenvalue -1.951 at (x=0.3906). The system has exponentially growing modes -- it will be unstable. Check that the mass matrix is positive-definite at all grid points (e.g. for Gaussian-coupled scalars: mPhi2 * mChi2 > g0^2).. Use --no-require-stable to override.,diverged,Mass matrix stability check failed: Coupled mass matrix has minimum eigenvalue -1.951 at (x=0.3906). The system has exponentially growing modes -- it will be unstable. Check that the mass matrix is po,-1,,,,
3.6610442913422596,0.3192834039440009,-3.790191781446044,3.979863063333621,1.0,0.001,0.0,128,5.0,auto,auto,periodic,Mass matrix stability check failed: Coupled mass matrix has minimum eigenvalue -2.95 at (x=0.3906). The system has exponentially growing modes -- it will be unstable. Check that the mass matrix is positive-definite at all grid points (e.g. for Gaussian-coupled scalars: mPhi2 * mChi2 > g0^2).. Use --no-require-stable to override.,diverged,Mass matrix stability check failed: Coupled mass matrix has minimum eigenvalue -2.95 at (x=0.3906). The system has exponentially growing modes -- it will be unstable. Check that the mass matrix is pos,-1,,,,
7.154606869576432,0.40601139127865193,-0.5871772646525679,2.890060037925244,1.0,0.001,0.0,128,5.0,auto,auto,periodic,Mass matrix stability check failed: Coupled mass matrix has minimum eigenvalue -1.491 at (x=0.3906). The system has exponentially growing modes -- it will be unstable. Check that the mass matrix is positive-definite at all grid points (e.g. for Gaussian-coupled scalars: mPhi2 * mChi2 > g0^2).. Use --no-require-stable to override.,diverged,Mass matrix stability check failed: Coupled mass matrix has minimum eigenvalue -1.491 at (x=0.3906). The system has exponentially growing modes -- it will be unstable. Check that the mass matrix is po,-1,,,,
8.312843840169085,-0.4866562684862507,-2.6285233034105775,1.0448666760062413,1.0,0.001,0.0,128,5.0,auto,auto,periodic,"Simulation diverged at t=0: eigenvalue Re(λ)=3.750e+00 predicts growth factor 1.39e+08 over Δt=5.0, exceeding threshold 1e+08. The system is physically unstable.",diverged,"Simulation diverged at t=0: eigenvalue Re(λ)=3.750e+00 predicts growth factor 1.39e+08 over Δt=5.0, exceeding threshold 1e+08. The system is physically unstable.",-1,,,,
1.2558527487060431,-0.04871799913965014,-0.684011620423667,0.04486340024635025,1.0,0.001,0.0,128,5.0,auto,auto,periodic,Mass matrix stability check failed: Coupled mass matrix has minimum eigenvalue -1.698 at (x=0.3906). The system has exponentially growing modes -- it will be unstable. Check that the mass matrix is positive-definite at all grid points (e.g. for Gaussian-coupled scalars: mPhi2 * mChi2 > g0^2).. Use --no-require-stable to override.,diverged,Mass matrix stability check failed: Coupled mass matrix has minimum eigenvalue -1.698 at (x=0.3906). The system has exponentially growing modes -- it will be unstable. Check that the mass matrix is po,-1,,,,
7.261748396382674,0.15011236187672394,-4.417817996582699,2.5162437693644604,1.0,0.001,0.0,128,5.0,auto,auto,periodic,Mass matrix stability check failed: Coupled mass matrix has minimum eigenvalue -0.1049 at (x=0.3906). The system has exponentially growing modes -- it will be unstable. Check that the mass matrix is positive-definite at all grid points (e.g. for Gaussian-coupled scalars: mPhi2 * mChi2 > g0^2).. Use --no-require-stable to override.,diverged,Mass matrix stability check failed: Coupled mass matrix has minimum eigenvalue -0.1049 at (x=0.3906). The system has exponentially growing modes -- it will be unstable. Check that the mass matrix is p,-1,,,,
6.653576292720192,-0.1707564975466041,-1.6725486491301509,0.8032191195573047,1.0,0.001,0.0,128,5.0,auto,auto,periodic,Mass matrix stability check failed: Coupled mass matrix has minimum eigenvalue -0.02328 at (x=0.3906). The system has exponentially growing modes -- it will be unstable. Check that the mass matrix is positive-definite at all grid points (e.g. for Gaussian-coupled scalars: mPhi2 * mChi2 > g0^2).. Use --no-require-stable to override.,diverged,Mass matrix stability check failed: Coupled mass matrix has minimum eigenvalue -0.02328 at (x=0.3906). The system has exponentially growing modes -- it will be unstable. Check that the mass matrix is ,-1,,,,
1.2195491843555955,-0.09138990604414282,-0.8029504489803614,3.4730629358659764,1.0,0.001,0.0,128,5.0,auto,auto,periodic,Mass matrix stability check failed: Coupled mass matrix has minimum eigenvalue -11.26 at (x=0.3906). The system has exponentially growing modes -- it will be unstable. Check that the mass matrix is positive-definite at all grid points (e.g. for Gaussian-coupled scalars: mPhi2 * mChi2 > g0^2).. Use --no-require-stable to override.,diverged,Mass matrix stability check failed: Coupled mass matrix has minimum eigenvalue -11.26 at (x=0.3906). The system has exponentially growing modes -- it will be unstable. Check that the mass matrix is po,-1,,,,
6.716169549480294,-0.05599432316592401,-2.492397445061807,3.7903175348619245,1.0,0.001,0.0,128,5.0,auto,auto,periodic,Mass matrix stability check failed: Coupled mass matrix has minimum eigenvalue -1.825 at (x=0.3906). The system has exponentially growing modes -- it will be unstable. Check that the mass matrix is positive-definite at all grid points (e.g. for Gaussian-coupled scalars: mPhi2 * mChi2 > g0^2).. Use --no-require-stable to override.,diverged,Mass matrix stability check failed: Coupled mass matrix has minimum eigenvalue -1.825 at (x=0.3906). The system has exponentially growing modes -- it will be unstable. Check that the mass matrix is po,-1,,,,
9.546509826936294,0.3593303693364984,-4.4566360628606665,0.26353695961340873,1.0,0.001,0.0,128,5.0,auto,auto,periodic,"Simulation diverged at t=0: eigenvalue Re(λ)=3.761e+00 predicts growth factor 1.47e+08 over Δt=5.0, exceeding threshold 1e+08. The system is physically unstable.",diverged,"Simulation diverged at t=0: eigenvalue Re(λ)=3.761e+00 predicts growth factor 1.47e+08 over Δt=5.0, exceeding threshold 1e+08. The system is physically unstable.",-1,,,,
6.894278100005349,-0.3641076752859669,-4.804324762838346,1.432328733377297,1.0,0.001,0.0,128,5.0,auto,auto,periodic,"Simulation diverged at t=0: eigenvalue Re(λ)=3.759e+00 predicts growth factor 1.45e+08 over Δt=5.0, exceeding threshold 1e+08. The system is physically unstable.",diverged,"Simulation diverged at t=0: eigenvalue Re(λ)=3.759e+00 predicts growth factor 1.45e+08 over Δt=5.0, exceeding threshold 1e+08. The system is physically unstable.",-1,,,,
2.4950485529363737,0.47460860499974644,-0.9117600574589781,3.615174772321871,1.0,0.001,0.0,128,5.0,auto,auto,periodic,Mass matrix stability check failed: Coupled mass matrix has minimum eigenvalue -5.758 at (x=0.3906). The system has exponentially growing modes -- it will be unstable. Check that the mass matrix is positive-definite at all grid points (e.g. for Gaussian-coupled scalars: mPhi2 * mChi2 > g0^2).. Use --no-require-stable to override.,diverged,Mass matrix stability check failed: Coupled mass matrix has minimum eigenvalue -5.758 at (x=0.3906). The system has exponentially growing modes -- it will be unstable. Check that the mass matrix is po,-1,,,,
5.0511407597018065,-0.14971295352284714,-4.0395581680641754,2.9125939122066677,1.0,0.001,0.0,128,5.0,auto,auto,periodic,Mass matrix stability check failed: Coupled mass matrix has minimum eigenvalue -0.7714 at (x=0.3906). The system has exponentially growing modes -- it will be unstable. Check that the mass matrix is positive-definite at all grid points (e.g. for Gaussian-coupled scalars: mPhi2 * mChi2 > g0^2).. Use --no-require-stable to override.,diverged,Mass matrix stability check failed: Coupled mass matrix has minimum eigenvalue -0.7714 at (x=0.3906). The system has exponentially growing modes -- it will be unstable. Check that the mass matrix is p,-1,,,,
6.135539200275621,0.18429340392164317,-4.614641919419658,3.5147150287563322,1.0,0.001,0.0,128,5.0,auto,auto,periodic,Mass matrix stability check failed: Coupled mass matrix has minimum eigenvalue -1.036 at (x=0.3906). The system has exponentially growing modes -- it will be unstable. Check that the mass matrix is positive-definite at all grid points (e.g. for Gaussian-coupled scalars: mPhi2 * mChi2 > g0^2).. Use --no-require-stable to override.,diverged,Mass matrix stability check failed: Coupled mass matrix has minimum eigenvalue -1.036 at (x=0.3906). The system has exponentially growing modes -- it will be unstable. Check that the mass matrix is po,-1,,,,
0.6257662972562672,-0.2329295895201427,-1.264560256910591,3.085738037300741,1.0,0.001,0.0,128,5.0,auto,auto,periodic,Mass matrix stability check failed: Coupled mass matrix has minimum eigenvalue -16.76 at (x=0.3906). The system has exponentially growing modes -- it will be unstable. Check that the mass matrix is positive-definite at all grid points (e.g. for Gaussian-coupled scalars: mPhi2 * mChi2 > g0^2).. Use --no-require-stable to override.,diverged,Mass matrix stability check failed: Coupled mass matrix has minimum eigenvalue -16.76 at (x=0.3906). The system has exponentially growing modes -- it will be unstable. Check that the mass matrix is po,-1,,,,
8.62261437534449,-0.13209036824136322,-1.952327902749666,4.391282871240694,1.0,0.001,0.0,128,5.0,auto,auto,periodic,Mass matrix stability check failed: Coupled mass matrix has minimum eigenvalue -1.965 at (x=0.3906). The system has exponentially growing modes -- it will be unstable. Check that the mass matrix is positive-definite at all grid points (e.g. for Gaussian-coupled scalars: mPhi2 * mChi2 > g0^2).. Use --no-require-stable to override.,diverged,Mass matrix stability check failed: Coupled mass matrix has minimum eigenvalue -1.965 at (x=0.3906). The system has exponentially growing modes -- it will be unstable. Check that the mass matrix is po,-1,,,,
2.166045859839577,-0.25377357071777357,-4.801108512662307,2.6587243716543845,1.0,0.001,0.0,128,5.0,auto,auto,periodic,Mass matrix stability check failed: Coupled mass matrix has minimum eigenvalue -0.3925 at (x=0.3906). The system has exponentially growing modes -- it will be unstable. Check that the mass matrix is positive-definite at all grid points (e.g. for Gaussian-coupled scalars: mPhi2 * mChi2 > g0^2).. Use --no-require-stable to override.,diverged,Mass matrix stability check failed: Coupled mass matrix has minimum eigenvalue -0.3925 at (x=0.3906). The system has exponentially growing modes -- it will be unstable. Check that the mass matrix is p,-1,,,,
3.0909329424006406,0.08238101816920984,-3.279180136574282,0.7823889026846702,1.0,0.001,0.0,128,5.0,auto,auto,periodic,"Simulation diverged at t=0: eigenvalue Re(λ)=3.703e+00 predicts growth factor 1.10e+08 over Δt=5.0, exceeding threshold 1e+08. The system is physically unstable.",diverged,"Simulation diverged at t=0: eigenvalue Re(λ)=3.703e+00 predicts growth factor 1.10e+08 over Δt=5.0, exceeding threshold 1e+08. The system is physically unstable.",-1,,,,
2.9252196581923973,0.12557603192967715,-1.7288722611348875,3.1915730384750898,1.0,0.001,0.0,128,5.0,auto,auto,periodic,Mass matrix stability check failed: Coupled mass matrix has minimum eigenvalue -3.484 at (x=0.3906). The system has exponentially growing modes -- it will be unstable. Check that the mass matrix is positive-definite at all grid points (e.g. for Gaussian-coupled scalars: mPhi2 * mChi2 > g0^2).. Use --no-require-stable to override.,diverged,Mass matrix stability check failed: Coupled mass matrix has minimum eigenvalue -3.484 at (x=0.3906). The system has exponentially growing modes -- it will be unstable. Check that the mass matrix is po,-1,,,,
8.344103430196348,-0.3785802034273411,-1.3912608914384652,4.122929672752267,1.0,0.001,0.0,128,5.0,auto,auto,periodic,Mass matrix stability check failed: Coupled mass matrix has minimum eigenvalue -1.972 at (x=0.3906). The system has exponentially growing modes -- it will be unstable. Check that the mass matrix is positive-definite at all grid points (e.g. for Gaussian-coupled scalars: mPhi2 * mChi2 > g0^2).. Use --no-require-stable to override.,diverged,Mass matrix stability check failed: Coupled mass matrix has minimum eigenvalue -1.972 at (x=0.3906). The system has exponentially growing modes -- it will be unstable. Check that the mass matrix is po,-1,,,,
0.8075990193502973,0.11395676488398876,-4.234089527647032,4.752855301561239,1.0,0.001,0.0,128,5.0,auto,auto,periodic,Mass matrix stability check failed: Coupled mass matrix has minimum eigenvalue -18.02 at (x=0.3906). The system has exponentially growing modes -- it will be unstable. Check that the mass matrix is positive-definite at all grid points (e.g. for Gaussian-coupled scalars: mPhi2 * mChi2 > g0^2).. Use --no-require-stable to override.,diverged,Mass matrix stability check failed: Coupled mass matrix has minimum eigenvalue -18.02 at (x=0.3906). The system has exponentially growing modes -- it will be unstable. Check that the mass matrix is po,-1,,,,
8.747625122191222,0.3611264023709414,-1.5989264941576362,3.1018600052615612,1.0,0.001,0.0,128,5.0,auto,auto,periodic,Mass matrix stability check failed: Coupled mass matrix has minimum eigenvalue -1.133 at (x=0.3906). The system has exponentially growing modes -- it will be unstable. Check that the mass matrix is positive-definite at all grid points (e.g. for Gaussian-coupled scalars: mPhi2 * mChi2 > g0^2).. Use --no-require-stable to override.,diverged,Mass matrix stability check failed: Coupled mass matrix has minimum eigenvalue -1.133 at (x=0.3906). The system has exponentially growing modes -- it will be unstable. Check that the mass matrix is po,-1,,,,
1.3840480527857373,-0.3902146512275253,-0.5975124660415494,4.236782999012576,1.0,0.001,0.0,128,5.0,auto,auto,periodic,Mass matrix stability check failed: Coupled mass matrix has minimum eigenvalue -13.53 at (x=0.3906). The system has exponentially growing modes -- it will be unstable. Check that the mass matrix is positive-definite at all grid points (e.g. for Gaussian-coupled scalars: mPhi2 * mChi2 > g0^2).. Use --no-require-stable to override.,diverged,Mass matrix stability check failed: Coupled mass matrix has minimum eigenvalue -13.53 at (x=0.3906). The system has exponentially growing modes -- it will be unstable. Check that the mass matrix is po,-1,,,,
2.771169045677632,-0.4000362678802241,-3.8037604076996514,1.7615733803477607,1.0,0.001,0.0,128,5.0,auto,auto,periodic,"Simulation diverged at t=0: eigenvalue Re(λ)=3.751e+00 predicts growth factor 1.40e+08 over Δt=5.0, exceeding threshold 1e+08. The system is physically unstable.",diverged,"Simulation diverged at t=0: eigenvalue Re(λ)=3.751e+00 predicts growth factor 1.40e+08 over Δt=5.0, exceeding threshold 1e+08. The system is physically unstable.",-1,,,,
6.459692788011687,-0.4118147993229403,-1.410917086994632,1.5169928660013259,1.0,0.001,0.0,128,5.0,auto,auto,periodic,Mass matrix stability check failed: Coupled mass matrix has minimum eigenvalue -0.1208 at (x=0.3906). The system has exponentially growing modes -- it will be unstable. Check that the mass matrix is positive-definite at all grid points (e.g. for Gaussian-coupled scalars: mPhi2 * mChi2 > g0^2).. Use --no-require-stable to override.,diverged,Mass matrix stability check failed: Coupled mass matrix has minimum eigenvalue -0.1208 at (x=0.3906). The system has exponentially growing modes -- it will be unstable. Check that the mass matrix is p,-1,,,,
9.770955441513571,0.21072481872134352,-2.0858123793521552,1.9934712239080408,1.0,0.001,0.0,128,5.0,auto,auto,periodic,Mass matrix stability check failed: Coupled mass matrix has minimum eigenvalue -0.2343 at (x=0.3906). The system has exponentially growing modes -- it will be unstable. Check that the mass matrix is positive-definite at all grid points (e.g. for Gaussian-coupled scalars: mPhi2 * mChi2 > g0^2).. Use --no-require-stable to override.,diverged,Mass matrix stability check failed: Coupled mass matrix has minimum eigenvalue -0.2343 at (x=0.3906). The system has exponentially growing modes -- it will be unstable. Check that the mass matrix is p,-1,,,,
6.308480854430081,0.49577440256995353,-1.1242276968625946,2.3027735663400137,1.0,0.001,0.0,128,5.0,auto,auto,periodic,Mass matrix stability check failed: Coupled mass matrix has minimum eigenvalue -0.9619 at (x=0.3906). The system has exponentially growing modes -- it will be unstable. Check that the mass matrix is positive-definite at all grid points (e.g. for Gaussian-coupled scalars: mPhi2 * mChi2 > g0^2).. Use --no-require-stable to override.,diverged,Mass matrix stability check failed: Coupled mass matrix has minimum eigenvalue -0.9619 at (x=0.3906). The system has exponentially growing modes -- it will be unstable. Check that the mass matrix is p,-1,,,,
9.679935556682693,-0.49933004523969554,-0.8688412324632466,1.5699985381151746,1.0,0.001,0.0,128,5.0,auto,auto,periodic,Mass matrix stability check failed: Coupled mass matrix has minimum eigenvalue -0.2254 at (x=0.3906). The system has exponentially growing modes -- it will be unstable. Check that the mass matrix is positive-definite at all grid points (e.g. for Gaussian-coupled scalars: mPhi2 * mChi2 > g0^2).. Use --no-require-stable to override.,diverged,Mass matrix stability check failed: Coupled mass matrix has minimum eigenvalue -0.2254 at (x=0.3906). The system has exponentially growing modes -- it will be unstable. Check that the mass matrix is p,-1,,,,
5.419300400557304,0.10446603150088363,-3.289367966204273,1.2502209033257408,1.0,0.001,0.0,128,5.0,auto,auto,periodic,"Simulation diverged at t=0: eigenvalue Re(λ)=3.739e+00 predicts growth factor 1.31e+08 over Δt=5.0, exceeding threshold 1e+08. The system is physically unstable.",diverged,"Simulation diverged at t=0: eigenvalue Re(λ)=3.739e+00 predicts growth factor 1.31e+08 over Δt=5.0, exceeding threshold 1e+08. The system is physically unstable.",-1,,,,
8.438238623402924,-0.11571429630012958,-3.710235999801595,0.14830878622508126,1.0,0.001,0.0,128,5.0,auto,auto,periodic,"Simulation diverged at t=0: eigenvalue Re(λ)=3.684e+00 predicts growth factor 1.00e+08 over Δt=5.0, exceeding threshold 1e+08. The system is physically unstable.",diverged,"Simulation diverged at t=0: eigenvalue Re(λ)=3.684e+00 predicts growth factor 1.00e+08 over Δt=5.0, exceeding threshold 1e+08. The system is physically unstable.",-1,,,,
4.670402334197144,-0.00826888727134456,-1.207628921334126,3.932380449625002,1.0,0.001,0.0,128,5.0,auto,auto,periodic,Mass matrix stability check failed: Coupled mass matrix has minimum eigenvalue -3.357 at (x=0.3906). The system has exponentially growing modes -- it will be unstable. Check that the mass matrix is positive-definite at all grid points (e.g. for Gaussian-coupled scalars: mPhi2 * mChi2 > g0^2).. Use --no-require-stable to override.,diverged,Mass matrix stability check failed: Coupled mass matrix has minimum eigenvalue -3.357 at (x=0.3906). The system has exponentially growing modes -- it will be unstable. Check that the mass matrix is po,-1,,,,
8.965266868100633,0.23162144530831807,-2.4239492436223613,4.48736614819529,1.0,0.001,0.0,128,5.0,auto,auto,periodic,Mass matrix stability check failed: Coupled mass matrix has minimum eigenvalue -1.849 at (x=0.3906). The system has exponentially growing modes -- it will be unstable. Check that the mass matrix is positive-definite at all grid points (e.g. for Gaussian-coupled scalars: mPhi2 * mChi2 > g0^2).. Use --no-require-stable to override.,diverged,Mass matrix stability check failed: Coupled mass matrix has minimum eigenvalue -1.849 at (x=0.3906). The system has exponentially growing modes -- it will be unstable. Check that the mass matrix is po,-1,,,,
6.26742267278855,0.3500697370464285,-4.06949749191512,0.11545317126828833,1.0,0.001,0.0,128,5.0,auto,auto,periodic,"Simulation diverged at t=0: eigenvalue Re(λ)=3.753e+00 predicts growth factor 1.41e+08 over Δt=5.0, exceeding threshold 1e+08. The system is physically unstable.",diverged,"Simulation diverged at t=0: eigenvalue Re(λ)=3.753e+00 predicts growth factor 1.41e+08 over Δt=5.0, exceeding threshold 1e+08. The system is physically unstable.",-1,,,,
3.8057460638098566,-0.15851325572599473,-3.2977603401457563,2.991888052312774,1.0,0.001,0.0,128,5.0,auto,auto,periodic,Mass matrix stability check failed: Coupled mass matrix has minimum eigenvalue -1.539 at (x=0.3906). The system has exponentially growing modes -- it will be unstable. Check that the mass matrix is positive-definite at all grid points (e.g. for Gaussian-coupled scalars: mPhi2 * mChi2 > g0^2).. Use --no-require-stable to override.,diverged,Mass matrix stability check failed: Coupled mass matrix has minimum eigenvalue -1.539 at (x=0.3906). The system has exponentially growing modes -- it will be unstable. Check that the mass matrix is po,-1,,,,
8.499130593026544,-0.2878488053454217,-2.564661829615604,1.5837434479335386,1.0,0.001,0.0,128,5.0,auto,auto,periodic,"Simulation diverged at t=0: eigenvalue Re(λ)=3.763e+00 predicts growth factor 1.48e+08 over Δt=5.0, exceeding threshold 1e+08. The system is physically unstable.",diverged,"Simulation diverged at t=0: eigenvalue Re(λ)=3.763e+00 predicts growth factor 1.48e+08 over Δt=5.0, exceeding threshold 1e+08. The system is physically unstable.",-1,,,,
4.296183511841259,0.02011725155063837,-3.680369697538353,4.4546556736373555,1.0,0.001,0.0,128,5.0,auto,auto,periodic,Mass matrix stability check failed: Coupled mass matrix has minimum eigenvalue -3.228 at (x=0.3906). The system has exponentially growing modes -- it will be unstable. Check that the mass matrix is positive-definite at all grid points (e.g. for Gaussian-coupled scalars: mPhi2 * mChi2 > g0^2).. Use --no-require-stable to override.,diverged,Mass matrix stability check failed: Coupled mass matrix has minimum eigenvalue -3.228 at (x=0.3906). The system has exponentially growing modes -- it will be unstable. Check that the mass matrix is po,-1,,,,
8.884674778565223,0.4228752374041961,-3.3730704833440086,2.567027032359763,1.0,0.001,0.0,128,5.0,auto,auto,periodic,Mass matrix stability check failed: Coupled mass matrix has minimum eigenvalue -0.3552 at (x=0.3906). The system has exponentially growing modes -- it will be unstable. Check that the mass matrix is positive-definite at all grid points (e.g. for Gaussian-coupled scalars: mPhi2 * mChi2 > g0^2).. Use --no-require-stable to override.,diverged,Mass matrix stability check failed: Coupled mass matrix has minimum eigenvalue -0.3552 at (x=0.3906). The system has exponentially growing modes -- it will be unstable. Check that the mass matrix is p,-1,,,,
5.570795914066776,-0.34859312672227577,-2.1907556630078404,2.217879840355455,1.0,0.001,0.0,128,5.0,auto,auto,periodic,Mass matrix stability check failed: Coupled mass matrix has minimum eigenvalue -0.615 at (x=0.3906). The system has exponentially growing modes -- it will be unstable. Check that the mass matrix is positive-definite at all grid points (e.g. for Gaussian-coupled scalars: mPhi2 * mChi2 > g0^2).. Use --no-require-stable to override.,diverged,Mass matrix stability check failed: Coupled mass matrix has minimum eigenvalue -0.615 at (x=0.3906). The system has exponentially growing modes -- it will be unstable. Check that the mass matrix is po,-1,,,,
3.9980234592657946,-0.37128258732729347,-1.270960516503914,0.4159952243269397,1.0,0.001,0.0,128,5.0,auto,auto,periodic,Mass matrix stability check failed: Coupled mass matrix has minimum eigenvalue -0.2396 at (x=0.3906). The system has exponentially growing modes -- it will be unstable. Check that the mass matrix is positive-definite at all grid points (e.g. for Gaussian-coupled scalars: mPhi2 * mChi2 > g0^2).. Use --no-require-stable to override.,diverged,Mass matrix stability check failed: Coupled mass matrix has minimum eigenvalue -0.2396 at (x=0.3906). The system has exponentially growing modes -- it will be unstable. Check that the mass matrix is p,-1,,,,
2.569228831692395,-0.4378594182755281,-2.955853163380439,0.698983044362471,1.0,0.001,0.0,128,5.0,auto,auto,periodic,"Simulation diverged at t=0: eigenvalue Re(λ)=3.732e+00 predicts growth factor 1.27e+08 over Δt=5.0, exceeding threshold 1e+08. The system is physically unstable.",diverged,"Simulation diverged at t=0: eigenvalue Re(λ)=3.732e+00 predicts growth factor 1.27e+08 over Δt=5.0, exceeding threshold 1e+08. The system is physically unstable.",-1,,,,
7.698909314170086,-0.30468182640606056,-3.4173412528811813,1.0219942144471135,1.0,0.001,0.0,128,5.0,auto,auto,periodic,"Simulation diverged at t=0: eigenvalue Re(λ)=3.747e+00 predicts growth factor 1.37e+08 over Δt=5.0, exceeding threshold 1e+08. The system is physically unstable.",diverged,"Simulation diverged at t=0: eigenvalue Re(λ)=3.747e+00 predicts growth factor 1.37e+08 over Δt=5.0, exceeding threshold 1e+08. The system is physically unstable.",-1,,,,
7.913636941234704,0.23223437319758145,-2.5316796862768176,1.7553528510752914,1.0,0.001,0.0,128,5.0,auto,auto,periodic,"Simulation diverged at t=0: eigenvalue Re(λ)=3.718e+00 predicts growth factor 1.19e+08 over Δt=5.0, exceeding threshold 1e+08. The system is physically unstable.",diverged,"Simulation diverged at t=0: eigenvalue Re(λ)=3.718e+00 predicts growth factor 1.19e+08 over Δt=5.0, exceeding threshold 1e+08. The system is physically unstable.",-1,,,,
1.3941186250030666,-0.06893844890286577,-2.6905073709778122,4.992290346629763,1.0,0.001,0.0,128,5.0,auto,auto,periodic,Mass matrix stability check failed: Coupled mass matrix has minimum eigenvalue -13.68 at (x=0.3906). The system has exponentially growing modes -- it will be unstable. Check that the mass matrix is positive-definite at all grid points (e.g. for Gaussian-coupled scalars: mPhi2 * mChi2 > g0^2).. Use --no-require-stable to override.,diverged,Mass matrix stability check failed: Coupled mass matrix has minimum eigenvalue -13.68 at (x=0.3906). The system has exponentially growing modes -- it will be unstable. Check that the mass matrix is po,-1,,,,
5.38686861352226,0.41581487585706534,-3.7202344126282876,3.2725652558909983,1.0,0.001,0.0,128,5.0,auto,auto,periodic,Mass matrix stability check failed: Coupled mass matrix has minimum eigenvalue -1.243 at (x=0.3906). The system has exponentially growing modes -- it will be unstable. Check that the mass matrix is positive-definite at all grid points (e.g. for Gaussian-coupled scalars: mPhi2 * mChi2 > g0^2).. Use --no-require-stable to override.,diverged,Mass matrix stability check failed: Coupled mass matrix has minimum eigenvalue -1.243 at (x=0.3906). The system has exponentially growing modes -- it will be unstable. Check that the mass matrix is po,-1,,,,
7.3744819825134424,-0.11241141888476663,-0.5789571882513629,2.3111056019168044,1.0,0.001,0.0,128,5.0,auto,auto,periodic,Mass matrix stability check failed: Coupled mass matrix has minimum eigenvalue -0.9775 at (x=0.3906). The system has exponentially growing modes -- it will be unstable. Check that the mass matrix is positive-definite at all grid points (e.g. for Gaussian-coupled scalars: mPhi2 * mChi2 > g0^2).. Use --no-require-stable to override.,diverged,Mass matrix stability check failed: Coupled mass matrix has minimum eigenvalue -0.9775 at (x=0.3906). The system has exponentially growing modes -- it will be unstable. Check that the mass matrix is p,-1,,,,
9.241002104438303,-0.1657794366820589,-3.7993819369701844,1.2147970958430985,1.0,0.001,0.0,128,5.0,auto,auto,periodic,"Simulation diverged at t=0: eigenvalue Re(λ)=3.717e+00 predicts growth factor 1.18e+08 over Δt=5.0, exceeding threshold 1e+08. The system is physically unstable.",diverged,"Simulation diverged at t=0: eigenvalue Re(λ)=3.717e+00 predicts growth factor 1.18e+08 over Δt=5.0, exceeding threshold 1e+08. The system is physically unstable.",-1,,,,
3.6793786997561404,0.10211008894100815,-3.521471725562922,3.9578925999022685,1.0,0.001,0.0,128,5.0,auto,auto,periodic,Mass matrix stability check failed: Coupled mass matrix has minimum eigenvalue -3.045 at (x=0.3906). The system has exponentially growing modes -- it will be unstable. Check that the mass matrix is positive-definite at all grid points (e.g. for Gaussian-coupled scalars: mPhi2 * mChi2 > g0^2).. Use --no-require-stable to override.,diverged,Mass matrix stability check failed: Coupled mass matrix has minimum eigenvalue -3.045 at (x=0.3906). The system has exponentially growing modes -- it will be unstable. Check that the mass matrix is po,-1,,,,
0.2325978150128948,-0.2159374522523635,-1.8245964109614734,4.249871781442419,1.0,0.001,0.0,128,5.0,auto,auto,periodic,Mass matrix stability check failed: Coupled mass matrix has minimum eigenvalue -70.29 at (x=0.3906). The system has exponentially growing modes -- it will be unstable. Check that the mass matrix is positive-definite at all grid points (e.g. for Gaussian-coupled scalars: mPhi2 * mChi2 > g0^2).. Use --no-require-stable to override.,diverged,Mass matrix stability check failed: Coupled mass matrix has minimum eigenvalue -70.29 at (x=0.3906). The system has exponentially growing modes -- it will be unstable. Check that the mass matrix is po,-1,,,,
1.0136641936724078,-0.21015752848685615,-3.084102201476284,2.2070414383038766,1.0,0.001,0.0,128,5.0,auto,auto,periodic,Mass matrix stability check failed: Coupled mass matrix has minimum eigenvalue -1.553 at (x=0.3906). The system has exponentially growing modes -- it will be unstable. Check that the mass matrix is positive-definite at all grid points (e.g. for Gaussian-coupled scalars: mPhi2 * mChi2 > g0^2).. Use --no-require-stable to override.,diverged,Mass matrix stability check failed: Coupled mass matrix has minimum eigenvalue -1.553 at (x=0.3906). The system has exponentially growing modes -- it will be unstable. Check that the mass matrix is po,-1,,,,
4.8450131278507325,-0.4624432764444025,-2.362447365335486,2.7920681789998296,1.0,0.001,0.0,128,5.0,auto,auto,periodic,Mass matrix stability check failed: Coupled mass matrix has minimum eigenvalue -1.347 at (x=0.3906). The system has exponentially growing modes -- it will be unstable. Check that the mass matrix is positive-definite at all grid points (e.g. for Gaussian-coupled scalars: mPhi2 * mChi2 > g0^2).. Use --no-require-stable to override.,diverged,Mass matrix stability check failed: Coupled mass matrix has minimum eigenvalue -1.347 at (x=0.3906). The system has exponentially growing modes -- it will be unstable. Check that the mass matrix is po,-1,,,,
2.293891275959748,0.36376399552835115,-3.8802959023348773,0.857780398408265,1.0,0.001,0.0,128,5.0,auto,auto,periodic,"Simulation diverged at t=0: eigenvalue Re(λ)=3.715e+00 predicts growth factor 1.17e+08 over Δt=5.0, exceeding threshold 1e+08. The system is physically unstable.",diverged,"Simulation diverged at t=0: eigenvalue Re(λ)=3.715e+00 predicts growth factor 1.17e+08 over Δt=5.0, exceeding threshold 1e+08. The system is physically unstable.",-1,,,,
4.4246113388247785,-0.3931125780850765,-0.8988579123918186,1.4913869212316435,1.0,0.001,0.0,128,5.0,auto,auto,periodic,Mass matrix stability check failed: Coupled mass matrix has minimum eigenvalue -0.3847 at (x=0.3906). The system has exponentially growing modes -- it will be unstable. Check that the mass matrix is positive-definite at all grid points (e.g. for Gaussian-coupled scalars: mPhi2 * mChi2 > g0^2).. Use --no-require-stable to override.,diverged,Mass matrix stability check failed: Coupled mass matrix has minimum eigenvalue -0.3847 at (x=0.3906). The system has exponentially growing modes -- it will be unstable. Check that the mass matrix is p,-1,,,,
4.929545625073592,0.18751839009455085,-3.3489233951058015,2.4071469107783465,1.0,0.001,0.0,128,5.0,auto,auto,periodic,Mass matrix stability check failed: Coupled mass matrix has minimum eigenvalue -0.4554 at (x=0.3906). The system has exponentially growing modes -- it will be unstable. Check that the mass matrix is positive-definite at all grid points (e.g. for Gaussian-coupled scalars: mPhi2 * mChi2 > g0^2).. Use --no-require-stable to override.,diverged,Mass matrix stability check failed: Coupled mass matrix has minimum eigenvalue -0.4554 at (x=0.3906). The system has exponentially growing modes -- it will be unstable. Check that the mass matrix is p,-1,,,,
0.5780749395751393,-0.1552694914503162,-4.597695150793622,0.215681324609574,1.0,0.001,0.0,128,5.0,auto,auto,periodic,"Simulation diverged at t=0: eigenvalue Re(λ)=3.752e+00 predicts growth factor 1.40e+08 over Δt=5.0, exceeding threshold 1e+08. The system is physically unstable.",diverged,"Simulation diverged at t=0: eigenvalue Re(λ)=3.752e+00 predicts growth factor 1.40e+08 over Δt=5.0, exceeding threshold 1e+08. The system is physically unstable.",-1,,,,
3.1716380914324245,0.46110300307119,-1.1471075491977936,2.555225451092669,1.0,0.001,0.0,128,5.0,auto,auto,periodic,Mass matrix stability check failed: Coupled mass matrix has minimum eigenvalue -2.376 at (x=0.3906). The system has exponentially growing modes -- it will be unstable. Check that the mass matrix is positive-definite at all grid points (e.g. for Gaussian-coupled scalars: mPhi2 * mChi2 > g0^2).. Use --no-require-stable to override.,diverged,Mass matrix stability check failed: Coupled mass matrix has minimum eigenvalue -2.376 at (x=0.3906). The system has exponentially growing modes -- it will be unstable. Check that the mass matrix is po,-1,,,,
4.85818933392534,0.0741445813885887,-2.7256125439879533,2.238067757823028,1.0,0.001,0.0,128,5.0,auto,auto,periodic,Mass matrix stability check failed: Coupled mass matrix has minimum eigenvalue -0.5099 at (x=0.3906). The system has exponentially growing modes -- it will be unstable. Check that the mass matrix is positive-definite at all grid points (e.g. for Gaussian-coupled scalars: mPhi2 * mChi2 > g0^2).. Use --no-require-stable to override.,diverged,Mass matrix stability check failed: Coupled mass matrix has minimum eigenvalue -0.5099 at (x=0.3906). The system has exponentially growing modes -- it will be unstable. Check that the mass matrix is p,-1,,,,
0.7289279766734631,0.3464130815977262,-2.636646923907506,2.676310580785012,1.0,0.001,0.0,128,5.0,auto,auto,periodic,Mass matrix stability check failed: Coupled mass matrix has minimum eigenvalue -7.25 at (x=0.3906). The system has exponentially growing modes -- it will be unstable. Check that the mass matrix is positive-definite at all grid points (e.g. for Gaussian-coupled scalars: mPhi2 * mChi2 > g0^2).. Use --no-require-stable to override.,diverged,Mass matrix stability check failed: Coupled mass matrix has minimum eigenvalue -7.25 at (x=0.3906). The system has exponentially growing modes -- it will be unstable. Check that the mass matrix is pos,-1,,,,
1.6278444127670846,-0.1305343897491008,-3.451079956120342,3.538080257227872,1.0,0.001,0.0,128,5.0,auto,auto,periodic,Mass matrix stability check failed: Coupled mass matrix has minimum eigenvalue -5.422 at (x=0.3906). The system has exponentially growing modes -- it will be unstable. Check that the mass matrix is positive-definite at all grid points (e.g. for Gaussian-coupled scalars: mPhi2 * mChi2 > g0^2).. Use --no-require-stable to override.,diverged,Mass matrix stability check failed: Coupled mass matrix has minimum eigenvalue -5.422 at (x=0.3906). The system has exponentially growing modes -- it will be unstable. Check that the mass matrix is po,-1,,,,
3.0362972747050216,-0.24345166435094556,-1.4784451586777752,3.2841967246261525,1.0,0.001,0.0,128,5.0,auto,auto,periodic,Mass matrix stability check failed: Coupled mass matrix has minimum eigenvalue -3.705 at (x=0.3906). The system has exponentially growing modes -- it will be unstable. Check that the mass matrix is positive-definite at all grid points (e.g. for Gaussian-coupled scalars: mPhi2 * mChi2 > g0^2).. Use --no-require-stable to override.,diverged,Mass matrix stability check failed: Coupled mass matrix has minimum eigenvalue -3.705 at (x=0.3906). The system has exponentially growing modes -- it will be unstable. Check that the mass matrix is po,-1,,,,
2.1116667362253105,0.010359567966760186,-4.526141429027056,0.28226144529599406,1.0,0.001,0.0,128,5.0,auto,auto,periodic,,success,,0,6.276262191879901e-06,5.0,6.276262191879901e-06,1.15
9.986340572713566,-0.3577496696779012,-3.1692560087626216,4.361474517850051,1.0,0.001,0.0,128,5.0,auto,auto,periodic,Mass matrix stability check failed: Coupled mass matrix has minimum eigenvalue -1.435 at (x=0.3906). The system has exponentially growing modes -- it will be unstable. Check that the mass matrix is positive-definite at all grid points (e.g. for Gaussian-coupled scalars: mPhi2 * mChi2 > g0^2).. Use --no-require-stable to override.,diverged,Mass matrix stability check failed: Coupled mass matrix has minimum eigenvalue -1.435 at (x=0.3906). The system has exponentially growing modes -- it will be unstable. Check that the mass matrix is po,-1,,,,
1.7171123934901227,0.46613784544828785,-1.0132985677948056,1.9194574039884569,1.0,0.001,0.0,128,5.0,auto,auto,periodic,Mass matrix stability check failed: Coupled mass matrix has minimum eigenvalue -2.324 at (x=0.3906). The system has exponentially growing modes -- it will be unstable. Check that the mass matrix is positive-definite at all grid points (e.g. for Gaussian-coupled scalars: mPhi2 * mChi2 > g0^2).. Use --no-require-stable to override.,diverged,Mass matrix stability check failed: Coupled mass matrix has minimum eigenvalue -2.324 at (x=0.3906). The system has exponentially growing modes -- it will be unstable. Check that the mass matrix is po,-1,,,,
0.5494375692034131,0.40332998363332706,-2.3283128840563037,1.6762239468603597,1.0,0.001,0.0,128,5.0,auto,auto,periodic,"Simulation diverged at t=0: eigenvalue Re(λ)=3.739e+00 predicts growth factor 1.31e+08 over Δt=5.0, exceeding threshold 1e+08. The system is physically unstable.",diverged,"Simulation diverged at t=0: eigenvalue Re(λ)=3.739e+00 predicts growth factor 1.31e+08 over Δt=5.0, exceeding threshold 1e+08. The system is physically unstable.",-1,,,,
3.7985661897661376,0.22066793059181689,-2.074225355891812,1.3839771985284413,1.0,0.001,0.0,128,5.0,auto,auto,periodic,"Simulation diverged at t=0: eigenvalue Re(λ)=3.791e+00 predicts growth factor 1.71e+08 over Δt=5.0, exceeding threshold 1e+08. The system is physically unstable.",diverged,"Simulation diverged at t=0: eigenvalue Re(λ)=3.791e+00 predicts growth factor 1.71e+08 over Δt=5.0, exceeding threshold 1e+08. The system is physically unstable.",-1,,,,
3.1241446426394313,0.3383668753294663,-0.7007884986424111,0.8732718542576059,1.0,0.001,0.0,128,5.0,auto,auto,periodic,Mass matrix stability check failed: Coupled mass matrix has minimum eigenvalue -0.6717 at (x=0.3906). The system has exponentially growing modes -- it will be unstable. Check that the mass matrix is positive-definite at all grid points (e.g. for Gaussian-coupled scalars: mPhi2 * mChi2 > g0^2).. Use --no-require-stable to override.,diverged,Mass matrix stability check failed: Coupled mass matrix has minimum eigenvalue -0.6717 at (x=0.3906). The system has exponentially growing modes -- it will be unstable. Check that the mass matrix is p,-1,,,,
4.779989271507117,0.1207987574643643,-3.6913066217520134,1.5335439902695625,1.0,0.001,0.0,128,5.0,auto,auto,periodic,"Simulation diverged at t=0: eigenvalue Re(λ)=3.694e+00 predicts growth factor 1.05e+08 over Δt=5.0, exceeding threshold 1e+08. The system is physically unstable.",diverged,"Simulation diverged at t=0: eigenvalue Re(λ)=3.694e+00 predicts growth factor 1.05e+08 over Δt=5.0, exceeding threshold 1e+08. The system is physically unstable.",-1,,,,
6.7916753008976425,-0.33945359557659116,-1.22336914176118,2.94551436109358,1.0,0.001,0.0,128,5.0,auto,auto,periodic,Mass matrix stability check failed: Coupled mass matrix has minimum eigenvalue -1.432 at (x=0.3906). The system has exponentially growing modes -- it will be unstable. Check that the mass matrix is positive-definite at all grid points (e.g. for Gaussian-coupled scalars: mPhi2 * mChi2 > g0^2).. Use --no-require-stable to override.,diverged,Mass matrix stability check failed: Coupled mass matrix has minimum eigenvalue -1.432 at (x=0.3906). The system has exponentially growing modes -- it will be unstable. Check that the mass matrix is po,-1,,,,
0.4964667222179049,0.20296396595217714,-0.6343353608376345,1.8982999170432389,1.0,0.001,0.0,128,5.0,auto,auto,periodic,Mass matrix stability check failed: Coupled mass matrix has minimum eigenvalue -9.308 at (x=0.3906). The system has exponentially growing modes -- it will be unstable. Check that the mass matrix is positive-definite at all grid points (e.g. for Gaussian-coupled scalars: mPhi2 * mChi2 > g0^2).. Use --no-require-stable to override.,diverged,Mass matrix stability check failed: Coupled mass matrix has minimum eigenvalue -9.308 at (x=0.3906). The system has exponentially growing modes -- it will be unstable. Check that the mass matrix is po,-1,,,,
8.460147389050197,0.377125696200719,-4.09733180237917,1.0645024280502513,1.0,0.001,0.0,128,5.0,auto,auto,periodic,"Simulation diverged at t=0: eigenvalue Re(λ)=3.745e+00 predicts growth factor 1.36e+08 over Δt=5.0, exceeding threshold 1e+08. The system is physically unstable.",diverged,"Simulation diverged at t=0: eigenvalue Re(λ)=3.745e+00 predicts growth factor 1.36e+08 over Δt=5.0, exceeding threshold 1e+08. The system is physically unstable.",-1,,,,
0.3300951114009122,0.4183014674910338,-4.880104914598574,1.964971972534718,1.0,0.001,0.0,128,5.0,auto,auto,periodic,"Simulation diverged at t=0: eigenvalue Re(λ)=3.731e+00 predicts growth factor 1.26e+08 over Δt=5.0, exceeding threshold 1e+08. The system is physically unstable.",diverged,"Simulation diverged at t=0: eigenvalue Re(λ)=3.731e+00 predicts growth factor 1.26e+08 over Δt=5.0, exceeding threshold 1e+08. The system is physically unstable.",-1,,,,
6.383007852004544,0.4328497155152319,-0.8528448340945989,2.167534107582033,1.0,0.001,0.0,128,5.0,auto,auto,periodic,Mass matrix stability check failed: Coupled mass matrix has minimum eigenvalue -0.9086 at (x=0.3906). The system has exponentially growing modes -- it will be unstable. Check that the mass matrix is positive-definite at all grid points (e.g. for Gaussian-coupled scalars: mPhi2 * mChi2 > g0^2).. Use --no-require-stable to override.,diverged,Mass matrix stability check failed: Coupled mass matrix has minimum eigenvalue -0.9086 at (x=0.3906). The system has exponentially growing modes -- it will be unstable. Check that the mass matrix is p,-1,,,,
0.37262324731194885,0.09971753524926286,-2.7963044260400998,3.5072626088120766,1.0,0.001,0.0,128,5.0,auto,auto,periodic,Mass matrix stability check failed: Coupled mass matrix has minimum eigenvalue -26.71 at (x=0.3906). The system has exponentially growing modes -- it will be unstable. Check that the mass matrix is positive-definite at all grid points (e.g. for Gaussian-coupled scalars: mPhi2 * mChi2 > g0^2).. Use --no-require-stable to override.,diverged,Mass matrix stability check failed: Coupled mass matrix has minimum eigenvalue -26.71 at (x=0.3906). The system has exponentially growing modes -- it will be unstable. Check that the mass matrix is po,-1,,,,
2.513431299453311,-0.3177081148924292,-4.833208060734272,3.309149501754689,1.0,0.001,0.0,128,5.0,auto,auto,periodic,Mass matrix stability check failed: Coupled mass matrix has minimum eigenvalue -1.865 at (x=0.3906). The system has exponentially growing modes -- it will be unstable. Check that the mass matrix is positive-definite at all grid points (e.g. for Gaussian-coupled scalars: mPhi2 * mChi2 > g0^2).. Use --no-require-stable to override.,diverged,Mass matrix stability check failed: Coupled mass matrix has minimum eigenvalue -1.865 at (x=0.3906). The system has exponentially growing modes -- it will be unstable. Check that the mass matrix is po,-1,,,,
6.953850096321262,0.4817934529142288,-0.8417486657687494,3.6500477636252433,1.0,0.001,0.0,128,5.0,auto,auto,periodic,Mass matrix stability check failed: Coupled mass matrix has minimum eigenvalue -2.116 at (x=0.3906). The system has exponentially growing modes -- it will be unstable. Check that the mass matrix is positive-definite at all grid points (e.g. for Gaussian-coupled scalars: mPhi2 * mChi2 > g0^2).. Use --no-require-stable to override.,diverged,Mass matrix stability check failed: Coupled mass matrix has minimum eigenvalue -2.116 at (x=0.3906). The system has exponentially growing modes -- it will be unstable. Check that the mass matrix is po,-1,,,,
3.381307976390695,-0.06643480973998966,-3.656292105238254,0.271639337663036,1.0,0.001,0.0,128,5.0,auto,auto,periodic,"Simulation diverged at t=0: eigenvalue Re(λ)=3.745e+00 predicts growth factor 1.36e+08 over Δt=5.0, exceeding threshold 1e+08. The system is physically unstable.",diverged,"Simulation diverged at t=0: eigenvalue Re(λ)=3.745e+00 predicts growth factor 1.36e+08 over Δt=5.0, exceeding threshold 1e+08. The system is physically unstable.",-1,,,,
0.9709379420504907,0.25963020821281546,-2.3727368723128737,2.842509884232517,1.0,0.001,0.0,128,5.0,auto,auto,periodic,Mass matrix stability check failed: Coupled mass matrix has minimum eigenvalue -7.013 at (x=0.3906). The system has exponentially growing modes -- it will be unstable. Check that the mass matrix is positive-definite at all grid points (e.g. for Gaussian-coupled scalars: mPhi2 * mChi2 > g0^2).. Use --no-require-stable to override.,diverged,Mass matrix stability check failed: Coupled mass matrix has minimum eigenvalue -7.013 at (x=0.3906). The system has exponentially growing modes -- it will be unstable. Check that the mass matrix is po,-1,,,,
9.646264476473345,0.2853876174185722,-1.7732502097570264,3.7676492304756244,1.0,0.001,0.0,128,5.0,auto,auto,periodic,Mass matrix stability check failed: Coupled mass matrix has minimum eigenvalue -1.406 at (x=0.3906). The system has exponentially growing modes -- it will be unstable. Check that the mass matrix is positive-definite at all grid points (e.g. for Gaussian-coupled scalars: mPhi2 * mChi2 > g0^2).. Use --no-require-stable to override.,diverged,Mass matrix stability check failed: Coupled mass matrix has minimum eigenvalue -1.406 at (x=0.3906). The system has exponentially growing modes -- it will be unstable. Check that the mass matrix is po,-1,,,,
1.1068363357623356,-0.24462247195927533,-3.409972514566716,2.667750134829662,1.0,0.001,0.0,128,5.0,auto,auto,periodic,Mass matrix stability check failed: Coupled mass matrix has minimum eigenvalue -3.331 at (x=0.3906). The system has exponentially growing modes -- it will be unstable. Check that the mass matrix is positive-definite at all grid points (e.g. for Gaussian-coupled scalars: mPhi2 * mChi2 > g0^2).. Use --no-require-stable to override.,diverged,Mass matrix stability check failed: Coupled mass matrix has minimum eigenvalue -3.331 at (x=0.3906). The system has exponentially growing modes -- it will be unstable. Check that the mass matrix is po,-1,,,,
4.03212193317158,-0.4530825460405687,-3.5108793701198593,2.6018481816078856,1.0,0.001,0.0,128,5.0,auto,auto,periodic,Mass matrix stability check failed: Coupled mass matrix has minimum eigenvalue -0.7662 at (x=0.3906). The system has exponentially growing modes -- it will be unstable. Check that the mass matrix is positive-definite at all grid points (e.g. for Gaussian-coupled scalars: mPhi2 * mChi2 > g0^2).. Use --no-require-stable to override.,diverged,Mass matrix stability check failed: Coupled mass matrix has minimum eigenvalue -0.7662 at (x=0.3906). The system has exponentially growing modes -- it will be unstable. Check that the mass matrix is p,-1,,,,
9.694179658501422,0.007232181163488449,-0.6103737564723506,3.967390302375846,1.0,0.001,0.0,128,5.0,auto,auto,periodic,Mass matrix stability check failed: Coupled mass matrix has minimum eigenvalue -1.762 at (x=0.3906). The system has exponentially growing modes -- it will be unstable. Check that the mass matrix is positive-definite at all grid points (e.g. for Gaussian-coupled scalars: mPhi2 * mChi2 > g0^2).. Use --no-require-stable to override.,diverged,Mass matrix stability check failed: Coupled mass matrix has minimum eigenvalue -1.762 at (x=0.3906). The system has exponentially growing modes -- it will be unstable. Check that the mass matrix is po,-1,,,,
6.02268351358491,-0.12797662667406623,-0.6010107553694688,4.074040750314122,1.0,0.001,0.0,128,5.0,auto,auto,periodic,Mass matrix stability check failed: Coupled mass matrix has minimum eigenvalue -2.946 at (x=0.3906). The system has exponentially growing modes -- it will be unstable. Check that the mass matrix is positive-definite at all grid points (e.g. for Gaussian-coupled scalars: mPhi2 * mChi2 > g0^2).. Use --no-require-stable to override.,diverged,Mass matrix stability check failed: Coupled mass matrix has minimum eigenvalue -2.946 at (x=0.3906). The system has exponentially growing modes -- it will be unstable. Check that the mass matrix is po,-1,,,,
2.144853722173705,-0.1856637274408498,-0.7470000993418209,2.7027747989822277,1.0,0.001,0.0,128,5.0,auto,auto,periodic,Mass matrix stability check failed: Coupled mass matrix has minimum eigenvalue -4.3 at (x=0.3906). The system has exponentially growing modes -- it will be unstable. Check that the mass matrix is positive-definite at all grid points (e.g. for Gaussian-coupled scalars: mPhi2 * mChi2 > g0^2).. Use --no-require-stable to override.,diverged,Mass matrix stability check failed: Coupled mass matrix has minimum eigenvalue -4.3 at (x=0.3906). The system has exponentially growing modes -- it will be unstable. Check that the mass matrix is posi,-1,,,,
9.947559076537901,0.2725424397023799,-4.9254918194959805,4.69896440590268,1.0,0.001,0.0,128,5.0,auto,auto,periodic,Mass matrix stability check failed: Coupled mass matrix has minimum eigenvalue -1.291 at (x=0.3906). The system has exponentially growing modes -- it will be unstable. Check that the mass matrix is positive-definite at all grid points (e.g. for Gaussian-coupled scalars: mPhi2 * mChi2 > g0^2).. Use --no-require-stable to override.,diverged,Mass matrix stability check failed: Coupled mass matrix has minimum eigenvalue -1.291 at (x=0.3906). The system has exponentially growing modes -- it will be unstable. Check that the mass matrix is po,-1,,,,
6.33796972489273,0.44671092803537904,-1.8595590524355123,1.9004301987216798,1.0,0.001,0.0,128,5.0,auto,auto,periodic,Mass matrix stability check failed: Coupled mass matrix has minimum eigenvalue -0.3445 at (x=0.3906). The system has exponentially growing modes -- it will be unstable. Check that the mass matrix is positive-definite at all grid points (e.g. for Gaussian-coupled scalars: mPhi2 * mChi2 > g0^2).. Use --no-require-stable to override.,diverged,Mass matrix stability check failed: Coupled mass matrix has minimum eigenvalue -0.3445 at (x=0.3906). The system has exponentially growing modes -- it will be unstable. Check that the mass matrix is p,-1,,,,
1.4854298600580111,-0.4029666698239461,-2.8372145107527897,4.4661529774228175,1.0,0.001,0.0,128,5.0,auto,auto,periodic,Mass matrix stability check failed: Coupled mass matrix has minimum eigenvalue -10.52 at (x=0.3906). The system has exponentially growing modes -- it will be unstable. Check that the mass matrix is positive-definite at all grid points (e.g. for Gaussian-coupled scalars: mPhi2 * mChi2 > g0^2).. Use --no-require-stable to override.,diverged,Mass matrix stability check failed: Coupled mass matrix has minimum eigenvalue -10.52 at (x=0.3906). The system has exponentially growing modes -- it will be unstable. Check that the mass matrix is po,-1,,,,
5.8355169644072244,-0.15010066337778205,-4.021333647016669,1.136105765836549,1.0,0.001,0.0,128,5.0,auto,auto,periodic,"Simulation diverged at t=0: eigenvalue Re(λ)=3.749e+00 predicts growth factor 1.38e+08 over Δt=5.0, exceeding threshold 1e+08. The system is physically unstable.",diverged,"Simulation diverged at t=0: eigenvalue Re(λ)=3.749e+00 predicts growth factor 1.38e+08 over Δt=5.0, exceeding threshold 1e+08. The system is physically unstable.",-1,,,,
3.38688447875024,0.24707640891700489,-2.0388420546614214,0.48922000533269644,1.0,0.001,0.0,128,5.0,auto,auto,periodic,"Simulation diverged at t=0: eigenvalue Re(λ)=3.711e+00 predicts growth factor 1.14e+08 over Δt=5.0, exceeding threshold 1e+08. The system is physically unstable.",diverged,"Simulation diverged at t=0: eigenvalue Re(λ)=3.711e+00 predicts growth factor 1.14e+08 over Δt=5.0, exceeding threshold 1e+08. The system is physically unstable.",-1,,,,
7.054870876804147,-0.35394148415104226,-3.667896717032872,0.9106330941981826,1.0,0.001,0.0,128,5.0,auto,auto,periodic,"Simulation diverged at t=0: eigenvalue Re(λ)=3.700e+00 predicts growth factor 1.08e+08 over Δt=5.0, exceeding threshold 1e+08. The system is physically unstable.",diverged,"Simulation diverged at t=0: eigenvalue Re(λ)=3.700e+00 predicts growth factor 1.08e+08 over Δt=5.0, exceeding threshold 1e+08. The system is physically unstable.",-1,,,,
4.760034485476453,0.06122985659675095,-1.2506906489096261,2.1217065642794974,1.0,0.001,0.0,128,5.0,auto,auto,periodic,Mass matrix stability check failed: Coupled mass matrix has minimum eigenvalue -0.9935 at (x=0.3906). The system has exponentially growing modes -- it will be unstable. Check that the mass matrix is positive-definite at all grid points (e.g. for Gaussian-coupled scalars: mPhi2 * mChi2 > g0^2).. Use --no-require-stable to override.,diverged,Mass matrix stability check failed: Coupled mass matrix has minimum eigenvalue -0.9935 at (x=0.3906). The system has exponentially growing modes -- it will be unstable. Check that the mass matrix is p,-1,,,,
5.293102964122897,0.4921836771247633,-4.737470155519097,4.923984365959312,1.0,0.001,0.0,128,5.0,auto,auto,periodic,Mass matrix stability check failed: Coupled mass matrix has minimum eigenvalue -2.752 at (x=0.3906). The system has exponentially growing modes -- it will be unstable. Check that the mass matrix is positive-definite at all grid points (e.g. for Gaussian-coupled scalars: mPhi2 * mChi2 > g0^2).. Use --no-require-stable to override.,diverged,Mass matrix stability check failed: Coupled mass matrix has minimum eigenvalue -2.752 at (x=0.3906). The system has exponentially growing modes -- it will be unstable. Check that the mass matrix is po,-1,,,,
3.162847770711073,0.4631363927466249,-4.717763639177861,0.45088852816545405,1.0,0.001,0.0,128,5.0,auto,auto,periodic,"Simulation diverged at t=0: eigenvalue Re(λ)=3.787e+00 predicts growth factor 1.67e+08 over Δt=5.0, exceeding threshold 1e+08. The system is physically unstable.",diverged,"Simulation diverged at t=0: eigenvalue Re(λ)=3.787e+00 predicts growth factor 1.67e+08 over Δt=5.0, exceeding threshold 1e+08. The system is physically unstable.",-1,,,,
5.083709624211237,0.11878310145815563,-3.897691383745067,3.6436641931130054,1.0,0.001,0.0,128,5.0,auto,auto,periodic,Mass matrix stability check failed: Coupled mass matrix has minimum eigenvalue -1.685 at (x=0.3906). The system has exponentially growing modes -- it will be unstable. Check that the mass matrix is positive-definite at all grid points (e.g. for Gaussian-coupled scalars: mPhi2 * mChi2 > g0^2).. Use --no-require-stable to override.,diverged,Mass matrix stability check failed: Coupled mass matrix has minimum eigenvalue -1.685 at (x=0.3906). The system has exponentially growing modes -- it will be unstable. Check that the mass matrix is po,-1,,,,
4.099482317218957,0.19031650676612466,-0.6962981509171682,3.736210317743658,1.0,0.001,0.0,128,5.0,auto,auto,periodic,Mass matrix stability check failed: Coupled mass matrix has minimum eigenvalue -3.787 at (x=0.3906). The system has exponentially growing modes -- it will be unstable. Check that the mass matrix is positive-definite at all grid points (e.g. for Gaussian-coupled scalars: mPhi2 * mChi2 > g0^2).. Use --no-require-stable to override.,diverged,Mass matrix stability check failed: Coupled mass matrix has minimum eigenvalue -3.787 at (x=0.3906). The system has exponentially growing modes -- it will be unstable. Check that the mass matrix is po,-1,,,,
1.895695181347519,0.17806753799753672,-4.326626083142085,2.0382587227058417,1.0,0.001,0.0,128,5.0,auto,auto,periodic,"Simulation diverged at t=0: eigenvalue Re(λ)=3.735e+00 predicts growth factor 1.29e+08 over Δt=5.0, exceeding threshold 1e+08. The system is physically unstable.",diverged,"Simulation diverged at t=0: eigenvalue Re(λ)=3.735e+00 predicts growth factor 1.29e+08 over Δt=5.0, exceeding threshold 1e+08. The system is physically unstable.",-1,,,,
3.872487483404382,0.09718203374448009,-3.32894154141714,1.7476285830124842,1.0,0.001,0.0,128,5.0,auto,auto,periodic,"Simulation diverged at t=0: eigenvalue Re(λ)=3.725e+00 predicts growth factor 1.23e+08 over Δt=5.0, exceeding threshold 1e+08. The system is physically unstable.",diverged,"Simulation diverged at t=0: eigenvalue Re(λ)=3.725e+00 predicts growth factor 1.23e+08 over Δt=5.0, exceeding threshold 1e+08. The system is physically unstable.",-1,,,,
0.4885036889740353,-0.2344121497718274,-0.8062412464950466,0.018751958871359324,1.0,0.001,0.0,128,5.0,auto,auto,periodic,Mass matrix stability check failed: Coupled mass matrix has minimum eigenvalue -3.864 at (x=0.3906). The system has exponentially growing modes -- it will be unstable. Check that the mass matrix is positive-definite at all grid points (e.g. for Gaussian-coupled scalars: mPhi2 * mChi2 > g0^2).. Use --no-require-stable to override.,diverged,Mass matrix stability check failed: Coupled mass matrix has minimum eigenvalue -3.864 at (x=0.3906). The system has exponentially growing modes -- it will be unstable. Check that the mass matrix is po,-1,,,,
0.8625823600506377,-0.12568684288588616,-1.8152178381501272,4.2594005907875285,1.0,0.001,0.0,128,5.0,auto,auto,periodic,Mass matrix stability check failed: Coupled mass matrix has minimum eigenvalue -19.04 at (x=0.3906). The system has exponentially growing modes -- it will be unstable. Check that the mass matrix is positive-definite at all grid points (e.g. for Gaussian-coupled scalars: mPhi2 * mChi2 > g0^2).. Use --no-require-stable to override.,diverged,Mass matrix stability check failed: Coupled mass matrix has minimum eigenvalue -19.04 at (x=0.3906). The system has exponentially growing modes -- it will be unstable. Check that the mass matrix is po,-1,,,,
0.192192355094688,0.3168512930177372,-2.0298944391822897,3.7134334411768926,1.0,0.001,0.0,128,5.0,auto,auto,periodic,Mass matrix stability check failed: Coupled mass matrix has minimum eigenvalue -66.19 at (x=0.3906). The system has exponentially growing modes -- it will be unstable. Check that the mass matrix is positive-definite at all grid points (e.g. for Gaussian-coupled scalars: mPhi2 * mChi2 > g0^2).. Use --no-require-stable to override.,diverged,Mass matrix stability check failed: Coupled mass matrix has minimum eigenvalue -66.19 at (x=0.3906). The system has exponentially growing modes -- it will be unstable. Check that the mass matrix is po,-1,,,,
6.883150931919476,0.1298924756040709,-0.710584102014538,4.037119372080485,1.0,0.001,0.0,128,5.0,auto,auto,periodic,Mass matrix stability check failed: Coupled mass matrix has minimum eigenvalue -2.514 at (x=0.3906). The system has exponentially growing modes -- it will be unstable. Check that the mass matrix is positive-definite at all grid points (e.g. for Gaussian-coupled scalars: mPhi2 * mChi2 > g0^2).. Use --no-require-stable to override.,diverged,Mass matrix stability check failed: Coupled mass matrix has minimum eigenvalue -2.514 at (x=0.3906). The system has exponentially growing modes -- it will be unstable. Check that the mass matrix is po,-1,,,,
4.809579608129563,0.014196767598415483,-3.534595877796425,2.3829405348821737,1.0,0.001,0.0,128,5.0,auto,auto,periodic,Mass matrix stability check failed: Coupled mass matrix has minimum eigenvalue -0.3594 at (x=0.3906). The system has exponentially growing modes -- it will be unstable. Check that the mass matrix is positive-definite at all grid points (e.g. for Gaussian-coupled scalars: mPhi2 * mChi2 > g0^2).. Use --no-require-stable to override.,diverged,Mass matrix stability check failed: Coupled mass matrix has minimum eigenvalue -0.3594 at (x=0.3906). The system has exponentially growing modes -- it will be unstable. Check that the mass matrix is p,-1,,,,
9.505918531990003,-0.18721060013295332,-2.7668192719350024,3.431041332973149,1.0,0.001,0.0,128,5.0,auto,auto,periodic,Mass matrix stability check failed: Coupled mass matrix has minimum eigenvalue -1.005 at (x=0.3906). The system has exponentially growing modes -- it will be unstable. Check that the mass matrix is positive-definite at all grid points (e.g. for Gaussian-coupled scalars: mPhi2 * mChi2 > g0^2).. Use --no-require-stable to override.,diverged,Mass matrix stability check failed: Coupled mass matrix has minimum eigenvalue -1.005 at (x=0.3906). The system has exponentially growing modes -- it will be unstable. Check that the mass matrix is po,-1,,,,
7.0975808202690365,0.14569144173713156,-1.780901318052778,0.8966472562731715,1.0,0.001,0.0,128,5.0,auto,auto,periodic,"Simulation diverged at t=0: eigenvalue Re(λ)=3.811e+00 predicts growth factor 1.88e+08 over Δt=5.0, exceeding threshold 1e+08. The system is physically unstable.",diverged,"Simulation diverged at t=0: eigenvalue Re(λ)=3.811e+00 predicts growth factor 1.88e+08 over Δt=5.0, exceeding threshold 1e+08. The system is physically unstable.",-1,,,,
4.618418860882405,0.22766364824931495,-4.335457403913832,4.9592354020353335,1.0,0.001,0.0,128,5.0,auto,auto,periodic,Mass matrix stability check failed: Coupled mass matrix has minimum eigenvalue -3.374 at (x=0.3906). The system has exponentially growing modes -- it will be unstable. Check that the mass matrix is positive-definite at all grid points (e.g. for Gaussian-coupled scalars: mPhi2 * mChi2 > g0^2).. Use --no-require-stable to override.,diverged,Mass matrix stability check failed: Coupled mass matrix has minimum eigenvalue -3.374 at (x=0.3906). The system has exponentially growing modes -- it will be unstable. Check that the mass matrix is po,-1,,,,
1.7994700713466156,-0.13441914100510233,-3.7385419491732064,4.336736693347116,1.0,0.001,0.0,128,5.0,auto,auto,periodic,Mass matrix stability check failed: Coupled mass matrix has minimum eigenvalue -7.248 at (x=0.3906). The system has exponentially growing modes -- it will be unstable. Check that the mass matrix is positive-definite at all grid points (e.g. for Gaussian-coupled scalars: mPhi2 * mChi2 > g0^2).. Use --no-require-stable to override.,diverged,Mass matrix stability check failed: Coupled mass matrix has minimum eigenvalue -7.248 at (x=0.3906). The system has exponentially growing modes -- it will be unstable. Check that the mass matrix is po,-1,,,,
7.134429502951232,0.26152505361874834,-2.9810027309262606,1.7967194087645955,1.0,0.001,0.0,128,5.0,auto,auto,periodic,"Simulation diverged at t=0: eigenvalue Re(λ)=3.738e+00 predicts growth factor 1.31e+08 over Δt=5.0, exceeding threshold 1e+08. The system is physically unstable.",diverged,"Simulation diverged at t=0: eigenvalue Re(λ)=3.738e+00 predicts growth factor 1.31e+08 over Δt=5.0, exceeding threshold 1e+08. The system is physically unstable.",-1,,,,
1.981407257474527,0.48401007762070425,-2.7585687112539583,2.806151841435657,1.0,0.001,0.0,128,5.0,auto,auto,periodic,Mass matrix stability check failed: Coupled mass matrix has minimum eigenvalue -2.937 at (x=0.3906). The system has exponentially growing modes -- it will be unstable. Check that the mass matrix is positive-definite at all grid points (e.g. for Gaussian-coupled scalars: mPhi2 * mChi2 > g0^2).. Use --no-require-stable to override.,diverged,Mass matrix stability check failed: Coupled mass matrix has minimum eigenvalue -2.937 at (x=0.3906). The system has exponentially growing modes -- it will be unstable. Check that the mass matrix is po,-1,,,,
5.885291131887713,0.002493297327143429,-3.2617213678807513,2.526972336621778,1.0,0.001,0.0,128,5.0,auto,auto,periodic,Mass matrix stability check failed: Coupled mass matrix has minimum eigenvalue -0.5333 at (x=0.3906). The system has exponentially growing modes -- it will be unstable. Check that the mass matrix is positive-definite at all grid points (e.g. for Gaussian-coupled scalars: mPhi2 * mChi2 > g0^2).. Use --no-require-stable to override.,diverged,Mass matrix stability check failed: Coupled mass matrix has minimum eigenvalue -0.5333 at (x=0.3906). The system has exponentially growing modes -- it will be unstable. Check that the mass matrix is p,-1,,,,
7.997018841130835,-0.44585671756284684,-1.656270201177675,2.620202376031369,1.0,0.001,0.0,128,5.0,auto,auto,periodic,Mass matrix stability check failed: Coupled mass matrix has minimum eigenvalue -0.8639 at (x=0.3906). The system has exponentially growing modes -- it will be unstable. Check that the mass matrix is positive-definite at all grid points (e.g. for Gaussian-coupled scalars: mPhi2 * mChi2 > g0^2).. Use --no-require-stable to override.,diverged,Mass matrix stability check failed: Coupled mass matrix has minimum eigenvalue -0.8639 at (x=0.3906). The system has exponentially growing modes -- it will be unstable. Check that the mass matrix is p,-1,,,,
8.864998837750347,0.13766516491692193,-4.4254967811262755,0.8672582385540044,1.0,0.001,0.0,128,5.0,auto,auto,periodic,"Simulation diverged at t=0: eigenvalue Re(λ)=3.717e+00 predicts growth factor 1.18e+08 over Δt=5.0, exceeding threshold 1e+08. The system is physically unstable.",diverged,"Simulation diverged at t=0: eigenvalue Re(λ)=3.717e+00 predicts growth factor 1.18e+08 over Δt=5.0, exceeding threshold 1e+08. The system is physically unstable.",-1,,,,
5.20636972767957,0.3261737465373864,-0.7875403539019947,1.3143988241035993,1.0,0.001,0.0,128,5.0,auto,auto,periodic,Mass matrix stability check failed: Coupled mass matrix has minimum eigenvalue -0.3697 at (x=0.3906). The system has exponentially growing modes -- it will be unstable. Check that the mass matrix is positive-definite at all grid points (e.g. for Gaussian-coupled scalars: mPhi2 * mChi2 > g0^2).. Use --no-require-stable to override.,diverged,Mass matrix stability check failed: Coupled mass matrix has minimum eigenvalue -0.3697 at (x=0.3906). The system has exponentially growing modes -- it will be unstable. Check that the mass matrix is p,-1,,,,
7.183936315444115,0.04901555667391411,-3.2655030408886954,2.6926151111105017,1.0,0.001,0.0,128,5.0,auto,auto,periodic,Mass matrix stability check failed: Coupled mass matrix has minimum eigenvalue -0.5742 at (x=0.3906). The system has exponentially growing modes -- it will be unstable. Check that the mass matrix is positive-definite at all grid points (e.g. for Gaussian-coupled scalars: mPhi2 * mChi2 > g0^2).. Use --no-require-stable to override.,diverged,Mass matrix stability check failed: Coupled mass matrix has minimum eigenvalue -0.5742 at (x=0.3906). The system has exponentially growing modes -- it will be unstable. Check that the mass matrix is p,-1,,,,
6.916259908347721,0.3907022673080419,-4.349988460901151,4.584831824986441,1.0,0.001,0.0,128,5.0,auto,auto,periodic,Mass matrix stability check failed: Coupled mass matrix has minimum eigenvalue -1.924 at (x=0.3906). The system has exponentially growing modes -- it will be unstable. Check that the mass matrix is positive-definite at all grid points (e.g. for Gaussian-coupled scalars: mPhi2 * mChi2 > g0^2).. Use --no-require-stable to override.,diverged,Mass matrix stability check failed: Coupled mass matrix has minimum eigenvalue -1.924 at (x=0.3906). The system has exponentially growing modes -- it will be unstable. Check that the mass matrix is po,-1,,,,
6.694657703150556,-0.2563113629454946,-2.736904068794414,2.5879709329883047,1.0,0.001,0.0,128,5.0,auto,auto,periodic,Mass matrix stability check failed: Coupled mass matrix has minimum eigenvalue -0.6802 at (x=0.3906). The system has exponentially growing modes -- it will be unstable. Check that the mass matrix is positive-definite at all grid points (e.g. for Gaussian-coupled scalars: mPhi2 * mChi2 > g0^2).. Use --no-require-stable to override.,diverged,Mass matrix stability check failed: Coupled mass matrix has minimum eigenvalue -0.6802 at (x=0.3906). The system has exponentially growing modes -- it will be unstable. Check that the mass matrix is p,-1,,,,
7.637042246511914,-0.065952678764297,-2.3980862673257004,2.476261077881599,1.0,0.001,0.0,128,5.0,auto,auto,periodic,Mass matrix stability check failed: Coupled mass matrix has minimum eigenvalue -0.5973 at (x=0.3906). The system has exponentially growing modes -- it will be unstable. Check that the mass matrix is positive-definite at all grid points (e.g. for Gaussian-coupled scalars: mPhi2 * mChi2 > g0^2).. Use --no-require-stable to override.,diverged,Mass matrix stability check failed: Coupled mass matrix has minimum eigenvalue -0.5973 at (x=0.3906). The system has exponentially growing modes -- it will be unstable. Check that the mass matrix is p,-1,,,,
9.706383164151704,0.04257652014178448,-0.9352004030671202,3.168062640992812,1.0,0.001,0.0,128,5.0,auto,auto,periodic,Mass matrix stability check failed: Coupled mass matrix has minimum eigenvalue -1.199 at (x=0.3906). The system has exponentially growing modes -- it will be unstable. Check that the mass matrix is positive-definite at all grid points (e.g. for Gaussian-coupled scalars: mPhi2 * mChi2 > g0^2).. Use --no-require-stable to override.,diverged,Mass matrix stability check failed: Coupled mass matrix has minimum eigenvalue -1.199 at (x=0.3906). The system has exponentially growing modes -- it will be unstable. Check that the mass matrix is po,-1,,,,
5.742244411555979,-0.10037742551667828,-4.605254206358849,4.784975313070138,1.0,0.001,0.0,128,5.0,auto,auto,periodic,Mass matrix stability check failed: Coupled mass matrix has minimum eigenvalue -2.438 at (x=0.3906). The system has exponentially growing modes -- it will be unstable. Check that the mass matrix is positive-definite at all grid points (e.g. for Gaussian-coupled scalars: mPhi2 * mChi2 > g0^2).. Use --no-require-stable to override.,diverged,Mass matrix stability check failed: Coupled mass matrix has minimum eigenvalue -2.438 at (x=0.3906). The system has exponentially growing modes -- it will be unstable. Check that the mass matrix is po,-1,,,,
8.110204458469667,0.4218775172481549,-0.7903459250657594,4.308291108754487,1.0,0.001,0.0,128,5.0,auto,auto,periodic,Mass matrix stability check failed: Coupled mass matrix has minimum eigenvalue -2.314 at (x=0.3906). The system has exponentially growing modes -- it will be unstable. Check that the mass matrix is positive-definite at all grid points (e.g. for Gaussian-coupled scalars: mPhi2 * mChi2 > g0^2).. Use --no-require-stable to override.,diverged,Mass matrix stability check failed: Coupled mass matrix has minimum eigenvalue -2.314 at (x=0.3906). The system has exponentially growing modes -- it will be unstable. Check that the mass matrix is po,-1,,,,
6.208517181667058,-0.3803611014429767,-4.74775550231067,2.371477502550233,1.0,0.001,0.0,128,5.0,auto,auto,periodic,"Simulation diverged at t=0: eigenvalue Re(λ)=3.714e+00 predicts growth factor 1.16e+08 over Δt=5.0, exceeding threshold 1e+08. The system is physically unstable.",diverged,"Simulation diverged at t=0: eigenvalue Re(λ)=3.714e+00 predicts growth factor 1.16e+08 over Δt=5.0, exceeding threshold 1e+08. The system is physically unstable.",-1,,,,
0.44710397603666785,0.05726201584137958,-3.2348655995243014,0.7625150828258711,1.0,0.001,0.0,128,5.0,auto,auto,periodic,"Simulation diverged at t=0: eigenvalue Re(λ)=3.737e+00 predicts growth factor 1.30e+08 over Δt=5.0, exceeding threshold 1e+08. The system is physically unstable.",diverged,"Simulation diverged at t=0: eigenvalue Re(λ)=3.737e+00 predicts growth factor 1.30e+08 over Δt=5.0, exceeding threshold 1e+08. The system is physically unstable.",-1,,,,
6.616690083978281,0.04705942615164538,-2.128113449610185,1.2817410779137495,1.0,0.001,0.0,128,5.0,auto,auto,periodic,"Simulation diverged at t=0: eigenvalue Re(λ)=3.745e+00 predicts growth factor 1.35e+08 over Δt=5.0, exceeding threshold 1e+08. The system is physically unstable.",diverged,"Simulation diverged at t=0: eigenvalue Re(λ)=3.745e+00 predicts growth factor 1.35e+08 over Δt=5.0, exceeding threshold 1e+08. The system is physically unstable.",-1,,,,
9.841219600746635,0.14034671003623278,-3.8373662853179833,4.145303743905007,1.0,0.001,0.0,128,5.0,auto,auto,periodic,Mass matrix stability check failed: Coupled mass matrix has minimum eigenvalue -1.189 at (x=0.3906). The system has exponentially growing modes -- it will be unstable. Check that the mass matrix is positive-definite at all grid points (e.g. for Gaussian-coupled scalars: mPhi2 * mChi2 > g0^2).. Use --no-require-stable to override.,diverged,Mass matrix stability check failed: Coupled mass matrix has minimum eigenvalue -1.189 at (x=0.3906). The system has exponentially growing modes -- it will be unstable. Check that the mass matrix is po,-1,,,,
7.552253662794703,-0.1727834918803735,-2.4348576935483184,2.775263357614985,1.0,0.001,0.0,128,5.0,auto,auto,periodic,Mass matrix stability check failed: Coupled mass matrix has minimum eigenvalue -0.8318 at (x=0.3906). The system has exponentially growing modes -- it will be unstable. Check that the mass matrix is positive-definite at all grid points (e.g. for Gaussian-coupled scalars: mPhi2 * mChi2 > g0^2).. Use --no-require-stable to override.,diverged,Mass matrix stability check failed: Coupled mass matrix has minimum eigenvalue -0.8318 at (x=0.3906). The system has exponentially growing modes -- it will be unstable. Check that the mass matrix is p,-1,,,,
9.851765731021208,-0.05215711502561332,-0.8252987152558156,4.6256008960244825,1.0,0.001,0.0,128,5.0,auto,auto,periodic,Mass matrix stability check failed: Coupled mass matrix has minimum eigenvalue -2.091 at (x=0.3906). The system has exponentially growing modes -- it will be unstable. Check that the mass matrix is positive-definite at all grid points (e.g. for Gaussian-coupled scalars: mPhi2 * mChi2 > g0^2).. Use --no-require-stable to override.,diverged,Mass matrix stability check failed: Coupled mass matrix has minimum eigenvalue -2.091 at (x=0.3906). The system has exponentially growing modes -- it will be unstable. Check that the mass matrix is po,-1,,,,
4.126041209786504,0.32507645827353904,-1.618344752009306,1.6807266799818168,1.0,0.001,0.0,128,5.0,auto,auto,periodic,Mass matrix stability check failed: Coupled mass matrix has minimum eigenvalue -0.3266 at (x=0.3906). The system has exponentially growing modes -- it will be unstable. Check that the mass matrix is positive-definite at all grid points (e.g. for Gaussian-coupled scalars: mPhi2 * mChi2 > g0^2).. Use --no-require-stable to override.,diverged,Mass matrix stability check failed: Coupled mass matrix has minimum eigenvalue -0.3266 at (x=0.3906). The system has exponentially growing modes -- it will be unstable. Check that the mass matrix is p,-1,,,,
5.180284274408841,-0.0818661558080242,-1.0766597562878975,2.3397050144794918,1.0,0.001,0.0,128,5.0,auto,auto,periodic,Mass matrix stability check failed: Coupled mass matrix has minimum eigenvalue -1.233 at (x=0.3906). The system has exponentially growing modes -- it will be unstable. Check that the mass matrix is positive-definite at all grid points (e.g. for Gaussian-coupled scalars: mPhi2 * mChi2 > g0^2).. Use --no-require-stable to override.,diverged,Mass matrix stability check failed: Coupled mass matrix has minimum eigenvalue -1.233 at (x=0.3906). The system has exponentially growing modes -- it will be unstable. Check that the mass matrix is po,-1,,,,
7.43904801899161,0.47144603955236,-0.9547441437898065,0.40306497898068494,1.0,0.001,0.0,128,5.0,auto,auto,periodic,Mass matrix stability check failed: Coupled mass matrix has minimum eigenvalue -0.2138 at (x=0.3906). The system has exponentially growing modes -- it will be unstable. Check that the mass matrix is positive-definite at all grid points (e.g. for Gaussian-coupled scalars: mPhi2 * mChi2 > g0^2).. Use --no-require-stable to override.,diverged,Mass matrix stability check failed: Coupled mass matrix has minimum eigenvalue -0.2138 at (x=0.3906). The system has exponentially growing modes -- it will be unstable. Check that the mass matrix is p,-1,,,,
6.103877679947263,-0.23898248715115356,-3.567258905875686,0.7785784667861212,1.0,0.001,0.0,128,5.0,auto,auto,periodic,"Simulation diverged at t=0: eigenvalue Re(λ)=3.691e+00 predicts growth factor 1.04e+08 over Δt=5.0, exceeding threshold 1e+08. The system is physically unstable.",diverged,"Simulation diverged at t=0: eigenvalue Re(λ)=3.691e+00 predicts growth factor 1.04e+08 over Δt=5.0, exceeding threshold 1e+08. The system is physically unstable.",-1,,,,
8.434090481522208,0.24191976100998536,-2.2491732583466497,2.1037499411859075,1.0,0.001,0.0,128,5.0,auto,auto,periodic,Mass matrix stability check failed: Coupled mass matrix has minimum eigenvalue -0.3111 at (x=0.3906). The system has exponentially growing modes -- it will be unstable. Check that the mass matrix is positive-definite at all grid points (e.g. for Gaussian-coupled scalars: mPhi2 * mChi2 > g0^2).. Use --no-require-stable to override.,diverged,Mass matrix stability check failed: Coupled mass matrix has minimum eigenvalue -0.3111 at (x=0.3906). The system has exponentially growing modes -- it will be unstable. Check that the mass matrix is p,-1,,,,
1.963612728401146,-0.38566605301185614,-3.39676524749967,3.2405602703132774,1.0,0.001,0.0,128,5.0,auto,auto,periodic,Mass matrix stability check failed: Coupled mass matrix has minimum eigenvalue -3.641 at (x=0.3906). The system has exponentially growing modes -- it will be unstable. Check that the mass matrix is positive-definite at all grid points (e.g. for Gaussian-coupled scalars: mPhi2 * mChi2 > g0^2).. Use --no-require-stable to override.,diverged,Mass matrix stability check failed: Coupled mass matrix has minimum eigenvalue -3.641 at (x=0.3906). The system has exponentially growing modes -- it will be unstable. Check that the mass matrix is po,-1,,,,
9.046566188014642,0.17251251112089472,-3.127338416881251,3.347663903480587,1.0,0.001,0.0,128,5.0,auto,auto,periodic,Mass matrix stability check failed: Coupled mass matrix has minimum eigenvalue -0.9209 at (x=0.3906). The system has exponentially growing modes -- it will be unstable. Check that the mass matrix is positive-definite at all grid points (e.g. for Gaussian-coupled scalars: mPhi2 * mChi2 > g0^2).. Use --no-require-stable to override.,diverged,Mass matrix stability check failed: Coupled mass matrix has minimum eigenvalue -0.9209 at (x=0.3906). The system has exponentially growing modes -- it will be unstable. Check that the mass matrix is p,-1,,,,
4.67884796176877,0.13059829914707022,-0.9271349532049298,0.36537230406430543,1.0,0.001,0.0,128,5.0,auto,auto,periodic,Mass matrix stability check failed: Coupled mass matrix has minimum eigenvalue -0.3517 at (x=0.3906). The system has exponentially growing modes -- it will be unstable. Check that the mass matrix is positive-definite at all grid points (e.g. for Gaussian-coupled scalars: mPhi2 * mChi2 > g0^2).. Use --no-require-stable to override.,diverged,Mass matrix stability check failed: Coupled mass matrix has minimum eigenvalue -0.3517 at (x=0.3906). The system has exponentially growing modes -- it will be unstable. Check that the mass matrix is p,-1,,,,
8.636225450589116,-0.02681283937200374,-2.927604730748269,4.821873030571378,1.0,0.001,0.0,128,5.0,auto,auto,periodic,Mass matrix stability check failed: Coupled mass matrix has minimum eigenvalue -2.035 at (x=0.3906). The system has exponentially growing modes -- it will be unstable. Check that the mass matrix is positive-definite at all grid points (e.g. for Gaussian-coupled scalars: mPhi2 * mChi2 > g0^2).. Use --no-require-stable to override.,diverged,Mass matrix stability check failed: Coupled mass matrix has minimum eigenvalue -2.035 at (x=0.3906). The system has exponentially growing modes -- it will be unstable. Check that the mass matrix is po,-1,,,,
9.157906879255632,-0.4067628306478048,-3.1837375898821576,2.6321364229022577,1.0,0.001,0.0,128,5.0,auto,auto,periodic,Mass matrix stability check failed: Coupled mass matrix has minimum eigenvalue -0.4286 at (x=0.3906). The system has exponentially growing modes -- it will be unstable. Check that the mass matrix is positive-definite at all grid points (e.g. for Gaussian-coupled scalars: mPhi2 * mChi2 > g0^2).. Use --no-require-stable to override.,diverged,Mass matrix stability check failed: Coupled mass matrix has minimum eigenvalue -0.4286 at (x=0.3906). The system has exponentially growing modes -- it will be unstable. Check that the mass matrix is p,-1,,,,
5.3672205932443156,-0.4385687237518749,-1.093277975384995,2.0223919714452316,1.0,0.001,0.0,128,5.0,auto,auto,periodic,Mass matrix stability check failed: Coupled mass matrix has minimum eigenvalue -0.8287 at (x=0.3906). The system has exponentially growing modes -- it will be unstable. Check that the mass matrix is positive-definite at all grid points (e.g. for Gaussian-coupled scalars: mPhi2 * mChi2 > g0^2).. Use --no-require-stable to override.,diverged,Mass matrix stability check failed: Coupled mass matrix has minimum eigenvalue -0.8287 at (x=0.3906). The system has exponentially growing modes -- it will be unstable. Check that the mass matrix is p,-1,,,,
9.938004124628769,-0.31891735271779814,-1.3555151256966562,2.3414061420989887,1.0,0.001,0.0,128,5.0,auto,auto,periodic,Mass matrix stability check failed: Coupled mass matrix has minimum eigenvalue -0.5874 at (x=0.3906). The system has exponentially growing modes -- it will be unstable. Check that the mass matrix is positive-definite at all grid points (e.g. for Gaussian-coupled scalars: mPhi2 * mChi2 > g0^2).. Use --no-require-stable to override.,diverged,Mass matrix stability check failed: Coupled mass matrix has minimum eigenvalue -0.5874 at (x=0.3906). The system has exponentially growing modes -- it will be unstable. Check that the mass matrix is p,-1,,,,
5.273172930833198,-0.4677054241883098,-3.4840512530371033,0.9750076840703006,1.0,0.001,0.0,128,5.0,auto,auto,periodic,"Simulation diverged at t=0: eigenvalue Re(λ)=3.712e+00 predicts growth factor 1.15e+08 over Δt=5.0, exceeding threshold 1e+08. The system is physically unstable.",diverged,"Simulation diverged at t=0: eigenvalue Re(λ)=3.712e+00 predicts growth factor 1.15e+08 over Δt=5.0, exceeding threshold 1e+08. The system is physically unstable.",-1,,,,
6.287671634213256,-0.4939939940453266,-3.1935267104497695,1.1875336088911363,1.0,0.001,0.0,128,5.0,auto,auto,periodic,"Simulation diverged at t=0: eigenvalue Re(λ)=3.772e+00 predicts growth factor 1.56e+08 over Δt=5.0, exceeding threshold 1e+08. The system is physically unstable.",diverged,"Simulation diverged at t=0: eigenvalue Re(λ)=3.772e+00 predicts growth factor 1.56e+08 over Δt=5.0, exceeding threshold 1e+08. The system is physically unstable.",-1,,,,
2.07560241252575,-0.2617880820229358,-4.695939932432813,1.2988038912977253,1.0,0.001,0.0,128,5.0,auto,auto,periodic,"Simulation diverged at t=0: eigenvalue Re(λ)=3.715e+00 predicts growth factor 1.16e+08 over Δt=5.0, exceeding threshold 1e+08. The system is physically unstable.",diverged,"Simulation diverged at t=0: eigenvalue Re(λ)=3.715e+00 predicts growth factor 1.16e+08 over Δt=5.0, exceeding threshold 1e+08. The system is physically unstable.",-1,,,,
2.2386740550840436,-0.3966689427795165,-4.191008581855827,2.135954907852823,1.0,0.001,0.0,128,5.0,auto,auto,periodic,"Simulation diverged at t=0: eigenvalue Re(λ)=3.700e+00 predicts growth factor 1.08e+08 over Δt=5.0, exceeding threshold 1e+08. The system is physically unstable.",diverged,"Simulation diverged at t=0: eigenvalue Re(λ)=3.700e+00 predicts growth factor 1.08e+08 over Δt=5.0, exceeding threshold 1e+08. The system is physically unstable.",-1,,,,
1.531038207537672,0.044245093919033085,-3.05850209195282,3.00932951033991,1.0,0.001,0.0,128,5.0,auto,auto,periodic,Mass matrix stability check failed: Coupled mass matrix has minimum eigenvalue -4.206 at (x=0.3906). The system has exponentially growing modes -- it will be unstable. Check that the mass matrix is positive-definite at all grid points (e.g. for Gaussian-coupled scalars: mPhi2 * mChi2 > g0^2).. Use --no-require-stable to override.,diverged,Mass matrix stability check failed: Coupled mass matrix has minimum eigenvalue -4.206 at (x=0.3906). The system has exponentially growing modes -- it will be unstable. Check that the mass matrix is po,-1,,,,
3.566919008561511,0.45519526242705444,-3.40347913899869,0.32098542474409586,1.0,0.001,0.0,128,5.0,auto,auto,periodic,"Simulation diverged at t=0: eigenvalue Re(λ)=3.807e+00 predicts growth factor 1.85e+08 over Δt=5.0, exceeding threshold 1e+08. The system is physically unstable.",diverged,"Simulation diverged at t=0: eigenvalue Re(λ)=3.807e+00 predicts growth factor 1.85e+08 over Δt=5.0, exceeding threshold 1e+08. The system is physically unstable.",-1,,,,
0.12079241501952784,-0.19923940691156983,-1.9051794620611742,1.6183995322760807,1.0,0.001,0.0,128,5.0,auto,auto,periodic,Mass matrix stability check failed: Coupled mass matrix has minimum eigenvalue -3.312 at (x=0.3906). The system has exponentially growing modes -- it will be unstable. Check that the mass matrix is positive-definite at all grid points (e.g. for Gaussian-coupled scalars: mPhi2 * mChi2 > g0^2).. Use --no-require-stable to override.,diverged,Mass matrix stability check failed: Coupled mass matrix has minimum eigenvalue -3.312 at (x=0.3906). The system has exponentially growing modes -- it will be unstable. Check that the mass matrix is po,-1,,,,
9.070483351077531,0.4354080036146689,-2.3412299975893522,3.770462724917291,1.0,0.001,0.0,128,5.0,auto,auto,periodic,Mass matrix stability check failed: Coupled mass matrix has minimum eigenvalue -1.372 at (x=0.3906). The system has exponentially growing modes -- it will be unstable. Check that the mass matrix is positive-definite at all grid points (e.g. for Gaussian-coupled scalars: mPhi2 * mChi2 > g0^2).. Use --no-require-stable to override.,diverged,Mass matrix stability check failed: Coupled mass matrix has minimum eigenvalue -1.372 at (x=0.3906). The system has exponentially growing modes -- it will be unstable. Check that the mass matrix is po,-1,,,,
0.3844571183486206,0.22480887573407238,-2.6674411567439082,3.7816601934909406,1.0,0.001,0.0,128,5.0,auto,auto,periodic,Mass matrix stability check failed: Coupled mass matrix has minimum eigenvalue -30.84 at (x=0.3906). The system has exponentially growing modes -- it will be unstable. Check that the mass matrix is positive-definite at all grid points (e.g. for Gaussian-coupled scalars: mPhi2 * mChi2 > g0^2).. Use --no-require-stable to override.,diverged,Mass matrix stability check failed: Coupled mass matrix has minimum eigenvalue -30.84 at (x=0.3906). The system has exponentially growing modes -- it will be unstable. Check that the mass matrix is po,-1,,,,
6.053941982864713,-0.14113460057933636,-2.1164260183909724,1.939993327241135,1.0,0.001,0.0,128,5.0,auto,auto,periodic,Mass matrix stability check failed: Coupled mass matrix has minimum eigenvalue -0.315 at (x=0.3906). The system has exponentially growing modes -- it will be unstable. Check that the mass matrix is positive-definite at all grid points (e.g. for Gaussian-coupled scalars: mPhi2 * mChi2 > g0^2).. Use --no-require-stable to override.,diverged,Mass matrix stability check failed: Coupled mass matrix has minimum eigenvalue -0.315 at (x=0.3906). The system has exponentially growing modes -- it will be unstable. Check that the mass matrix is po,-1,,,,
2.32878468066753,-0.2046433054522298,-4.9583057201974405,4.413433347154144,1.0,0.001,0.0,128,5.0,auto,auto,periodic,Mass matrix stability check failed: Coupled mass matrix has minimum eigenvalue -4.751 at (x=0.3906). The system has exponentially growing modes -- it will be unstable. Check that the mass matrix is positive-definite at all grid points (e.g. for Gaussian-coupled scalars: mPhi2 * mChi2 > g0^2).. Use --no-require-stable to override.,diverged,Mass matrix stability check failed: Coupled mass matrix has minimum eigenvalue -4.751 at (x=0.3906). The system has exponentially growing modes -- it will be unstable. Check that the mass matrix is po,-1,,,,
3.5480650388118318,0.4643112299219889,-3.999451420108132,1.483272523935764,1.0,0.001,0.0,128,5.0,auto,auto,periodic,"Simulation diverged at t=0: eigenvalue Re(λ)=3.740e+00 predicts growth factor 1.32e+08 over Δt=5.0, exceeding threshold 1e+08. The system is physically unstable.",diverged,"Simulation diverged at t=0: eigenvalue Re(λ)=3.740e+00 predicts growth factor 1.32e+08 over Δt=5.0, exceeding threshold 1e+08. The system is physically unstable.",-1,,,,
5.561312301964153,0.013418601396871677,-3.885202117443083,2.688845018579706,1.0,0.001,0.0,128,5.0,auto,auto,periodic,Mass matrix stability check failed: Coupled mass matrix has minimum eigenvalue -0.5147 at (x=0.3906). The system has exponentially growing modes -- it will be unstable. Check that the mass matrix is positive-definite at all grid points (e.g. for Gaussian-coupled scalars: mPhi2 * mChi2 > g0^2).. Use --no-require-stable to override.,diverged,Mass matrix stability check failed: Coupled mass matrix has minimum eigenvalue -0.5147 at (x=0.3906). The system has exponentially growing modes -- it will be unstable. Check that the mass matrix is p,-1,,,,
0.7492548704875386,-0.2858671963765399,-4.952388953635643,2.9795124508755433,1.0,0.001,0.0,128,5.0,auto,auto,periodic,Mass matrix stability check failed: Coupled mass matrix has minimum eigenvalue -3.3 at (x=0.3906). The system has exponentially growing modes -- it will be unstable. Check that the mass matrix is positive-definite at all grid points (e.g. for Gaussian-coupled scalars: mPhi2 * mChi2 > g0^2).. Use --no-require-stable to override.,diverged,Mass matrix stability check failed: Coupled mass matrix has minimum eigenvalue -3.3 at (x=0.3906). The system has exponentially growing modes -- it will be unstable. Check that the mass matrix is posi,-1,,,,
3.2628182935756405,0.4105579160963193,-1.340050870646539,4.139692332176727,1.0,0.001,0.0,128,5.0,auto,auto,periodic,Mass matrix stability check failed: Coupled mass matrix has minimum eigenvalue -5.105 at (x=0.3906). The system has exponentially growing modes -- it will be unstable. Check that the mass matrix is positive-definite at all grid points (e.g. for Gaussian-coupled scalars: mPhi2 * mChi2 > g0^2).. Use --no-require-stable to override.,diverged,Mass matrix stability check failed: Coupled mass matrix has minimum eigenvalue -5.105 at (x=0.3906). The system has exponentially growing modes -- it will be unstable. Check that the mass matrix is po,-1,,,,
6.684704876354678,0.2832741587414369,-4.381548319809102,0.4357261397180289,1.0,0.001,0.0,128,5.0,auto,auto,periodic,"Simulation diverged at t=0: eigenvalue Re(λ)=3.703e+00 predicts growth factor 1.10e+08 over Δt=5.0, exceeding threshold 1e+08. The system is physically unstable.",diverged,"Simulation diverged at t=0: eigenvalue Re(λ)=3.703e+00 predicts growth factor 1.10e+08 over Δt=5.0, exceeding threshold 1e+08. The system is physically unstable.",-1,,,,
2.877033759641721,-0.26887206673556563,-1.5184924164745177,3.1428283324372557,1.0,0.001,0.0,128,5.0,auto,auto,periodic,Mass matrix stability check failed: Coupled mass matrix has minimum eigenvalue -3.587 at (x=0.3906). The system has exponentially growing modes -- it will be unstable. Check that the mass matrix is positive-definite at all grid points (e.g. for Gaussian-coupled scalars: mPhi2 * mChi2 > g0^2).. Use --no-require-stable to override.,diverged,Mass matrix stability check failed: Coupled mass matrix has minimum eigenvalue -3.587 at (x=0.3906). The system has exponentially growing modes -- it will be unstable. Check that the mass matrix is po,-1,,,,
7.114661679340872,0.4506038735309178,-0.6498049485763504,2.8733835912264594,1.0,0.001,0.0,128,5.0,auto,auto,periodic,Mass matrix stability check failed: Coupled mass matrix has minimum eigenvalue -1.467 at (x=0.3906). The system has exponentially growing modes -- it will be unstable. Check that the mass matrix is positive-definite at all grid points (e.g. for Gaussian-coupled scalars: mPhi2 * mChi2 > g0^2).. Use --no-require-stable to override.,diverged,Mass matrix stability check failed: Coupled mass matrix has minimum eigenvalue -1.467 at (x=0.3906). The system has exponentially growing modes -- it will be unstable. Check that the mass matrix is po,-1,,,,
9.102723350490626,0.2549756481245915,-4.029188812305043,4.013235662482533,1.0,0.001,0.0,128,5.0,auto,auto,periodic,Mass matrix stability check failed: Coupled mass matrix has minimum eigenvalue -1.156 at (x=0.3906). The system has exponentially growing modes -- it will be unstable. Check that the mass matrix is positive-definite at all grid points (e.g. for Gaussian-coupled scalars: mPhi2 * mChi2 > g0^2).. Use --no-require-stable to override.,diverged,Mass matrix stability check failed: Coupled mass matrix has minimum eigenvalue -1.156 at (x=0.3906). The system has exponentially growing modes -- it will be unstable. Check that the mass matrix is po,-1,,,,
8.839284951186684,-0.33266946865603797,-4.293746525476824,1.8507732911157804,1.0,0.001,0.0,128,5.0,auto,auto,periodic,"Simulation diverged at t=0: eigenvalue Re(λ)=3.777e+00 predicts growth factor 1.59e+08 over Δt=5.0, exceeding threshold 1e+08. The system is physically unstable.",diverged,"Simulation diverged at t=0: eigenvalue Re(λ)=3.777e+00 predicts growth factor 1.59e+08 over Δt=5.0, exceeding threshold 1e+08. The system is physically unstable.",-1,,,,
5.489923614075725,-0.014458233553685085,-0.5456494797435898,3.6930290044033858,1.0,0.001,0.0,128,5.0,auto,auto,periodic,Mass matrix stability check failed: Coupled mass matrix has minimum eigenvalue -2.836 at (x=0.3906). The system has exponentially growing modes -- it will be unstable. Check that the mass matrix is positive-definite at all grid points (e.g. for Gaussian-coupled scalars: mPhi2 * mChi2 > g0^2).. Use --no-require-stable to override.,diverged,Mass matrix stability check failed: Coupled mass matrix has minimum eigenvalue -2.836 at (x=0.3906). The system has exponentially growing modes -- it will be unstable. Check that the mass matrix is po,-1,,,,
8.708576670140742,-0.22806887704971485,-2.8891018099225687,4.846480479523167,1.0,0.001,0.0,128,5.0,auto,auto,periodic,Mass matrix stability check failed: Coupled mass matrix has minimum eigenvalue -2.044 at (x=0.3906). The system has exponentially growing modes -- it will be unstable. Check that the mass matrix is positive-definite at all grid points (e.g. for Gaussian-coupled scalars: mPhi2 * mChi2 > g0^2).. Use --no-require-stable to override.,diverged,Mass matrix stability check failed: Coupled mass matrix has minimum eigenvalue -2.044 at (x=0.3906). The system has exponentially growing modes -- it will be unstable. Check that the mass matrix is po,-1,,,,
1.5868348570306223,-0.31204820107736814,-2.4717166559791597,0.6779229422791253,1.0,0.001,0.0,128,5.0,auto,auto,periodic,"Simulation diverged at t=0: eigenvalue Re(λ)=3.712e+00 predicts growth factor 1.15e+08 over Δt=5.0, exceeding threshold 1e+08. The system is physically unstable.",diverged,"Simulation diverged at t=0: eigenvalue Re(λ)=3.712e+00 predicts growth factor 1.15e+08 over Δt=5.0, exceeding threshold 1e+08. The system is physically unstable.",-1,,,,
3.640739485250744,-0.2302550141528133,-2.059883801711683,0.46371849717240293,1.0,0.001,0.0,128,5.0,auto,auto,periodic,"Simulation diverged at t=0: eigenvalue Re(λ)=3.776e+00 predicts growth factor 1.58e+08 over Δt=5.0, exceeding threshold 1e+08. The system is physically unstable.",diverged,"Simulation diverged at t=0: eigenvalue Re(λ)=3.776e+00 predicts growth factor 1.58e+08 over Δt=5.0, exceeding threshold 1e+08. The system is physically unstable.",-1,,,,
0.7046583479474233,0.34310704414090887,-1.6922729921019326,3.3788423142023176,1.0,0.001,0.0,128,5.0,auto,auto,periodic,Mass matrix stability check failed: Coupled mass matrix has minimum eigenvalue -16.16 at (x=0.3906). The system has exponentially growing modes -- it will be unstable. Check that the mass matrix is positive-definite at all grid points (e.g. for Gaussian-coupled scalars: mPhi2 * mChi2 > g0^2).. Use --no-require-stable to override.,diverged,Mass matrix stability check failed: Coupled mass matrix has minimum eigenvalue -16.16 at (x=0.3906). The system has exponentially growing modes -- it will be unstable. Check that the mass matrix is po,-1,,,,
6.412094099451554,-0.22079613481220695,-2.133005166930015,1.8137257398268871,1.0,0.001,0.0,128,5.0,auto,auto,periodic,Mass matrix stability check failed: Coupled mass matrix has minimum eigenvalue -0.1741 at (x=0.3906). The system has exponentially growing modes -- it will be unstable. Check that the mass matrix is positive-definite at all grid points (e.g. for Gaussian-coupled scalars: mPhi2 * mChi2 > g0^2).. Use --no-require-stable to override.,diverged,Mass matrix stability check failed: Coupled mass matrix has minimum eigenvalue -0.1741 at (x=0.3906). The system has exponentially growing modes -- it will be unstable. Check that the mass matrix is p,-1,,,,
6.585384621188366,-0.4262634773305259,-2.513319781255374,3.527696466581736,1.0,0.001,0.0,128,5.0,auto,auto,periodic,Mass matrix stability check failed: Coupled mass matrix has minimum eigenvalue -1.616 at (x=0.3906). The system has exponentially growing modes -- it will be unstable. Check that the mass matrix is positive-definite at all grid points (e.g. for Gaussian-coupled scalars: mPhi2 * mChi2 > g0^2).. Use --no-require-stable to override.,diverged,Mass matrix stability check failed: Coupled mass matrix has minimum eigenvalue -1.616 at (x=0.3906). The system has exponentially growing modes -- it will be unstable. Check that the mass matrix is po,-1,,,,
0.5996484151208119,0.041879395959536936,-1.3360772180411158,3.8263746180056075,1.0,0.001,0.0,128,5.0,auto,auto,periodic,Mass matrix stability check failed: Coupled mass matrix has minimum eigenvalue -24.66 at (x=0.3906). The system has exponentially growing modes -- it will be unstable. Check that the mass matrix is positive-definite at all grid points (e.g. for Gaussian-coupled scalars: mPhi2 * mChi2 > g0^2).. Use --no-require-stable to override.,diverged,Mass matrix stability check failed: Coupled mass matrix has minimum eigenvalue -24.66 at (x=0.3906). The system has exponentially growing modes -- it will be unstable. Check that the mass matrix is po,-1,,,,
5.363876348845613,-0.1768767868070485,-2.592151823801194,2.921966929758847,1.0,0.001,0.0,128,5.0,auto,auto,periodic,Mass matrix stability check failed: Coupled mass matrix has minimum eigenvalue -1.277 at (x=0.3906). The system has exponentially growing modes -- it will be unstable. Check that the mass matrix is positive-definite at all grid points (e.g. for Gaussian-coupled scalars: mPhi2 * mChi2 > g0^2).. Use --no-require-stable to override.,diverged,Mass matrix stability check failed: Coupled mass matrix has minimum eigenvalue -1.277 at (x=0.3906). The system has exponentially growing modes -- it will be unstable. Check that the mass matrix is po,-1,,,,
0.3030899112346126,-0.3821009244558122,-3.547159635619317,1.8667262517747325,1.0,0.001,0.0,128,5.0,auto,auto,periodic,"Simulation diverged at t=0: eigenvalue Re(λ)=3.715e+00 predicts growth factor 1.16e+08 over Δt=5.0, exceeding threshold 1e+08. The system is physically unstable.",diverged,"Simulation diverged at t=0: eigenvalue Re(λ)=3.715e+00 predicts growth factor 1.16e+08 over Δt=5.0, exceeding threshold 1e+08. The system is physically unstable.",-1,,,,
8.28955722257851,-0.4507442634516052,-1.2185719549694847,0.10961458702020913,1.0,0.001,0.0,128,5.0,auto,auto,periodic,Mass matrix stability check failed: Coupled mass matrix has minimum eigenvalue -0.1282 at (x=0.3906). The system has exponentially growing modes -- it will be unstable. Check that the mass matrix is positive-definite at all grid points (e.g. for Gaussian-coupled scalars: mPhi2 * mChi2 > g0^2).. Use --no-require-stable to override.,diverged,Mass matrix stability check failed: Coupled mass matrix has minimum eigenvalue -0.1282 at (x=0.3906). The system has exponentially growing modes -- it will be unstable. Check that the mass matrix is p,-1,,,,
4.893489482507428,0.4560594681589102,-1.5017999788967082,4.102760533425509,1.0,0.001,0.0,128,5.0,auto,auto,periodic,Mass matrix stability check failed: Coupled mass matrix has minimum eigenvalue -3.293 at (x=0.3906). The system has exponentially growing modes -- it will be unstable. Check that the mass matrix is positive-definite at all grid points (e.g. for Gaussian-coupled scalars: mPhi2 * mChi2 > g0^2).. Use --no-require-stable to override.,diverged,Mass matrix stability check failed: Coupled mass matrix has minimum eigenvalue -3.293 at (x=0.3906). The system has exponentially growing modes -- it will be unstable. Check that the mass matrix is po,-1,,,,
0.46741194131385244,0.1674339504128014,-1.037605316558885,4.529224033024472,1.0,0.001,0.0,128,5.0,auto,auto,periodic,Mass matrix stability check failed: Coupled mass matrix has minimum eigenvalue -41.93 at (x=0.3906). The system has exponentially growing modes -- it will be unstable. Check that the mass matrix is positive-definite at all grid points (e.g. for Gaussian-coupled scalars: mPhi2 * mChi2 > g0^2).. Use --no-require-stable to override.,diverged,Mass matrix stability check failed: Coupled mass matrix has minimum eigenvalue -41.93 at (x=0.3906). The system has exponentially growing modes -- it will be unstable. Check that the mass matrix is po,-1,,,,
4.705936115939712,0.11513489119894971,-1.5274003086774188,3.182678289714109,1.0,0.001,0.0,128,5.0,auto,auto,periodic,Mass matrix stability check failed: Coupled mass matrix has minimum eigenvalue -2.24 at (x=0.3906). The system has exponentially growing modes -- it will be unstable. Check that the mass matrix is positive-definite at all grid points (e.g. for Gaussian-coupled scalars: mPhi2 * mChi2 > g0^2).. Use --no-require-stable to override.,diverged,Mass matrix stability check failed: Coupled mass matrix has minimum eigenvalue -2.24 at (x=0.3906). The system has exponentially growing modes -- it will be unstable. Check that the mass matrix is pos,-1,,,,
3.598981606026404,0.019597814921999412,-3.9210264213624813,4.355286251034956,1.0,0.001,0.0,128,5.0,auto,auto,periodic,Mass matrix stability check failed: Coupled mass matrix has minimum eigenvalue -3.554 at (x=0.3906). The system has exponentially growing modes -- it will be unstable. Check that the mass matrix is positive-definite at all grid points (e.g. for Gaussian-coupled scalars: mPhi2 * mChi2 > g0^2).. Use --no-require-stable to override.,diverged,Mass matrix stability check failed: Coupled mass matrix has minimum eigenvalue -3.554 at (x=0.3906). The system has exponentially growing modes -- it will be unstable. Check that the mass matrix is po,-1,,,,
1.5049118983867,0.24477061916583787,-1.130218256155056,2.4260775657617657,1.0,0.001,0.0,128,5.0,auto,auto,periodic,Mass matrix stability check failed: Coupled mass matrix has minimum eigenvalue -4.516 at (x=0.3906). The system has exponentially growing modes -- it will be unstable. Check that the mass matrix is positive-definite at all grid points (e.g. for Gaussian-coupled scalars: mPhi2 * mChi2 > g0^2).. Use --no-require-stable to override.,diverged,Mass matrix stability check failed: Coupled mass matrix has minimum eigenvalue -4.516 at (x=0.3906). The system has exponentially growing modes -- it will be unstable. Check that the mass matrix is po,-1,,,,
0.6404378967088036,0.47235845338771243,-3.244050494684771,0.6431953195415705,1.0,0.001,0.0,128,5.0,auto,auto,periodic,"Simulation diverged at t=0: eigenvalue Re(λ)=3.795e+00 predicts growth factor 1.74e+08 over Δt=5.0, exceeding threshold 1e+08. The system is physically unstable.",diverged,"Simulation diverged at t=0: eigenvalue Re(λ)=3.795e+00 predicts growth factor 1.74e+08 over Δt=5.0, exceeding threshold 1e+08. The system is physically unstable.",-1,,,,
0.21047966409624808,-0.2762636782483979,-3.3027108637356077,0.9276982278121437,1.0,0.001,0.0,128,5.0,auto,auto,periodic,"Simulation diverged at t=0: eigenvalue Re(λ)=3.750e+00 predicts growth factor 1.39e+08 over Δt=5.0, exceeding threshold 1e+08. The system is physically unstable.",diverged,"Simulation diverged at t=0: eigenvalue Re(λ)=3.750e+00 predicts growth factor 1.39e+08 over Δt=5.0, exceeding threshold 1e+08. The system is physically unstable.",-1,,,,
7.51973995559313,0.03779280705759547,-4.361856348999674,3.319812542285112,1.0,0.001,0.0,128,5.0,auto,auto,periodic,Mass matrix stability check failed: Coupled mass matrix has minimum eigenvalue -0.7574 at (x=0.3906). The system has exponentially growing modes -- it will be unstable. Check that the mass matrix is positive-definite at all grid points (e.g. for Gaussian-coupled scalars: mPhi2 * mChi2 > g0^2).. Use --no-require-stable to override.,diverged,Mass matrix stability check failed: Coupled mass matrix has minimum eigenvalue -0.7574 at (x=0.3906). The system has exponentially growing modes -- it will be unstable. Check that the mass matrix is p,-1,,,,
7.46272859872072,-0.2193960244963627,-2.0797825933236096,3.260397935372385,1.0,0.001,0.0,128,5.0,auto,auto,periodic,Mass matrix stability check failed: Coupled mass matrix has minimum eigenvalue -1.327 at (x=0.3906). The system has exponentially growing modes -- it will be unstable. Check that the mass matrix is positive-definite at all grid points (e.g. for Gaussian-coupled scalars: mPhi2 * mChi2 > g0^2).. Use --no-require-stable to override.,diverged,Mass matrix stability check failed: Coupled mass matrix has minimum eigenvalue -1.327 at (x=0.3906). The system has exponentially growing modes -- it will be unstable. Check that the mass matrix is po,-1,,,,
2.972116692144867,-0.49095575221235355,-1.4488303217160556,2.5448006352106805,1.0,0.001,0.0,128,5.0,auto,auto,periodic,Mass matrix stability check failed: Coupled mass matrix has minimum eigenvalue -2.312 at (x=0.3906). The system has exponentially growing modes -- it will be unstable. Check that the mass matrix is positive-definite at all grid points (e.g. for Gaussian-coupled scalars: mPhi2 * mChi2 > g0^2).. Use --no-require-stable to override.,diverged,Mass matrix stability check failed: Coupled mass matrix has minimum eigenvalue -2.312 at (x=0.3906). The system has exponentially growing modes -- it will be unstable. Check that the mass matrix is po,-1,,,,
1.6820837559880417,0.49648336392850556,-4.548600547390203,1.3487679055357384,1.0,0.001,0.0,128,5.0,auto,auto,periodic,"Simulation diverged at t=0: eigenvalue Re(λ)=3.804e+00 predicts growth factor 1.82e+08 over Δt=5.0, exceeding threshold 1e+08. The system is physically unstable.",diverged,"Simulation diverged at t=0: eigenvalue Re(λ)=3.804e+00 predicts growth factor 1.82e+08 over Δt=5.0, exceeding threshold 1e+08. The system is physically unstable.",-1,,,,
3.840615737839362,0.08766448665772919,-4.916249352487731,2.7196105155740753,1.0,0.001,0.0,128,5.0,auto,auto,periodic,Mass matrix stability check failed: Coupled mass matrix has minimum eigenvalue -0.2565 at (x=0.3906). The system has exponentially growing modes -- it will be unstable. Check that the mass matrix is positive-definite at all grid points (e.g. for Gaussian-coupled scalars: mPhi2 * mChi2 > g0^2).. Use --no-require-stable to override.,diverged,Mass matrix stability check failed: Coupled mass matrix has minimum eigenvalue -0.2565 at (x=0.3906). The system has exponentially growing modes -- it will be unstable. Check that the mass matrix is p,-1,,,,
3.5035509067078534,0.07759962718859947,-1.1551685645269085,3.0660705428026667,1.0,0.001,0.0,128,5.0,auto,auto,periodic,Mass matrix stability check failed: Coupled mass matrix has minimum eigenvalue -3.022 at (x=0.3906). The system has exponentially growing modes -- it will be unstable. Check that the mass matrix is positive-definite at all grid points (e.g. for Gaussian-coupled scalars: mPhi2 * mChi2 > g0^2).. Use --no-require-stable to override.,diverged,Mass matrix stability check failed: Coupled mass matrix has minimum eigenvalue -3.022 at (x=0.3906). The system has exponentially growing modes -- it will be unstable. Check that the mass matrix is po,-1,,,,
5.667015221596368,-0.4946739286298838,-1.9769576773575501,3.544144268945579,1.0,0.001,0.0,128,5.0,auto,auto,periodic,Mass matrix stability check failed: Coupled mass matrix has minimum eigenvalue -2.084 at (x=0.3906). The system has exponentially growing modes -- it will be unstable. Check that the mass matrix is positive-definite at all grid points (e.g. for Gaussian-coupled scalars: mPhi2 * mChi2 > g0^2).. Use --no-require-stable to override.,diverged,Mass matrix stability check failed: Coupled mass matrix has minimum eigenvalue -2.084 at (x=0.3906). The system has exponentially growing modes -- it will be unstable. Check that the mass matrix is po,-1,,,,
4.002961608147326,-0.1281881136820075,-1.2751396579794765,0.18991837120087324,1.0,0.001,0.0,128,5.0,auto,auto,periodic,Mass matrix stability check failed: Coupled mass matrix has minimum eigenvalue -0.2373 at (x=0.3906). The system has exponentially growing modes -- it will be unstable. Check that the mass matrix is positive-definite at all grid points (e.g. for Gaussian-coupled scalars: mPhi2 * mChi2 > g0^2).. Use --no-require-stable to override.,diverged,Mass matrix stability check failed: Coupled mass matrix has minimum eigenvalue -0.2373 at (x=0.3906). The system has exponentially growing modes -- it will be unstable. Check that the mass matrix is p,-1,,,,
3.9539280468539695,0.21782652409164105,-1.8827690928327576,0.05482017847609283,1.0,0.001,0.0,128,5.0,auto,auto,periodic,"Simulation diverged at t=0: eigenvalue Re(λ)=3.784e+00 predicts growth factor 1.65e+08 over Δt=5.0, exceeding threshold 1e+08. The system is physically unstable.",diverged,"Simulation diverged at t=0: eigenvalue Re(λ)=3.784e+00 predicts growth factor 1.65e+08 over Δt=5.0, exceeding threshold 1e+08. The system is physically unstable.",-1,,,,
6.768126293358537,0.035969906262389606,-3.1496139402133676,3.7204599097731523,1.0,0.001,0.0,128,5.0,auto,auto,periodic,Mass matrix stability check failed: Coupled mass matrix has minimum eigenvalue -1.555 at (x=0.3906). The system has exponentially growing modes -- it will be unstable. Check that the mass matrix is positive-definite at all grid points (e.g. for Gaussian-coupled scalars: mPhi2 * mChi2 > g0^2).. Use --no-require-stable to override.,diverged,Mass matrix stability check failed: Coupled mass matrix has minimum eigenvalue -1.555 at (x=0.3906). The system has exponentially growing modes -- it will be unstable. Check that the mass matrix is po,-1,,,,
8.223602771161367,0.12759402403264064,-1.3248774454758836,2.938029473108333,1.0,0.001,0.0,128,5.0,auto,auto,periodic,Mass matrix stability check failed: Coupled mass matrix has minimum eigenvalue -1.153 at (x=0.3906). The system has exponentially growing modes -- it will be unstable. Check that the mass matrix is positive-definite at all grid points (e.g. for Gaussian-coupled scalars: mPhi2 * mChi2 > g0^2).. Use --no-require-stable to override.,diverged,Mass matrix stability check failed: Coupled mass matrix has minimum eigenvalue -1.153 at (x=0.3906). The system has exponentially growing modes -- it will be unstable. Check that the mass matrix is po,-1,,,,
7.043427538750981,-0.3319479328756094,-2.176071137930756,4.404343609251867,1.0,0.001,0.0,128,5.0,auto,auto,periodic,Mass matrix stability check failed: Coupled mass matrix has minimum eigenvalue -2.353 at (x=0.3906). The system has exponentially growing modes -- it will be unstable. Check that the mass matrix is positive-definite at all grid points (e.g. for Gaussian-coupled scalars: mPhi2 * mChi2 > g0^2).. Use --no-require-stable to override.,diverged,Mass matrix stability check failed: Coupled mass matrix has minimum eigenvalue -2.353 at (x=0.3906). The system has exponentially growing modes -- it will be unstable. Check that the mass matrix is po,-1,,,,
1.4639882463019125,-0.13825511713147814,-3.741300323936685,1.2200243596461429,1.0,0.001,0.0,128,5.0,auto,auto,periodic,"Simulation diverged at t=0: eigenvalue Re(λ)=3.728e+00 predicts growth factor 1.24e+08 over Δt=5.0, exceeding threshold 1e+08. The system is physically unstable.",diverged,"Simulation diverged at t=0: eigenvalue Re(λ)=3.728e+00 predicts growth factor 1.24e+08 over Δt=5.0, exceeding threshold 1e+08. The system is physically unstable.",-1,,,,
1.1332727128751034,0.18905638997212326,-2.5856609268895117,3.4648904887664673,1.0,0.001,0.0,128,5.0,auto,auto,periodic,Mass matrix stability check failed: Coupled mass matrix has minimum eigenvalue -8.928 at (x=0.3906). The system has exponentially growing modes -- it will be unstable. Check that the mass matrix is positive-definite at all grid points (e.g. for Gaussian-coupled scalars: mPhi2 * mChi2 > g0^2).. Use --no-require-stable to override.,diverged,Mass matrix stability check failed: Coupled mass matrix has minimum eigenvalue -8.928 at (x=0.3906). The system has exponentially growing modes -- it will be unstable. Check that the mass matrix is po,-1,,,,
1.3180977909667946,0.05438202662093661,-1.8101867007785373,3.7422127218335928,1.0,0.001,0.0,128,5.0,auto,auto,periodic,Mass matrix stability check failed: Coupled mass matrix has minimum eigenvalue -10.12 at (x=0.3906). The system has exponentially growing modes -- it will be unstable. Check that the mass matrix is positive-definite at all grid points (e.g. for Gaussian-coupled scalars: mPhi2 * mChi2 > g0^2).. Use --no-require-stable to override.,diverged,Mass matrix stability check failed: Coupled mass matrix has minimum eigenvalue -10.12 at (x=0.3906). The system has exponentially growing modes -- it will be unstable. Check that the mass matrix is po,-1,,,,
8.943700006969083,0.20081424559169414,-2.6441012594853506,3.839824225486226,1.0,0.001,0.0,128,5.0,auto,auto,periodic,Mass matrix stability check failed: Coupled mass matrix has minimum eigenvalue -1.37 at (x=0.3906). The system has exponentially growing modes -- it will be unstable. Check that the mass matrix is positive-definite at all grid points (e.g. for Gaussian-coupled scalars: mPhi2 * mChi2 > g0^2).. Use --no-require-stable to override.,diverged,Mass matrix stability check failed: Coupled mass matrix has minimum eigenvalue -1.37 at (x=0.3906). The system has exponentially growing modes -- it will be unstable. Check that the mass matrix is pos,-1,,,,
1.5242739124069562,0.1828300577225831,-4.055020177341034,0.00822977208616405,1.0,0.001,0.0,128,5.0,auto,auto,periodic,"Simulation diverged at t=0: eigenvalue Re(λ)=3.753e+00 predicts growth factor 1.41e+08 over Δt=5.0, exceeding threshold 1e+08. The system is physically unstable.",diverged,"Simulation diverged at t=0: eigenvalue Re(λ)=3.753e+00 predicts growth factor 1.41e+08 over Δt=5.0, exceeding threshold 1e+08. The system is physically unstable.",-1,,,,
5.723023543111975,0.252990544777698,-4.761428401430788,1.8066100341303106,1.0,0.001,0.0,128,5.0,auto,auto,periodic,"Simulation diverged at t=0: eigenvalue Re(λ)=3.688e+00 predicts growth factor 1.02e+08 over Δt=5.0, exceeding threshold 1e+08. The system is physically unstable.",diverged,"Simulation diverged at t=0: eigenvalue Re(λ)=3.688e+00 predicts growth factor 1.02e+08 over Δt=5.0, exceeding threshold 1e+08. The system is physically unstable.",-1,,,,
5.527263552422107,-0.4312259451392446,-4.376014241937876,3.5877321794448633,1.0,0.001,0.0,128,5.0,auto,auto,periodic,Mass matrix stability check failed: Coupled mass matrix has minimum eigenvalue -1.316 at (x=0.3906). The system has exponentially growing modes -- it will be unstable. Check that the mass matrix is positive-definite at all grid points (e.g. for Gaussian-coupled scalars: mPhi2 * mChi2 > g0^2).. Use --no-require-stable to override.,diverged,Mass matrix stability check failed: Coupled mass matrix has minimum eigenvalue -1.316 at (x=0.3906). The system has exponentially growing modes -- it will be unstable. Check that the mass matrix is po,-1,,,,
7.605779500457947,0.10819892915756579,-3.6146662383011243,1.3367176459446637,1.0,0.001,0.0,128,5.0,auto,auto,periodic,"Simulation diverged at t=0: eigenvalue Re(λ)=3.740e+00 predicts growth factor 1.32e+08 over Δt=5.0, exceeding threshold 1e+08. The system is physically unstable.",diverged,"Simulation diverged at t=0: eigenvalue Re(λ)=3.740e+00 predicts growth factor 1.32e+08 over Δt=5.0, exceeding threshold 1e+08. The system is physically unstable.",-1,,,,
8.063899114085224,0.1770180057509524,-4.176418614344211,1.6236496916952723,1.0,0.001,0.0,128,5.0,auto,auto,periodic,"Simulation diverged at t=0: eigenvalue Re(λ)=3.736e+00 predicts growth factor 1.29e+08 over Δt=5.0, exceeding threshold 1e+08. The system is physically unstable.",diverged,"Simulation diverged at t=0: eigenvalue Re(λ)=3.736e+00 predicts growth factor 1.29e+08 over Δt=5.0, exceeding threshold 1e+08. The system is physically unstable.",-1,,,,
6.515645809457941,-0.013161962409107775,-4.632617880061253,3.2919856679377704,1.0,0.001,0.0,128,5.0,auto,auto,periodic,Mass matrix stability check failed: Coupled mass matrix has minimum eigenvalue -0.7653 at (x=0.3906). The system has exponentially growing modes -- it will be unstable. Check that the mass matrix is positive-definite at all grid points (e.g. for Gaussian-coupled scalars: mPhi2 * mChi2 > g0^2).. Use --no-require-stable to override.,diverged,Mass matrix stability check failed: Coupled mass matrix has minimum eigenvalue -0.7653 at (x=0.3906). The system has exponentially growing modes -- it will be unstable. Check that the mass matrix is p,-1,,,,
9.47046314960776,-0.09701943853826395,-4.649938581040008,4.561991089626148,1.0,0.001,0.0,128,5.0,auto,auto,periodic,Mass matrix stability check failed: Coupled mass matrix has minimum eigenvalue -1.328 at (x=0.3906). The system has exponentially growing modes -- it will be unstable. Check that the mass matrix is positive-definite at all grid points (e.g. for Gaussian-coupled scalars: mPhi2 * mChi2 > g0^2).. Use --no-require-stable to override.,diverged,Mass matrix stability check failed: Coupled mass matrix has minimum eigenvalue -1.328 at (x=0.3906). The system has exponentially growing modes -- it will be unstable. Check that the mass matrix is po,-1,,,,
2.583581178639122,0.10756696858921289,-4.203382832825739,0.5975598475388827,1.0,0.001,0.0,128,5.0,auto,auto,periodic,"Simulation diverged at t=0: eigenvalue Re(λ)=3.733e+00 predicts growth factor 1.28e+08 over Δt=5.0, exceeding threshold 1e+08. The system is physically unstable.",diverged,"Simulation diverged at t=0: eigenvalue Re(λ)=3.733e+00 predicts growth factor 1.28e+08 over Δt=5.0, exceeding threshold 1e+08. The system is physically unstable.",-1,,,,
4.936586232982606,-0.166730279280566,-3.005722732670623,2.5943859358391603,1.0,0.001,0.0,128,5.0,auto,auto,periodic,Mass matrix stability check failed: Coupled mass matrix has minimum eigenvalue -0.8214 at (x=0.3906). The system has exponentially growing modes -- it will be unstable. Check that the mass matrix is positive-definite at all grid points (e.g. for Gaussian-coupled scalars: mPhi2 * mChi2 > g0^2).. Use --no-require-stable to override.,diverged,Mass matrix stability check failed: Coupled mass matrix has minimum eigenvalue -0.8214 at (x=0.3906). The system has exponentially growing modes -- it will be unstable. Check that the mass matrix is p,-1,,,,
9.148572666796221,0.4413311066718799,-4.782505461067478,2.0097201906430433,1.0,0.001,0.0,128,5.0,auto,auto,periodic,"Simulation diverged at t=0: eigenvalue Re(λ)=3.705e+00 predicts growth factor 1.11e+08 over Δt=5.0, exceeding threshold 1e+08. The system is physically unstable.",diverged,"Simulation diverged at t=0: eigenvalue Re(λ)=3.705e+00 predicts growth factor 1.11e+08 over Δt=5.0, exceeding threshold 1e+08. The system is physically unstable.",-1,,,,
4.4966053487550175,0.32847643007646465,-2.913858666096952,3.627970980554545,1.0,0.001,0.0,128,5.0,auto,auto,periodic,Mass matrix stability check failed: Coupled mass matrix has minimum eigenvalue -2.322 at (x=0.3906). The system has exponentially growing modes -- it will be unstable. Check that the mass matrix is positive-definite at all grid points (e.g. for Gaussian-coupled scalars: mPhi2 * mChi2 > g0^2).. Use --no-require-stable to override.,diverged,Mass matrix stability check failed: Coupled mass matrix has minimum eigenvalue -2.322 at (x=0.3906). The system has exponentially growing modes -- it will be unstable. Check that the mass matrix is po,-1,,,,
7.289859452140554,-0.031813321529888416,-1.3177513981677764,3.0544127906881435,1.0,0.001,0.0,128,5.0,auto,auto,periodic,Mass matrix stability check failed: Coupled mass matrix has minimum eigenvalue -1.398 at (x=0.3906). The system has exponentially growing modes -- it will be unstable. Check that the mass matrix is positive-definite at all grid points (e.g. for Gaussian-coupled scalars: mPhi2 * mChi2 > g0^2).. Use --no-require-stable to override.,diverged,Mass matrix stability check failed: Coupled mass matrix has minimum eigenvalue -1.398 at (x=0.3906). The system has exponentially growing modes -- it will be unstable. Check that the mass matrix is po,-1,,,,
8.808938365981545,-0.4356804524786919,-4.286410593149728,0.9082795425948558,1.0,0.001,0.0,128,5.0,auto,auto,periodic,"Simulation diverged at t=0: eigenvalue Re(λ)=3.721e+00 predicts growth factor 1.20e+08 over Δt=5.0, exceeding threshold 1e+08. The system is physically unstable.",diverged,"Simulation diverged at t=0: eigenvalue Re(λ)=3.721e+00 predicts growth factor 1.20e+08 over Δt=5.0, exceeding threshold 1e+08. The system is physically unstable.",-1,,,,
3.7632308048903695,-0.10436942013169453,-1.1979951011711298,0.6227099976195573,1.0,0.001,0.0,128,5.0,auto,auto,periodic,Mass matrix stability check failed: Coupled mass matrix has minimum eigenvalue -0.2934 at (x=0.3906). The system has exponentially growing modes -- it will be unstable. Check that the mass matrix is positive-definite at all grid points (e.g. for Gaussian-coupled scalars: mPhi2 * mChi2 > g0^2).. Use --no-require-stable to override.,diverged,Mass matrix stability check failed: Coupled mass matrix has minimum eigenvalue -0.2934 at (x=0.3906). The system has exponentially growing modes -- it will be unstable. Check that the mass matrix is p,-1,,,,
7.775075913397443,0.0809109708492014,-3.8129058487423024,1.8739719274712374,1.0,0.001,0.0,128,5.0,auto,auto,periodic,"Simulation diverged at t=0: eigenvalue Re(λ)=3.697e+00 predicts growth factor 1.06e+08 over Δt=5.0, exceeding threshold 1e+08. The system is physically unstable.",diverged,"Simulation diverged at t=0: eigenvalue Re(λ)=3.697e+00 predicts growth factor 1.06e+08 over Δt=5.0, exceeding threshold 1e+08. The system is physically unstable.",-1,,,,
5.844830311857421,0.11623294251129512,-3.3414430818672005,0.16168089597439533,1.0,0.001,0.0,128,5.0,auto,auto,periodic,"Simulation diverged at t=0: eigenvalue Re(λ)=3.691e+00 predicts growth factor 1.04e+08 over Δt=5.0, exceeding threshold 1e+08. The system is physically unstable.",diverged,"Simulation diverged at t=0: eigenvalue Re(λ)=3.691e+00 predicts growth factor 1.04e+08 over Δt=5.0, exceeding threshold 1e+08. The system is physically unstable.",-1,,,,
3.973349187263673,-0.0865691057072302,-1.6808089540309838,2.4420106320519674,1.0,0.001,0.0,128,5.0,auto,auto,periodic,Mass matrix stability check failed: Coupled mass matrix has minimum eigenvalue -1.457 at (x=0.3906). The system has exponentially growing modes -- it will be unstable. Check that the mass matrix is positive-definite at all grid points (e.g. for Gaussian-coupled scalars: mPhi2 * mChi2 > g0^2).. Use --no-require-stable to override.,diverged,Mass matrix stability check failed: Coupled mass matrix has minimum eigenvalue -1.457 at (x=0.3906). The system has exponentially growing modes -- it will be unstable. Check that the mass matrix is po,-1,,,,
5.330439408097179,-0.2705719731033811,-2.7221076139583604,3.4502305489045373,1.0,0.001,0.0,128,5.0,auto,auto,periodic,Mass matrix stability check failed: Coupled mass matrix has minimum eigenvalue -1.83 at (x=0.3906). The system has exponentially growing modes -- it will be unstable. Check that the mass matrix is positive-definite at all grid points (e.g. for Gaussian-coupled scalars: mPhi2 * mChi2 > g0^2).. Use --no-require-stable to override.,diverged,Mass matrix stability check failed: Coupled mass matrix has minimum eigenvalue -1.83 at (x=0.3906). The system has exponentially growing modes -- it will be unstable. Check that the mass matrix is pos,-1,,,,
7.796313488015185,-0.03820931940711281,-0.9828934160505867,2.6148446198728066,1.0,0.001,0.0,128,5.0,auto,auto,periodic,Mass matrix stability check failed: Coupled mass matrix has minimum eigenvalue -1.055 at (x=0.3906). The system has exponentially growing modes -- it will be unstable. Check that the mass matrix is positive-definite at all grid points (e.g. for Gaussian-coupled scalars: mPhi2 * mChi2 > g0^2).. Use --no-require-stable to override.,diverged,Mass matrix stability check failed: Coupled mass matrix has minimum eigenvalue -1.055 at (x=0.3906). The system has exponentially growing modes -- it will be unstable. Check that the mass matrix is po,-1,,,,
5.505616219266468,0.30641622980200656,-2.28630637825903,0.423085906576831,1.0,0.001,0.0,128,5.0,auto,auto,periodic,"Simulation diverged at t=0: eigenvalue Re(λ)=3.714e+00 predicts growth factor 1.16e+08 over Δt=5.0, exceeding threshold 1e+08. The system is physically unstable.",diverged,"Simulation diverged at t=0: eigenvalue Re(λ)=3.714e+00 predicts growth factor 1.16e+08 over Δt=5.0, exceeding threshold 1e+08. The system is physically unstable.",-1,,,,
4.187508233540389,0.21573452096584167,-2.8183387948976075,2.2904845552252184,1.0,0.001,0.0,128,5.0,auto,auto,periodic,Mass matrix stability check failed: Coupled mass matrix has minimum eigenvalue -0.6224 at (x=0.3906). The system has exponentially growing modes -- it will be unstable. Check that the mass matrix is positive-definite at all grid points (e.g. for Gaussian-coupled scalars: mPhi2 * mChi2 > g0^2).. Use --no-require-stable to override.,diverged,Mass matrix stability check failed: Coupled mass matrix has minimum eigenvalue -0.6224 at (x=0.3906). The system has exponentially growing modes -- it will be unstable. Check that the mass matrix is p,-1,,,,
7.728900040677602,0.0019491000784932488,-1.120763367978614,0.5351696587620878,1.0,0.001,0.0,128,5.0,auto,auto,periodic,Mass matrix stability check failed: Coupled mass matrix has minimum eigenvalue -0.1628 at (x=0.3906). The system has exponentially growing modes -- it will be unstable. Check that the mass matrix is positive-definite at all grid points (e.g. for Gaussian-coupled scalars: mPhi2 * mChi2 > g0^2).. Use --no-require-stable to override.,diverged,Mass matrix stability check failed: Coupled mass matrix has minimum eigenvalue -0.1628 at (x=0.3906). The system has exponentially growing modes -- it will be unstable. Check that the mass matrix is p,-1,,,,
3.740273766176391,-0.36950221368141123,-1.7572160004965864,1.5062679563692105,1.0,0.001,0.0,128,5.0,auto,auto,periodic,Mass matrix stability check failed: Coupled mass matrix has minimum eigenvalue -0.006214 at (x=0.3906). The system has exponentially growing modes -- it will be unstable. Check that the mass matrix is positive-definite at all grid points (e.g. for Gaussian-coupled scalars: mPhi2 * mChi2 > g0^2).. Use --no-require-stable to override.,diverged,Mass matrix stability check failed: Coupled mass matrix has minimum eigenvalue -0.006214 at (x=0.3906). The system has exponentially growing modes -- it will be unstable. Check that the mass matrix is,-1,,,,
6.159407891448933,0.15764297989871068,-4.491213786272118,3.014055561615911,1.0,0.001,0.0,128,5.0,auto,auto,periodic,Mass matrix stability check failed: Coupled mass matrix has minimum eigenvalue -0.5848 at (x=0.3906). The system has exponentially growing modes -- it will be unstable. Check that the mass matrix is positive-definite at all grid points (e.g. for Gaussian-coupled scalars: mPhi2 * mChi2 > g0^2).. Use --no-require-stable to override.,diverged,Mass matrix stability check failed: Coupled mass matrix has minimum eigenvalue -0.5848 at (x=0.3906). The system has exponentially growing modes -- it will be unstable. Check that the mass matrix is p,-1,,,,
9.115566790519093,-0.24190336215392166,-4.510891357911499,4.864199582661038,1.0,0.001,0.0,128,5.0,auto,auto,periodic,Mass matrix stability check failed: Coupled mass matrix has minimum eigenvalue -1.609 at (x=0.3906). The system has exponentially growing modes -- it will be unstable. Check that the mass matrix is positive-definite at all grid points (e.g. for Gaussian-coupled scalars: mPhi2 * mChi2 > g0^2).. Use --no-require-stable to override.,diverged,Mass matrix stability check failed: Coupled mass matrix has minimum eigenvalue -1.609 at (x=0.3906). The system has exponentially growing modes -- it will be unstable. Check that the mass matrix is po,-1,,,,
3.923891377706784,-0.4336103662380906,-0.8723040415258252,2.738476987159147,1.0,0.001,0.0,128,5.0,auto,auto,periodic,Mass matrix stability check failed: Coupled mass matrix has minimum eigenvalue -2.341 at (x=0.3906). The system has exponentially growing modes -- it will be unstable. Check that the mass matrix is positive-definite at all grid points (e.g. for Gaussian-coupled scalars: mPhi2 * mChi2 > g0^2).. Use --no-require-stable to override.,diverged,Mass matrix stability check failed: Coupled mass matrix has minimum eigenvalue -2.341 at (x=0.3906). The system has exponentially growing modes -- it will be unstable. Check that the mass matrix is po,-1,,,,
0.3420551416980121,0.22869496615842821,-2.4389108590455435,1.4702786270491555,1.0,0.001,0.0,128,5.0,auto,auto,periodic,"Simulation diverged at t=0: eigenvalue Re(λ)=3.735e+00 predicts growth factor 1.29e+08 over Δt=5.0, exceeding threshold 1e+08. The system is physically unstable.",diverged,"Simulation diverged at t=0: eigenvalue Re(λ)=3.735e+00 predicts growth factor 1.29e+08 over Δt=5.0, exceeding threshold 1e+08. The system is physically unstable.",-1,,,,
8.246036191194847,-0.1813495852325755,-3.1429969762911414,0.3857687059807818,1.0,0.001,0.0,128,5.0,auto,auto,periodic,"Simulation diverged at t=0: eigenvalue Re(λ)=3.707e+00 predicts growth factor 1.12e+08 over Δt=5.0, exceeding threshold 1e+08. The system is physically unstable.",diverged,"Simulation diverged at t=0: eigenvalue Re(λ)=3.707e+00 predicts growth factor 1.12e+08 over Δt=5.0, exceeding threshold 1e+08. The system is physically unstable.",-1,,,,
7.022098117084652,-0.3223366762238462,-3.6406979043719208,0.08307166134928322,1.0,0.001,0.0,128,5.0,auto,auto,periodic,"Simulation diverged at t=0: eigenvalue Re(λ)=3.690e+00 predicts growth factor 1.03e+08 over Δt=5.0, exceeding threshold 1e+08. The system is physically unstable.",diverged,"Simulation diverged at t=0: eigenvalue Re(λ)=3.690e+00 predicts growth factor 1.03e+08 over Δt=5.0, exceeding threshold 1e+08. The system is physically unstable.",-1,,,,
4.463568234225746,-0.3086753749026324,-3.765726039566866,2.2601233286705864,1.0,0.001,0.0,128,5.0,auto,auto,periodic,Mass matrix stability check failed: Coupled mass matrix has minimum eigenvalue -0.1186 at (x=0.3906). The system has exponentially growing modes -- it will be unstable. Check that the mass matrix is positive-definite at all grid points (e.g. for Gaussian-coupled scalars: mPhi2 * mChi2 > g0^2).. Use --no-require-stable to override.,diverged,Mass matrix stability check failed: Coupled mass matrix has minimum eigenvalue -0.1186 at (x=0.3906). The system has exponentially growing modes -- it will be unstable. Check that the mass matrix is p,-1,,,,
3.8493824672970085,-0.2732080255736995,-4.2163646793728455,1.0731819797082658,1.0,0.001,0.0,128,5.0,auto,auto,periodic,"Simulation diverged at t=0: eigenvalue Re(λ)=3.767e+00 predicts growth factor 1.51e+08 over Δt=5.0, exceeding threshold 1e+08. The system is physically unstable.",diverged,"Simulation diverged at t=0: eigenvalue Re(λ)=3.767e+00 predicts growth factor 1.51e+08 over Δt=5.0, exceeding threshold 1e+08. The system is physically unstable.",-1,,,,
2.6363185764887516,-0.23686635886413315,-2.0471664219155965,3.5784099176956383,1.0,0.001,0.0,128,5.0,auto,auto,periodic,Mass matrix stability check failed: Coupled mass matrix has minimum eigenvalue -4.505 at (x=0.3906). The system has exponentially growing modes -- it will be unstable. Check that the mass matrix is positive-definite at all grid points (e.g. for Gaussian-coupled scalars: mPhi2 * mChi2 > g0^2).. Use --no-require-stable to override.,diverged,Mass matrix stability check failed: Coupled mass matrix has minimum eigenvalue -4.505 at (x=0.3906). The system has exponentially growing modes -- it will be unstable. Check that the mass matrix is po,-1,,,,
3.3551578326841236,-0.1967071971806943,-1.893888143719726,3.8858353601979383,1.0,0.001,0.0,128,5.0,auto,auto,periodic,Mass matrix stability check failed: Coupled mass matrix has minimum eigenvalue -4.181 at (x=0.3906). The system has exponentially growing modes -- it will be unstable. Check that the mass matrix is positive-definite at all grid points (e.g. for Gaussian-coupled scalars: mPhi2 * mChi2 > g0^2).. Use --no-require-stable to override.,diverged,Mass matrix stability check failed: Coupled mass matrix has minimum eigenvalue -4.181 at (x=0.3906). The system has exponentially growing modes -- it will be unstable. Check that the mass matrix is po,-1,,,,
7.933069257445964,0.3206660566891061,-2.7417916646855427,0.8259946562312048,1.0,0.001,0.0,128,5.0,auto,auto,periodic,"Simulation diverged at t=0: eigenvalue Re(λ)=3.742e+00 predicts growth factor 1.33e+08 over Δt=5.0, exceeding threshold 1e+08. The system is physically unstable.",diverged,"Simulation diverged at t=0: eigenvalue Re(λ)=3.742e+00 predicts growth factor 1.33e+08 over Δt=5.0, exceeding threshold 1e+08. The system is physically unstable.",-1,,,,
8.02170343316015,0.26503924653387945,-2.2115926564993913,3.8587362211632255,1.0,0.001,0.0,128,5.0,auto,auto,periodic,Mass matrix stability check failed: Coupled mass matrix has minimum eigenvalue -1.649 at (x=0.3906). The system has exponentially growing modes -- it will be unstable. Check that the mass matrix is positive-definite at all grid points (e.g. for Gaussian-coupled scalars: mPhi2 * mChi2 > g0^2).. Use --no-require-stable to override.,diverged,Mass matrix stability check failed: Coupled mass matrix has minimum eigenvalue -1.649 at (x=0.3906). The system has exponentially growing modes -- it will be unstable. Check that the mass matrix is po,-1,,,,
7.581682017517247,0.38208667388840756,-0.7692569202848762,0.6509423667521346,1.0,0.001,0.0,128,5.0,auto,auto,periodic,Mass matrix stability check failed: Coupled mass matrix has minimum eigenvalue -0.2587 at (x=0.3906). The system has exponentially growing modes -- it will be unstable. Check that the mass matrix is positive-definite at all grid points (e.g. for Gaussian-coupled scalars: mPhi2 * mChi2 > g0^2).. Use --no-require-stable to override.,diverged,Mass matrix stability check failed: Coupled mass matrix has minimum eigenvalue -0.2587 at (x=0.3906). The system has exponentially growing modes -- it will be unstable. Check that the mass matrix is p,-1,,,,
1.6639730204753471,-0.20883189410643688,-4.238419198347151,4.610143338723383,1.0,0.001,0.0,128,5.0,auto,auto,periodic,Mass matrix stability check failed: Coupled mass matrix has minimum eigenvalue -8.224 at (x=0.3906). The system has exponentially growing modes -- it will be unstable. Check that the mass matrix is positive-definite at all grid points (e.g. for Gaussian-coupled scalars: mPhi2 * mChi2 > g0^2).. Use --no-require-stable to override.,diverged,Mass matrix stability check failed: Coupled mass matrix has minimum eigenvalue -8.224 at (x=0.3906). The system has exponentially growing modes -- it will be unstable. Check that the mass matrix is po,-1,,,,
2.7484013651052743,0.23694012638727202,-2.5197758912384858,2.4812736486260083,1.0,0.001,0.0,128,5.0,auto,auto,periodic,Mass matrix stability check failed: Coupled mass matrix has minimum eigenvalue -1.582 at (x=0.3906). The system has exponentially growing modes -- it will be unstable. Check that the mass matrix is positive-definite at all grid points (e.g. for Gaussian-coupled scalars: mPhi2 * mChi2 > g0^2).. Use --no-require-stable to override.,diverged,Mass matrix stability check failed: Coupled mass matrix has minimum eigenvalue -1.582 at (x=0.3906). The system has exponentially growing modes -- it will be unstable. Check that the mass matrix is po,-1,,,,
1.3293949487576489,-0.47663696372559483,-2.678132020596313,0.7127812046927204,1.0,0.001,0.0,128,5.0,auto,auto,periodic,"Simulation diverged at t=0: eigenvalue Re(λ)=3.812e+00 predicts growth factor 1.90e+08 over Δt=5.0, exceeding threshold 1e+08. The system is physically unstable.",diverged,"Simulation diverged at t=0: eigenvalue Re(λ)=3.812e+00 predicts growth factor 1.90e+08 over Δt=5.0, exceeding threshold 1e+08. The system is physically unstable.",-1,,,,
5.241111716148795,-0.39869200179076275,-1.7929136676130089,4.190689441993695,1.0,0.001,0.0,128,5.0,auto,auto,periodic,Mass matrix stability check failed: Coupled mass matrix has minimum eigenvalue -3.064 at (x=0.3906). The system has exponentially growing modes -- it will be unstable. Check that the mass matrix is positive-definite at all grid points (e.g. for Gaussian-coupled scalars: mPhi2 * mChi2 > g0^2).. Use --no-require-stable to override.,diverged,Mass matrix stability check failed: Coupled mass matrix has minimum eigenvalue -3.064 at (x=0.3906). The system has exponentially growing modes -- it will be unstable. Check that the mass matrix is po,-1,,,,
2.12669786126692,0.09217641076439309,-4.985103387052203,1.3756309013668937,1.0,0.001,0.0,128,5.0,auto,auto,periodic,"Simulation diverged at t=0: eigenvalue Re(λ)=3.706e+00 predicts growth factor 1.12e+08 over Δt=5.0, exceeding threshold 1e+08. The system is physically unstable.",diverged,"Simulation diverged at t=0: eigenvalue Re(λ)=3.706e+00 predicts growth factor 1.12e+08 over Δt=5.0, exceeding threshold 1e+08. The system is physically unstable.",-1,,,,
2.6852435649504973,-0.26459272062519174,-0.7358686109499519,0.9546282935617699,1.0,0.001,0.0,128,5.0,auto,auto,periodic,Mass matrix stability check failed: Coupled mass matrix has minimum eigenvalue -0.7553 at (x=0.3906). The system has exponentially growing modes -- it will be unstable. Check that the mass matrix is positive-definite at all grid points (e.g. for Gaussian-coupled scalars: mPhi2 * mChi2 > g0^2).. Use --no-require-stable to override.,diverged,Mass matrix stability check failed: Coupled mass matrix has minimum eigenvalue -0.7553 at (x=0.3906). The system has exponentially growing modes -- it will be unstable. Check that the mass matrix is p,-1,,,,
2.2357119847227036,0.4877680966475908,-3.4930888908537856,3.801150054303024,1.0,0.001,0.0,128,5.0,auto,auto,periodic,Mass matrix stability check failed: Coupled mass matrix has minimum eigenvalue -4.616 at (x=0.3906). The system has exponentially growing modes -- it will be unstable. Check that the mass matrix is positive-definite at all grid points (e.g. for Gaussian-coupled scalars: mPhi2 * mChi2 > g0^2).. Use --no-require-stable to override.,diverged,Mass matrix stability check failed: Coupled mass matrix has minimum eigenvalue -4.616 at (x=0.3906). The system has exponentially growing modes -- it will be unstable. Check that the mass matrix is po,-1,,,,
1.1182176301251814,-0.48553442876174335,-2.1418741209879553,1.4090200101817931,1.0,0.001,0.0,128,5.0,auto,auto,periodic,"Simulation diverged at t=0: eigenvalue Re(λ)=3.817e+00 predicts growth factor 1.94e+08 over Δt=5.0, exceeding threshold 1e+08. The system is physically unstable.",diverged,"Simulation diverged at t=0: eigenvalue Re(λ)=3.817e+00 predicts growth factor 1.94e+08 over Δt=5.0, exceeding threshold 1e+08. The system is physically unstable.",-1,,,,
2.021904986181442,-0.25804311189064366,-1.5735706298838883,4.776468684382249,1.0,0.001,0.0,128,5.0,auto,auto,periodic,Mass matrix stability check failed: Coupled mass matrix has minimum eigenvalue -9.897 at (x=0.3906). The system has exponentially growing modes -- it will be unstable. Check that the mass matrix is positive-definite at all grid points (e.g. for Gaussian-coupled scalars: mPhi2 * mChi2 > g0^2).. Use --no-require-stable to override.,diverged,Mass matrix stability check failed: Coupled mass matrix has minimum eigenvalue -9.897 at (x=0.3906). The system has exponentially growing modes -- it will be unstable. Check that the mass matrix is po,-1,,,,
8.570858435385865,0.20966010065467033,-3.964251970843433,1.0027905025951365,1.0,0.001,0.0,128,5.0,auto,auto,periodic,"Simulation diverged at t=0: eigenvalue Re(λ)=3.751e+00 predicts growth factor 1.40e+08 over Δt=5.0, exceeding threshold 1e+08. The system is physically unstable.",diverged,"Simulation diverged at t=0: eigenvalue Re(λ)=3.751e+00 predicts growth factor 1.40e+08 over Δt=5.0, exceeding threshold 1e+08. The system is physically unstable.",-1,,,,
6.372474573948903,0.19406390868976375,-1.048589710415321,3.4054296754147524,1.0,0.001,0.0,128,5.0,auto,auto,periodic,Mass matrix stability check failed: Coupled mass matrix has minimum eigenvalue -2.014 at (x=0.3906). The system has exponentially growing modes -- it will be unstable. Check that the mass matrix is positive-definite at all grid points (e.g. for Gaussian-coupled scalars: mPhi2 * mChi2 > g0^2).. Use --no-require-stable to override.,diverged,Mass matrix stability check failed: Coupled mass matrix has minimum eigenvalue -2.014 at (x=0.3906). The system has exponentially growing modes -- it will be unstable. Check that the mass matrix is po,-1,,,,
4.75094100438778,-0.41541443937845524,-0.5079539187304505,2.1717094269373605,1.0,0.001,0.0,128,5.0,auto,auto,periodic,Mass matrix stability check failed: Coupled mass matrix has minimum eigenvalue -1.371 at (x=0.3906). The system has exponentially growing modes -- it will be unstable. Check that the mass matrix is positive-definite at all grid points (e.g. for Gaussian-coupled scalars: mPhi2 * mChi2 > g0^2).. Use --no-require-stable to override.,diverged,Mass matrix stability check failed: Coupled mass matrix has minimum eigenvalue -1.371 at (x=0.3906). The system has exponentially growing modes -- it will be unstable. Check that the mass matrix is po,-1,,,,
2.657434441016766,0.30091312745135557,-2.793205173249631,0.7031677319763971,1.0,0.001,0.0,128,5.0,auto,auto,periodic,"Simulation diverged at t=0: eigenvalue Re(λ)=3.743e+00 predicts growth factor 1.34e+08 over Δt=5.0, exceeding threshold 1e+08. The system is physically unstable.",diverged,"Simulation diverged at t=0: eigenvalue Re(λ)=3.743e+00 predicts growth factor 1.34e+08 over Δt=5.0, exceeding threshold 1e+08. The system is physically unstable.",-1,,,,
5.618972503301154,0.3094137479917787,-3.1796713053021572,3.095887596386813,1.0,0.001,0.0,128,5.0,auto,auto,periodic,Mass matrix stability check failed: Coupled mass matrix has minimum eigenvalue -1.195 at (x=0.3906). The system has exponentially growing modes -- it will be unstable. Check that the mass matrix is positive-definite at all grid points (e.g. for Gaussian-coupled scalars: mPhi2 * mChi2 > g0^2).. Use --no-require-stable to override.,diverged,Mass matrix stability check failed: Coupled mass matrix has minimum eigenvalue -1.195 at (x=0.3906). The system has exponentially growing modes -- it will be unstable. Check that the mass matrix is po,-1,,,,
3.198912468565656,0.3451367938958124,-2.5515330660910465,3.134503057767483,1.0,0.001,0.0,128,5.0,auto,auto,periodic,Mass matrix stability check failed: Coupled mass matrix has minimum eigenvalue -2.565 at (x=0.3906). The system has exponentially growing modes -- it will be unstable. Check that the mass matrix is positive-definite at all grid points (e.g. for Gaussian-coupled scalars: mPhi2 * mChi2 > g0^2).. Use --no-require-stable to override.,diverged,Mass matrix stability check failed: Coupled mass matrix has minimum eigenvalue -2.565 at (x=0.3906). The system has exponentially growing modes -- it will be unstable. Check that the mass matrix is po,-1,,,,
2.932449178578804,-0.423287590663721,-1.7223920145684457,1.3559507259886658,1.0,0.001,0.0,128,5.0,auto,auto,periodic,Mass matrix stability check failed: Coupled mass matrix has minimum eigenvalue -0.01883 at (x=0.3906). The system has exponentially growing modes -- it will be unstable. Check that the mass matrix is positive-definite at all grid points (e.g. for Gaussian-coupled scalars: mPhi2 * mChi2 > g0^2).. Use --no-require-stable to override.,diverged,Mass matrix stability check failed: Coupled mass matrix has minimum eigenvalue -0.01883 at (x=0.3906). The system has exponentially growing modes -- it will be unstable. Check that the mass matrix is ,-1,,,,
6.546783669479164,0.030145115773973385,-2.484442598184494,2.2815037411391232,1.0,0.001,0.0,128,5.0,auto,auto,periodic,Mass matrix stability check failed: Coupled mass matrix has minimum eigenvalue -0.4919 at (x=0.3906). The system has exponentially growing modes -- it will be unstable. Check that the mass matrix is positive-definite at all grid points (e.g. for Gaussian-coupled scalars: mPhi2 * mChi2 > g0^2).. Use --no-require-stable to override.,diverged,Mass matrix stability check failed: Coupled mass matrix has minimum eigenvalue -0.4919 at (x=0.3906). The system has exponentially growing modes -- it will be unstable. Check that the mass matrix is p,-1,,,,
2.0597546581319754,-0.09982748673302155,-2.971377138569044,4.029333024159319,1.0,0.001,0.0,128,5.0,auto,auto,periodic,Mass matrix stability check failed: Coupled mass matrix has minimum eigenvalue -6.182 at (x=0.3906). The system has exponentially growing modes -- it will be unstable. Check that the mass matrix is positive-definite at all grid points (e.g. for Gaussian-coupled scalars: mPhi2 * mChi2 > g0^2).. Use --no-require-stable to override.,diverged,Mass matrix stability check failed: Coupled mass matrix has minimum eigenvalue -6.182 at (x=0.3906). The system has exponentially growing modes -- it will be unstable. Check that the mass matrix is po,-1,,,,
4.815279888414463,0.05800414137295817,-1.3049919126040117,0.34109834089930047,1.0,0.001,0.0,128,5.0,auto,auto,periodic,Mass matrix stability check failed: Coupled mass matrix has minimum eigenvalue -0.1848 at (x=0.3906). The system has exponentially growing modes -- it will be unstable. Check that the mass matrix is positive-definite at all grid points (e.g. for Gaussian-coupled scalars: mPhi2 * mChi2 > g0^2).. Use --no-require-stable to override.,diverged,Mass matrix stability check failed: Coupled mass matrix has minimum eigenvalue -0.1848 at (x=0.3906). The system has exponentially growing modes -- it will be unstable. Check that the mass matrix is p,-1,,,,
5.628063339853928,-0.4055775487635809,-4.827938078582072,0.6165438537586224,1.0,0.001,0.0,128,5.0,auto,auto,periodic,"Simulation diverged at t=0: eigenvalue Re(λ)=3.690e+00 predicts growth factor 1.03e+08 over Δt=5.0, exceeding threshold 1e+08. The system is physically unstable.",diverged,"Simulation diverged at t=0: eigenvalue Re(λ)=3.690e+00 predicts growth factor 1.03e+08 over Δt=5.0, exceeding threshold 1e+08. The system is physically unstable.",-1,,,,
7.898450823457016,-0.21217614749283337,-2.312694004364258,1.103506343609098,1.0,0.001,0.0,128,5.0,auto,auto,periodic,"Simulation diverged at t=0: eigenvalue Re(λ)=3.715e+00 predicts growth factor 1.17e+08 over Δt=5.0, exceeding threshold 1e+08. The system is physically unstable.",diverged,"Simulation diverged at t=0: eigenvalue Re(λ)=3.715e+00 predicts growth factor 1.17e+08 over Δt=5.0, exceeding threshold 1e+08. The system is physically unstable.",-1,,,,
6.066226564448057,0.10184145346590978,-4.130052365781028,3.4440629841410426,1.0,0.001,0.0,128,5.0,auto,auto,periodic,Mass matrix stability check failed: Coupled mass matrix has minimum eigenvalue -1.138 at (x=0.3906). The system has exponentially growing modes -- it will be unstable. Check that the mass matrix is positive-definite at all grid points (e.g. for Gaussian-coupled scalars: mPhi2 * mChi2 > g0^2).. Use --no-require-stable to override.,diverged,Mass matrix stability check failed: Coupled mass matrix has minimum eigenvalue -1.138 at (x=0.3906). The system has exponentially growing modes -- it will be unstable. Check that the mass matrix is po,-1,,,,
9.569167177953341,0.29491868281710143,-3.5861905292760463,0.6815723157819658,1.0,0.001,0.0,128,5.0,auto,auto,periodic,"Simulation diverged at t=0: eigenvalue Re(λ)=3.695e+00 predicts growth factor 1.06e+08 over Δt=5.0, exceeding threshold 1e+08. The system is physically unstable.",diverged,"Simulation diverged at t=0: eigenvalue Re(λ)=3.695e+00 predicts growth factor 1.06e+08 over Δt=5.0, exceeding threshold 1e+08. The system is physically unstable.",-1,,,,
2.372881879876436,0.2192812112346385,-4.973832368021136,2.2581273858103144,1.0,0.001,0.0,128,5.0,auto,auto,periodic,"Simulation diverged at t=0: eigenvalue Re(λ)=3.753e+00 predicts growth factor 1.41e+08 over Δt=5.0, exceeding threshold 1e+08. The system is physically unstable.",diverged,"Simulation diverged at t=0: eigenvalue Re(λ)=3.753e+00 predicts growth factor 1.41e+08 over Δt=5.0, exceeding threshold 1e+08. The system is physically unstable.",-1,,,,
3.615853803214464,0.03330073745786244,-2.8967377751136745,0.941192410304687,1.0,0.001,0.0,128,5.0,auto,auto,periodic,"Simulation diverged at t=0: eigenvalue Re(λ)=3.718e+00 predicts growth factor 1.19e+08 over Δt=5.0, exceeding threshold 1e+08. The system is physically unstable.",diverged,"Simulation diverged at t=0: eigenvalue Re(λ)=3.718e+00 predicts growth factor 1.19e+08 over Δt=5.0, exceeding threshold 1e+08. The system is physically unstable.",-1,,,,
9.534483393149022,0.36816498103030415,-2.4599060061235996,4.5710403224005205,1.0,0.001,0.0,128,5.0,auto,auto,periodic,Mass matrix stability check failed: Coupled mass matrix has minimum eigenvalue -1.784 at (x=0.3906). The system has exponentially growing modes -- it will be unstable. Check that the mass matrix is positive-definite at all grid points (e.g. for Gaussian-coupled scalars: mPhi2 * mChi2 > g0^2).. Use --no-require-stable to override.,diverged,Mass matrix stability check failed: Coupled mass matrix has minimum eigenvalue -1.784 at (x=0.3906). The system has exponentially growing modes -- it will be unstable. Check that the mass matrix is po,-1,,,,
3.909839510454773,0.16374128825111312,-1.7678178773441897,2.8168410455928043,1.0,0.001,0.0,128,5.0,auto,auto,periodic,Mass matrix stability check failed: Coupled mass matrix has minimum eigenvalue -2.012 at (x=0.3906). The system has exponentially growing modes -- it will be unstable. Check that the mass matrix is positive-definite at all grid points (e.g. for Gaussian-coupled scalars: mPhi2 * mChi2 > g0^2).. Use --no-require-stable to override.,diverged,Mass matrix stability check failed: Coupled mass matrix has minimum eigenvalue -2.012 at (x=0.3906). The system has exponentially growing modes -- it will be unstable. Check that the mass matrix is po,-1,,,,
1.9408487534439762,0.35626187688955935,-4.991296774401003,2.953409952384487,1.0,0.001,0.0,128,5.0,auto,auto,periodic,Mass matrix stability check failed: Coupled mass matrix has minimum eigenvalue -1.153 at (x=0.3906). The system has exponentially growing modes -- it will be unstable. Check that the mass matrix is positive-definite at all grid points (e.g. for Gaussian-coupled scalars: mPhi2 * mChi2 > g0^2).. Use --no-require-stable to override.,diverged,Mass matrix stability check failed: Coupled mass matrix has minimum eigenvalue -1.153 at (x=0.3906). The system has exponentially growing modes -- it will be unstable. Check that the mass matrix is po,-1,,,,
4.562074028176391,-0.3293213730141967,-4.252454946412639,4.314477784425157,1.0,0.001,0.0,128,5.0,auto,auto,periodic,Mass matrix stability check failed: Coupled mass matrix has minimum eigenvalue -2.605 at (x=0.3906). The system has exponentially growing modes -- it will be unstable. Check that the mass matrix is positive-definite at all grid points (e.g. for Gaussian-coupled scalars: mPhi2 * mChi2 > g0^2).. Use --no-require-stable to override.,diverged,Mass matrix stability check failed: Coupled mass matrix has minimum eigenvalue -2.605 at (x=0.3906). The system has exponentially growing modes -- it will be unstable. Check that the mass matrix is po,-1,,,,
0.15313402498448636,0.02894761926497813,-2.2741642370259525,4.6329877783336375,1.0,0.001,0.0,128,5.0,auto,auto,periodic,Mass matrix stability check failed: Coupled mass matrix has minimum eigenvalue -115.9 at (x=0.3906). The system has exponentially growing modes -- it will be unstable. Check that the mass matrix is positive-definite at all grid points (e.g. for Gaussian-coupled scalars: mPhi2 * mChi2 > g0^2).. Use --no-require-stable to override.,diverged,Mass matrix stability check failed: Coupled mass matrix has minimum eigenvalue -115.9 at (x=0.3906). The system has exponentially growing modes -- it will be unstable. Check that the mass matrix is po,-1,,,,
5.4614094135975275,-0.2796369163308797,-3.94850450109001,0.09287274874666297,1.0,0.001,0.0,128,5.0,auto,auto,periodic,"Simulation diverged at t=0: eigenvalue Re(λ)=3.711e+00 predicts growth factor 1.15e+08 over Δt=5.0, exceeding threshold 1e+08. The system is physically unstable.",diverged,"Simulation diverged at t=0: eigenvalue Re(λ)=3.711e+00 predicts growth factor 1.15e+08 over Δt=5.0, exceeding threshold 1e+08. The system is physically unstable.",-1,,,,
8.259649308434458,-0.37665211501732615,-2.0011681025593546,1.0330632436434897,1.0,0.001,0.0,128,5.0,auto,auto,periodic,"Simulation diverged at t=0: eigenvalue Re(λ)=3.980e+00 predicts growth factor 4.39e+08 over Δt=5.0, exceeding threshold 1e+08. The system is physically unstable.",diverged,"Simulation diverged at t=0: eigenvalue Re(λ)=3.980e+00 predicts growth factor 4.39e+08 over Δt=5.0, exceeding threshold 1e+08. The system is physically unstable.",-1,,,,
9.622966897782332,0.31337473644148883,-3.863839145854939,4.672536974147271,1.0,0.001,0.0,128,5.0,auto,auto,periodic,Mass matrix stability check failed: Coupled mass matrix has minimum eigenvalue -1.539 at (x=0.3906). The system has exponentially growing modes -- it will be unstable. Check that the mass matrix is positive-definite at all grid points (e.g. for Gaussian-coupled scalars: mPhi2 * mChi2 > g0^2).. Use --no-require-stable to override.,diverged,Mass matrix stability check failed: Coupled mass matrix has minimum eigenvalue -1.539 at (x=0.3906). The system has exponentially growing modes -- it will be unstable. Check that the mass matrix is po,-1,,,,
3.4297928313873185,0.4169492577113282,-1.1585058997397053,2.4380392277459144,1.0,0.001,0.0,128,5.0,auto,auto,periodic,Mass matrix stability check failed: Coupled mass matrix has minimum eigenvalue -1.986 at (x=0.3906). The system has exponentially growing modes -- it will be unstable. Check that the mass matrix is positive-definite at all grid points (e.g. for Gaussian-coupled scalars: mPhi2 * mChi2 > g0^2).. Use --no-require-stable to override.,diverged,Mass matrix stability check failed: Coupled mass matrix has minimum eigenvalue -1.986 at (x=0.3906). The system has exponentially growing modes -- it will be unstable. Check that the mass matrix is po,-1,,,,
5.8667730299494805,0.442269862938375,-1.914698438892695,0.5724488816399148,1.0,0.001,0.0,128,5.0,auto,auto,periodic,"Simulation diverged at t=0: eigenvalue Re(λ)=2.504e+01 predicts growth factor 2.38e+54 over Δt=5.0, exceeding threshold 1e+08. The system is physically unstable.",diverged,"Simulation diverged at t=0: eigenvalue Re(λ)=2.504e+01 predicts growth factor 2.38e+54 over Δt=5.0, exceeding threshold 1e+08. The system is physically unstable.",-1,,,,
2.619777238929778,-0.4563875290661681,-3.0334069697619794,4.001370943258666,1.0,0.001,0.0,128,5.0,auto,auto,periodic,Mass matrix stability check failed: Coupled mass matrix has minimum eigenvalue -4.749 at (x=0.3906). The system has exponentially growing modes -- it will be unstable. Check that the mass matrix is positive-definite at all grid points (e.g. for Gaussian-coupled scalars: mPhi2 * mChi2 > g0^2).. Use --no-require-stable to override.,diverged,Mass matrix stability check failed: Coupled mass matrix has minimum eigenvalue -4.749 at (x=0.3906). The system has exponentially growing modes -- it will be unstable. Check that the mass matrix is po,-1,,,,
1.8277948990941923,0.3868376646894418,-3.1337980376246097,4.426038117744378,1.0,0.001,0.0,128,5.0,auto,auto,periodic,Mass matrix stability check failed: Coupled mass matrix has minimum eigenvalue -8.091 at (x=0.3906). The system has exponentially growing modes -- it will be unstable. Check that the mass matrix is positive-definite at all grid points (e.g. for Gaussian-coupled scalars: mPhi2 * mChi2 > g0^2).. Use --no-require-stable to override.,diverged,Mass matrix stability check failed: Coupled mass matrix has minimum eigenvalue -8.091 at (x=0.3906). The system has exponentially growing modes -- it will be unstable. Check that the mass matrix is po,-1,,,,
2.352227718052796,-0.3598225400193018,-4.562649905704247,3.6709885667205056,1.0,0.001,0.0,128,5.0,auto,auto,periodic,Mass matrix stability check failed: Coupled mass matrix has minimum eigenvalue -3.146 at (x=0.3906). The system has exponentially growing modes -- it will be unstable. Check that the mass matrix is positive-definite at all grid points (e.g. for Gaussian-coupled scalars: mPhi2 * mChi2 > g0^2).. Use --no-require-stable to override.,diverged,Mass matrix stability check failed: Coupled mass matrix has minimum eigenvalue -3.146 at (x=0.3906). The system has exponentially growing modes -- it will be unstable. Check that the mass matrix is po,-1,,,,
5.912110579782111,0.09443289005178213,-2.3451598850641004,4.711743069342815,1.0,0.001,0.0,128,5.0,auto,auto,periodic,Mass matrix stability check failed: Coupled mass matrix has minimum eigenvalue -3.058 at (x=0.3906). The system has exponentially growing modes -- it will be unstable. Check that the mass matrix is positive-definite at all grid points (e.g. for Gaussian-coupled scalars: mPhi2 * mChi2 > g0^2).. Use --no-require-stable to override.,diverged,Mass matrix stability check failed: Coupled mass matrix has minimum eigenvalue -3.058 at (x=0.3906). The system has exponentially growing modes -- it will be unstable. Check that the mass matrix is po,-1,,,,
0.10327528802139598,0.07025668971849897,-3.0406685051018894,3.1796541210029927,1.0,0.001,0.0,128,5.0,auto,auto,periodic,Mass matrix stability check failed: Coupled mass matrix has minimum eigenvalue -72.59 at (x=0.3906). The system has exponentially growing modes -- it will be unstable. Check that the mass matrix is positive-definite at all grid points (e.g. for Gaussian-coupled scalars: mPhi2 * mChi2 > g0^2).. Use --no-require-stable to override.,diverged,Mass matrix stability check failed: Coupled mass matrix has minimum eigenvalue -72.59 at (x=0.3906). The system has exponentially growing modes -- it will be unstable. Check that the mass matrix is po,-1,,,,
6.196283054388059,-0.00472007135308139,-2.389563168591982,1.8893908117541656,1.0,0.001,0.0,128,5.0,auto,auto,periodic,Mass matrix stability check failed: Coupled mass matrix has minimum eigenvalue -0.1706 at (x=0.3906). The system has exponentially growing modes -- it will be unstable. Check that the mass matrix is positive-definite at all grid points (e.g. for Gaussian-coupled scalars: mPhi2 * mChi2 > g0^2).. Use --no-require-stable to override.,diverged,Mass matrix stability check failed: Coupled mass matrix has minimum eigenvalue -0.1706 at (x=0.3906). The system has exponentially growing modes -- it will be unstable. Check that the mass matrix is p,-1,,,,
6.794649360993237,0.18175139600677837,-3.367606355444265,1.2405260496392603,1.0,0.001,0.0,128,5.0,auto,auto,periodic,"Simulation diverged at t=0: eigenvalue Re(λ)=3.697e+00 predicts growth factor 1.06e+08 over Δt=5.0, exceeding threshold 1e+08. The system is physically unstable.",diverged,"Simulation diverged at t=0: eigenvalue Re(λ)=3.697e+00 predicts growth factor 1.06e+08 over Δt=5.0, exceeding threshold 1e+08. The system is physically unstable.",-1,,,,
6.142201908688287,0.3747531391012745,-2.853212949585354,0.44142665374955936,1.0,0.001,0.0,128,5.0,auto,auto,periodic,"Simulation diverged at t=0: eigenvalue Re(λ)=3.725e+00 predicts growth factor 1.23e+08 over Δt=5.0, exceeding threshold 1e+08. The system is physically unstable.",diverged,"Simulation diverged at t=0: eigenvalue Re(λ)=3.725e+00 predicts growth factor 1.23e+08 over Δt=5.0, exceeding threshold 1e+08. The system is physically unstable.",-1,,,,
5.119685821033026,0.3406786003169705,-4.693181335419022,0.17395858986811671,1.0,0.001,0.0,128,5.0,auto,auto,periodic,"Simulation diverged at t=0: eigenvalue Re(λ)=3.686e+00 predicts growth factor 1.01e+08 over Δt=5.0, exceeding threshold 1e+08. The system is physically unstable.",diverged,"Simulation diverged at t=0: eigenvalue Re(λ)=3.686e+00 predicts growth factor 1.01e+08 over Δt=5.0, exceeding threshold 1e+08. The system is physically unstable.",-1,,,,
4.590927793336203,-0.036183547521118464,-2.610629352515977,1.8447062304545083,1.0,0.001,0.0,128,5.0,auto,auto,periodic,Mass matrix stability check failed: Coupled mass matrix has minimum eigenvalue -0.07558 at (x=0.3906). The system has exponentially growing modes -- it will be unstable. Check that the mass matrix is positive-definite at all grid points (e.g. for Gaussian-coupled scalars: mPhi2 * mChi2 > g0^2).. Use --no-require-stable to override.,diverged,Mass matrix stability check failed: Coupled mass matrix has minimum eigenvalue -0.07558 at (x=0.3906). The system has exponentially growing modes -- it will be unstable. Check that the mass matrix is ,-1,,,,
1.245094997380295,0.257886131572586,-2.1600825817632314,0.8401727012057238,1.0,0.001,0.0,128,5.0,auto,auto,periodic,"Simulation diverged at t=0: eigenvalue Re(λ)=3.803e+00 predicts growth factor 1.81e+08 over Δt=5.0, exceeding threshold 1e+08. The system is physically unstable.",diverged,"Simulation diverged at t=0: eigenvalue Re(λ)=3.803e+00 predicts growth factor 1.81e+08 over Δt=5.0, exceeding threshold 1e+08. The system is physically unstable.",-1,,,,
0.29067298321160323,0.28072781138235714,-4.125255782028046,1.6465876800516532,1.0,0.001,0.0,128,5.0,auto,auto,periodic,"Simulation diverged at t=0: eigenvalue Re(λ)=3.706e+00 predicts growth factor 1.11e+08 over Δt=5.0, exceeding threshold 1e+08. The system is physically unstable.",diverged,"Simulation diverged at t=0: eigenvalue Re(λ)=3.706e+00 predicts growth factor 1.11e+08 over Δt=5.0, exceeding threshold 1e+08. The system is physically unstable.",-1,,,,
7.078531386425041,-0.3611022390328677,-3.8228321349845245,4.976475573143233,1.0,0.001,0.0,128,5.0,auto,auto,periodic,Mass matrix stability check failed: Coupled mass matrix has minimum eigenvalue -2.361 at (x=0.3906). The system has exponentially growing modes -- it will be unstable. Check that the mass matrix is positive-definite at all grid points (e.g. for Gaussian-coupled scalars: mPhi2 * mChi2 > g0^2).. Use --no-require-stable to override.,diverged,Mass matrix stability check failed: Coupled mass matrix has minimum eigenvalue -2.361 at (x=0.3906). The system has exponentially growing modes -- it will be unstable. Check that the mass matrix is po,-1,,,,
3.6931343708013404,0.2702249978268042,-3.9133878950923413,3.901576294215767,1.0,0.001,0.0,128,5.0,auto,auto,periodic,Mass matrix stability check failed: Coupled mass matrix has minimum eigenvalue -2.73 at (x=0.3906). The system has exponentially growing modes -- it will be unstable. Check that the mass matrix is positive-definite at all grid points (e.g. for Gaussian-coupled scalars: mPhi2 * mChi2 > g0^2).. Use --no-require-stable to override.,diverged,Mass matrix stability check failed: Coupled mass matrix has minimum eigenvalue -2.73 at (x=0.3906). The system has exponentially growing modes -- it will be unstable. Check that the mass matrix is pos,-1,,,,
7.969640727628496,-0.38686417040674453,-2.8430753035479177,4.721931779598909,1.0,0.001,0.0,128,5.0,auto,auto,periodic,Mass matrix stability check failed: Coupled mass matrix has minimum eigenvalue -2.151 at (x=0.3906). The system has exponentially growing modes -- it will be unstable. Check that the mass matrix is positive-definite at all grid points (e.g. for Gaussian-coupled scalars: mPhi2 * mChi2 > g0^2).. Use --no-require-stable to override.,diverged,Mass matrix stability check failed: Coupled mass matrix has minimum eigenvalue -2.151 at (x=0.3906). The system has exponentially growing modes -- it will be unstable. Check that the mass matrix is po,-1,,,,
0.41176975533112603,0.11196151618548944,-3.609509405223826,4.3436413931469575,1.0,0.001,0.0,128,5.0,auto,auto,periodic,Mass matrix stability check failed: Coupled mass matrix has minimum eigenvalue -32.4 at (x=0.3906). The system has exponentially growing modes -- it will be unstable. Check that the mass matrix is positive-definite at all grid points (e.g. for Gaussian-coupled scalars: mPhi2 * mChi2 > g0^2).. Use --no-require-stable to override.,diverged,Mass matrix stability check failed: Coupled mass matrix has minimum eigenvalue -32.4 at (x=0.3906). The system has exponentially growing modes -- it will be unstable. Check that the mass matrix is pos,-1,,,,
8.784676496300195,0.1421049709214658,-1.4023047603752588,3.2314319800478186,1.0,0.001,0.0,128,5.0,auto,auto,periodic,Mass matrix stability check failed: Coupled mass matrix has minimum eigenvalue -1.262 at (x=0.3906). The system has exponentially growing modes -- it will be unstable. Check that the mass matrix is positive-definite at all grid points (e.g. for Gaussian-coupled scalars: mPhi2 * mChi2 > g0^2).. Use --no-require-stable to override.,diverged,Mass matrix stability check failed: Coupled mass matrix has minimum eigenvalue -1.262 at (x=0.3906). The system has exponentially growing modes -- it will be unstable. Check that the mass matrix is po,-1,,,,
1.1621227779398033,-0.17855594430257943,-4.222406770746748,1.3231958695349073,1.0,0.001,0.0,128,5.0,auto,auto,periodic,"Simulation diverged at t=0: eigenvalue Re(λ)=3.739e+00 predicts growth factor 1.31e+08 over Δt=5.0, exceeding threshold 1e+08. The system is physically unstable.",diverged,"Simulation diverged at t=0: eigenvalue Re(λ)=3.739e+00 predicts growth factor 1.31e+08 over Δt=5.0, exceeding threshold 1e+08. The system is physically unstable.",-1,,,,
8.986963097210921,0.42887872688404605,-2.408219825288195,3.428365806876939,1.0,0.001,0.0,128,5.0,auto,auto,periodic,Mass matrix stability check failed: Coupled mass matrix has minimum eigenvalue -1.141 at (x=0.3906). The system has exponentially growing modes -- it will be unstable. Check that the mass matrix is positive-definite at all grid points (e.g. for Gaussian-coupled scalars: mPhi2 * mChi2 > g0^2).. Use --no-require-stable to override.,diverged,Mass matrix stability check failed: Coupled mass matrix has minimum eigenvalue -1.141 at (x=0.3906). The system has exponentially growing modes -- it will be unstable. Check that the mass matrix is po,-1,,,,
7.530844946533432,0.0787387406097867,-2.9052845890567944,1.6931394731852156,1.0,0.001,0.0,128,5.0,auto,auto,periodic,"Simulation diverged at t=0: eigenvalue Re(λ)=3.703e+00 predicts growth factor 1.10e+08 over Δt=5.0, exceeding threshold 1e+08. The system is physically unstable.",diverged,"Simulation diverged at t=0: eigenvalue Re(λ)=3.703e+00 predicts growth factor 1.10e+08 over Δt=5.0, exceeding threshold 1e+08. The system is physically unstable.",-1,,,,
7.424870634368383,0.07309222660999437,-0.6655964935526155,3.21378248626828,1.0,0.001,0.0,128,5.0,auto,auto,periodic,Mass matrix stability check failed: Coupled mass matrix has minimum eigenvalue -1.677 at (x=0.3906). The system has exponentially growing modes -- it will be unstable. Check that the mass matrix is positive-definite at all grid points (e.g. for Gaussian-coupled scalars: mPhi2 * mChi2 > g0^2).. Use --no-require-stable to override.,diverged,Mass matrix stability check failed: Coupled mass matrix has minimum eigenvalue -1.677 at (x=0.3906). The system has exponentially growing modes -- it will be unstable. Check that the mass matrix is po,-1,,,,
9.352259724065442,0.0224157483839863,-3.8471206122252135,4.061585943748828,1.0,0.001,0.0,128,5.0,auto,auto,periodic,Mass matrix stability check failed: Coupled mass matrix has minimum eigenvalue -1.195 at (x=0.3906). The system has exponentially growing modes -- it will be unstable. Check that the mass matrix is positive-definite at all grid points (e.g. for Gaussian-coupled scalars: mPhi2 * mChi2 > g0^2).. Use --no-require-stable to override.,diverged,Mass matrix stability check failed: Coupled mass matrix has minimum eigenvalue -1.195 at (x=0.3906). The system has exponentially growing modes -- it will be unstable. Check that the mass matrix is po,-1,,,,
1.957245659290599,-0.2942439787952008,-0.9905525499746535,2.359505881645355,1.0,0.001,0.0,128,5.0,auto,auto,periodic,Mass matrix stability check failed: Coupled mass matrix has minimum eigenvalue -3.411 at (x=0.3906). The system has exponentially growing modes -- it will be unstable. Check that the mass matrix is positive-definite at all grid points (e.g. for Gaussian-coupled scalars: mPhi2 * mChi2 > g0^2).. Use --no-require-stable to override.,diverged,Mass matrix stability check failed: Coupled mass matrix has minimum eigenvalue -3.411 at (x=0.3906). The system has exponentially growing modes -- it will be unstable. Check that the mass matrix is po,-1,,,,
7.316005024266353,-0.41953587337921844,-1.4579762386994308,4.764948589719883,1.0,0.001,0.0,128,5.0,auto,auto,periodic,Mass matrix stability check failed: Coupled mass matrix has minimum eigenvalue -2.757 at (x=0.3906). The system has exponentially growing modes -- it will be unstable. Check that the mass matrix is positive-definite at all grid points (e.g. for Gaussian-coupled scalars: mPhi2 * mChi2 > g0^2).. Use --no-require-stable to override.,diverged,Mass matrix stability check failed: Coupled mass matrix has minimum eigenvalue -2.757 at (x=0.3906). The system has exponentially growing modes -- it will be unstable. Check that the mass matrix is po,-1,,,,
0.8508157687344837,-0.3638939839338384,-4.050477387457458,0.35494799267234706,1.0,0.001,0.0,128,5.0,auto,auto,periodic,"Simulation diverged at t=0: eigenvalue Re(λ)=3.701e+00 predicts growth factor 1.09e+08 over Δt=5.0, exceeding threshold 1e+08. The system is physically unstable.",diverged,"Simulation diverged at t=0: eigenvalue Re(λ)=3.701e+00 predicts growth factor 1.09e+08 over Δt=5.0, exceeding threshold 1e+08. The system is physically unstable.",-1,,,,
2.464514522894254,0.20701255307281585,-0.6751727876737359,0.02635023095899511,1.0,0.001,0.0,128,5.0,auto,auto,periodic,Mass matrix stability check failed: Coupled mass matrix has minimum eigenvalue -0.8722 at (x=0.3906). The system has exponentially growing modes -- it will be unstable. Check that the mass matrix is positive-definite at all grid points (e.g. for Gaussian-coupled scalars: mPhi2 * mChi2 > g0^2).. Use --no-require-stable to override.,diverged,Mass matrix stability check failed: Coupled mass matrix has minimum eigenvalue -0.8722 at (x=0.3906). The system has exponentially growing modes -- it will be unstable. Check that the mass matrix is p,-1,,,,
4.446391164219427,-0.47966630031662777,-3.214421059401099,3.2569373045756573,1.0,0.001,0.0,128,5.0,auto,auto,periodic,Mass matrix stability check failed: Coupled mass matrix has minimum eigenvalue -1.712 at (x=0.3906). The system has exponentially growing modes -- it will be unstable. Check that the mass matrix is positive-definite at all grid points (e.g. for Gaussian-coupled scalars: mPhi2 * mChi2 > g0^2).. Use --no-require-stable to override.,diverged,Mass matrix stability check failed: Coupled mass matrix has minimum eigenvalue -1.712 at (x=0.3906). The system has exponentially growing modes -- it will be unstable. Check that the mass matrix is po,-1,,,,
8.133849572704817,-0.0718589179141404,-1.1764082884564049,1.41367480289629,1.0,0.001,0.0,128,5.0,auto,auto,periodic,Mass matrix stability check failed: Coupled mass matrix has minimum eigenvalue -0.141 at (x=0.3906). The system has exponentially growing modes -- it will be unstable. Check that the mass matrix is positive-definite at all grid points (e.g. for Gaussian-coupled scalars: mPhi2 * mChi2 > g0^2).. Use --no-require-stable to override.,diverged,Mass matrix stability check failed: Coupled mass matrix has minimum eigenvalue -0.141 at (x=0.3906). The system has exponentially growing modes -- it will be unstable. Check that the mass matrix is po,-1,,,,
1.3595636287934922,0.29661015376706257,-2.2620401243315245,4.263963882643879,1.0,0.001,0.0,128,5.0,auto,auto,periodic,Mass matrix stability check failed: Coupled mass matrix has minimum eigenvalue -11.44 at (x=0.3906). The system has exponentially growing modes -- it will be unstable. Check that the mass matrix is positive-definite at all grid points (e.g. for Gaussian-coupled scalars: mPhi2 * mChi2 > g0^2).. Use --no-require-stable to override.,diverged,Mass matrix stability check failed: Coupled mass matrix has minimum eigenvalue -11.44 at (x=0.3906). The system has exponentially growing modes -- it will be unstable. Check that the mass matrix is po,-1,,,,
9.90044343314839,-0.22239158545746696,-2.19299177284786,1.9527781541553386,1.0,0.001,0.0,128,5.0,auto,auto,periodic,Mass matrix stability check failed: Coupled mass matrix has minimum eigenvalue -0.1849 at (x=0.3906). The system has exponentially growing modes -- it will be unstable. Check that the mass matrix is positive-definite at all grid points (e.g. for Gaussian-coupled scalars: mPhi2 * mChi2 > g0^2).. Use --no-require-stable to override.,diverged,Mass matrix stability check failed: Coupled mass matrix has minimum eigenvalue -0.1849 at (x=0.3906). The system has exponentially growing modes -- it will be unstable. Check that the mass matrix is p,-1,,,,
4.595594831721549,0.13416634339233624,-0.5377380393868849,3.946132281875428,1.0,0.001,0.0,128,5.0,auto,auto,periodic,Mass matrix stability check failed: Coupled mass matrix has minimum eigenvalue -3.721 at (x=0.3906). The system has exponentially growing modes -- it will be unstable. Check that the mass matrix is positive-definite at all grid points (e.g. for Gaussian-coupled scalars: mPhi2 * mChi2 > g0^2).. Use --no-require-stable to override.,diverged,Mass matrix stability check failed: Coupled mass matrix has minimum eigenvalue -3.721 at (x=0.3906). The system has exponentially growing modes -- it will be unstable. Check that the mass matrix is po,-1,,,,
7.199655749209715,-0.351014511384719,-4.440326156074974,0.036542395255188376,1.0,0.001,0.0,128,5.0,auto,auto,periodic,"Simulation diverged at t=0: eigenvalue Re(λ)=3.733e+00 predicts growth factor 1.27e+08 over Δt=5.0, exceeding threshold 1e+08. The system is physically unstable.",diverged,"Simulation diverged at t=0: eigenvalue Re(λ)=3.733e+00 predicts growth factor 1.27e+08 over Δt=5.0, exceeding threshold 1e+08. The system is physically unstable.",-1,,,,
2.5403420740630756,-0.000462648488728179,-3.971835931844711,3.07272451399696,1.0,0.001,0.0,128,5.0,auto,auto,periodic,Mass matrix stability check failed: Coupled mass matrix has minimum eigenvalue -1.965 at (x=0.3906). The system has exponentially growing modes -- it will be unstable. Check that the mass matrix is positive-definite at all grid points (e.g. for Gaussian-coupled scalars: mPhi2 * mChi2 > g0^2).. Use --no-require-stable to override.,diverged,Mass matrix stability check failed: Coupled mass matrix has minimum eigenvalue -1.965 at (x=0.3906). The system has exponentially growing modes -- it will be unstable. Check that the mass matrix is po,-1,,,,
4.244469157576065,-0.47406853167971164,-0.7702987546979543,1.2060873740059996,1.0,0.001,0.0,128,5.0,auto,auto,periodic,Mass matrix stability check failed: Coupled mass matrix has minimum eigenvalue -0.4616 at (x=0.3906). The system has exponentially growing modes -- it will be unstable. Check that the mass matrix is positive-definite at all grid points (e.g. for Gaussian-coupled scalars: mPhi2 * mChi2 > g0^2).. Use --no-require-stable to override.,diverged,Mass matrix stability check failed: Coupled mass matrix has minimum eigenvalue -0.4616 at (x=0.3906). The system has exponentially growing modes -- it will be unstable. Check that the mass matrix is p,-1,,,,
1.5662015174321648,-0.28879489714045914,-3.6729533059427517,3.596218035547939,1.0,0.001,0.0,128,5.0,auto,auto,periodic,Mass matrix stability check failed: Coupled mass matrix has minimum eigenvalue -5.575 at (x=0.3906). The system has exponentially growing modes -- it will be unstable. Check that the mass matrix is positive-definite at all grid points (e.g. for Gaussian-coupled scalars: mPhi2 * mChi2 > g0^2).. Use --no-require-stable to override.,diverged,Mass matrix stability check failed: Coupled mass matrix has minimum eigenvalue -5.575 at (x=0.3906). The system has exponentially growing modes -- it will be unstable. Check that the mass matrix is po,-1,,,,
2.4460061017794783,-0.3145691866016018,-3.7574915292947884,1.364727117656725,1.0,0.001,0.0,128,5.0,auto,auto,periodic,"Simulation diverged at t=0: eigenvalue Re(λ)=3.750e+00 predicts growth factor 1.39e+08 over Δt=5.0, exceeding threshold 1e+08. The system is physically unstable.",diverged,"Simulation diverged at t=0: eigenvalue Re(λ)=3.750e+00 predicts growth factor 1.39e+08 over Δt=5.0, exceeding threshold 1e+08. The system is physically unstable.",-1,,,,
4.6423100266376665,-0.46153458530042385,-3.9371177352931395,4.292661798782309,1.0,0.001,0.0,128,5.0,auto,auto,periodic,Mass matrix stability check failed: Coupled mass matrix has minimum eigenvalue -2.667 at (x=0.3906). The system has exponentially growing modes -- it will be unstable. Check that the mass matrix is positive-definite at all grid points (e.g. for Gaussian-coupled scalars: mPhi2 * mChi2 > g0^2).. Use --no-require-stable to override.,diverged,Mass matrix stability check failed: Coupled mass matrix has minimum eigenvalue -2.667 at (x=0.3906). The system has exponentially growing modes -- it will be unstable. Check that the mass matrix is po,-1,,,,
8.578031079784829,0.06284410243070004,-3.3140984259616992,1.985904183245043,1.0,0.001,0.0,128,5.0,auto,auto,periodic,"Simulation diverged at t=0: eigenvalue Re(λ)=3.743e+00 predicts growth factor 1.34e+08 over Δt=5.0, exceeding threshold 1e+08. The system is physically unstable.",diverged,"Simulation diverged at t=0: eigenvalue Re(λ)=3.743e+00 predicts growth factor 1.34e+08 over Δt=5.0, exceeding threshold 1e+08. The system is physically unstable.",-1,,,,
8.216120077646366,-0.05740900785941999,-2.6578476042939014,2.723686125636503,1.0,0.001,0.0,128,5.0,auto,auto,periodic,Mass matrix stability check failed: Coupled mass matrix has minimum eigenvalue -0.6726 at (x=0.3906). The system has exponentially growing modes -- it will be unstable. Check that the mass matrix is positive-definite at all grid points (e.g. for Gaussian-coupled scalars: mPhi2 * mChi2 > g0^2).. Use --no-require-stable to override.,diverged,Mass matrix stability check failed: Coupled mass matrix has minimum eigenvalue -0.6726 at (x=0.3906). The system has exponentially growing modes -- it will be unstable. Check that the mass matrix is p,-1,,,,
6.087476772308822,0.388652440869349,-2.4693980522311096,1.654732973393972,1.0,0.001,0.0,128,5.0,auto,auto,periodic,"Simulation diverged at t=0: eigenvalue Re(λ)=3.769e+00 predicts growth factor 1.53e+08 over Δt=5.0, exceeding threshold 1e+08. The system is physically unstable.",diverged,"Simulation diverged at t=0: eigenvalue Re(λ)=3.769e+00 predicts growth factor 1.53e+08 over Δt=5.0, exceeding threshold 1e+08. The system is physically unstable.",-1,,,,
9.864656650323413,0.17533184920202427,-1.3502523787321827,1.605973717736954,1.0,0.001,0.0,128,5.0,auto,auto,periodic,Mass matrix stability check failed: Coupled mass matrix has minimum eigenvalue -0.1455 at (x=0.3906). The system has exponentially growing modes -- it will be unstable. Check that the mass matrix is positive-definite at all grid points (e.g. for Gaussian-coupled scalars: mPhi2 * mChi2 > g0^2).. Use --no-require-stable to override.,diverged,Mass matrix stability check failed: Coupled mass matrix has minimum eigenvalue -0.1455 at (x=0.3906). The system has exponentially growing modes -- it will be unstable. Check that the mass matrix is p,-1,,,,
2.3156113786545425,0.027170663365949643,-1.4268164506775625,4.222873045999931,1.0,0.001,0.0,128,5.0,auto,auto,periodic,Mass matrix stability check failed: Coupled mass matrix has minimum eigenvalue -7.334 at (x=0.3906). The system has exponentially growing modes -- it will be unstable. Check that the mass matrix is positive-definite at all grid points (e.g. for Gaussian-coupled scalars: mPhi2 * mChi2 > g0^2).. Use --no-require-stable to override.,diverged,Mass matrix stability check failed: Coupled mass matrix has minimum eigenvalue -7.334 at (x=0.3906). The system has exponentially growing modes -- it will be unstable. Check that the mass matrix is po,-1,,,,
7.80269518730736,0.31428323498330957,-2.406224225338274,3.701136073500196,1.0,0.001,0.0,128,5.0,auto,auto,periodic,Mass matrix stability check failed: Coupled mass matrix has minimum eigenvalue -1.524 at (x=0.3906). The system has exponentially growing modes -- it will be unstable. Check that the mass matrix is positive-definite at all grid points (e.g. for Gaussian-coupled scalars: mPhi2 * mChi2 > g0^2).. Use --no-require-stable to override.,diverged,Mass matrix stability check failed: Coupled mass matrix has minimum eigenvalue -1.524 at (x=0.3906). The system has exponentially growing modes -- it will be unstable. Check that the mass matrix is po,-1,,,,
7.003443908862832,0.4138536327692264,-1.2436753203121662,4.438143067406209,1.0,0.001,0.0,128,5.0,auto,auto,periodic,Mass matrix stability check failed: Coupled mass matrix has minimum eigenvalue -2.662 at (x=0.3906). The system has exponentially growing modes -- it will be unstable. Check that the mass matrix is positive-definite at all grid points (e.g. for Gaussian-coupled scalars: mPhi2 * mChi2 > g0^2).. Use --no-require-stable to override.,diverged,Mass matrix stability check failed: Coupled mass matrix has minimum eigenvalue -2.662 at (x=0.3906). The system has exponentially growing modes -- it will be unstable. Check that the mass matrix is po,-1,,,,
8.478058106970954,-0.0922632867001027,-1.0949111797120872,0.12396669480484573,1.0,0.001,0.0,128,5.0,auto,auto,periodic,Mass matrix stability check failed: Coupled mass matrix has minimum eigenvalue -0.1545 at (x=0.3906). The system has exponentially growing modes -- it will be unstable. Check that the mass matrix is positive-definite at all grid points (e.g. for Gaussian-coupled scalars: mPhi2 * mChi2 > g0^2).. Use --no-require-stable to override.,diverged,Mass matrix stability check failed: Coupled mass matrix has minimum eigenvalue -0.1545 at (x=0.3906). The system has exponentially growing modes -- it will be unstable. Check that the mass matrix is p,-1,,,,
9.320309485885442,-0.4826369909075055,-2.2315548868307324,4.939199838893721,1.0,0.001,0.0,128,5.0,auto,auto,periodic,Mass matrix stability check failed: Coupled mass matrix has minimum eigenvalue -2.111 at (x=0.3906). The system has exponentially growing modes -- it will be unstable. Check that the mass matrix is positive-definite at all grid points (e.g. for Gaussian-coupled scalars: mPhi2 * mChi2 > g0^2).. Use --no-require-stable to override.,diverged,Mass matrix stability check failed: Coupled mass matrix has minimum eigenvalue -2.111 at (x=0.3906). The system has exponentially growing modes -- it will be unstable. Check that the mass matrix is po,-1,,,,
4.343214508546456,-0.047393928711007394,-4.838780173892069,4.948018216320592,1.0,0.001,0.0,128,5.0,auto,auto,periodic,Mass matrix stability check failed: Coupled mass matrix has minimum eigenvalue -3.341 at (x=0.3906). The system has exponentially growing modes -- it will be unstable. Check that the mass matrix is positive-definite at all grid points (e.g. for Gaussian-coupled scalars: mPhi2 * mChi2 > g0^2).. Use --no-require-stable to override.,diverged,Mass matrix stability check failed: Coupled mass matrix has minimum eigenvalue -3.341 at (x=0.3906). The system has exponentially growing modes -- it will be unstable. Check that the mass matrix is po,-1,,,,
