delta1,alpha2,kappa,B0,alpha1,alpha3,grid_shape,t_end,dt,scheme,bc,error,run_status,error_message,solver_exit_code,P_max,P_max_time,P_final,wall_time_s,C0,A,log10_A,P_valid
-1.0,-3.0,1.0,0.0001,0.0,1.0,256,50.0,auto,auto,periodic,"Simulation diverged at t=0: eigenvalue Re(λ)=5.356e+00 predicts growth factor 2.00e+116 over Δt=50.0, exceeding threshold 1e+08. The system is physically unstable.",diverged,"Simulation diverged at t=0: eigenvalue Re(λ)=5.356e+00 predicts growth factor 2.00e+116 over Δt=50.0, exceeding threshold 1e+08. The system is physically unstable.",-1,,,,,,,,false
-1.0,-2.935897435897436,1.0,0.0001,0.0,1.0,256,50.0,auto,auto,periodic,"Simulation diverged at t=0: eigenvalue Re(λ)=2.956e+00 predicts growth factor 1.52e+64 over Δt=50.0, exceeding threshold 1e+08. The system is physically unstable.",diverged,"Simulation diverged at t=0: eigenvalue Re(λ)=2.956e+00 predicts growth factor 1.52e+64 over Δt=50.0, exceeding threshold 1e+08. The system is physically unstable.",-1,,,,,,,,false
-1.0,-2.871794871794872,1.0,0.0001,0.0,1.0,256,50.0,auto,auto,periodic,"Simulation diverged at t=0: eigenvalue Re(λ)=2.246e+00 predicts growth factor 6.00e+48 over Δt=50.0, exceeding threshold 1e+08. The system is physically unstable.",diverged,"Simulation diverged at t=0: eigenvalue Re(λ)=2.246e+00 predicts growth factor 6.00e+48 over Δt=50.0, exceeding threshold 1e+08. The system is physically unstable.",-1,,,,,,,,false
-1.0,-2.8076923076923075,1.0,0.0001,0.0,1.0,256,50.0,auto,auto,periodic,"Simulation diverged at t=0: eigenvalue Re(λ)=1.869e+00 predicts growth factor 3.81e+40 over Δt=50.0, exceeding threshold 1e+08. The system is physically unstable.",diverged,"Simulation diverged at t=0: eigenvalue Re(λ)=1.869e+00 predicts growth factor 3.81e+40 over Δt=50.0, exceeding threshold 1e+08. The system is physically unstable.",-1,,,,,,,,false
-1.0,-2.7435897435897436,1.0,0.0001,0.0,1.0,256,50.0,auto,auto,periodic,"Simulation diverged at t=0: eigenvalue Re(λ)=6.071e+00 predicts growth factor 6.75e+131 over Δt=50.0, exceeding threshold 1e+08. The system is physically unstable.",diverged,"Simulation diverged at t=0: eigenvalue Re(λ)=6.071e+00 predicts growth factor 6.75e+131 over Δt=50.0, exceeding threshold 1e+08. The system is physically unstable.",-1,,,,,,,,false
-1.0,-2.6794871794871797,1.0,0.0001,0.0,1.0,256,50.0,auto,auto,periodic,"Simulation diverged at t=0: eigenvalue Re(λ)=2.747e+00 predicts growth factor 4.50e+59 over Δt=50.0, exceeding threshold 1e+08. The system is physically unstable.",diverged,"Simulation diverged at t=0: eigenvalue Re(λ)=2.747e+00 predicts growth factor 4.50e+59 over Δt=50.0, exceeding threshold 1e+08. The system is physically unstable.",-1,,,,,,,,false
-1.0,-2.6153846153846154,1.0,0.0001,0.0,1.0,256,50.0,auto,auto,periodic,"Simulation diverged at t=0: eigenvalue Re(λ)=2.026e+00 predicts growth factor 9.90e+43 over Δt=50.0, exceeding threshold 1e+08. The system is physically unstable.",diverged,"Simulation diverged at t=0: eigenvalue Re(λ)=2.026e+00 predicts growth factor 9.90e+43 over Δt=50.0, exceeding threshold 1e+08. The system is physically unstable.",-1,,,,,,,,false
-1.0,-2.551282051282051,1.0,0.0001,0.0,1.0,256,50.0,auto,auto,periodic,"Simulation diverged at t=0: eigenvalue Re(λ)=1.665e+00 predicts growth factor 1.40e+36 over Δt=50.0, exceeding threshold 1e+08. The system is physically unstable.",diverged,"Simulation diverged at t=0: eigenvalue Re(λ)=1.665e+00 predicts growth factor 1.40e+36 over Δt=50.0, exceeding threshold 1e+08. The system is physically unstable.",-1,,,,,,,,false
-1.0,-2.4871794871794872,1.0,0.0001,0.0,1.0,256,50.0,auto,auto,periodic,"Simulation diverged at t=0: eigenvalue Re(λ)=3.525e+00 predicts growth factor 3.44e+76 over Δt=50.0, exceeding threshold 1e+08. The system is physically unstable.",diverged,"Simulation diverged at t=0: eigenvalue Re(λ)=3.525e+00 predicts growth factor 3.44e+76 over Δt=50.0, exceeding threshold 1e+08. The system is physically unstable.",-1,,,,,,,,false
-1.0,-2.4230769230769234,1.0,0.0001,0.0,1.0,256,50.0,auto,auto,periodic,"Simulation diverged at t=0: eigenvalue Re(λ)=2.096e+00 predicts growth factor 3.21e+45 over Δt=50.0, exceeding threshold 1e+08. The system is physically unstable.",diverged,"Simulation diverged at t=0: eigenvalue Re(λ)=2.096e+00 predicts growth factor 3.21e+45 over Δt=50.0, exceeding threshold 1e+08. The system is physically unstable.",-1,,,,,,,,false
-1.0,-2.358974358974359,1.0,0.0001,0.0,1.0,256,50.0,auto,auto,periodic,"Simulation diverged at t=0: eigenvalue Re(λ)=1.615e+00 predicts growth factor 1.17e+35 over Δt=50.0, exceeding threshold 1e+08. The system is physically unstable.",diverged,"Simulation diverged at t=0: eigenvalue Re(λ)=1.615e+00 predicts growth factor 1.17e+35 over Δt=50.0, exceeding threshold 1e+08. The system is physically unstable.",-1,,,,,,,,false
-1.0,-2.2948717948717947,1.0,0.0001,0.0,1.0,256,50.0,auto,auto,periodic,"Simulation diverged at t=0: eigenvalue Re(λ)=3.688e+00 predicts growth factor 1.23e+80 over Δt=50.0, exceeding threshold 1e+08. The system is physically unstable.",diverged,"Simulation diverged at t=0: eigenvalue Re(λ)=3.688e+00 predicts growth factor 1.23e+80 over Δt=50.0, exceeding threshold 1e+08. The system is physically unstable.",-1,,,,,,,,false
-1.0,-2.230769230769231,1.0,0.0001,0.0,1.0,256,50.0,auto,auto,periodic,"Simulation diverged at t=0: eigenvalue Re(λ)=1.886e+00 predicts growth factor 9.21e+40 over Δt=50.0, exceeding threshold 1e+08. The system is physically unstable.",diverged,"Simulation diverged at t=0: eigenvalue Re(λ)=1.886e+00 predicts growth factor 9.21e+40 over Δt=50.0, exceeding threshold 1e+08. The system is physically unstable.",-1,,,,,,,,false
-1.0,-2.166666666666667,1.0,0.0001,0.0,1.0,256,50.0,auto,auto,periodic,"Simulation diverged at t=0: eigenvalue Re(λ)=1.413e+00 predicts growth factor 4.79e+30 over Δt=50.0, exceeding threshold 1e+08. The system is physically unstable.",diverged,"Simulation diverged at t=0: eigenvalue Re(λ)=1.413e+00 predicts growth factor 4.79e+30 over Δt=50.0, exceeding threshold 1e+08. The system is physically unstable.",-1,,,,,,,,false
-1.0,-2.1025641025641026,1.0,0.0001,0.0,1.0,256,50.0,auto,auto,periodic,"Simulation diverged at t=0: eigenvalue Re(λ)=2.245e+00 predicts growth factor 5.50e+48 over Δt=50.0, exceeding threshold 1e+08. The system is physically unstable.",diverged,"Simulation diverged at t=0: eigenvalue Re(λ)=2.245e+00 predicts growth factor 5.50e+48 over Δt=50.0, exceeding threshold 1e+08. The system is physically unstable.",-1,,,,,,,,false
-1.0,-2.0384615384615383,1.0,0.0001,0.0,1.0,256,50.0,auto,auto,periodic,"Simulation diverged at t=0: eigenvalue Re(λ)=1.393e+00 predicts growth factor 1.79e+30 over Δt=50.0, exceeding threshold 1e+08. The system is physically unstable.",diverged,"Simulation diverged at t=0: eigenvalue Re(λ)=1.393e+00 predicts growth factor 1.79e+30 over Δt=50.0, exceeding threshold 1e+08. The system is physically unstable.",-1,,,,,,,,false
-1.0,-1.9743589743589745,1.0,0.0001,0.0,1.0,256,50.0,auto,auto,periodic,"Simulation diverged at t=0: eigenvalue Re(λ)=2.164e+00 predicts growth factor 9.72e+46 over Δt=50.0, exceeding threshold 1e+08. The system is physically unstable.",diverged,"Simulation diverged at t=0: eigenvalue Re(λ)=2.164e+00 predicts growth factor 9.72e+46 over Δt=50.0, exceeding threshold 1e+08. The system is physically unstable.",-1,,,,,,,,false
-1.0,-1.9102564102564104,1.0,0.0001,0.0,1.0,256,50.0,auto,auto,periodic,"Simulation diverged at t=0: eigenvalue Re(λ)=1.179e+00 predicts growth factor 4.02e+25 over Δt=50.0, exceeding threshold 1e+08. The system is physically unstable.",diverged,"Simulation diverged at t=0: eigenvalue Re(λ)=1.179e+00 predicts growth factor 4.02e+25 over Δt=50.0, exceeding threshold 1e+08. The system is physically unstable.",-1,,,,,,,,false
-1.0,-1.8461538461538463,1.0,0.0001,0.0,1.0,256,50.0,auto,auto,periodic,"Simulation diverged at t=0: eigenvalue Re(λ)=1.251e+00 predicts growth factor 1.47e+27 over Δt=50.0, exceeding threshold 1e+08. The system is physically unstable.",diverged,"Simulation diverged at t=0: eigenvalue Re(λ)=1.251e+00 predicts growth factor 1.47e+27 over Δt=50.0, exceeding threshold 1e+08. The system is physically unstable.",-1,,,,,,,,false
-1.0,-1.7820512820512822,1.0,0.0001,0.0,1.0,256,50.0,auto,auto,periodic,"Simulation diverged at t=0: eigenvalue Re(λ)=1.008e+00 predicts growth factor 7.59e+21 over Δt=50.0, exceeding threshold 1e+08. The system is physically unstable.",diverged,"Simulation diverged at t=0: eigenvalue Re(λ)=1.008e+00 predicts growth factor 7.59e+21 over Δt=50.0, exceeding threshold 1e+08. The system is physically unstable.",-1,,,,,,,,false
-1.0,-1.717948717948718,1.0,0.0001,0.0,1.0,256,50.0,auto,auto,periodic,"Simulation diverged at t=0: eigenvalue Re(λ)=4.022e-01 predicts growth factor 5.41e+08 over Δt=50.0, exceeding threshold 1e+08. The system is physically unstable.",diverged,"Simulation diverged at t=0: eigenvalue Re(λ)=4.022e-01 predicts growth factor 5.41e+08 over Δt=50.0, exceeding threshold 1e+08. The system is physically unstable.",-1,,,,,,,,false
-1.0,-1.653846153846154,1.0,0.0001,0.0,1.0,256,50.0,auto,auto,periodic,"Simulation diverged at t=0: eigenvalue Re(λ)=4.308e-01 predicts growth factor 2.26e+09 over Δt=50.0, exceeding threshold 1e+08. The system is physically unstable.",diverged,"Simulation diverged at t=0: eigenvalue Re(λ)=4.308e-01 predicts growth factor 2.26e+09 over Δt=50.0, exceeding threshold 1e+08. The system is physically unstable.",-1,,,,,,,,false
-1.0,-1.5897435897435899,1.0,0.0001,0.0,1.0,256,50.0,auto,auto,periodic,"Simulation diverged at t=0: eigenvalue Re(λ)=4.559e-01 predicts growth factor 7.93e+09 over Δt=50.0, exceeding threshold 1e+08. The system is physically unstable.",diverged,"Simulation diverged at t=0: eigenvalue Re(λ)=4.559e-01 predicts growth factor 7.93e+09 over Δt=50.0, exceeding threshold 1e+08. The system is physically unstable.",-1,,,,,,,,false
-1.0,-1.5256410256410258,1.0,0.0001,0.0,1.0,256,50.0,auto,auto,periodic,"Simulation diverged at t=0: eigenvalue Re(λ)=4.065e-01 predicts growth factor 6.72e+08 over Δt=50.0, exceeding threshold 1e+08. The system is physically unstable.",diverged,"Simulation diverged at t=0: eigenvalue Re(λ)=4.065e-01 predicts growth factor 6.72e+08 over Δt=50.0, exceeding threshold 1e+08. The system is physically unstable.",-1,,,,,,,,false
-1.0,-1.4615384615384617,1.0,0.0001,0.0,1.0,256,50.0,auto,auto,periodic,"Simulation diverged at t=0: eigenvalue Re(λ)=4.302e-01 predicts growth factor 2.19e+09 over Δt=50.0, exceeding threshold 1e+08. The system is physically unstable.",diverged,"Simulation diverged at t=0: eigenvalue Re(λ)=4.302e-01 predicts growth factor 2.19e+09 over Δt=50.0, exceeding threshold 1e+08. The system is physically unstable.",-1,,,,,,,,false
-1.0,-1.3974358974358976,1.0,0.0001,0.0,1.0,256,50.0,auto,auto,periodic,"Simulation diverged at t=0: eigenvalue Re(λ)=3.984e-01 predicts growth factor 4.49e+08 over Δt=50.0, exceeding threshold 1e+08. The system is physically unstable.",diverged,"Simulation diverged at t=0: eigenvalue Re(λ)=3.984e-01 predicts growth factor 4.49e+08 over Δt=50.0, exceeding threshold 1e+08. The system is physically unstable.",-1,,,,,,,,false
-1.0,-1.3333333333333335,1.0,0.0001,0.0,1.0,256,50.0,auto,auto,periodic,"Simulation diverged at t=0: eigenvalue Re(λ)=3.708e-01 predicts growth factor 1.13e+08 over Δt=50.0, exceeding threshold 1e+08. The system is physically unstable.",diverged,"Simulation diverged at t=0: eigenvalue Re(λ)=3.708e-01 predicts growth factor 1.13e+08 over Δt=50.0, exceeding threshold 1e+08. The system is physically unstable.",-1,,,,,,,,false
-1.0,-1.2692307692307694,1.0,0.0001,0.0,1.0,256,50.0,auto,auto,periodic,"Simulation diverged at t=0: eigenvalue Re(λ)=3.860e-01 predicts growth factor 2.41e+08 over Δt=50.0, exceeding threshold 1e+08. The system is physically unstable.",diverged,"Simulation diverged at t=0: eigenvalue Re(λ)=3.860e-01 predicts growth factor 2.41e+08 over Δt=50.0, exceeding threshold 1e+08. The system is physically unstable.",-1,,,,,,,,false
-1.0,-1.2051282051282053,1.0,0.0001,0.0,1.0,256,50.0,auto,auto,periodic,"Simulation diverged at t=0: eigenvalue Re(λ)=3.866e-01 predicts growth factor 2.48e+08 over Δt=50.0, exceeding threshold 1e+08. The system is physically unstable.",diverged,"Simulation diverged at t=0: eigenvalue Re(λ)=3.866e-01 predicts growth factor 2.48e+08 over Δt=50.0, exceeding threshold 1e+08. The system is physically unstable.",-1,,,,,,,,false
-1.0,-1.1410256410256412,1.0,0.0001,0.0,1.0,256,50.0,auto,auto,periodic,"Simulation diverged at t=0: eigenvalue Re(λ)=3.748e-01 predicts growth factor 1.38e+08 over Δt=50.0, exceeding threshold 1e+08. The system is physically unstable.",diverged,"Simulation diverged at t=0: eigenvalue Re(λ)=3.748e-01 predicts growth factor 1.38e+08 over Δt=50.0, exceeding threshold 1e+08. The system is physically unstable.",-1,,,,,,,,false
-1.0,-1.076923076923077,1.0,0.0001,0.0,1.0,256,50.0,auto,auto,periodic,,success,,0,581.9266246767077,50.0,581.9266246767077,1.1,5.8193e+10,,,false
-1.0,-1.012820512820513,1.0,0.0001,0.0,1.0,256,50.0,auto,auto,periodic,,success,,0,81.463641650196,50.0,81.463641650196,0.89,8.1464e+09,,,false
-1.0,-0.9487179487179489,1.0,0.0001,0.0,1.0,256,50.0,auto,auto,periodic,,success,,0,12.015459731552374,50.0,12.015459731552374,1.26,1.2015e+09,,,false
-1.0,-0.884615384615385,1.0,0.0001,0.0,1.0,256,50.0,auto,auto,periodic,,success,,0,1.8541790846993929,50.0,1.8541790846993929,0.94,1.8542e+08,,,false
-1.0,-0.8205128205128207,1.0,0.0001,0.0,1.0,256,50.0,auto,auto,periodic,,success,,0,0.2976464404865329,50.0,0.2976464404865329,0.92,2.9765e+07,,,false
-1.0,-0.7564102564102564,1.0,0.0001,0.0,1.0,256,50.0,auto,auto,periodic,,success,,0,0.04946629730626697,50.0,0.04946629730626697,0.95,4.9466e+06,7.914624e+03,3.8984,true
-1.0,-0.6923076923076925,1.0,0.0001,0.0,1.0,256,50.0,auto,auto,periodic,,success,,0,0.008476704435840827,50.0,0.008476704435840827,0.99,8.4767e+05,1.356276e+03,3.1323,true
-1.0,-0.6282051282051286,1.0,0.0001,0.0,1.0,256,50.0,auto,auto,periodic,,success,,0,0.0014926738625689806,50.0,0.0014926738625689806,1.06,1.4927e+05,2.388283e+02,2.3781,true
-1.0,-0.5641025641025643,1.0,0.0001,0.0,1.0,256,50.0,auto,auto,periodic,,success,,0,0.0002693088809728908,50.0,0.0002693088809728908,1.0,2.6931e+04,4.308951e+01,1.6344,true
-1.0,-0.5,1.0,0.0001,0.0,1.0,256,50.0,auto,auto,periodic,,success,,0,4.965901924632012e-05,50.0,4.965901924632012e-05,1.02,4.9659e+03,7.945460e+00,0.9001,true
-0.9591836734693877,-3.0,1.0,0.0001,0.0,1.0,256,50.0,auto,auto,periodic,"Simulation diverged at t=0: eigenvalue Re(λ)=2.145e+00 predicts growth factor 3.74e+46 over Δt=50.0, exceeding threshold 1e+08. The system is physically unstable.",diverged,"Simulation diverged at t=0: eigenvalue Re(λ)=2.145e+00 predicts growth factor 3.74e+46 over Δt=50.0, exceeding threshold 1e+08. The system is physically unstable.",-1,,,,,,,,false
-0.9591836734693877,-2.935897435897436,1.0,0.0001,0.0,1.0,256,50.0,auto,auto,periodic,"Simulation diverged at t=0: eigenvalue Re(λ)=1.844e+00 predicts growth factor 1.10e+40 over Δt=50.0, exceeding threshold 1e+08. The system is physically unstable.",diverged,"Simulation diverged at t=0: eigenvalue Re(λ)=1.844e+00 predicts growth factor 1.10e+40 over Δt=50.0, exceeding threshold 1e+08. The system is physically unstable.",-1,,,,,,,,false
-0.9591836734693877,-2.871794871794872,1.0,0.0001,0.0,1.0,256,50.0,auto,auto,periodic,"Simulation diverged at t=0: eigenvalue Re(λ)=3.714e+00 predicts growth factor 4.47e+80 over Δt=50.0, exceeding threshold 1e+08. The system is physically unstable.",diverged,"Simulation diverged at t=0: eigenvalue Re(λ)=3.714e+00 predicts growth factor 4.47e+80 over Δt=50.0, exceeding threshold 1e+08. The system is physically unstable.",-1,,,,,,,,false
-0.9591836734693877,-2.8076923076923075,1.0,0.0001,0.0,1.0,256,50.0,auto,auto,periodic,"Simulation diverged at t=0: eigenvalue Re(λ)=2.490e+00 predicts growth factor 1.16e+54 over Δt=50.0, exceeding threshold 1e+08. The system is physically unstable.",diverged,"Simulation diverged at t=0: eigenvalue Re(λ)=2.490e+00 predicts growth factor 1.16e+54 over Δt=50.0, exceeding threshold 1e+08. The system is physically unstable.",-1,,,,,,,,false
-0.9591836734693877,-2.7435897435897436,1.0,0.0001,0.0,1.0,256,50.0,auto,auto,periodic,"Simulation diverged at t=0: eigenvalue Re(λ)=1.980e+00 predicts growth factor 9.66e+42 over Δt=50.0, exceeding threshold 1e+08. The system is physically unstable.",diverged,"Simulation diverged at t=0: eigenvalue Re(λ)=1.980e+00 predicts growth factor 9.66e+42 over Δt=50.0, exceeding threshold 1e+08. The system is physically unstable.",-1,,,,,,,,false
-0.9591836734693877,-2.6794871794871797,1.0,0.0001,0.0,1.0,256,50.0,auto,auto,periodic,"Simulation diverged at t=0: eigenvalue Re(λ)=4.125e+01 predicts growth factor 1.01e+304 over Δt=50.0, exceeding threshold 1e+08. The system is physically unstable.",diverged,"Simulation diverged at t=0: eigenvalue Re(λ)=4.125e+01 predicts growth factor 1.01e+304 over Δt=50.0, exceeding threshold 1e+08. The system is physically unstable.",-1,,,,,,,,false
-0.9591836734693877,-2.6153846153846154,1.0,0.0001,0.0,1.0,256,50.0,auto,auto,periodic,"Simulation diverged at t=0: eigenvalue Re(λ)=2.964e+00 predicts growth factor 2.28e+64 over Δt=50.0, exceeding threshold 1e+08. The system is physically unstable.",diverged,"Simulation diverged at t=0: eigenvalue Re(λ)=2.964e+00 predicts growth factor 2.28e+64 over Δt=50.0, exceeding threshold 1e+08. The system is physically unstable.",-1,,,,,,,,false
-0.9591836734693877,-2.551282051282051,1.0,0.0001,0.0,1.0,256,50.0,auto,auto,periodic,"Simulation diverged at t=0: eigenvalue Re(λ)=2.068e+00 predicts growth factor 8.17e+44 over Δt=50.0, exceeding threshold 1e+08. The system is physically unstable.",diverged,"Simulation diverged at t=0: eigenvalue Re(λ)=2.068e+00 predicts growth factor 8.17e+44 over Δt=50.0, exceeding threshold 1e+08. The system is physically unstable.",-1,,,,,,,,false
-0.9591836734693877,-2.4871794871794872,1.0,0.0001,0.0,1.0,256,50.0,auto,auto,periodic,"Simulation diverged at t=0: eigenvalue Re(λ)=1.664e+00 predicts growth factor 1.39e+36 over Δt=50.0, exceeding threshold 1e+08. The system is physically unstable.",diverged,"Simulation diverged at t=0: eigenvalue Re(λ)=1.664e+00 predicts growth factor 1.39e+36 over Δt=50.0, exceeding threshold 1e+08. The system is physically unstable.",-1,,,,,,,,false
-0.9591836734693877,-2.4230769230769234,1.0,0.0001,0.0,1.0,256,50.0,auto,auto,periodic,"Simulation diverged at t=0: eigenvalue Re(λ)=3.278e+00 predicts growth factor 1.55e+71 over Δt=50.0, exceeding threshold 1e+08. The system is physically unstable.",diverged,"Simulation diverged at t=0: eigenvalue Re(λ)=3.278e+00 predicts growth factor 1.55e+71 over Δt=50.0, exceeding threshold 1e+08. The system is physically unstable.",-1,,,,,,,,false
-0.9591836734693877,-2.358974358974359,1.0,0.0001,0.0,1.0,256,50.0,auto,auto,periodic,"Simulation diverged at t=0: eigenvalue Re(λ)=1.983e+00 predicts growth factor 1.17e+43 over Δt=50.0, exceeding threshold 1e+08. The system is physically unstable.",diverged,"Simulation diverged at t=0: eigenvalue Re(λ)=1.983e+00 predicts growth factor 1.17e+43 over Δt=50.0, exceeding threshold 1e+08. The system is physically unstable.",-1,,,,,,,,false
-0.9591836734693877,-2.2948717948717947,1.0,0.0001,0.0,1.0,256,50.0,auto,auto,periodic,"Simulation diverged at t=0: eigenvalue Re(λ)=1.533e+00 predicts growth factor 1.94e+33 over Δt=50.0, exceeding threshold 1e+08. The system is physically unstable.",diverged,"Simulation diverged at t=0: eigenvalue Re(λ)=1.533e+00 predicts growth factor 1.94e+33 over Δt=50.0, exceeding threshold 1e+08. The system is physically unstable.",-1,,,,,,,,false
-0.9591836734693877,-2.230769230769231,1.0,0.0001,0.0,1.0,256,50.0,auto,auto,periodic,"Simulation diverged at t=0: eigenvalue Re(λ)=2.632e+00 predicts growth factor 1.40e+57 over Δt=50.0, exceeding threshold 1e+08. The system is physically unstable.",diverged,"Simulation diverged at t=0: eigenvalue Re(λ)=2.632e+00 predicts growth factor 1.40e+57 over Δt=50.0, exceeding threshold 1e+08. The system is physically unstable.",-1,,,,,,,,false
-0.9591836734693877,-2.166666666666667,1.0,0.0001,0.0,1.0,256,50.0,auto,auto,periodic,"Simulation diverged at t=0: eigenvalue Re(λ)=1.633e+00 predicts growth factor 2.86e+35 over Δt=50.0, exceeding threshold 1e+08. The system is physically unstable.",diverged,"Simulation diverged at t=0: eigenvalue Re(λ)=1.633e+00 predicts growth factor 2.86e+35 over Δt=50.0, exceeding threshold 1e+08. The system is physically unstable.",-1,,,,,,,,false
-0.9591836734693877,-2.1025641025641026,1.0,0.0001,0.0,1.0,256,50.0,auto,auto,periodic,"Simulation diverged at t=0: eigenvalue Re(λ)=4.317e+00 predicts growth factor 5.50e+93 over Δt=50.0, exceeding threshold 1e+08. The system is physically unstable.",diverged,"Simulation diverged at t=0: eigenvalue Re(λ)=4.317e+00 predicts growth factor 5.50e+93 over Δt=50.0, exceeding threshold 1e+08. The system is physically unstable.",-1,,,,,,,,false
-0.9591836734693877,-2.0384615384615383,1.0,0.0001,0.0,1.0,256,50.0,auto,auto,periodic,"Simulation diverged at t=0: eigenvalue Re(λ)=1.603e+00 predicts growth factor 6.53e+34 over Δt=50.0, exceeding threshold 1e+08. The system is physically unstable.",diverged,"Simulation diverged at t=0: eigenvalue Re(λ)=1.603e+00 predicts growth factor 6.53e+34 over Δt=50.0, exceeding threshold 1e+08. The system is physically unstable.",-1,,,,,,,,false
-0.9591836734693877,-1.9743589743589745,1.0,0.0001,0.0,1.0,256,50.0,auto,auto,periodic,"Simulation diverged at t=0: eigenvalue Re(λ)=3.898e+00 predicts growth factor 4.44e+84 over Δt=50.0, exceeding threshold 1e+08. The system is physically unstable.",diverged,"Simulation diverged at t=0: eigenvalue Re(λ)=3.898e+00 predicts growth factor 4.44e+84 over Δt=50.0, exceeding threshold 1e+08. The system is physically unstable.",-1,,,,,,,,false
-0.9591836734693877,-1.9102564102564104,1.0,0.0001,0.0,1.0,256,50.0,auto,auto,periodic,"Simulation diverged at t=0: eigenvalue Re(λ)=1.284e+00 predicts growth factor 7.56e+27 over Δt=50.0, exceeding threshold 1e+08. The system is physically unstable.",diverged,"Simulation diverged at t=0: eigenvalue Re(λ)=1.284e+00 predicts growth factor 7.56e+27 over Δt=50.0, exceeding threshold 1e+08. The system is physically unstable.",-1,,,,,,,,false
-0.9591836734693877,-1.8461538461538463,1.0,0.0001,0.0,1.0,256,50.0,auto,auto,periodic,"Simulation diverged at t=0: eigenvalue Re(λ)=1.386e+00 predicts growth factor 1.25e+30 over Δt=50.0, exceeding threshold 1e+08. The system is physically unstable.",diverged,"Simulation diverged at t=0: eigenvalue Re(λ)=1.386e+00 predicts growth factor 1.25e+30 over Δt=50.0, exceeding threshold 1e+08. The system is physically unstable.",-1,,,,,,,,false
-0.9591836734693877,-1.7820512820512822,1.0,0.0001,0.0,1.0,256,50.0,auto,auto,periodic,"Simulation diverged at t=0: eigenvalue Re(λ)=1.057e+00 predicts growth factor 8.85e+22 over Δt=50.0, exceeding threshold 1e+08. The system is physically unstable.",diverged,"Simulation diverged at t=0: eigenvalue Re(λ)=1.057e+00 predicts growth factor 8.85e+22 over Δt=50.0, exceeding threshold 1e+08. The system is physically unstable.",-1,,,,,,,,false
-0.9591836734693877,-1.717948717948718,1.0,0.0001,0.0,1.0,256,50.0,auto,auto,periodic,"Simulation diverged at t=0: eigenvalue Re(λ)=3.907e-01 predicts growth factor 3.04e+08 over Δt=50.0, exceeding threshold 1e+08. The system is physically unstable.",diverged,"Simulation diverged at t=0: eigenvalue Re(λ)=3.907e-01 predicts growth factor 3.04e+08 over Δt=50.0, exceeding threshold 1e+08. The system is physically unstable.",-1,,,,,,,,false
-0.9591836734693877,-1.653846153846154,1.0,0.0001,0.0,1.0,256,50.0,auto,auto,periodic,"Simulation diverged at t=0: eigenvalue Re(λ)=4.190e-01 predicts growth factor 1.25e+09 over Δt=50.0, exceeding threshold 1e+08. The system is physically unstable.",diverged,"Simulation diverged at t=0: eigenvalue Re(λ)=4.190e-01 predicts growth factor 1.25e+09 over Δt=50.0, exceeding threshold 1e+08. The system is physically unstable.",-1,,,,,,,,false
-0.9591836734693877,-1.5897435897435899,1.0,0.0001,0.0,1.0,256,50.0,auto,auto,periodic,"Simulation diverged at t=0: eigenvalue Re(λ)=4.440e-01 predicts growth factor 4.37e+09 over Δt=50.0, exceeding threshold 1e+08. The system is physically unstable.",diverged,"Simulation diverged at t=0: eigenvalue Re(λ)=4.440e-01 predicts growth factor 4.37e+09 over Δt=50.0, exceeding threshold 1e+08. The system is physically unstable.",-1,,,,,,,,false
-0.9591836734693877,-1.5256410256410258,1.0,0.0001,0.0,1.0,256,50.0,auto,auto,periodic,"Simulation diverged at t=0: eigenvalue Re(λ)=3.938e-01 predicts growth factor 3.57e+08 over Δt=50.0, exceeding threshold 1e+08. The system is physically unstable.",diverged,"Simulation diverged at t=0: eigenvalue Re(λ)=3.938e-01 predicts growth factor 3.57e+08 over Δt=50.0, exceeding threshold 1e+08. The system is physically unstable.",-1,,,,,,,,false
-0.9591836734693877,-1.4615384615384617,1.0,0.0001,0.0,1.0,256,50.0,auto,auto,periodic,"Simulation diverged at t=0: eigenvalue Re(λ)=4.172e-01 predicts growth factor 1.15e+09 over Δt=50.0, exceeding threshold 1e+08. The system is physically unstable.",diverged,"Simulation diverged at t=0: eigenvalue Re(λ)=4.172e-01 predicts growth factor 1.15e+09 over Δt=50.0, exceeding threshold 1e+08. The system is physically unstable.",-1,,,,,,,,false
-0.9591836734693877,-1.3974358974358976,1.0,0.0001,0.0,1.0,256,50.0,auto,auto,periodic,"Simulation diverged at t=0: eigenvalue Re(λ)=3.848e-01 predicts growth factor 2.27e+08 over Δt=50.0, exceeding threshold 1e+08. The system is physically unstable.",diverged,"Simulation diverged at t=0: eigenvalue Re(λ)=3.848e-01 predicts growth factor 2.27e+08 over Δt=50.0, exceeding threshold 1e+08. The system is physically unstable.",-1,,,,,,,,false
-0.9591836734693877,-1.3333333333333335,1.0,0.0001,0.0,1.0,256,50.0,auto,auto,periodic,"Simulation diverged at t=0: eigenvalue Re(λ)=3.964e-01 predicts growth factor 4.06e+08 over Δt=50.0, exceeding threshold 1e+08. The system is physically unstable.",diverged,"Simulation diverged at t=0: eigenvalue Re(λ)=3.964e-01 predicts growth factor 4.06e+08 over Δt=50.0, exceeding threshold 1e+08. The system is physically unstable.",-1,,,,,,,,false
-0.9591836734693877,-1.2692307692307694,1.0,0.0001,0.0,1.0,256,50.0,auto,auto,periodic,"Simulation diverged at t=0: eigenvalue Re(λ)=3.711e-01 predicts growth factor 1.14e+08 over Δt=50.0, exceeding threshold 1e+08. The system is physically unstable.",diverged,"Simulation diverged at t=0: eigenvalue Re(λ)=3.711e-01 predicts growth factor 1.14e+08 over Δt=50.0, exceeding threshold 1e+08. The system is physically unstable.",-1,,,,,,,,false
-0.9591836734693877,-1.2051282051282053,1.0,0.0001,0.0,1.0,256,50.0,auto,auto,periodic,"Simulation diverged at t=0: eigenvalue Re(λ)=3.709e-01 predicts growth factor 1.13e+08 over Δt=50.0, exceeding threshold 1e+08. The system is physically unstable.",diverged,"Simulation diverged at t=0: eigenvalue Re(λ)=3.709e-01 predicts growth factor 1.13e+08 over Δt=50.0, exceeding threshold 1e+08. The system is physically unstable.",-1,,,,,,,,false
-0.9591836734693877,-1.1410256410256412,1.0,0.0001,0.0,1.0,256,50.0,auto,auto,periodic,,success,,0,824.6708897802381,50.0,824.6708897802381,1.15,8.2467e+10,,,false
-0.9591836734693877,-1.076923076923077,1.0,0.0001,0.0,1.0,256,50.0,auto,auto,periodic,,success,,0,96.51973912751043,50.0,96.51973912751043,1.0,9.6520e+09,,,false
-0.9591836734693877,-1.012820512820513,1.0,0.0001,0.0,1.0,256,50.0,auto,auto,periodic,,success,,0,12.025746169256486,50.0,12.025746169256486,0.96,1.2026e+09,,,false
-0.9591836734693877,-0.9487179487179489,1.0,0.0001,0.0,1.0,256,50.0,auto,auto,periodic,,success,,0,1.580575849702744,50.0,1.580575849702744,0.94,1.5806e+08,,,false
-0.9591836734693877,-0.884615384615385,1.0,0.0001,0.0,1.0,256,50.0,auto,auto,periodic,,success,,0,0.21754155363017944,50.0,0.21754155363017944,1.1,2.1754e+07,,,false
-0.9591836734693877,-0.8205128205128207,1.0,0.0001,0.0,1.0,256,50.0,auto,auto,periodic,,success,,0,0.03116608279546892,50.0,0.03116608279546892,1.0,3.1166e+06,4.986584e+03,3.6978,true
-0.9591836734693877,-0.7564102564102564,1.0,0.0001,0.0,1.0,256,50.0,auto,auto,periodic,,success,,0,0.004624497903448398,50.0,0.004624497903448398,1.18,4.6245e+05,7.399212e+02,2.8692,true
-0.9591836734693877,-0.6923076923076925,1.0,0.0001,0.0,1.0,256,50.0,auto,auto,periodic,,success,,0,0.0007077276698653161,50.0,0.0007077276698653161,1.2,7.0773e+04,1.132367e+02,2.0540,true
-0.9591836734693877,-0.6282051282051286,1.0,0.0001,0.0,1.0,256,50.0,auto,auto,periodic,,success,,0,0.00011131390122851201,50.0,0.00011131390122851201,1.05,1.1131e+04,1.781026e+01,1.2507,true
-0.9591836734693877,-0.5641025641025643,1.0,0.0001,0.0,1.0,256,50.0,auto,auto,periodic,,success,,0,1.7940135257028235e-05,50.0,1.7940135257028235e-05,1.04,1.7940e+03,2.870428e+00,0.4579,true
-0.9591836734693877,-0.5,1.0,0.0001,0.0,1.0,256,50.0,auto,auto,periodic,,success,,0,2.9556131841888474e-06,50.0,2.9556131841888474e-06,0.91,2.9556e+02,4.728991e-01,-0.3252,true
-0.9183673469387755,-3.0,1.0,0.0001,0.0,1.0,256,50.0,auto,auto,periodic,"Simulation diverged at t=0: eigenvalue Re(λ)=3.310e+00 predicts growth factor 7.40e+71 over Δt=50.0, exceeding threshold 1e+08. The system is physically unstable.",diverged,"Simulation diverged at t=0: eigenvalue Re(λ)=3.310e+00 predicts growth factor 7.40e+71 over Δt=50.0, exceeding threshold 1e+08. The system is physically unstable.",-1,,,,,,,,false
-0.9183673469387755,-2.935897435897436,1.0,0.0001,0.0,1.0,256,50.0,auto,auto,periodic,"Simulation diverged at t=0: eigenvalue Re(λ)=2.443e+00 predicts growth factor 1.13e+53 over Δt=50.0, exceeding threshold 1e+08. The system is physically unstable.",diverged,"Simulation diverged at t=0: eigenvalue Re(λ)=2.443e+00 predicts growth factor 1.13e+53 over Δt=50.0, exceeding threshold 1e+08. The system is physically unstable.",-1,,,,,,,,false
-0.9183673469387755,-2.871794871794872,1.0,0.0001,0.0,1.0,256,50.0,auto,auto,periodic,"Simulation diverged at t=0: eigenvalue Re(λ)=2.007e+00 predicts growth factor 3.77e+43 over Δt=50.0, exceeding threshold 1e+08. The system is physically unstable.",diverged,"Simulation diverged at t=0: eigenvalue Re(λ)=2.007e+00 predicts growth factor 3.77e+43 over Δt=50.0, exceeding threshold 1e+08. The system is physically unstable.",-1,,,,,,,,false
-0.9183673469387755,-2.8076923076923075,1.0,0.0001,0.0,1.0,256,50.0,auto,auto,periodic,"Simulation diverged at t=0: eigenvalue Re(λ)=5.781e+00 predicts growth factor 3.40e+125 over Δt=50.0, exceeding threshold 1e+08. The system is physically unstable.",diverged,"Simulation diverged at t=0: eigenvalue Re(λ)=5.781e+00 predicts growth factor 3.40e+125 over Δt=50.0, exceeding threshold 1e+08. The system is physically unstable.",-1,,,,,,,,false
-0.9183673469387755,-2.7435897435897436,1.0,0.0001,0.0,1.0,256,50.0,auto,auto,periodic,"Simulation diverged at t=0: eigenvalue Re(λ)=2.835e+00 predicts growth factor 3.58e+61 over Δt=50.0, exceeding threshold 1e+08. The system is physically unstable.",diverged,"Simulation diverged at t=0: eigenvalue Re(λ)=2.835e+00 predicts growth factor 3.58e+61 over Δt=50.0, exceeding threshold 1e+08. The system is physically unstable.",-1,,,,,,,,false
-0.9183673469387755,-2.6794871794871797,1.0,0.0001,0.0,1.0,256,50.0,auto,auto,periodic,"Simulation diverged at t=0: eigenvalue Re(λ)=2.109e+00 predicts growth factor 6.28e+45 over Δt=50.0, exceeding threshold 1e+08. The system is physically unstable.",diverged,"Simulation diverged at t=0: eigenvalue Re(λ)=2.109e+00 predicts growth factor 6.28e+45 over Δt=50.0, exceeding threshold 1e+08. The system is physically unstable.",-1,,,,,,,,false
-0.9183673469387755,-2.6153846153846154,1.0,0.0001,0.0,1.0,256,50.0,auto,auto,periodic,"Simulation diverged at t=0: eigenvalue Re(λ)=1.737e+00 predicts growth factor 5.14e+37 over Δt=50.0, exceeding threshold 1e+08. The system is physically unstable.",diverged,"Simulation diverged at t=0: eigenvalue Re(λ)=1.737e+00 predicts growth factor 5.14e+37 over Δt=50.0, exceeding threshold 1e+08. The system is physically unstable.",-1,,,,,,,,false
-0.9183673469387755,-2.551282051282051,1.0,0.0001,0.0,1.0,256,50.0,auto,auto,periodic,"Simulation diverged at t=0: eigenvalue Re(λ)=3.193e+00 predicts growth factor 2.17e+69 over Δt=50.0, exceeding threshold 1e+08. The system is physically unstable.",diverged,"Simulation diverged at t=0: eigenvalue Re(λ)=3.193e+00 predicts growth factor 2.17e+69 over Δt=50.0, exceeding threshold 1e+08. The system is physically unstable.",-1,,,,,,,,false
-0.9183673469387755,-2.4871794871794872,1.0,0.0001,0.0,1.0,256,50.0,auto,auto,periodic,"Simulation diverged at t=0: eigenvalue Re(λ)=2.093e+00 predicts growth factor 2.85e+45 over Δt=50.0, exceeding threshold 1e+08. The system is physically unstable.",diverged,"Simulation diverged at t=0: eigenvalue Re(λ)=2.093e+00 predicts growth factor 2.85e+45 over Δt=50.0, exceeding threshold 1e+08. The system is physically unstable.",-1,,,,,,,,false
-0.9183673469387755,-2.4230769230769234,1.0,0.0001,0.0,1.0,256,50.0,auto,auto,periodic,"Simulation diverged at t=0: eigenvalue Re(λ)=1.651e+00 predicts growth factor 6.99e+35 over Δt=50.0, exceeding threshold 1e+08. The system is physically unstable.",diverged,"Simulation diverged at t=0: eigenvalue Re(λ)=1.651e+00 predicts growth factor 6.99e+35 over Δt=50.0, exceeding threshold 1e+08. The system is physically unstable.",-1,,,,,,,,false
-0.9183673469387755,-2.358974358974359,1.0,0.0001,0.0,1.0,256,50.0,auto,auto,periodic,"Simulation diverged at t=0: eigenvalue Re(λ)=2.955e+00 predicts growth factor 1.48e+64 over Δt=50.0, exceeding threshold 1e+08. The system is physically unstable.",diverged,"Simulation diverged at t=0: eigenvalue Re(λ)=2.955e+00 predicts growth factor 1.48e+64 over Δt=50.0, exceeding threshold 1e+08. The system is physically unstable.",-1,,,,,,,,false
-0.9183673469387755,-2.2948717948717947,1.0,0.0001,0.0,1.0,256,50.0,auto,auto,periodic,"Simulation diverged at t=0: eigenvalue Re(λ)=1.850e+00 predicts growth factor 1.46e+40 over Δt=50.0, exceeding threshold 1e+08. The system is physically unstable.",diverged,"Simulation diverged at t=0: eigenvalue Re(λ)=1.850e+00 predicts growth factor 1.46e+40 over Δt=50.0, exceeding threshold 1e+08. The system is physically unstable.",-1,,,,,,,,false
-0.9183673469387755,-2.230769230769231,1.0,0.0001,0.0,1.0,256,50.0,auto,auto,periodic,"Simulation diverged at t=0: eigenvalue Re(λ)=1.440e+00 predicts growth factor 1.83e+31 over Δt=50.0, exceeding threshold 1e+08. The system is physically unstable.",diverged,"Simulation diverged at t=0: eigenvalue Re(λ)=1.440e+00 predicts growth factor 1.83e+31 over Δt=50.0, exceeding threshold 1e+08. The system is physically unstable.",-1,,,,,,,,false
-0.9183673469387755,-2.166666666666667,1.0,0.0001,0.0,1.0,256,50.0,auto,auto,periodic,"Simulation diverged at t=0: eigenvalue Re(λ)=2.054e+00 predicts growth factor 3.96e+44 over Δt=50.0, exceeding threshold 1e+08. The system is physically unstable.",diverged,"Simulation diverged at t=0: eigenvalue Re(λ)=2.054e+00 predicts growth factor 3.96e+44 over Δt=50.0, exceeding threshold 1e+08. The system is physically unstable.",-1,,,,,,,,false
-0.9183673469387755,-2.1025641025641026,1.0,0.0001,0.0,1.0,256,50.0,auto,auto,periodic,"Simulation diverged at t=0: eigenvalue Re(λ)=1.420e+00 predicts growth factor 6.73e+30 over Δt=50.0, exceeding threshold 1e+08. The system is physically unstable.",diverged,"Simulation diverged at t=0: eigenvalue Re(λ)=1.420e+00 predicts growth factor 6.73e+30 over Δt=50.0, exceeding threshold 1e+08. The system is physically unstable.",-1,,,,,,,,false
-0.9183673469387755,-2.0384615384615383,1.0,0.0001,0.0,1.0,256,50.0,auto,auto,periodic,"Simulation diverged at t=0: eigenvalue Re(λ)=2.003e+00 predicts growth factor 3.11e+43 over Δt=50.0, exceeding threshold 1e+08. The system is physically unstable.",diverged,"Simulation diverged at t=0: eigenvalue Re(λ)=2.003e+00 predicts growth factor 3.11e+43 over Δt=50.0, exceeding threshold 1e+08. The system is physically unstable.",-1,,,,,,,,false
-0.9183673469387755,-1.9743589743589745,1.0,0.0001,0.0,1.0,256,50.0,auto,auto,periodic,"Simulation diverged at t=0: eigenvalue Re(λ)=1.259e+00 predicts growth factor 2.20e+27 over Δt=50.0, exceeding threshold 1e+08. The system is physically unstable.",diverged,"Simulation diverged at t=0: eigenvalue Re(λ)=1.259e+00 predicts growth factor 2.20e+27 over Δt=50.0, exceeding threshold 1e+08. The system is physically unstable.",-1,,,,,,,,false
-0.9183673469387755,-1.9102564102564104,1.0,0.0001,0.0,1.0,256,50.0,auto,auto,periodic,"Simulation diverged at t=0: eigenvalue Re(λ)=1.442e+00 predicts growth factor 2.10e+31 over Δt=50.0, exceeding threshold 1e+08. The system is physically unstable.",diverged,"Simulation diverged at t=0: eigenvalue Re(λ)=1.442e+00 predicts growth factor 2.10e+31 over Δt=50.0, exceeding threshold 1e+08. The system is physically unstable.",-1,,,,,,,,false
-0.9183673469387755,-1.8461538461538463,1.0,0.0001,0.0,1.0,256,50.0,auto,auto,periodic,"Simulation diverged at t=0: eigenvalue Re(λ)=1.607e+00 predicts growth factor 7.79e+34 over Δt=50.0, exceeding threshold 1e+08. The system is physically unstable.",diverged,"Simulation diverged at t=0: eigenvalue Re(λ)=1.607e+00 predicts growth factor 7.79e+34 over Δt=50.0, exceeding threshold 1e+08. The system is physically unstable.",-1,,,,,,,,false
-0.9183673469387755,-1.7820512820512822,1.0,0.0001,0.0,1.0,256,50.0,auto,auto,periodic,"Simulation diverged at t=0: eigenvalue Re(λ)=1.122e+00 predicts growth factor 2.33e+24 over Δt=50.0, exceeding threshold 1e+08. The system is physically unstable.",diverged,"Simulation diverged at t=0: eigenvalue Re(λ)=1.122e+00 predicts growth factor 2.33e+24 over Δt=50.0, exceeding threshold 1e+08. The system is physically unstable.",-1,,,,,,,,false
-0.9183673469387755,-1.717948717948718,1.0,0.0001,0.0,1.0,256,50.0,auto,auto,periodic,"Simulation diverged at t=0: eigenvalue Re(λ)=3.787e-01 predicts growth factor 1.67e+08 over Δt=50.0, exceeding threshold 1e+08. The system is physically unstable.",diverged,"Simulation diverged at t=0: eigenvalue Re(λ)=3.787e-01 predicts growth factor 1.67e+08 over Δt=50.0, exceeding threshold 1e+08. The system is physically unstable.",-1,,,,,,,,false
-0.9183673469387755,-1.653846153846154,1.0,0.0001,0.0,1.0,256,50.0,auto,auto,periodic,"Simulation diverged at t=0: eigenvalue Re(λ)=4.065e-01 predicts growth factor 6.73e+08 over Δt=50.0, exceeding threshold 1e+08. The system is physically unstable.",diverged,"Simulation diverged at t=0: eigenvalue Re(λ)=4.065e-01 predicts growth factor 6.73e+08 over Δt=50.0, exceeding threshold 1e+08. The system is physically unstable.",-1,,,,,,,,false
-0.9183673469387755,-1.5897435897435899,1.0,0.0001,0.0,1.0,256,50.0,auto,auto,periodic,"Simulation diverged at t=0: eigenvalue Re(λ)=4.313e-01 predicts growth factor 2.32e+09 over Δt=50.0, exceeding threshold 1e+08. The system is physically unstable.",diverged,"Simulation diverged at t=0: eigenvalue Re(λ)=4.313e-01 predicts growth factor 2.32e+09 over Δt=50.0, exceeding threshold 1e+08. The system is physically unstable.",-1,,,,,,,,false
-0.9183673469387755,-1.5256410256410258,1.0,0.0001,0.0,1.0,256,50.0,auto,auto,periodic,"Simulation diverged at t=0: eigenvalue Re(λ)=3.805e-01 predicts growth factor 1.83e+08 over Δt=50.0, exceeding threshold 1e+08. The system is physically unstable.",diverged,"Simulation diverged at t=0: eigenvalue Re(λ)=3.805e-01 predicts growth factor 1.83e+08 over Δt=50.0, exceeding threshold 1e+08. The system is physically unstable.",-1,,,,,,,,false
-0.9183673469387755,-1.4615384615384617,1.0,0.0001,0.0,1.0,256,50.0,auto,auto,periodic,"Simulation diverged at t=0: eigenvalue Re(λ)=4.033e-01 predicts growth factor 5.73e+08 over Δt=50.0, exceeding threshold 1e+08. The system is physically unstable.",diverged,"Simulation diverged at t=0: eigenvalue Re(λ)=4.033e-01 predicts growth factor 5.73e+08 over Δt=50.0, exceeding threshold 1e+08. The system is physically unstable.",-1,,,,,,,,false
-0.9183673469387755,-1.3974358974358976,1.0,0.0001,0.0,1.0,256,50.0,auto,auto,periodic,"Simulation diverged at t=0: eigenvalue Re(λ)=3.703e-01 predicts growth factor 1.10e+08 over Δt=50.0, exceeding threshold 1e+08. The system is physically unstable.",diverged,"Simulation diverged at t=0: eigenvalue Re(λ)=3.703e-01 predicts growth factor 1.10e+08 over Δt=50.0, exceeding threshold 1e+08. The system is physically unstable.",-1,,,,,,,,false
-0.9183673469387755,-1.3333333333333335,1.0,0.0001,0.0,1.0,256,50.0,auto,auto,periodic,"Simulation diverged at t=0: eigenvalue Re(λ)=3.812e-01 predicts growth factor 1.89e+08 over Δt=50.0, exceeding threshold 1e+08. The system is physically unstable.",diverged,"Simulation diverged at t=0: eigenvalue Re(λ)=3.812e-01 predicts growth factor 1.89e+08 over Δt=50.0, exceeding threshold 1e+08. The system is physically unstable.",-1,,,,,,,,false
-0.9183673469387755,-1.2692307692307694,1.0,0.0001,0.0,1.0,256,50.0,auto,auto,periodic,"Simulation diverged at t=0: eigenvalue Re(λ)=3.782e-01 predicts growth factor 1.63e+08 over Δt=50.0, exceeding threshold 1e+08. The system is physically unstable.",diverged,"Simulation diverged at t=0: eigenvalue Re(λ)=3.782e-01 predicts growth factor 1.63e+08 over Δt=50.0, exceeding threshold 1e+08. The system is physically unstable.",-1,,,,,,,,false
-0.9183673469387755,-1.2051282051282053,1.0,0.0001,0.0,1.0,256,50.0,auto,auto,periodic,,success,,0,1357.2744265368267,50.0,1357.2744265368267,0.97,1.3573e+11,,,false
-0.9183673469387755,-1.1410256410256412,1.0,0.0001,0.0,1.0,256,50.0,auto,auto,periodic,,success,,0,128.930473740955,50.0,128.930473740955,1.24,1.2893e+10,,,false
-0.9183673469387755,-1.076923076923077,1.0,0.0001,0.0,1.0,256,50.0,auto,auto,periodic,,success,,0,13.216510980712746,50.0,13.216510980712746,1.17,1.3217e+09,,,false
-0.9183673469387755,-1.012820512820513,1.0,0.0001,0.0,1.0,256,50.0,auto,auto,periodic,,success,,0,1.4444512615483442,50.0,1.4444512615483442,1.19,1.4445e+08,,,false
-0.9183673469387755,-0.9487179487179489,1.0,0.0001,0.0,1.0,256,50.0,auto,auto,periodic,,success,,0,0.1667149123942187,50.0,0.1667149123942187,1.04,1.6671e+07,,,false
-0.9183673469387755,-0.884615384615385,1.0,0.0001,0.0,1.0,256,50.0,auto,auto,periodic,,success,,0,0.02016492664772957,50.0,0.02016492664772957,0.92,2.0165e+06,3.226395e+03,3.5087,true
-0.9183673469387755,-0.8205128205128207,1.0,0.0001,0.0,1.0,256,50.0,auto,auto,periodic,,success,,0,0.002540027187965911,50.0,0.002540027187965911,0.94,2.5400e+05,4.064052e+02,2.6090,true
-0.9183673469387755,-0.7564102564102564,1.0,0.0001,0.0,1.0,256,50.0,auto,auto,periodic,,success,,0,0.0003314657635691305,50.0,0.0003314657635691305,0.98,3.3147e+04,5.303463e+01,1.7246,true
-0.9183673469387755,-0.6923076923076925,1.0,0.0001,0.0,1.0,256,50.0,auto,auto,periodic,,success,,0,4.461920874004405e-05,50.0,4.461920874004405e-05,0.99,4.4619e+03,7.139088e+00,0.8536,true
-0.9183673469387755,-0.6282051282051286,1.0,0.0001,0.0,1.0,256,50.0,auto,auto,periodic,,success,,0,6.173848787737839e-06,50.0,6.173848787737839e-06,1.02,6.1738e+02,9.878179e-01,-0.0053,true
-0.9183673469387755,-0.5641025641025643,1.0,0.0001,0.0,1.0,256,50.0,auto,auto,periodic,,success,,0,8.757281915981642e-07,50.0,8.757281915981642e-07,0.98,8.7573e+01,1.401168e-01,-0.8535,true
-0.9183673469387755,-0.5,1.0,0.0001,0.0,1.0,256,50.0,auto,auto,periodic,,success,,0,1.2714075230192268e-07,50.0,1.2714075230192268e-07,0.97,1.2714e+01,2.034256e-02,-1.6916,true
-0.8775510204081632,-3.0,1.0,0.0001,0.0,1.0,256,50.0,auto,auto,periodic,"Simulation diverged at t=0: eigenvalue Re(λ)=2.105e+00 predicts growth factor 5.14e+45 over Δt=50.0, exceeding threshold 1e+08. The system is physically unstable.",diverged,"Simulation diverged at t=0: eigenvalue Re(λ)=2.105e+00 predicts growth factor 5.14e+45 over Δt=50.0, exceeding threshold 1e+08. The system is physically unstable.",-1,,,,,,,,false
-0.8775510204081632,-2.935897435897436,1.0,0.0001,0.0,1.0,256,50.0,auto,auto,periodic,"Simulation diverged at t=0: eigenvalue Re(λ)=5.263e+00 predicts growth factor 1.91e+114 over Δt=50.0, exceeding threshold 1e+08. The system is physically unstable.",diverged,"Simulation diverged at t=0: eigenvalue Re(λ)=5.263e+00 predicts growth factor 1.91e+114 over Δt=50.0, exceeding threshold 1e+08. The system is physically unstable.",-1,,,,,,,,false
-0.8775510204081632,-2.871794871794872,1.0,0.0001,0.0,1.0,256,50.0,auto,auto,periodic,"Simulation diverged at t=0: eigenvalue Re(λ)=2.932e+00 predicts growth factor 4.77e+63 over Δt=50.0, exceeding threshold 1e+08. The system is physically unstable.",diverged,"Simulation diverged at t=0: eigenvalue Re(λ)=2.932e+00 predicts growth factor 4.77e+63 over Δt=50.0, exceeding threshold 1e+08. The system is physically unstable.",-1,,,,,,,,false
-0.8775510204081632,-2.8076923076923075,1.0,0.0001,0.0,1.0,256,50.0,auto,auto,periodic,"Simulation diverged at t=0: eigenvalue Re(λ)=2.227e+00 predicts growth factor 2.28e+48 over Δt=50.0, exceeding threshold 1e+08. The system is physically unstable.",diverged,"Simulation diverged at t=0: eigenvalue Re(λ)=2.227e+00 predicts growth factor 2.28e+48 over Δt=50.0, exceeding threshold 1e+08. The system is physically unstable.",-1,,,,,,,,false
-0.8775510204081632,-2.7435897435897436,1.0,0.0001,0.0,1.0,256,50.0,auto,auto,periodic,"Simulation diverged at t=0: eigenvalue Re(λ)=1.848e+00 predicts growth factor 1.38e+40 over Δt=50.0, exceeding threshold 1e+08. The system is physically unstable.",diverged,"Simulation diverged at t=0: eigenvalue Re(λ)=1.848e+00 predicts growth factor 1.38e+40 over Δt=50.0, exceeding threshold 1e+08. The system is physically unstable.",-1,,,,,,,,false
-0.8775510204081632,-2.6794871794871797,1.0,0.0001,0.0,1.0,256,50.0,auto,auto,periodic,"Simulation diverged at t=0: eigenvalue Re(λ)=3.374e+00 predicts growth factor 1.83e+73 over Δt=50.0, exceeding threshold 1e+08. The system is physically unstable.",diverged,"Simulation diverged at t=0: eigenvalue Re(λ)=3.374e+00 predicts growth factor 1.83e+73 over Δt=50.0, exceeding threshold 1e+08. The system is physically unstable.",-1,,,,,,,,false
-0.8775510204081632,-2.6153846153846154,1.0,0.0001,0.0,1.0,256,50.0,auto,auto,periodic,"Simulation diverged at t=0: eigenvalue Re(λ)=2.261e+00 predicts growth factor 1.26e+49 over Δt=50.0, exceeding threshold 1e+08. The system is physically unstable.",diverged,"Simulation diverged at t=0: eigenvalue Re(λ)=2.261e+00 predicts growth factor 1.26e+49 over Δt=50.0, exceeding threshold 1e+08. The system is physically unstable.",-1,,,,,,,,false
-0.8775510204081632,-2.551282051282051,1.0,0.0001,0.0,1.0,256,50.0,auto,auto,periodic,"Simulation diverged at t=0: eigenvalue Re(λ)=1.794e+00 predicts growth factor 8.95e+38 over Δt=50.0, exceeding threshold 1e+08. The system is physically unstable.",diverged,"Simulation diverged at t=0: eigenvalue Re(λ)=1.794e+00 predicts growth factor 8.95e+38 over Δt=50.0, exceeding threshold 1e+08. The system is physically unstable.",-1,,,,,,,,false
-0.8775510204081632,-2.4871794871794872,1.0,0.0001,0.0,1.0,256,50.0,auto,auto,periodic,"Simulation diverged at t=0: eigenvalue Re(λ)=3.406e+00 predicts growth factor 9.30e+73 over Δt=50.0, exceeding threshold 1e+08. The system is physically unstable.",diverged,"Simulation diverged at t=0: eigenvalue Re(λ)=3.406e+00 predicts growth factor 9.30e+73 over Δt=50.0, exceeding threshold 1e+08. The system is physically unstable.",-1,,,,,,,,false
-0.8775510204081632,-2.4230769230769234,1.0,0.0001,0.0,1.0,256,50.0,auto,auto,periodic,"Simulation diverged at t=0: eigenvalue Re(λ)=2.093e+00 predicts growth factor 2.80e+45 over Δt=50.0, exceeding threshold 1e+08. The system is physically unstable.",diverged,"Simulation diverged at t=0: eigenvalue Re(λ)=2.093e+00 predicts growth factor 2.80e+45 over Δt=50.0, exceeding threshold 1e+08. The system is physically unstable.",-1,,,,,,,,false
-0.8775510204081632,-2.358974358974359,1.0,0.0001,0.0,1.0,256,50.0,auto,auto,periodic,"Simulation diverged at t=0: eigenvalue Re(λ)=1.621e+00 predicts growth factor 1.55e+35 over Δt=50.0, exceeding threshold 1e+08. The system is physically unstable.",diverged,"Simulation diverged at t=0: eigenvalue Re(λ)=1.621e+00 predicts growth factor 1.55e+35 over Δt=50.0, exceeding threshold 1e+08. The system is physically unstable.",-1,,,,,,,,false
-0.8775510204081632,-2.2948717948717947,1.0,0.0001,0.0,1.0,256,50.0,auto,auto,periodic,"Simulation diverged at t=0: eigenvalue Re(λ)=2.603e+00 predicts growth factor 3.39e+56 over Δt=50.0, exceeding threshold 1e+08. The system is physically unstable.",diverged,"Simulation diverged at t=0: eigenvalue Re(λ)=2.603e+00 predicts growth factor 3.39e+56 over Δt=50.0, exceeding threshold 1e+08. The system is physically unstable.",-1,,,,,,,,false
-0.8775510204081632,-2.230769230769231,1.0,0.0001,0.0,1.0,256,50.0,auto,auto,periodic,"Simulation diverged at t=0: eigenvalue Re(λ)=1.702e+00 predicts growth factor 8.91e+36 over Δt=50.0, exceeding threshold 1e+08. The system is physically unstable.",diverged,"Simulation diverged at t=0: eigenvalue Re(λ)=1.702e+00 predicts growth factor 8.91e+36 over Δt=50.0, exceeding threshold 1e+08. The system is physically unstable.",-1,,,,,,,,false
-0.8775510204081632,-2.166666666666667,1.0,0.0001,0.0,1.0,256,50.0,auto,auto,periodic,"Simulation diverged at t=0: eigenvalue Re(λ)=3.419e+00 predicts growth factor 1.79e+74 over Δt=50.0, exceeding threshold 1e+08. The system is physically unstable.",diverged,"Simulation diverged at t=0: eigenvalue Re(λ)=3.419e+00 predicts growth factor 1.79e+74 over Δt=50.0, exceeding threshold 1e+08. The system is physically unstable.",-1,,,,,,,,false
-0.8775510204081632,-2.1025641025641026,1.0,0.0001,0.0,1.0,256,50.0,auto,auto,periodic,"Simulation diverged at t=0: eigenvalue Re(λ)=1.671e+00 predicts growth factor 1.90e+36 over Δt=50.0, exceeding threshold 1e+08. The system is physically unstable.",diverged,"Simulation diverged at t=0: eigenvalue Re(λ)=1.671e+00 predicts growth factor 1.90e+36 over Δt=50.0, exceeding threshold 1e+08. The system is physically unstable.",-1,,,,,,,,false
-0.8775510204081632,-2.0384615384615383,1.0,0.0001,0.0,1.0,256,50.0,auto,auto,periodic,"Simulation diverged at t=0: eigenvalue Re(λ)=3.261e+00 predicts growth factor 6.51e+70 over Δt=50.0, exceeding threshold 1e+08. The system is physically unstable.",diverged,"Simulation diverged at t=0: eigenvalue Re(λ)=3.261e+00 predicts growth factor 6.51e+70 over Δt=50.0, exceeding threshold 1e+08. The system is physically unstable.",-1,,,,,,,,false
-0.8775510204081632,-1.9743589743589745,1.0,0.0001,0.0,1.0,256,50.0,auto,auto,periodic,"Simulation diverged at t=0: eigenvalue Re(λ)=1.413e+00 predicts growth factor 4.93e+30 over Δt=50.0, exceeding threshold 1e+08. The system is physically unstable.",diverged,"Simulation diverged at t=0: eigenvalue Re(λ)=1.413e+00 predicts growth factor 4.93e+30 over Δt=50.0, exceeding threshold 1e+08. The system is physically unstable.",-1,,,,,,,,false
-0.8775510204081632,-1.9102564102564104,1.0,0.0001,0.0,1.0,256,50.0,auto,auto,periodic,"Simulation diverged at t=0: eigenvalue Re(λ)=1.718e+00 predicts growth factor 2.00e+37 over Δt=50.0, exceeding threshold 1e+08. The system is physically unstable.",diverged,"Simulation diverged at t=0: eigenvalue Re(λ)=1.718e+00 predicts growth factor 2.00e+37 over Δt=50.0, exceeding threshold 1e+08. The system is physically unstable.",-1,,,,,,,,false
-0.8775510204081632,-1.8461538461538463,1.0,0.0001,0.0,1.0,256,50.0,auto,auto,periodic,"Simulation diverged at t=0: eigenvalue Re(λ)=2.056e+00 predicts growth factor 4.42e+44 over Δt=50.0, exceeding threshold 1e+08. The system is physically unstable.",diverged,"Simulation diverged at t=0: eigenvalue Re(λ)=2.056e+00 predicts growth factor 4.42e+44 over Δt=50.0, exceeding threshold 1e+08. The system is physically unstable.",-1,,,,,,,,false
-0.8775510204081632,-1.7820512820512822,1.0,0.0001,0.0,1.0,256,50.0,auto,auto,periodic,"Simulation diverged at t=0: eigenvalue Re(λ)=1.214e+00 predicts growth factor 2.27e+26 over Δt=50.0, exceeding threshold 1e+08. The system is physically unstable.",diverged,"Simulation diverged at t=0: eigenvalue Re(λ)=1.214e+00 predicts growth factor 2.27e+26 over Δt=50.0, exceeding threshold 1e+08. The system is physically unstable.",-1,,,,,,,,false
-0.8775510204081632,-1.717948717948718,1.0,0.0001,0.0,1.0,256,50.0,auto,auto,periodic,"Simulation diverged at t=0: eigenvalue Re(λ)=5.389e-01 predicts growth factor 5.03e+11 over Δt=50.0, exceeding threshold 1e+08. The system is physically unstable.",diverged,"Simulation diverged at t=0: eigenvalue Re(λ)=5.389e-01 predicts growth factor 5.03e+11 over Δt=50.0, exceeding threshold 1e+08. The system is physically unstable.",-1,,,,,,,,false
-0.8775510204081632,-1.653846153846154,1.0,0.0001,0.0,1.0,256,50.0,auto,auto,periodic,"Simulation diverged at t=0: eigenvalue Re(λ)=3.935e-01 predicts growth factor 3.50e+08 over Δt=50.0, exceeding threshold 1e+08. The system is physically unstable.",diverged,"Simulation diverged at t=0: eigenvalue Re(λ)=3.935e-01 predicts growth factor 3.50e+08 over Δt=50.0, exceeding threshold 1e+08. The system is physically unstable.",-1,,,,,,,,false
-0.8775510204081632,-1.5897435897435899,1.0,0.0001,0.0,1.0,256,50.0,auto,auto,periodic,"Simulation diverged at t=0: eigenvalue Re(λ)=4.178e-01 predicts growth factor 1.18e+09 over Δt=50.0, exceeding threshold 1e+08. The system is physically unstable.",diverged,"Simulation diverged at t=0: eigenvalue Re(λ)=4.178e-01 predicts growth factor 1.18e+09 over Δt=50.0, exceeding threshold 1e+08. The system is physically unstable.",-1,,,,,,,,false
-0.8775510204081632,-1.5256410256410258,1.0,0.0001,0.0,1.0,256,50.0,auto,auto,periodic,"Simulation diverged at t=0: eigenvalue Re(λ)=4.286e-01 predicts growth factor 2.03e+09 over Δt=50.0, exceeding threshold 1e+08. The system is physically unstable.",diverged,"Simulation diverged at t=0: eigenvalue Re(λ)=4.286e-01 predicts growth factor 2.03e+09 over Δt=50.0, exceeding threshold 1e+08. The system is physically unstable.",-1,,,,,,,,false
-0.8775510204081632,-1.4615384615384617,1.0,0.0001,0.0,1.0,256,50.0,auto,auto,periodic,"Simulation diverged at t=0: eigenvalue Re(λ)=3.885e-01 predicts growth factor 2.74e+08 over Δt=50.0, exceeding threshold 1e+08. The system is physically unstable.",diverged,"Simulation diverged at t=0: eigenvalue Re(λ)=3.885e-01 predicts growth factor 2.74e+08 over Δt=50.0, exceeding threshold 1e+08. The system is physically unstable.",-1,,,,,,,,false
-0.8775510204081632,-1.3974358974358976,1.0,0.0001,0.0,1.0,256,50.0,auto,auto,periodic,"Simulation diverged at t=0: eigenvalue Re(λ)=3.946e-01 predicts growth factor 3.69e+08 over Δt=50.0, exceeding threshold 1e+08. The system is physically unstable.",diverged,"Simulation diverged at t=0: eigenvalue Re(λ)=3.946e-01 predicts growth factor 3.69e+08 over Δt=50.0, exceeding threshold 1e+08. The system is physically unstable.",-1,,,,,,,,false
-0.8775510204081632,-1.3333333333333335,1.0,0.0001,0.0,1.0,256,50.0,auto,auto,periodic,"Simulation diverged at t=0: eigenvalue Re(λ)=3.879e-01 predicts growth factor 2.65e+08 over Δt=50.0, exceeding threshold 1e+08. The system is physically unstable.",diverged,"Simulation diverged at t=0: eigenvalue Re(λ)=3.879e-01 predicts growth factor 2.65e+08 over Δt=50.0, exceeding threshold 1e+08. The system is physically unstable.",-1,,,,,,,,false
-0.8775510204081632,-1.2692307692307694,1.0,0.0001,0.0,1.0,256,50.0,auto,auto,periodic,"Simulation diverged at t=0: eigenvalue Re(λ)=3.699e-01 predicts growth factor 1.08e+08 over Δt=50.0, exceeding threshold 1e+08. The system is physically unstable.",diverged,"Simulation diverged at t=0: eigenvalue Re(λ)=3.699e-01 predicts growth factor 1.08e+08 over Δt=50.0, exceeding threshold 1e+08. The system is physically unstable.",-1,,,,,,,,false
-0.8775510204081632,-1.2051282051282053,1.0,0.0001,0.0,1.0,256,50.0,auto,auto,periodic,,success,,0,200.812629842186,50.0,200.812629842186,0.92,2.0081e+10,,,false
-0.8775510204081632,-1.1410256410256412,1.0,0.0001,0.0,1.0,256,50.0,auto,auto,periodic,,success,,0,16.388391970877844,50.0,16.388391970877844,0.97,1.6388e+09,,,false
-0.8775510204081632,-1.076923076923077,1.0,0.0001,0.0,1.0,256,50.0,auto,auto,periodic,,success,,0,1.4461592603834845,50.0,1.4461592603834845,0.94,1.4462e+08,,,false
-0.8775510204081632,-1.012820512820513,1.0,0.0001,0.0,1.0,256,50.0,auto,auto,periodic,,success,,0,0.13624586246785123,50.0,0.13624586246785123,1.02,1.3625e+07,,,false
-0.8775510204081632,-0.9487179487179489,1.0,0.0001,0.0,1.0,256,50.0,auto,auto,periodic,,success,,0,0.013567921656365127,50.0,0.013567921656365127,0.95,1.3568e+06,2.170872e+03,3.3366,true
-0.8775510204081632,-0.884615384615385,1.0,0.0001,0.0,1.0,256,50.0,auto,auto,periodic,,success,,0,0.0014167438855607522,50.0,0.0014167438855607522,0.93,1.4167e+05,2.266795e+02,2.3554,true
-0.8775510204081632,-0.8205128205128207,1.0,0.0001,0.0,1.0,256,50.0,auto,auto,periodic,,success,,0,0.00015410371818398036,50.0,0.00015410371818398036,1.22,1.5410e+04,2.465665e+01,1.3919,true
-0.8775510204081632,-0.7564102564102564,1.0,0.0001,0.0,1.0,256,50.0,auto,auto,periodic,,success,,0,1.7368688622909465e-05,50.0,1.7368688622909465e-05,0.94,1.7369e+03,2.778996e+00,0.4439,true
-0.8775510204081632,-0.6923076923076925,1.0,0.0001,0.0,1.0,256,50.0,auto,auto,periodic,,success,,0,2.019928191919415e-06,50.0,2.019928191919415e-06,0.95,2.0199e+02,3.231892e-01,-0.4905,true
-0.8775510204081632,-0.6282051282051286,1.0,0.0001,0.0,1.0,256,50.0,auto,auto,periodic,,success,,0,2.417072359733108e-07,50.0,2.417072359733108e-07,1.02,2.4171e+01,3.867324e-02,-1.4126,true
-0.8775510204081632,-0.5641025641025643,1.0,0.0001,0.0,1.0,256,50.0,auto,auto,periodic,,success,,0,2.9744494136149548e-08,50.0,2.9744494136149548e-08,0.98,2.9744e+00,4.759129e-03,-2.3225,true
-0.8775510204081632,-0.5,1.0,0.0001,0.0,1.0,256,50.0,auto,auto,periodic,,success,,0,3.782615728472261e-09,50.0,3.782615728472261e-09,1.04,3.7826e-01,6.052198e-04,-3.2181,true
-0.8367346938775511,-3.0,1.0,0.0001,0.0,1.0,256,50.0,auto,auto,periodic,"Simulation diverged at t=0: eigenvalue Re(λ)=3.284e+00 predicts growth factor 2.04e+71 over Δt=50.0, exceeding threshold 1e+08. The system is physically unstable.",diverged,"Simulation diverged at t=0: eigenvalue Re(λ)=3.284e+00 predicts growth factor 2.04e+71 over Δt=50.0, exceeding threshold 1e+08. The system is physically unstable.",-1,,,,,,,,false
-0.8367346938775511,-2.935897435897436,1.0,0.0001,0.0,1.0,256,50.0,auto,auto,periodic,"Simulation diverged at t=0: eigenvalue Re(λ)=2.456e+00 predicts growth factor 2.11e+53 over Δt=50.0, exceeding threshold 1e+08. The system is physically unstable.",diverged,"Simulation diverged at t=0: eigenvalue Re(λ)=2.456e+00 predicts growth factor 2.11e+53 over Δt=50.0, exceeding threshold 1e+08. The system is physically unstable.",-1,,,,,,,,false
-0.8367346938775511,-2.871794871794872,1.0,0.0001,0.0,1.0,256,50.0,auto,auto,periodic,"Simulation diverged at t=0: eigenvalue Re(λ)=2.025e+00 predicts growth factor 9.18e+43 over Δt=50.0, exceeding threshold 1e+08. The system is physically unstable.",diverged,"Simulation diverged at t=0: eigenvalue Re(λ)=2.025e+00 predicts growth factor 9.18e+43 over Δt=50.0, exceeding threshold 1e+08. The system is physically unstable.",-1,,,,,,,,false
-0.8367346938775511,-2.8076923076923075,1.0,0.0001,0.0,1.0,256,50.0,auto,auto,periodic,"Simulation diverged at t=0: eigenvalue Re(λ)=3.963e+00 predicts growth factor 1.11e+86 over Δt=50.0, exceeding threshold 1e+08. The system is physically unstable.",diverged,"Simulation diverged at t=0: eigenvalue Re(λ)=3.963e+00 predicts growth factor 1.11e+86 over Δt=50.0, exceeding threshold 1e+08. The system is physically unstable.",-1,,,,,,,,false
-0.8367346938775511,-2.7435897435897436,1.0,0.0001,0.0,1.0,256,50.0,auto,auto,periodic,"Simulation diverged at t=0: eigenvalue Re(λ)=2.547e+00 predicts growth factor 2.07e+55 over Δt=50.0, exceeding threshold 1e+08. The system is physically unstable.",diverged,"Simulation diverged at t=0: eigenvalue Re(λ)=2.547e+00 predicts growth factor 2.07e+55 over Δt=50.0, exceeding threshold 1e+08. The system is physically unstable.",-1,,,,,,,,false
-0.8367346938775511,-2.6794871794871797,1.0,0.0001,0.0,1.0,256,50.0,auto,auto,periodic,"Simulation diverged at t=0: eigenvalue Re(λ)=1.996e+00 predicts growth factor 2.19e+43 over Δt=50.0, exceeding threshold 1e+08. The system is physically unstable.",diverged,"Simulation diverged at t=0: eigenvalue Re(λ)=1.996e+00 predicts growth factor 2.19e+43 over Δt=50.0, exceeding threshold 1e+08. The system is physically unstable.",-1,,,,,,,,false
-0.8367346938775511,-2.6153846153846154,1.0,0.0001,0.0,1.0,256,50.0,auto,auto,periodic,"Simulation diverged at t=0: eigenvalue Re(λ)=4.391e+00 predicts growth factor 2.27e+95 over Δt=50.0, exceeding threshold 1e+08. The system is physically unstable.",diverged,"Simulation diverged at t=0: eigenvalue Re(λ)=4.391e+00 predicts growth factor 2.27e+95 over Δt=50.0, exceeding threshold 1e+08. The system is physically unstable.",-1,,,,,,,,false
-0.8367346938775511,-2.551282051282051,1.0,0.0001,0.0,1.0,256,50.0,auto,auto,periodic,"Simulation diverged at t=0: eigenvalue Re(λ)=2.439e+00 predicts growth factor 9.32e+52 over Δt=50.0, exceeding threshold 1e+08. The system is physically unstable.",diverged,"Simulation diverged at t=0: eigenvalue Re(λ)=2.439e+00 predicts growth factor 9.32e+52 over Δt=50.0, exceeding threshold 1e+08. The system is physically unstable.",-1,,,,,,,,false
-0.8367346938775511,-2.4871794871794872,1.0,0.0001,0.0,1.0,256,50.0,auto,auto,periodic,"Simulation diverged at t=0: eigenvalue Re(λ)=1.847e+00 predicts growth factor 1.29e+40 over Δt=50.0, exceeding threshold 1e+08. The system is physically unstable.",diverged,"Simulation diverged at t=0: eigenvalue Re(λ)=1.847e+00 predicts growth factor 1.29e+40 over Δt=50.0, exceeding threshold 1e+08. The system is physically unstable.",-1,,,,,,,,false
-0.8367346938775511,-2.4230769230769234,1.0,0.0001,0.0,1.0,256,50.0,auto,auto,periodic,"Simulation diverged at t=0: eigenvalue Re(λ)=3.549e+00 predicts growth factor 1.14e+77 over Δt=50.0, exceeding threshold 1e+08. The system is physically unstable.",diverged,"Simulation diverged at t=0: eigenvalue Re(λ)=3.549e+00 predicts growth factor 1.14e+77 over Δt=50.0, exceeding threshold 1e+08. The system is physically unstable.",-1,,,,,,,,false
-0.8367346938775511,-2.358974358974359,1.0,0.0001,0.0,1.0,256,50.0,auto,auto,periodic,"Simulation diverged at t=0: eigenvalue Re(λ)=2.060e+00 predicts growth factor 5.28e+44 over Δt=50.0, exceeding threshold 1e+08. The system is physically unstable.",diverged,"Simulation diverged at t=0: eigenvalue Re(λ)=2.060e+00 predicts growth factor 5.28e+44 over Δt=50.0, exceeding threshold 1e+08. The system is physically unstable.",-1,,,,,,,,false
-0.8367346938775511,-2.2948717948717947,1.0,0.0001,0.0,1.0,256,50.0,auto,auto,periodic,"Simulation diverged at t=0: eigenvalue Re(λ)=1.572e+00 predicts growth factor 1.36e+34 over Δt=50.0, exceeding threshold 1e+08. The system is physically unstable.",diverged,"Simulation diverged at t=0: eigenvalue Re(λ)=1.572e+00 predicts growth factor 1.36e+34 over Δt=50.0, exceeding threshold 1e+08. The system is physically unstable.",-1,,,,,,,,false
-0.8367346938775511,-2.230769230769231,1.0,0.0001,0.0,1.0,256,50.0,auto,auto,periodic,"Simulation diverged at t=0: eigenvalue Re(λ)=2.260e+00 predicts growth factor 1.20e+49 over Δt=50.0, exceeding threshold 1e+08. The system is physically unstable.",diverged,"Simulation diverged at t=0: eigenvalue Re(λ)=2.260e+00 predicts growth factor 1.20e+49 over Δt=50.0, exceeding threshold 1e+08. The system is physically unstable.",-1,,,,,,,,false
-0.8367346938775511,-2.166666666666667,1.0,0.0001,0.0,1.0,256,50.0,auto,auto,periodic,"Simulation diverged at t=0: eigenvalue Re(λ)=1.546e+00 predicts growth factor 3.79e+33 over Δt=50.0, exceeding threshold 1e+08. The system is physically unstable.",diverged,"Simulation diverged at t=0: eigenvalue Re(λ)=1.546e+00 predicts growth factor 3.79e+33 over Δt=50.0, exceeding threshold 1e+08. The system is physically unstable.",-1,,,,,,,,false
-0.8367346938775511,-2.1025641025641026,1.0,0.0001,0.0,1.0,256,50.0,auto,auto,periodic,"Simulation diverged at t=0: eigenvalue Re(λ)=2.204e+00 predicts growth factor 7.33e+47 over Δt=50.0, exceeding threshold 1e+08. The system is physically unstable.",diverged,"Simulation diverged at t=0: eigenvalue Re(λ)=2.204e+00 predicts growth factor 7.33e+47 over Δt=50.0, exceeding threshold 1e+08. The system is physically unstable.",-1,,,,,,,,false
-0.8367346938775511,-2.0384615384615383,1.0,0.0001,0.0,1.0,256,50.0,auto,auto,periodic,"Simulation diverged at t=0: eigenvalue Re(λ)=1.390e+00 predicts growth factor 1.54e+30 over Δt=50.0, exceeding threshold 1e+08. The system is physically unstable.",diverged,"Simulation diverged at t=0: eigenvalue Re(λ)=1.390e+00 predicts growth factor 1.54e+30 over Δt=50.0, exceeding threshold 1e+08. The system is physically unstable.",-1,,,,,,,,false
-0.8367346938775511,-1.9743589743589745,1.0,0.0001,0.0,1.0,256,50.0,auto,auto,periodic,"Simulation diverged at t=0: eigenvalue Re(λ)=1.679e+00 predicts growth factor 2.88e+36 over Δt=50.0, exceeding threshold 1e+08. The system is physically unstable.",diverged,"Simulation diverged at t=0: eigenvalue Re(λ)=1.679e+00 predicts growth factor 2.88e+36 over Δt=50.0, exceeding threshold 1e+08. The system is physically unstable.",-1,,,,,,,,false
-0.8367346938775511,-1.9102564102564104,1.0,0.0001,0.0,1.0,256,50.0,auto,auto,periodic,"Simulation diverged at t=0: eigenvalue Re(λ)=2.364e+00 predicts growth factor 2.15e+51 over Δt=50.0, exceeding threshold 1e+08. The system is physically unstable.",diverged,"Simulation diverged at t=0: eigenvalue Re(λ)=2.364e+00 predicts growth factor 2.15e+51 over Δt=50.0, exceeding threshold 1e+08. The system is physically unstable.",-1,,,,,,,,false
-0.8367346938775511,-1.8461538461538463,1.0,0.0001,0.0,1.0,256,50.0,auto,auto,periodic,"Simulation diverged at t=0: eigenvalue Re(λ)=3.917e+00 predicts growth factor 1.16e+85 over Δt=50.0, exceeding threshold 1e+08. The system is physically unstable.",diverged,"Simulation diverged at t=0: eigenvalue Re(λ)=3.917e+00 predicts growth factor 1.16e+85 over Δt=50.0, exceeding threshold 1e+08. The system is physically unstable.",-1,,,,,,,,false
-0.8367346938775511,-1.7820512820512822,1.0,0.0001,0.0,1.0,256,50.0,auto,auto,periodic,"Simulation diverged at t=0: eigenvalue Re(λ)=1.353e+00 predicts growth factor 2.35e+29 over Δt=50.0, exceeding threshold 1e+08. The system is physically unstable.",diverged,"Simulation diverged at t=0: eigenvalue Re(λ)=1.353e+00 predicts growth factor 2.35e+29 over Δt=50.0, exceeding threshold 1e+08. The system is physically unstable.",-1,,,,,,,,false
-0.8367346938775511,-1.717948717948718,1.0,0.0001,0.0,1.0,256,50.0,auto,auto,periodic,"Simulation diverged at t=0: eigenvalue Re(λ)=5.279e-01 predicts growth factor 2.91e+11 over Δt=50.0, exceeding threshold 1e+08. The system is physically unstable.",diverged,"Simulation diverged at t=0: eigenvalue Re(λ)=5.279e-01 predicts growth factor 2.91e+11 over Δt=50.0, exceeding threshold 1e+08. The system is physically unstable.",-1,,,,,,,,false
-0.8367346938775511,-1.653846153846154,1.0,0.0001,0.0,1.0,256,50.0,auto,auto,periodic,"Simulation diverged at t=0: eigenvalue Re(λ)=3.798e-01 predicts growth factor 1.76e+08 over Δt=50.0, exceeding threshold 1e+08. The system is physically unstable.",diverged,"Simulation diverged at t=0: eigenvalue Re(λ)=3.798e-01 predicts growth factor 1.76e+08 over Δt=50.0, exceeding threshold 1e+08. The system is physically unstable.",-1,,,,,,,,false
-0.8367346938775511,-1.5897435897435899,1.0,0.0001,0.0,1.0,256,50.0,auto,auto,periodic,"Simulation diverged at t=0: eigenvalue Re(λ)=4.035e-01 predicts growth factor 5.78e+08 over Δt=50.0, exceeding threshold 1e+08. The system is physically unstable.",diverged,"Simulation diverged at t=0: eigenvalue Re(λ)=4.035e-01 predicts growth factor 5.78e+08 over Δt=50.0, exceeding threshold 1e+08. The system is physically unstable.",-1,,,,,,,,false
-0.8367346938775511,-1.5256410256410258,1.0,0.0001,0.0,1.0,256,50.0,auto,auto,periodic,"Simulation diverged at t=0: eigenvalue Re(λ)=4.137e-01 predicts growth factor 9.65e+08 over Δt=50.0, exceeding threshold 1e+08. The system is physically unstable.",diverged,"Simulation diverged at t=0: eigenvalue Re(λ)=4.137e-01 predicts growth factor 9.65e+08 over Δt=50.0, exceeding threshold 1e+08. The system is physically unstable.",-1,,,,,,,,false
-0.8367346938775511,-1.4615384615384617,1.0,0.0001,0.0,1.0,256,50.0,auto,auto,periodic,"Simulation diverged at t=0: eigenvalue Re(λ)=3.727e-01 predicts growth factor 1.24e+08 over Δt=50.0, exceeding threshold 1e+08. The system is physically unstable.",diverged,"Simulation diverged at t=0: eigenvalue Re(λ)=3.727e-01 predicts growth factor 1.24e+08 over Δt=50.0, exceeding threshold 1e+08. The system is physically unstable.",-1,,,,,,,,false
-0.8367346938775511,-1.3974358974358976,1.0,0.0001,0.0,1.0,256,50.0,auto,auto,periodic,"Simulation diverged at t=0: eigenvalue Re(λ)=3.778e-01 predicts growth factor 1.60e+08 over Δt=50.0, exceeding threshold 1e+08. The system is physically unstable.",diverged,"Simulation diverged at t=0: eigenvalue Re(λ)=3.778e-01 predicts growth factor 1.60e+08 over Δt=50.0, exceeding threshold 1e+08. The system is physically unstable.",-1,,,,,,,,false
-0.8367346938775511,-1.3333333333333335,1.0,0.0001,0.0,1.0,256,50.0,auto,auto,periodic,"Simulation diverged at t=0: eigenvalue Re(λ)=3.700e-01 predicts growth factor 1.08e+08 over Δt=50.0, exceeding threshold 1e+08. The system is physically unstable.",diverged,"Simulation diverged at t=0: eigenvalue Re(λ)=3.700e-01 predicts growth factor 1.08e+08 over Δt=50.0, exceeding threshold 1e+08. The system is physically unstable.",-1,,,,,,,,false
-0.8367346938775511,-1.2692307692307694,1.0,0.0001,0.0,1.0,256,50.0,auto,auto,periodic,,success,,0,381.4600802924608,50.0,381.4600802924608,0.9,3.8146e+10,,,false
-0.8367346938775511,-1.2051282051282053,1.0,0.0001,0.0,1.0,256,50.0,auto,auto,periodic,,success,,0,23.768494818718413,50.0,23.768494818718413,0.98,2.3768e+09,,,false
-0.8367346938775511,-1.1410256410256412,1.0,0.0001,0.0,1.0,256,50.0,auto,auto,periodic,,success,,0,1.6323177886294542,50.0,1.6323177886294542,0.9,1.6323e+08,,,false
-0.8367346938775511,-1.076923076923077,1.0,0.0001,0.0,1.0,256,50.0,auto,auto,periodic,,success,,0,0.12142974361179391,50.0,0.12142974361179391,0.93,1.2143e+07,,,false
-0.8367346938775511,-1.012820512820513,1.0,0.0001,0.0,1.0,256,50.0,auto,auto,periodic,,success,,0,0.00965538368707457,50.0,0.00965538368707457,0.93,9.6554e+05,1.544865e+03,3.1889,true
-0.8367346938775511,-0.9487179487179489,1.0,0.0001,0.0,1.0,256,50.0,auto,auto,periodic,,success,,0,0.0008120384833213062,50.0,0.0008120384833213062,0.97,8.1204e+04,1.299264e+02,2.1137,true
-0.8367346938775511,-0.884615384615385,1.0,0.0001,0.0,1.0,256,50.0,auto,auto,periodic,,success,,0,7.163219276798579e-05,50.0,7.163219276798579e-05,0.94,7.1632e+03,1.146117e+01,1.0592,true
-0.8367346938775511,-0.8205128205128207,1.0,0.0001,0.0,1.0,256,50.0,auto,auto,periodic,,success,,0,6.583916195851648e-06,50.0,6.583916195851648e-06,0.99,6.5839e+02,1.053429e+00,0.0226,true
-0.8367346938775511,-0.7564102564102564,1.0,0.0001,0.0,1.0,256,50.0,auto,auto,periodic,,success,,0,6.274427972941758e-07,50.0,6.274427972941758e-07,1.72,6.2744e+01,1.003911e-01,-0.9983,true
-0.8367346938775511,-0.6923076923076925,1.0,0.0001,0.0,1.0,256,50.0,auto,auto,periodic,,success,,0,6.184662391979213e-08,50.0,6.184662391979213e-08,1.07,6.1847e+00,9.895480e-03,-2.0046,true
-0.8367346938775511,-0.6282051282051286,1.0,0.0001,0.0,1.0,256,50.0,auto,auto,periodic,,success,,0,6.324249651149331e-09,50.0,6.324249651149331e-09,0.94,6.3242e-01,1.011882e-03,-2.9949,true
-0.8367346938775511,-0.5641025641025643,1.0,0.0001,0.0,1.0,256,50.0,auto,auto,periodic,,success,,0,6.822316257885424e-10,50.0,6.822316257885424e-10,0.94,6.8223e-02,1.091573e-04,-3.9619,true
-0.8367346938775511,-0.5,1.0,0.0001,0.0,1.0,256,50.0,auto,auto,periodic,,success,,0,8.0250958443073e-11,50.0,8.0250958443073e-11,0.98,8.0251e-03,1.284018e-05,-4.8914,true
-0.7959183673469388,-3.0,1.0,0.0001,0.0,1.0,256,50.0,auto,auto,periodic,"Simulation diverged at t=0: eigenvalue Re(λ)=2.315e+00 predicts growth factor 1.90e+50 over Δt=50.0, exceeding threshold 1e+08. The system is physically unstable.",diverged,"Simulation diverged at t=0: eigenvalue Re(λ)=2.315e+00 predicts growth factor 1.90e+50 over Δt=50.0, exceeding threshold 1e+08. The system is physically unstable.",-1,,,,,,,,false
-0.7959183673469388,-2.935897435897436,1.0,0.0001,0.0,1.0,256,50.0,auto,auto,periodic,"Simulation diverged at t=0: eigenvalue Re(λ)=5.997e+00 predicts growth factor 1.69e+130 over Δt=50.0, exceeding threshold 1e+08. The system is physically unstable.",diverged,"Simulation diverged at t=0: eigenvalue Re(λ)=5.997e+00 predicts growth factor 1.69e+130 over Δt=50.0, exceeding threshold 1e+08. The system is physically unstable.",-1,,,,,,,,false
-0.7959183673469388,-2.871794871794872,1.0,0.0001,0.0,1.0,256,50.0,auto,auto,periodic,"Simulation diverged at t=0: eigenvalue Re(λ)=3.100e+00 predicts growth factor 2.09e+67 over Δt=50.0, exceeding threshold 1e+08. The system is physically unstable.",diverged,"Simulation diverged at t=0: eigenvalue Re(λ)=3.100e+00 predicts growth factor 2.09e+67 over Δt=50.0, exceeding threshold 1e+08. The system is physically unstable.",-1,,,,,,,,false
-0.7959183673469388,-2.8076923076923075,1.0,0.0001,0.0,1.0,256,50.0,auto,auto,periodic,"Simulation diverged at t=0: eigenvalue Re(λ)=2.319e+00 predicts growth factor 2.26e+50 over Δt=50.0, exceeding threshold 1e+08. The system is physically unstable.",diverged,"Simulation diverged at t=0: eigenvalue Re(λ)=2.319e+00 predicts growth factor 2.26e+50 over Δt=50.0, exceeding threshold 1e+08. The system is physically unstable.",-1,,,,,,,,false
-0.7959183673469388,-2.7435897435897436,1.0,0.0001,0.0,1.0,256,50.0,auto,auto,periodic,"Simulation diverged at t=0: eigenvalue Re(λ)=1.013e+01 predicts growth factor 9.75e+219 over Δt=50.0, exceeding threshold 1e+08. The system is physically unstable.",diverged,"Simulation diverged at t=0: eigenvalue Re(λ)=1.013e+01 predicts growth factor 9.75e+219 over Δt=50.0, exceeding threshold 1e+08. The system is physically unstable.",-1,,,,,,,,false
-0.7959183673469388,-2.6794871794871797,1.0,0.0001,0.0,1.0,256,50.0,auto,auto,periodic,"Simulation diverged at t=0: eigenvalue Re(λ)=3.074e+00 predicts growth factor 5.60e+66 over Δt=50.0, exceeding threshold 1e+08. The system is physically unstable.",diverged,"Simulation diverged at t=0: eigenvalue Re(λ)=3.074e+00 predicts growth factor 5.60e+66 over Δt=50.0, exceeding threshold 1e+08. The system is physically unstable.",-1,,,,,,,,false
-0.7959183673469388,-2.6153846153846154,1.0,0.0001,0.0,1.0,256,50.0,auto,auto,periodic,"Simulation diverged at t=0: eigenvalue Re(λ)=2.185e+00 predicts growth factor 2.78e+47 over Δt=50.0, exceeding threshold 1e+08. The system is physically unstable.",diverged,"Simulation diverged at t=0: eigenvalue Re(λ)=2.185e+00 predicts growth factor 2.78e+47 over Δt=50.0, exceeding threshold 1e+08. The system is physically unstable.",-1,,,,,,,,false
-0.7959183673469388,-2.551282051282051,1.0,0.0001,0.0,1.0,256,50.0,auto,auto,periodic,"Simulation diverged at t=0: eigenvalue Re(λ)=7.683e+00 predicts growth factor 6.70e+166 over Δt=50.0, exceeding threshold 1e+08. The system is physically unstable.",diverged,"Simulation diverged at t=0: eigenvalue Re(λ)=7.683e+00 predicts growth factor 6.70e+166 over Δt=50.0, exceeding threshold 1e+08. The system is physically unstable.",-1,,,,,,,,false
-0.7959183673469388,-2.4871794871794872,1.0,0.0001,0.0,1.0,256,50.0,auto,auto,periodic,"Simulation diverged at t=0: eigenvalue Re(λ)=2.645e+00 predicts growth factor 2.66e+57 over Δt=50.0, exceeding threshold 1e+08. The system is physically unstable.",diverged,"Simulation diverged at t=0: eigenvalue Re(λ)=2.645e+00 predicts growth factor 2.66e+57 over Δt=50.0, exceeding threshold 1e+08. The system is physically unstable.",-1,,,,,,,,false
-0.7959183673469388,-2.4230769230769234,1.0,0.0001,0.0,1.0,256,50.0,auto,auto,periodic,"Simulation diverged at t=0: eigenvalue Re(λ)=1.891e+00 predicts growth factor 1.17e+41 over Δt=50.0, exceeding threshold 1e+08. The system is physically unstable.",diverged,"Simulation diverged at t=0: eigenvalue Re(λ)=1.891e+00 predicts growth factor 1.17e+41 over Δt=50.0, exceeding threshold 1e+08. The system is physically unstable.",-1,,,,,,,,false
-0.7959183673469388,-2.358974358974359,1.0,0.0001,0.0,1.0,256,50.0,auto,auto,periodic,"Simulation diverged at t=0: eigenvalue Re(λ)=3.546e+00 predicts growth factor 1.02e+77 over Δt=50.0, exceeding threshold 1e+08. The system is physically unstable.",diverged,"Simulation diverged at t=0: eigenvalue Re(λ)=3.546e+00 predicts growth factor 1.02e+77 over Δt=50.0, exceeding threshold 1e+08. The system is physically unstable.",-1,,,,,,,,false
-0.7959183673469388,-2.2948717948717947,1.0,0.0001,0.0,1.0,256,50.0,auto,auto,periodic,"Simulation diverged at t=0: eigenvalue Re(λ)=1.988e+00 predicts growth factor 1.48e+43 over Δt=50.0, exceeding threshold 1e+08. The system is physically unstable.",diverged,"Simulation diverged at t=0: eigenvalue Re(λ)=1.988e+00 predicts growth factor 1.48e+43 over Δt=50.0, exceeding threshold 1e+08. The system is physically unstable.",-1,,,,,,,,false
-0.7959183673469388,-2.230769230769231,1.0,0.0001,0.0,1.0,256,50.0,auto,auto,periodic,"Simulation diverged at t=0: eigenvalue Re(λ)=5.559e+00 predicts growth factor 5.05e+120 over Δt=50.0, exceeding threshold 1e+08. The system is physically unstable.",diverged,"Simulation diverged at t=0: eigenvalue Re(λ)=5.559e+00 predicts growth factor 5.05e+120 over Δt=50.0, exceeding threshold 1e+08. The system is physically unstable.",-1,,,,,,,,false
-0.7959183673469388,-2.166666666666667,1.0,0.0001,0.0,1.0,256,50.0,auto,auto,periodic,"Simulation diverged at t=0: eigenvalue Re(λ)=1.946e+00 predicts growth factor 1.78e+42 over Δt=50.0, exceeding threshold 1e+08. The system is physically unstable.",diverged,"Simulation diverged at t=0: eigenvalue Re(λ)=1.946e+00 predicts growth factor 1.78e+42 over Δt=50.0, exceeding threshold 1e+08. The system is physically unstable.",-1,,,,,,,,false
-0.7959183673469388,-2.1025641025641026,1.0,0.0001,0.0,1.0,256,50.0,auto,auto,periodic,"Simulation diverged at t=0: eigenvalue Re(λ)=5.200e+00 predicts growth factor 8.25e+112 over Δt=50.0, exceeding threshold 1e+08. The system is physically unstable.",diverged,"Simulation diverged at t=0: eigenvalue Re(λ)=5.200e+00 predicts growth factor 8.25e+112 over Δt=50.0, exceeding threshold 1e+08. The system is physically unstable.",-1,,,,,,,,false
-0.7959183673469388,-2.0384615384615383,1.0,0.0001,0.0,1.0,256,50.0,auto,auto,periodic,"Simulation diverged at t=0: eigenvalue Re(λ)=1.651e+00 predicts growth factor 7.27e+35 over Δt=50.0, exceeding threshold 1e+08. The system is physically unstable.",diverged,"Simulation diverged at t=0: eigenvalue Re(λ)=1.651e+00 predicts growth factor 7.27e+35 over Δt=50.0, exceeding threshold 1e+08. The system is physically unstable.",-1,,,,,,,,false
-0.7959183673469388,-1.9743589743589745,1.0,0.0001,0.0,1.0,256,50.0,auto,auto,periodic,"Simulation diverged at t=0: eigenvalue Re(λ)=2.289e+00 predicts growth factor 5.13e+49 over Δt=50.0, exceeding threshold 1e+08. The system is physically unstable.",diverged,"Simulation diverged at t=0: eigenvalue Re(λ)=2.289e+00 predicts growth factor 5.13e+49 over Δt=50.0, exceeding threshold 1e+08. The system is physically unstable.",-1,,,,,,,,false
-0.7959183673469388,-1.9102564102564104,1.0,0.0001,0.0,1.0,256,50.0,auto,auto,periodic,"Simulation diverged at t=0: eigenvalue Re(λ)=1.196e+00 predicts growth factor 9.39e+25 over Δt=50.0, exceeding threshold 1e+08. The system is physically unstable.",diverged,"Simulation diverged at t=0: eigenvalue Re(λ)=1.196e+00 predicts growth factor 9.39e+25 over Δt=50.0, exceeding threshold 1e+08. The system is physically unstable.",-1,,,,,,,,false
-0.7959183673469388,-1.8461538461538463,1.0,0.0001,0.0,1.0,256,50.0,auto,auto,periodic,"Simulation diverged at t=0: eigenvalue Re(λ)=1.126e+00 predicts growth factor 2.85e+24 over Δt=50.0, exceeding threshold 1e+08. The system is physically unstable.",diverged,"Simulation diverged at t=0: eigenvalue Re(λ)=1.126e+00 predicts growth factor 2.85e+24 over Δt=50.0, exceeding threshold 1e+08. The system is physically unstable.",-1,,,,,,,,false
-0.7959183673469388,-1.7820512820512822,1.0,0.0001,0.0,1.0,256,50.0,auto,auto,periodic,"Simulation diverged at t=0: eigenvalue Re(λ)=1.593e+00 predicts growth factor 3.83e+34 over Δt=50.0, exceeding threshold 1e+08. The system is physically unstable.",diverged,"Simulation diverged at t=0: eigenvalue Re(λ)=1.593e+00 predicts growth factor 3.83e+34 over Δt=50.0, exceeding threshold 1e+08. The system is physically unstable.",-1,,,,,,,,false
-0.7959183673469388,-1.717948717948718,1.0,0.0001,0.0,1.0,256,50.0,auto,auto,periodic,"Simulation diverged at t=0: eigenvalue Re(λ)=5.160e-01 predicts growth factor 1.60e+11 over Δt=50.0, exceeding threshold 1e+08. The system is physically unstable.",diverged,"Simulation diverged at t=0: eigenvalue Re(λ)=5.160e-01 predicts growth factor 1.60e+11 over Δt=50.0, exceeding threshold 1e+08. The system is physically unstable.",-1,,,,,,,,false
-0.7959183673469388,-1.653846153846154,1.0,0.0001,0.0,1.0,256,50.0,auto,auto,periodic,"Simulation diverged at t=0: eigenvalue Re(λ)=4.635e-01 predicts growth factor 1.16e+10 over Δt=50.0, exceeding threshold 1e+08. The system is physically unstable.",diverged,"Simulation diverged at t=0: eigenvalue Re(λ)=4.635e-01 predicts growth factor 1.16e+10 over Δt=50.0, exceeding threshold 1e+08. The system is physically unstable.",-1,,,,,,,,false
-0.7959183673469388,-1.5897435897435899,1.0,0.0001,0.0,1.0,256,50.0,auto,auto,periodic,"Simulation diverged at t=0: eigenvalue Re(λ)=3.882e-01 predicts growth factor 2.69e+08 over Δt=50.0, exceeding threshold 1e+08. The system is physically unstable.",diverged,"Simulation diverged at t=0: eigenvalue Re(λ)=3.882e-01 predicts growth factor 2.69e+08 over Δt=50.0, exceeding threshold 1e+08. The system is physically unstable.",-1,,,,,,,,false
-0.7959183673469388,-1.5256410256410258,1.0,0.0001,0.0,1.0,256,50.0,auto,auto,periodic,"Simulation diverged at t=0: eigenvalue Re(λ)=3.977e-01 predicts growth factor 4.33e+08 over Δt=50.0, exceeding threshold 1e+08. The system is physically unstable.",diverged,"Simulation diverged at t=0: eigenvalue Re(λ)=3.977e-01 predicts growth factor 4.33e+08 over Δt=50.0, exceeding threshold 1e+08. The system is physically unstable.",-1,,,,,,,,false
-0.7959183673469388,-1.4615384615384617,1.0,0.0001,0.0,1.0,256,50.0,auto,auto,periodic,"Simulation diverged at t=0: eigenvalue Re(λ)=3.955e-01 predicts growth factor 3.87e+08 over Δt=50.0, exceeding threshold 1e+08. The system is physically unstable.",diverged,"Simulation diverged at t=0: eigenvalue Re(λ)=3.955e-01 predicts growth factor 3.87e+08 over Δt=50.0, exceeding threshold 1e+08. The system is physically unstable.",-1,,,,,,,,false
-0.7959183673469388,-1.3974358974358976,1.0,0.0001,0.0,1.0,256,50.0,auto,auto,periodic,"Simulation diverged at t=0: eigenvalue Re(λ)=3.827e-01 predicts growth factor 2.04e+08 over Δt=50.0, exceeding threshold 1e+08. The system is physically unstable.",diverged,"Simulation diverged at t=0: eigenvalue Re(λ)=3.827e-01 predicts growth factor 2.04e+08 over Δt=50.0, exceeding threshold 1e+08. The system is physically unstable.",-1,,,,,,,,false
-0.7959183673469388,-1.3333333333333335,1.0,0.0001,0.0,1.0,256,50.0,auto,auto,periodic,,success,,0,939.690690130622,50.0,939.690690130622,2.44,9.3969e+10,,,false
-0.7959183673469388,-1.2692307692307694,1.0,0.0001,0.0,1.0,256,50.0,auto,auto,periodic,,success,,0,42.32474887306519,50.0,42.32474887306519,3.52,4.2325e+09,,,false
-0.7959183673469388,-1.2051282051282053,1.0,0.0001,0.0,1.0,256,50.0,auto,auto,periodic,,success,,0,2.1586041512632863,50.0,2.1586041512632863,1.91,2.1586e+08,,,false
-0.7959183673469388,-1.1410256410256412,1.0,0.0001,0.0,1.0,256,50.0,auto,auto,periodic,,success,,0,0.12163454922517554,50.0,0.12163454922517554,1.28,1.2163e+07,,,false
-0.7959183673469388,-1.076923076923077,1.0,0.0001,0.0,1.0,256,50.0,auto,auto,periodic,,success,,0,0.007435356790281552,50.0,0.007435356790281552,1.08,7.4354e+05,1.189660e+03,3.0754,true
-0.7959183673469388,-1.012820512820513,1.0,0.0001,0.0,1.0,256,50.0,auto,auto,periodic,,success,,0,0.00048619666300832336,50.0,0.00048619666300832336,1.24,4.8620e+04,7.779163e+01,1.8909,true
-0.7959183673469388,-0.9487179487179489,1.0,0.0001,0.0,1.0,256,50.0,auto,auto,periodic,,success,,0,3.363889995121114e-05,50.0,3.363889995121114e-05,1.25,3.3639e+03,5.382235e+00,0.7310,true
-0.7959183673469388,-0.884615384615385,1.0,0.0001,0.0,1.0,256,50.0,auto,auto,periodic,,success,,0,2.442079453751277e-06,50.0,2.442079453751277e-06,2.04,2.4421e+02,3.907335e-01,-0.4081,true
-0.7959183673469388,-0.8205128205128207,1.0,0.0001,0.0,1.0,256,50.0,auto,auto,periodic,,success,,0,1.8498992201350004e-07,50.0,1.8498992201350004e-07,1.05,1.8499e+01,2.959845e-02,-1.5287,true
-0.7959183673469388,-0.7564102564102564,1.0,0.0001,0.0,1.0,256,50.0,auto,auto,periodic,,success,,0,1.4614836837822206e-08,50.0,1.4614836837822206e-08,1.27,1.4615e+00,2.338379e-03,-2.6311,true
-0.7959183673469388,-0.6923076923076925,1.0,0.0001,0.0,1.0,256,50.0,auto,auto,periodic,,success,,0,1.2203495260563908e-09,50.0,1.2203495260563908e-09,1.3,1.2203e-01,1.952563e-04,-3.7094,true
-0.7959183673469388,-0.6282051282051286,1.0,0.0001,0.0,1.0,256,50.0,auto,auto,periodic,,success,,0,1.121006005888571e-10,50.0,1.121006005888571e-10,1.15,1.1210e-02,1.793613e-05,-4.7463,true
-0.7959183673469388,-0.5641025641025643,1.0,0.0001,0.0,1.0,256,50.0,auto,auto,periodic,,success,,0,1.075858356391959e-11,50.0,1.075858356391959e-11,1.87,1.0759e-03,1.721377e-06,-5.7641,true
-0.7959183673469388,-0.5,1.0,0.0001,0.0,1.0,256,50.0,auto,auto,periodic,,success,,0,2.3975116783254177e-13,50.0,2.3975116783254177e-13,1.17,2.3975e-05,3.836027e-08,-7.4161,true
-0.7551020408163265,-3.0,1.0,0.0001,0.0,1.0,256,50.0,auto,auto,periodic,"Simulation diverged at t=0: eigenvalue Re(λ)=4.612e+00 predicts growth factor 1.40e+100 over Δt=50.0, exceeding threshold 1e+08. The system is physically unstable.",diverged,"Simulation diverged at t=0: eigenvalue Re(λ)=4.612e+00 predicts growth factor 1.40e+100 over Δt=50.0, exceeding threshold 1e+08. The system is physically unstable.",-1,,,,,,,,false
-0.7551020408163265,-2.935897435897436,1.0,0.0001,0.0,1.0,256,50.0,auto,auto,periodic,"Simulation diverged at t=0: eigenvalue Re(λ)=2.936e+00 predicts growth factor 5.67e+63 over Δt=50.0, exceeding threshold 1e+08. The system is physically unstable.",diverged,"Simulation diverged at t=0: eigenvalue Re(λ)=2.936e+00 predicts growth factor 5.67e+63 over Δt=50.0, exceeding threshold 1e+08. The system is physically unstable.",-1,,,,,,,,false
-0.7551020408163265,-2.871794871794872,1.0,0.0001,0.0,1.0,256,50.0,auto,auto,periodic,"Simulation diverged at t=0: eigenvalue Re(λ)=2.291e+00 predicts growth factor 5.66e+49 over Δt=50.0, exceeding threshold 1e+08. The system is physically unstable.",diverged,"Simulation diverged at t=0: eigenvalue Re(λ)=2.291e+00 predicts growth factor 5.66e+49 over Δt=50.0, exceeding threshold 1e+08. The system is physically unstable.",-1,,,,,,,,false
-0.7551020408163265,-2.8076923076923075,1.0,0.0001,0.0,1.0,256,50.0,auto,auto,periodic,"Simulation diverged at t=0: eigenvalue Re(λ)=4.985e+00 predicts growth factor 1.77e+108 over Δt=50.0, exceeding threshold 1e+08. The system is physically unstable.",diverged,"Simulation diverged at t=0: eigenvalue Re(λ)=4.985e+00 predicts growth factor 1.77e+108 over Δt=50.0, exceeding threshold 1e+08. The system is physically unstable.",-1,,,,,,,,false
-0.7551020408163265,-2.7435897435897436,1.0,0.0001,0.0,1.0,256,50.0,auto,auto,periodic,"Simulation diverged at t=0: eigenvalue Re(λ)=2.814e+00 predicts growth factor 1.26e+61 over Δt=50.0, exceeding threshold 1e+08. The system is physically unstable.",diverged,"Simulation diverged at t=0: eigenvalue Re(λ)=2.814e+00 predicts growth factor 1.26e+61 over Δt=50.0, exceeding threshold 1e+08. The system is physically unstable.",-1,,,,,,,,false
-0.7551020408163265,-2.6794871794871797,1.0,0.0001,0.0,1.0,256,50.0,auto,auto,periodic,"Simulation diverged at t=0: eigenvalue Re(λ)=2.134e+00 predicts growth factor 2.18e+46 over Δt=50.0, exceeding threshold 1e+08. The system is physically unstable.",diverged,"Simulation diverged at t=0: eigenvalue Re(λ)=2.134e+00 predicts growth factor 2.18e+46 over Δt=50.0, exceeding threshold 1e+08. The system is physically unstable.",-1,,,,,,,,false
-0.7551020408163265,-2.6153846153846154,1.0,0.0001,0.0,1.0,256,50.0,auto,auto,periodic,"Simulation diverged at t=0: eigenvalue Re(λ)=4.188e+00 predicts growth factor 8.92e+90 over Δt=50.0, exceeding threshold 1e+08. The system is physically unstable.",diverged,"Simulation diverged at t=0: eigenvalue Re(λ)=4.188e+00 predicts growth factor 8.92e+90 over Δt=50.0, exceeding threshold 1e+08. The system is physically unstable.",-1,,,,,,,,false
-0.7551020408163265,-2.551282051282051,1.0,0.0001,0.0,1.0,256,50.0,auto,auto,periodic,"Simulation diverged at t=0: eigenvalue Re(λ)=2.437e+00 predicts growth factor 8.46e+52 over Δt=50.0, exceeding threshold 1e+08. The system is physically unstable.",diverged,"Simulation diverged at t=0: eigenvalue Re(λ)=2.437e+00 predicts growth factor 8.46e+52 over Δt=50.0, exceeding threshold 1e+08. The system is physically unstable.",-1,,,,,,,,false
-0.7551020408163265,-2.4871794871794872,1.0,0.0001,0.0,1.0,256,50.0,auto,auto,periodic,"Simulation diverged at t=0: eigenvalue Re(λ)=1.858e+00 predicts growth factor 2.23e+40 over Δt=50.0, exceeding threshold 1e+08. The system is physically unstable.",diverged,"Simulation diverged at t=0: eigenvalue Re(λ)=1.858e+00 predicts growth factor 2.23e+40 over Δt=50.0, exceeding threshold 1e+08. The system is physically unstable.",-1,,,,,,,,false
-0.7551020408163265,-2.4230769230769234,1.0,0.0001,0.0,1.0,256,50.0,auto,auto,periodic,"Simulation diverged at t=0: eigenvalue Re(λ)=2.870e+00 predicts growth factor 2.11e+62 over Δt=50.0, exceeding threshold 1e+08. The system is physically unstable.",diverged,"Simulation diverged at t=0: eigenvalue Re(λ)=2.870e+00 predicts growth factor 2.11e+62 over Δt=50.0, exceeding threshold 1e+08. The system is physically unstable.",-1,,,,,,,,false
-0.7551020408163265,-2.358974358974359,1.0,0.0001,0.0,1.0,256,50.0,auto,auto,periodic,"Simulation diverged at t=0: eigenvalue Re(λ)=1.918e+00 predicts growth factor 4.49e+41 over Δt=50.0, exceeding threshold 1e+08. The system is physically unstable.",diverged,"Simulation diverged at t=0: eigenvalue Re(λ)=1.918e+00 predicts growth factor 4.49e+41 over Δt=50.0, exceeding threshold 1e+08. The system is physically unstable.",-1,,,,,,,,false
-0.7551020408163265,-2.2948717948717947,1.0,0.0001,0.0,1.0,256,50.0,auto,auto,periodic,"Simulation diverged at t=0: eigenvalue Re(λ)=3.354e+00 predicts growth factor 6.80e+72 over Δt=50.0, exceeding threshold 1e+08. The system is physically unstable.",diverged,"Simulation diverged at t=0: eigenvalue Re(λ)=3.354e+00 predicts growth factor 6.80e+72 over Δt=50.0, exceeding threshold 1e+08. The system is physically unstable.",-1,,,,,,,,false
-0.7551020408163265,-2.230769230769231,1.0,0.0001,0.0,1.0,256,50.0,auto,auto,periodic,"Simulation diverged at t=0: eigenvalue Re(λ)=1.878e+00 predicts growth factor 6.07e+40 over Δt=50.0, exceeding threshold 1e+08. The system is physically unstable.",diverged,"Simulation diverged at t=0: eigenvalue Re(λ)=1.878e+00 predicts growth factor 6.07e+40 over Δt=50.0, exceeding threshold 1e+08. The system is physically unstable.",-1,,,,,,,,false
-0.7551020408163265,-2.166666666666667,1.0,0.0001,0.0,1.0,256,50.0,auto,auto,periodic,"Simulation diverged at t=0: eigenvalue Re(λ)=3.247e+00 predicts growth factor 3.18e+70 over Δt=50.0, exceeding threshold 1e+08. The system is physically unstable.",diverged,"Simulation diverged at t=0: eigenvalue Re(λ)=3.247e+00 predicts growth factor 3.18e+70 over Δt=50.0, exceeding threshold 1e+08. The system is physically unstable.",-1,,,,,,,,false
-0.7551020408163265,-2.1025641025641026,1.0,0.0001,0.0,1.0,256,50.0,auto,auto,periodic,"Simulation diverged at t=0: eigenvalue Re(λ)=1.666e+00 predicts growth factor 1.54e+36 over Δt=50.0, exceeding threshold 1e+08. The system is physically unstable.",diverged,"Simulation diverged at t=0: eigenvalue Re(λ)=1.666e+00 predicts growth factor 1.54e+36 over Δt=50.0, exceeding threshold 1e+08. The system is physically unstable.",-1,,,,,,,,false
-0.7551020408163265,-2.0384615384615383,1.0,0.0001,0.0,1.0,256,50.0,auto,auto,periodic,"Simulation diverged at t=0: eigenvalue Re(λ)=2.246e+00 predicts growth factor 6.00e+48 over Δt=50.0, exceeding threshold 1e+08. The system is physically unstable.",diverged,"Simulation diverged at t=0: eigenvalue Re(λ)=2.246e+00 predicts growth factor 6.00e+48 over Δt=50.0, exceeding threshold 1e+08. The system is physically unstable.",-1,,,,,,,,false
-0.7551020408163265,-1.9743589743589745,1.0,0.0001,0.0,1.0,256,50.0,auto,auto,periodic,"Simulation diverged at t=0: eigenvalue Re(λ)=1.293e+01 predicts growth factor 7.34e+280 over Δt=50.0, exceeding threshold 1e+08. The system is physically unstable.",diverged,"Simulation diverged at t=0: eigenvalue Re(λ)=1.293e+01 predicts growth factor 7.34e+280 over Δt=50.0, exceeding threshold 1e+08. The system is physically unstable.",-1,,,,,,,,false
-0.7551020408163265,-1.9102564102564104,1.0,0.0001,0.0,1.0,256,50.0,auto,auto,periodic,"Simulation diverged at t=0: eigenvalue Re(λ)=1.345e+00 predicts growth factor 1.59e+29 over Δt=50.0, exceeding threshold 1e+08. The system is physically unstable.",diverged,"Simulation diverged at t=0: eigenvalue Re(λ)=1.345e+00 predicts growth factor 1.59e+29 over Δt=50.0, exceeding threshold 1e+08. The system is physically unstable.",-1,,,,,,,,false
-0.7551020408163265,-1.8461538461538463,1.0,0.0001,0.0,1.0,256,50.0,auto,auto,periodic,"Simulation diverged at t=0: eigenvalue Re(λ)=1.239e+00 predicts growth factor 8.06e+26 over Δt=50.0, exceeding threshold 1e+08. The system is physically unstable.",diverged,"Simulation diverged at t=0: eigenvalue Re(λ)=1.239e+00 predicts growth factor 8.06e+26 over Δt=50.0, exceeding threshold 1e+08. The system is physically unstable.",-1,,,,,,,,false
-0.7551020408163265,-1.7820512820512822,1.0,0.0001,0.0,1.0,256,50.0,auto,auto,periodic,"Simulation diverged at t=0: eigenvalue Re(λ)=2.144e+00 predicts growth factor 3.67e+46 over Δt=50.0, exceeding threshold 1e+08. The system is physically unstable.",diverged,"Simulation diverged at t=0: eigenvalue Re(λ)=2.144e+00 predicts growth factor 3.67e+46 over Δt=50.0, exceeding threshold 1e+08. The system is physically unstable.",-1,,,,,,,,false
-0.7551020408163265,-1.717948717948718,1.0,0.0001,0.0,1.0,256,50.0,auto,auto,periodic,"Simulation diverged at t=0: eigenvalue Re(λ)=5.029e-01 predicts growth factor 8.34e+10 over Δt=50.0, exceeding threshold 1e+08. The system is physically unstable.",diverged,"Simulation diverged at t=0: eigenvalue Re(λ)=5.029e-01 predicts growth factor 8.34e+10 over Δt=50.0, exceeding threshold 1e+08. The system is physically unstable.",-1,,,,,,,,false
-0.7551020408163265,-1.653846153846154,1.0,0.0001,0.0,1.0,256,50.0,auto,auto,periodic,"Simulation diverged at t=0: eigenvalue Re(λ)=4.486e-01 predicts growth factor 5.52e+09 over Δt=50.0, exceeding threshold 1e+08. The system is physically unstable.",diverged,"Simulation diverged at t=0: eigenvalue Re(λ)=4.486e-01 predicts growth factor 5.52e+09 over Δt=50.0, exceeding threshold 1e+08. The system is physically unstable.",-1,,,,,,,,false
-0.7551020408163265,-1.5897435897435899,1.0,0.0001,0.0,1.0,256,50.0,auto,auto,periodic,"Simulation diverged at t=0: eigenvalue Re(λ)=3.720e-01 predicts growth factor 1.19e+08 over Δt=50.0, exceeding threshold 1e+08. The system is physically unstable.",diverged,"Simulation diverged at t=0: eigenvalue Re(λ)=3.720e-01 predicts growth factor 1.19e+08 over Δt=50.0, exceeding threshold 1e+08. The system is physically unstable.",-1,,,,,,,,false
-0.7551020408163265,-1.5256410256410258,1.0,0.0001,0.0,1.0,256,50.0,auto,auto,periodic,"Simulation diverged at t=0: eigenvalue Re(λ)=3.804e-01 predicts growth factor 1.82e+08 over Δt=50.0, exceeding threshold 1e+08. The system is physically unstable.",diverged,"Simulation diverged at t=0: eigenvalue Re(λ)=3.804e-01 predicts growth factor 1.82e+08 over Δt=50.0, exceeding threshold 1e+08. The system is physically unstable.",-1,,,,,,,,false
-0.7551020408163265,-1.4615384615384617,1.0,0.0001,0.0,1.0,256,50.0,auto,auto,periodic,"Simulation diverged at t=0: eigenvalue Re(λ)=3.769e-01 predicts growth factor 1.53e+08 over Δt=50.0, exceeding threshold 1e+08. The system is physically unstable.",diverged,"Simulation diverged at t=0: eigenvalue Re(λ)=3.769e-01 predicts growth factor 1.53e+08 over Δt=50.0, exceeding threshold 1e+08. The system is physically unstable.",-1,,,,,,,,false
-0.7551020408163265,-1.3974358974358976,1.0,0.0001,0.0,1.0,256,50.0,auto,auto,periodic,"Simulation diverged at t=0: eigenvalue Re(λ)=3.718e-01 predicts growth factor 1.18e+08 over Δt=50.0, exceeding threshold 1e+08. The system is physically unstable.",diverged,"Simulation diverged at t=0: eigenvalue Re(λ)=3.718e-01 predicts growth factor 1.18e+08 over Δt=50.0, exceeding threshold 1e+08. The system is physically unstable.",-1,,,,,,,,false
-0.7551020408163265,-1.3333333333333335,1.0,0.0001,0.0,1.0,256,50.0,auto,auto,periodic,,success,,0,98.93258991405989,50.0,98.93258991405989,1.19,9.8933e+09,,,false
-0.7551020408163265,-1.2692307692307694,1.0,0.0001,0.0,1.0,256,50.0,auto,auto,periodic,,success,,0,3.5245045409806854,50.0,3.5245045409806854,1.38,3.5245e+08,,,false
-0.7551020408163265,-1.2051282051282053,1.0,0.0001,0.0,1.0,256,50.0,auto,auto,periodic,,success,,0,0.14266284596676465,50.0,0.14266284596676465,1.33,1.4266e+07,,,false
-0.7551020408163265,-1.1410256410256412,1.0,0.0001,0.0,1.0,256,50.0,auto,auto,periodic,,success,,0,0.006392944229009581,50.0,0.006392944229009581,1.33,6.3929e+05,1.022873e+03,3.0098,true
-0.7551020408163265,-1.076923076923077,1.0,0.0001,0.0,1.0,256,50.0,auto,auto,periodic,,success,,0,0.0003110907848716231,50.0,0.0003110907848716231,1.18,3.1109e+04,4.977463e+01,1.6970,true
-0.7551020408163265,-1.012820512820513,1.0,0.0001,0.0,1.0,256,50.0,auto,auto,periodic,,success,,0,1.6200587017572044e-05,50.0,1.6200587017572044e-05,1.42,1.6201e+03,2.592099e+00,0.4137,true
-0.7551020408163265,-0.9487179487179489,1.0,0.0001,0.0,1.0,256,50.0,auto,auto,periodic,,success,,0,8.932880855460459e-07,50.0,8.932880855460459e-07,1.32,8.9329e+01,1.429264e-01,-0.8449,true
-0.7551020408163265,-0.884615384615385,1.0,0.0001,0.0,1.0,256,50.0,auto,auto,periodic,,success,,0,5.185057606414773e-08,50.0,5.185057606414773e-08,1.03,5.1851e+00,8.296109e-03,-2.0811,true
-0.7551020408163265,-0.8205128205128207,1.0,0.0001,0.0,1.0,256,50.0,auto,auto,periodic,,success,,0,3.1870273545086665e-09,50.0,3.1870273545086665e-09,1.13,3.1870e-01,5.099254e-04,-3.2925,true
-0.7551020408163265,-0.7564102564102564,1.0,0.0001,0.0,1.0,256,50.0,auto,auto,periodic,,success,,0,2.156198220859747e-10,50.0,2.156198220859747e-10,1.7,2.1562e-02,3.449924e-05,-4.4622,true
-0.7551020408163265,-0.6923076923076925,1.0,0.0001,0.0,1.0,256,50.0,auto,auto,periodic,,success,,0,1.6196526643705698e-11,50.0,1.6196526643705698e-11,0.99,1.6197e-03,2.591450e-06,-5.5865,true
-0.7551020408163265,-0.6282051282051286,1.0,0.0001,0.0,1.0,256,50.0,auto,auto,periodic,,success,,0,3.641867954817194e-13,50.0,3.641867954817194e-13,0.97,3.6419e-05,5.827001e-08,-7.2346,true
-0.7551020408163265,-0.5641025641025643,1.0,0.0001,0.0,1.0,256,50.0,auto,auto,periodic,,success,,0,1.4843940321152986e-12,43.0,1.4414598276792238e-12,1.01,1.4844e-04,2.375035e-07,-6.6243,true
-0.7551020408163265,-0.5,1.0,0.0001,0.0,1.0,256,50.0,auto,auto,periodic,,success,,0,7.484652930548789e-12,43.0,6.386368318195264e-12,1.21,7.4847e-04,1.197547e-06,-5.9217,true
-0.7142857142857143,-3.0,1.0,0.0001,0.0,1.0,256,50.0,auto,auto,periodic,"Simulation diverged at t=0: eigenvalue Re(λ)=3.083e+00 predicts growth factor 8.71e+66 over Δt=50.0, exceeding threshold 1e+08. The system is physically unstable.",diverged,"Simulation diverged at t=0: eigenvalue Re(λ)=3.083e+00 predicts growth factor 8.71e+66 over Δt=50.0, exceeding threshold 1e+08. The system is physically unstable.",-1,,,,,,,,false
-0.7142857142857143,-2.935897435897436,1.0,0.0001,0.0,1.0,256,50.0,auto,auto,periodic,"Simulation diverged at t=0: eigenvalue Re(λ)=2.407e+00 predicts growth factor 1.83e+52 over Δt=50.0, exceeding threshold 1e+08. The system is physically unstable.",diverged,"Simulation diverged at t=0: eigenvalue Re(λ)=2.407e+00 predicts growth factor 1.83e+52 over Δt=50.0, exceeding threshold 1e+08. The system is physically unstable.",-1,,,,,,,,false
-0.7142857142857143,-2.871794871794872,1.0,0.0001,0.0,1.0,256,50.0,auto,auto,periodic,"Simulation diverged at t=0: eigenvalue Re(λ)=4.810e+00 predicts growth factor 2.77e+104 over Δt=50.0, exceeding threshold 1e+08. The system is physically unstable.",diverged,"Simulation diverged at t=0: eigenvalue Re(λ)=4.810e+00 predicts growth factor 2.77e+104 over Δt=50.0, exceeding threshold 1e+08. The system is physically unstable.",-1,,,,,,,,false
-0.7142857142857143,-2.8076923076923075,1.0,0.0001,0.0,1.0,256,50.0,auto,auto,periodic,"Simulation diverged at t=0: eigenvalue Re(λ)=2.883e+00 predicts growth factor 3.93e+62 over Δt=50.0, exceeding threshold 1e+08. The system is physically unstable.",diverged,"Simulation diverged at t=0: eigenvalue Re(λ)=2.883e+00 predicts growth factor 3.93e+62 over Δt=50.0, exceeding threshold 1e+08. The system is physically unstable.",-1,,,,,,,,false
-0.7142857142857143,-2.7435897435897436,1.0,0.0001,0.0,1.0,256,50.0,auto,auto,periodic,"Simulation diverged at t=0: eigenvalue Re(λ)=2.212e+00 predicts growth factor 1.08e+48 over Δt=50.0, exceeding threshold 1e+08. The system is physically unstable.",diverged,"Simulation diverged at t=0: eigenvalue Re(λ)=2.212e+00 predicts growth factor 1.08e+48 over Δt=50.0, exceeding threshold 1e+08. The system is physically unstable.",-1,,,,,,,,false
-0.7142857142857143,-2.6794871794871797,1.0,0.0001,0.0,1.0,256,50.0,auto,auto,periodic,"Simulation diverged at t=0: eigenvalue Re(λ)=3.923e+00 predicts growth factor 1.56e+85 over Δt=50.0, exceeding threshold 1e+08. The system is physically unstable.",diverged,"Simulation diverged at t=0: eigenvalue Re(λ)=3.923e+00 predicts growth factor 1.56e+85 over Δt=50.0, exceeding threshold 1e+08. The system is physically unstable.",-1,,,,,,,,false
-0.7142857142857143,-2.6153846153846154,1.0,0.0001,0.0,1.0,256,50.0,auto,auto,periodic,"Simulation diverged at t=0: eigenvalue Re(λ)=2.470e+00 predicts growth factor 4.31e+53 over Δt=50.0, exceeding threshold 1e+08. The system is physically unstable.",diverged,"Simulation diverged at t=0: eigenvalue Re(λ)=2.470e+00 predicts growth factor 4.31e+53 over Δt=50.0, exceeding threshold 1e+08. The system is physically unstable.",-1,,,,,,,,false
-0.7142857142857143,-2.551282051282051,1.0,0.0001,0.0,1.0,256,50.0,auto,auto,periodic,"Simulation diverged at t=0: eigenvalue Re(λ)=1.128e+01 predicts growth factor 1.02e+245 over Δt=50.0, exceeding threshold 1e+08. The system is physically unstable.",diverged,"Simulation diverged at t=0: eigenvalue Re(λ)=1.128e+01 predicts growth factor 1.02e+245 over Δt=50.0, exceeding threshold 1e+08. The system is physically unstable.",-1,,,,,,,,false
-0.7142857142857143,-2.4871794871794872,1.0,0.0001,0.0,1.0,256,50.0,auto,auto,periodic,"Simulation diverged at t=0: eigenvalue Re(λ)=2.794e+00 predicts growth factor 4.73e+60 over Δt=50.0, exceeding threshold 1e+08. The system is physically unstable.",diverged,"Simulation diverged at t=0: eigenvalue Re(λ)=2.794e+00 predicts growth factor 4.73e+60 over Δt=50.0, exceeding threshold 1e+08. The system is physically unstable.",-1,,,,,,,,false
-0.7142857142857143,-2.4230769230769234,1.0,0.0001,0.0,1.0,256,50.0,auto,auto,periodic,"Simulation diverged at t=0: eigenvalue Re(λ)=1.960e+00 predicts growth factor 3.68e+42 over Δt=50.0, exceeding threshold 1e+08. The system is physically unstable.",diverged,"Simulation diverged at t=0: eigenvalue Re(λ)=1.960e+00 predicts growth factor 3.68e+42 over Δt=50.0, exceeding threshold 1e+08. The system is physically unstable.",-1,,,,,,,,false
-0.7142857142857143,-2.358974358974359,1.0,0.0001,0.0,1.0,256,50.0,auto,auto,periodic,"Simulation diverged at t=0: eigenvalue Re(λ)=3.090e+00 predicts growth factor 1.28e+67 over Δt=50.0, exceeding threshold 1e+08. The system is physically unstable.",diverged,"Simulation diverged at t=0: eigenvalue Re(λ)=3.090e+00 predicts growth factor 1.28e+67 over Δt=50.0, exceeding threshold 1e+08. The system is physically unstable.",-1,,,,,,,,false
-0.7142857142857143,-2.2948717948717947,1.0,0.0001,0.0,1.0,256,50.0,auto,auto,periodic,"Simulation diverged at t=0: eigenvalue Re(λ)=1.918e+00 predicts growth factor 4.39e+41 over Δt=50.0, exceeding threshold 1e+08. The system is physically unstable.",diverged,"Simulation diverged at t=0: eigenvalue Re(λ)=1.918e+00 predicts growth factor 4.39e+41 over Δt=50.0, exceeding threshold 1e+08. The system is physically unstable.",-1,,,,,,,,false
-0.7142857142857143,-2.230769230769231,1.0,0.0001,0.0,1.0,256,50.0,auto,auto,periodic,"Simulation diverged at t=0: eigenvalue Re(λ)=3.002e+00 predicts growth factor 1.51e+65 over Δt=50.0, exceeding threshold 1e+08. The system is physically unstable.",diverged,"Simulation diverged at t=0: eigenvalue Re(λ)=3.002e+00 predicts growth factor 1.51e+65 over Δt=50.0, exceeding threshold 1e+08. The system is physically unstable.",-1,,,,,,,,false
-0.7142857142857143,-2.166666666666667,1.0,0.0001,0.0,1.0,256,50.0,auto,auto,periodic,"Simulation diverged at t=0: eigenvalue Re(λ)=1.735e+00 predicts growth factor 4.75e+37 over Δt=50.0, exceeding threshold 1e+08. The system is physically unstable.",diverged,"Simulation diverged at t=0: eigenvalue Re(λ)=1.735e+00 predicts growth factor 4.75e+37 over Δt=50.0, exceeding threshold 1e+08. The system is physically unstable.",-1,,,,,,,,false
-0.7142857142857143,-2.1025641025641026,1.0,0.0001,0.0,1.0,256,50.0,auto,auto,periodic,"Simulation diverged at t=0: eigenvalue Re(λ)=2.321e+00 predicts growth factor 2.49e+50 over Δt=50.0, exceeding threshold 1e+08. The system is physically unstable.",diverged,"Simulation diverged at t=0: eigenvalue Re(λ)=2.321e+00 predicts growth factor 2.49e+50 over Δt=50.0, exceeding threshold 1e+08. The system is physically unstable.",-1,,,,,,,,false
-0.7142857142857143,-2.0384615384615383,1.0,0.0001,0.0,1.0,256,50.0,auto,auto,periodic,"Simulation diverged at t=0: eigenvalue Re(λ)=1.022e+01 predicts growth factor 7.96e+221 over Δt=50.0, exceeding threshold 1e+08. The system is physically unstable.",diverged,"Simulation diverged at t=0: eigenvalue Re(λ)=1.022e+01 predicts growth factor 7.96e+221 over Δt=50.0, exceeding threshold 1e+08. The system is physically unstable.",-1,,,,,,,,false
-0.7142857142857143,-1.9743589743589745,1.0,0.0001,0.0,1.0,256,50.0,auto,auto,periodic,"Simulation diverged at t=0: eigenvalue Re(λ)=1.543e+00 predicts growth factor 3.13e+33 over Δt=50.0, exceeding threshold 1e+08. The system is physically unstable.",diverged,"Simulation diverged at t=0: eigenvalue Re(λ)=1.543e+00 predicts growth factor 3.13e+33 over Δt=50.0, exceeding threshold 1e+08. The system is physically unstable.",-1,,,,,,,,false
-0.7142857142857143,-1.9102564102564104,1.0,0.0001,0.0,1.0,256,50.0,auto,auto,periodic,"Simulation diverged at t=0: eigenvalue Re(λ)=1.609e+00 predicts growth factor 8.75e+34 over Δt=50.0, exceeding threshold 1e+08. The system is physically unstable.",diverged,"Simulation diverged at t=0: eigenvalue Re(λ)=1.609e+00 predicts growth factor 8.75e+34 over Δt=50.0, exceeding threshold 1e+08. The system is physically unstable.",-1,,,,,,,,false
-0.7142857142857143,-1.8461538461538463,1.0,0.0001,0.0,1.0,256,50.0,auto,auto,periodic,"Simulation diverged at t=0: eigenvalue Re(λ)=1.424e+00 predicts growth factor 8.52e+30 over Δt=50.0, exceeding threshold 1e+08. The system is physically unstable.",diverged,"Simulation diverged at t=0: eigenvalue Re(λ)=1.424e+00 predicts growth factor 8.52e+30 over Δt=50.0, exceeding threshold 1e+08. The system is physically unstable.",-1,,,,,,,,false
-0.7142857142857143,-1.7820512820512822,1.0,0.0001,0.0,1.0,256,50.0,auto,auto,periodic,"Simulation diverged at t=0: eigenvalue Re(λ)=9.643e+00 predicts growth factor 2.47e+209 over Δt=50.0, exceeding threshold 1e+08. The system is physically unstable.",diverged,"Simulation diverged at t=0: eigenvalue Re(λ)=9.643e+00 predicts growth factor 2.47e+209 over Δt=50.0, exceeding threshold 1e+08. The system is physically unstable.",-1,,,,,,,,false
-0.7142857142857143,-1.717948717948718,1.0,0.0001,0.0,1.0,256,50.0,auto,auto,periodic,"Simulation diverged at t=0: eigenvalue Re(λ)=4.887e-01 predicts growth factor 4.10e+10 over Δt=50.0, exceeding threshold 1e+08. The system is physically unstable.",diverged,"Simulation diverged at t=0: eigenvalue Re(λ)=4.887e-01 predicts growth factor 4.10e+10 over Δt=50.0, exceeding threshold 1e+08. The system is physically unstable.",-1,,,,,,,,false
-0.7142857142857143,-1.653846153846154,1.0,0.0001,0.0,1.0,256,50.0,auto,auto,periodic,"Simulation diverged at t=0: eigenvalue Re(λ)=4.325e-01 predicts growth factor 2.46e+09 over Δt=50.0, exceeding threshold 1e+08. The system is physically unstable.",diverged,"Simulation diverged at t=0: eigenvalue Re(λ)=4.325e-01 predicts growth factor 2.46e+09 over Δt=50.0, exceeding threshold 1e+08. The system is physically unstable.",-1,,,,,,,,false
-0.7142857142857143,-1.5897435897435899,1.0,0.0001,0.0,1.0,256,50.0,auto,auto,periodic,"Simulation diverged at t=0: eigenvalue Re(λ)=4.169e-01 predicts growth factor 1.13e+09 over Δt=50.0, exceeding threshold 1e+08. The system is physically unstable.",diverged,"Simulation diverged at t=0: eigenvalue Re(λ)=4.169e-01 predicts growth factor 1.13e+09 over Δt=50.0, exceeding threshold 1e+08. The system is physically unstable.",-1,,,,,,,,false
-0.7142857142857143,-1.5256410256410258,1.0,0.0001,0.0,1.0,256,50.0,auto,auto,periodic,"Simulation diverged at t=0: eigenvalue Re(λ)=4.015e-01 predicts growth factor 5.22e+08 over Δt=50.0, exceeding threshold 1e+08. The system is physically unstable.",diverged,"Simulation diverged at t=0: eigenvalue Re(λ)=4.015e-01 predicts growth factor 5.22e+08 over Δt=50.0, exceeding threshold 1e+08. The system is physically unstable.",-1,,,,,,,,false
-0.7142857142857143,-1.4615384615384617,1.0,0.0001,0.0,1.0,256,50.0,auto,auto,periodic,"Simulation diverged at t=0: eigenvalue Re(λ)=3.797e-01 predicts growth factor 1.76e+08 over Δt=50.0, exceeding threshold 1e+08. The system is physically unstable.",diverged,"Simulation diverged at t=0: eigenvalue Re(λ)=3.797e-01 predicts growth factor 1.76e+08 over Δt=50.0, exceeding threshold 1e+08. The system is physically unstable.",-1,,,,,,,,false
-0.7142857142857143,-1.3974358974358976,1.0,0.0001,0.0,1.0,256,50.0,auto,auto,periodic,,success,,0,333.6461125506795,50.0,333.6461125506795,1.25,3.3365e+10,,,false
-0.7142857142857143,-1.3333333333333335,1.0,0.0001,0.0,1.0,256,50.0,auto,auto,periodic,,success,,0,7.643117254437192,50.0,7.643117254437192,1.23,7.6431e+08,,,false
-0.7142857142857143,-1.2692307692307694,1.0,0.0001,0.0,1.0,256,50.0,auto,auto,periodic,,success,,0,0.20733752895011875,50.0,0.20733752895011875,1.03,2.0734e+07,,,false
-0.7142857142857143,-1.2051282051282053,1.0,0.0001,0.0,1.0,256,50.0,auto,auto,periodic,,success,,0,0.0064089404709030086,50.0,0.0064089404709030086,1.23,6.4089e+05,1.025433e+03,3.0109,true
-0.7142857142857143,-1.1410256410256412,1.0,0.0001,0.0,1.0,256,50.0,auto,auto,periodic,,success,,0,0.00021961418394470243,50.0,0.00021961418394470243,1.14,2.1961e+04,3.513834e+01,1.5458,true
-0.7142857142857143,-1.076923076923077,1.0,0.0001,0.0,1.0,256,50.0,auto,auto,periodic,,success,,0,8.176782725665908e-06,50.0,8.176782725665908e-06,1.03,8.1768e+02,1.308288e+00,0.1167,true
-0.7142857142857143,-1.012820512820513,1.0,0.0001,0.0,1.0,256,50.0,auto,auto,periodic,,success,,0,3.262327094318603e-07,50.0,3.262327094318603e-07,1.02,3.2623e+01,5.219734e-02,-1.2824,true
-0.7142857142857143,-0.9487179487179489,1.0,0.0001,0.0,1.0,256,50.0,auto,auto,periodic,,success,,0,1.3883848684761115e-08,50.0,1.3883848684761115e-08,1.18,1.3884e+00,2.221420e-03,-2.6534,true
-0.7142857142857143,-0.884615384615385,1.0,0.0001,0.0,1.0,256,50.0,auto,auto,periodic,,success,,0,6.454889510915848e-10,50.0,6.454889510915848e-10,1.21,6.4549e-02,1.032784e-04,-3.9860,true
-0.7142857142857143,-0.8205128205128207,1.0,0.0001,0.0,1.0,256,50.0,auto,auto,periodic,,success,,0,3.4961535547163356e-11,50.0,3.4961535547163356e-11,1.01,3.4962e-03,5.593857e-06,-5.2523,true
-0.7142857142857143,-0.7564102564102564,1.0,0.0001,0.0,1.0,256,50.0,auto,auto,periodic,,success,,0,1.0555942212754831e-12,50.0,1.0555942212754831e-12,1.03,1.0556e-04,1.688954e-07,-6.7724,true
-0.7142857142857143,-0.6923076923076925,1.0,0.0001,0.0,1.0,256,50.0,auto,auto,periodic,,success,,0,1.2566242485708744e-12,43.0,1.2304506512709853e-12,1.02,1.2566e-04,2.010603e-07,-6.6967,true
-0.7142857142857143,-0.6282051282051286,1.0,0.0001,0.0,1.0,256,50.0,auto,auto,periodic,,success,,0,7.943577812061223e-12,43.0,6.729749731142311e-12,0.98,7.9436e-04,1.270975e-06,-5.8959,true
-0.7142857142857143,-0.5641025641025643,1.0,0.0001,0.0,1.0,256,50.0,auto,auto,periodic,,success,,0,1.9059652056624506e-11,43.0,1.4068635188153132e-11,0.99,1.9060e-03,3.049551e-06,-5.5158,true
-0.7142857142857143,-0.5,1.0,0.0001,0.0,1.0,256,50.0,auto,auto,periodic,,success,,0,3.34198952831072e-11,43.0,2.1560541690247825e-11,1.05,3.3420e-03,5.347194e-06,-5.2719,true
-0.6734693877551021,-3.0,1.0,0.0001,0.0,1.0,256,50.0,auto,auto,periodic,"Simulation diverged at t=0: eigenvalue Re(λ)=2.706e+00 predicts growth factor 5.64e+58 over Δt=50.0, exceeding threshold 1e+08. The system is physically unstable.",diverged,"Simulation diverged at t=0: eigenvalue Re(λ)=2.706e+00 predicts growth factor 5.64e+58 over Δt=50.0, exceeding threshold 1e+08. The system is physically unstable.",-1,,,,,,,,false
-0.6734693877551021,-2.935897435897436,1.0,0.0001,0.0,1.0,256,50.0,auto,auto,periodic,"Simulation diverged at t=0: eigenvalue Re(λ)=6.360e+00 predicts growth factor 1.28e+138 over Δt=50.0, exceeding threshold 1e+08. The system is physically unstable.",diverged,"Simulation diverged at t=0: eigenvalue Re(λ)=6.360e+00 predicts growth factor 1.28e+138 over Δt=50.0, exceeding threshold 1e+08. The system is physically unstable.",-1,,,,,,,,false
-0.6734693877551021,-2.871794871794872,1.0,0.0001,0.0,1.0,256,50.0,auto,auto,periodic,"Simulation diverged at t=0: eigenvalue Re(λ)=3.274e+00 predicts growth factor 1.21e+71 over Δt=50.0, exceeding threshold 1e+08. The system is physically unstable.",diverged,"Simulation diverged at t=0: eigenvalue Re(λ)=3.274e+00 predicts growth factor 1.21e+71 over Δt=50.0, exceeding threshold 1e+08. The system is physically unstable.",-1,,,,,,,,false
-0.6734693877551021,-2.8076923076923075,1.0,0.0001,0.0,1.0,256,50.0,auto,auto,periodic,"Simulation diverged at t=0: eigenvalue Re(λ)=2.437e+00 predicts growth factor 8.27e+52 over Δt=50.0, exceeding threshold 1e+08. The system is physically unstable.",diverged,"Simulation diverged at t=0: eigenvalue Re(λ)=2.437e+00 predicts growth factor 8.27e+52 over Δt=50.0, exceeding threshold 1e+08. The system is physically unstable.",-1,,,,,,,,false
-0.6734693877551021,-2.7435897435897436,1.0,0.0001,0.0,1.0,256,50.0,auto,auto,periodic,"Simulation diverged at t=0: eigenvalue Re(λ)=4.565e+00 predicts growth factor 1.32e+99 over Δt=50.0, exceeding threshold 1e+08. The system is physically unstable.",diverged,"Simulation diverged at t=0: eigenvalue Re(λ)=4.565e+00 predicts growth factor 1.32e+99 over Δt=50.0, exceeding threshold 1e+08. The system is physically unstable.",-1,,,,,,,,false
-0.6734693877551021,-2.6794871794871797,1.0,0.0001,0.0,1.0,256,50.0,auto,auto,periodic,"Simulation diverged at t=0: eigenvalue Re(λ)=2.715e+00 predicts growth factor 8.92e+58 over Δt=50.0, exceeding threshold 1e+08. The system is physically unstable.",diverged,"Simulation diverged at t=0: eigenvalue Re(λ)=2.715e+00 predicts growth factor 8.92e+58 over Δt=50.0, exceeding threshold 1e+08. The system is physically unstable.",-1,,,,,,,,false
-0.6734693877551021,-2.6153846153846154,1.0,0.0001,0.0,1.0,256,50.0,auto,auto,periodic,"Simulation diverged at t=0: eigenvalue Re(λ)=2.254e+01 predicts growth factor 1.01e+304 over Δt=50.0, exceeding threshold 1e+08. The system is physically unstable.",diverged,"Simulation diverged at t=0: eigenvalue Re(λ)=2.254e+01 predicts growth factor 1.01e+304 over Δt=50.0, exceeding threshold 1e+08. The system is physically unstable.",-1,,,,,,,,false
-0.6734693877551021,-2.551282051282051,1.0,0.0001,0.0,1.0,256,50.0,auto,auto,periodic,"Simulation diverged at t=0: eigenvalue Re(λ)=3.053e+00 predicts growth factor 1.94e+66 over Δt=50.0, exceeding threshold 1e+08. The system is physically unstable.",diverged,"Simulation diverged at t=0: eigenvalue Re(λ)=3.053e+00 predicts growth factor 1.94e+66 over Δt=50.0, exceeding threshold 1e+08. The system is physically unstable.",-1,,,,,,,,false
-0.6734693877551021,-2.4871794871794872,1.0,0.0001,0.0,1.0,256,50.0,auto,auto,periodic,"Simulation diverged at t=0: eigenvalue Re(λ)=2.114e+00 predicts growth factor 7.96e+45 over Δt=50.0, exceeding threshold 1e+08. The system is physically unstable.",diverged,"Simulation diverged at t=0: eigenvalue Re(λ)=2.114e+00 predicts growth factor 7.96e+45 over Δt=50.0, exceeding threshold 1e+08. The system is physically unstable.",-1,,,,,,,,false
-0.6734693877551021,-2.4230769230769234,1.0,0.0001,0.0,1.0,256,50.0,auto,auto,periodic,"Simulation diverged at t=0: eigenvalue Re(λ)=3.343e+00 predicts growth factor 4.01e+72 over Δt=50.0, exceeding threshold 1e+08. The system is physically unstable.",diverged,"Simulation diverged at t=0: eigenvalue Re(λ)=3.343e+00 predicts growth factor 4.01e+72 over Δt=50.0, exceeding threshold 1e+08. The system is physically unstable.",-1,,,,,,,,false
-0.6734693877551021,-2.358974358974359,1.0,0.0001,0.0,1.0,256,50.0,auto,auto,periodic,"Simulation diverged at t=0: eigenvalue Re(λ)=2.064e+00 predicts growth factor 6.75e+44 over Δt=50.0, exceeding threshold 1e+08. The system is physically unstable.",diverged,"Simulation diverged at t=0: eigenvalue Re(λ)=2.064e+00 predicts growth factor 6.75e+44 over Δt=50.0, exceeding threshold 1e+08. The system is physically unstable.",-1,,,,,,,,false
-0.6734693877551021,-2.2948717948717947,1.0,0.0001,0.0,1.0,256,50.0,auto,auto,periodic,"Simulation diverged at t=0: eigenvalue Re(λ)=3.245e+00 predicts growth factor 2.96e+70 over Δt=50.0, exceeding threshold 1e+08. The system is physically unstable.",diverged,"Simulation diverged at t=0: eigenvalue Re(λ)=3.245e+00 predicts growth factor 2.96e+70 over Δt=50.0, exceeding threshold 1e+08. The system is physically unstable.",-1,,,,,,,,false
-0.6734693877551021,-2.230769230769231,1.0,0.0001,0.0,1.0,256,50.0,auto,auto,periodic,"Simulation diverged at t=0: eigenvalue Re(λ)=1.879e+00 predicts growth factor 6.49e+40 over Δt=50.0, exceeding threshold 1e+08. The system is physically unstable.",diverged,"Simulation diverged at t=0: eigenvalue Re(λ)=1.879e+00 predicts growth factor 6.49e+40 over Δt=50.0, exceeding threshold 1e+08. The system is physically unstable.",-1,,,,,,,,false
-0.6734693877551021,-2.166666666666667,1.0,0.0001,0.0,1.0,256,50.0,auto,auto,periodic,"Simulation diverged at t=0: eigenvalue Re(λ)=2.575e+00 predicts growth factor 8.06e+55 over Δt=50.0, exceeding threshold 1e+08. The system is physically unstable.",diverged,"Simulation diverged at t=0: eigenvalue Re(λ)=2.575e+00 predicts growth factor 8.06e+55 over Δt=50.0, exceeding threshold 1e+08. The system is physically unstable.",-1,,,,,,,,false
-0.6734693877551021,-2.1025641025641026,1.0,0.0001,0.0,1.0,256,50.0,auto,auto,periodic,"Simulation diverged at t=0: eigenvalue Re(λ)=1.569e+00 predicts growth factor 1.15e+34 over Δt=50.0, exceeding threshold 1e+08. The system is physically unstable.",diverged,"Simulation diverged at t=0: eigenvalue Re(λ)=1.569e+00 predicts growth factor 1.15e+34 over Δt=50.0, exceeding threshold 1e+08. The system is physically unstable.",-1,,,,,,,,false
-0.6734693877551021,-2.0384615384615383,1.0,0.0001,0.0,1.0,256,50.0,auto,auto,periodic,"Simulation diverged at t=0: eigenvalue Re(λ)=1.777e+00 predicts growth factor 3.86e+38 over Δt=50.0, exceeding threshold 1e+08. The system is physically unstable.",diverged,"Simulation diverged at t=0: eigenvalue Re(λ)=1.777e+00 predicts growth factor 3.86e+38 over Δt=50.0, exceeding threshold 1e+08. The system is physically unstable.",-1,,,,,,,,false
-0.6734693877551021,-1.9743589743589745,1.0,0.0001,0.0,1.0,256,50.0,auto,auto,periodic,"Simulation diverged at t=0: eigenvalue Re(λ)=2.063e+00 predicts growth factor 6.21e+44 over Δt=50.0, exceeding threshold 1e+08. The system is physically unstable.",diverged,"Simulation diverged at t=0: eigenvalue Re(λ)=2.063e+00 predicts growth factor 6.21e+44 over Δt=50.0, exceeding threshold 1e+08. The system is physically unstable.",-1,,,,,,,,false
-0.6734693877551021,-1.9102564102564104,1.0,0.0001,0.0,1.0,256,50.0,auto,auto,periodic,"Simulation diverged at t=0: eigenvalue Re(λ)=2.266e+00 predicts growth factor 1.57e+49 over Δt=50.0, exceeding threshold 1e+08. The system is physically unstable.",diverged,"Simulation diverged at t=0: eigenvalue Re(λ)=2.266e+00 predicts growth factor 1.57e+49 over Δt=50.0, exceeding threshold 1e+08. The system is physically unstable.",-1,,,,,,,,false
-0.6734693877551021,-1.8461538461538463,1.0,0.0001,0.0,1.0,256,50.0,auto,auto,periodic,"Simulation diverged at t=0: eigenvalue Re(λ)=1.800e+00 predicts growth factor 1.22e+39 over Δt=50.0, exceeding threshold 1e+08. The system is physically unstable.",diverged,"Simulation diverged at t=0: eigenvalue Re(λ)=1.800e+00 predicts growth factor 1.22e+39 over Δt=50.0, exceeding threshold 1e+08. The system is physically unstable.",-1,,,,,,,,false
-0.6734693877551021,-1.7820512820512822,1.0,0.0001,0.0,1.0,256,50.0,auto,auto,periodic,"Simulation diverged at t=0: eigenvalue Re(λ)=9.971e-01 predicts growth factor 4.49e+21 over Δt=50.0, exceeding threshold 1e+08. The system is physically unstable.",diverged,"Simulation diverged at t=0: eigenvalue Re(λ)=9.971e-01 predicts growth factor 4.49e+21 over Δt=50.0, exceeding threshold 1e+08. The system is physically unstable.",-1,,,,,,,,false
-0.6734693877551021,-1.717948717948718,1.0,0.0001,0.0,1.0,256,50.0,auto,auto,periodic,"Simulation diverged at t=0: eigenvalue Re(λ)=4.732e-01 predicts growth factor 1.89e+10 over Δt=50.0, exceeding threshold 1e+08. The system is physically unstable.",diverged,"Simulation diverged at t=0: eigenvalue Re(λ)=4.732e-01 predicts growth factor 1.89e+10 over Δt=50.0, exceeding threshold 1e+08. The system is physically unstable.",-1,,,,,,,,false
-0.6734693877551021,-1.653846153846154,1.0,0.0001,0.0,1.0,256,50.0,auto,auto,periodic,"Simulation diverged at t=0: eigenvalue Re(λ)=4.151e-01 predicts growth factor 1.03e+09 over Δt=50.0, exceeding threshold 1e+08. The system is physically unstable.",diverged,"Simulation diverged at t=0: eigenvalue Re(λ)=4.151e-01 predicts growth factor 1.03e+09 over Δt=50.0, exceeding threshold 1e+08. The system is physically unstable.",-1,,,,,,,,false
-0.6734693877551021,-1.5897435897435899,1.0,0.0001,0.0,1.0,256,50.0,auto,auto,periodic,"Simulation diverged at t=0: eigenvalue Re(λ)=3.981e-01 predicts growth factor 4.41e+08 over Δt=50.0, exceeding threshold 1e+08. The system is physically unstable.",diverged,"Simulation diverged at t=0: eigenvalue Re(λ)=3.981e-01 predicts growth factor 4.41e+08 over Δt=50.0, exceeding threshold 1e+08. The system is physically unstable.",-1,,,,,,,,false
-0.6734693877551021,-1.5256410256410258,1.0,0.0001,0.0,1.0,256,50.0,auto,auto,periodic,"Simulation diverged at t=0: eigenvalue Re(λ)=3.810e-01 predicts growth factor 1.87e+08 over Δt=50.0, exceeding threshold 1e+08. The system is physically unstable.",diverged,"Simulation diverged at t=0: eigenvalue Re(λ)=3.810e-01 predicts growth factor 1.87e+08 over Δt=50.0, exceeding threshold 1e+08. The system is physically unstable.",-1,,,,,,,,false
-0.6734693877551021,-1.4615384615384617,1.0,0.0001,0.0,1.0,256,50.0,auto,auto,periodic,,success,,0,1864.9442961526834,50.0,1864.9442961526834,1.17,1.8649e+11,,,false
-0.6734693877551021,-1.3974358974358976,1.0,0.0001,0.0,1.0,256,50.0,auto,auto,periodic,,success,,0,24.43161524568846,50.0,24.43161524568846,1.34,2.4432e+09,,,false
-0.6734693877551021,-1.3333333333333335,1.0,0.0001,0.0,1.0,256,50.0,auto,auto,periodic,,success,,0,0.40441138478144106,50.0,0.40441138478144106,1.47,4.0441e+07,,,false
-0.6734693877551021,-1.2692307692307694,1.0,0.0001,0.0,1.0,256,50.0,auto,auto,periodic,,success,,0,0.007961941738516658,50.0,0.007961941738516658,1.2,7.9619e+05,1.273913e+03,3.1051,true
-0.6734693877551021,-1.2051282051282053,1.0,0.0001,0.0,1.0,256,50.0,auto,auto,periodic,,success,,0,0.00017896642164037175,50.0,0.00017896642164037175,1.18,1.7897e+04,2.863469e+01,1.4569,true
-0.6734693877551021,-1.1410256410256412,1.0,0.0001,0.0,1.0,256,50.0,auto,auto,periodic,,success,,0,4.463152318823301e-06,50.0,4.463152318823301e-06,1.16,4.4632e+02,7.141059e-01,-0.1462,true
-0.6734693877551021,-1.076923076923077,1.0,0.0001,0.0,1.0,256,50.0,auto,auto,periodic,,success,,0,1.212364906688741e-07,50.0,1.212364906688741e-07,1.1,1.2124e+01,1.939788e-02,-1.7122,true
-0.6734693877551021,-1.012820512820513,1.0,0.0001,0.0,1.0,256,50.0,auto,auto,periodic,,success,,0,3.589234986923019e-09,50.0,3.589234986923019e-09,1.17,3.5892e-01,5.742788e-04,-3.2409,true
-0.6734693877551021,-0.9487179487179489,1.0,0.0001,0.0,1.0,256,50.0,auto,auto,periodic,,success,,0,1.234336288220161e-10,50.0,1.234336288220161e-10,1.01,1.2343e-02,1.974942e-05,-4.7044,true
-0.6734693877551021,-0.884615384615385,1.0,0.0001,0.0,1.0,256,50.0,auto,auto,periodic,,success,,0,4.1630816210931494e-12,50.0,4.1630816210931494e-12,1.07,4.1631e-04,6.660944e-07,-6.1765,true
-0.6734693877551021,-0.8205128205128207,1.0,0.0001,0.0,1.0,256,50.0,auto,auto,periodic,,success,,0,6.024033487158228e-13,50.0,6.024033487158228e-13,1.11,6.0240e-05,9.638474e-08,-7.0160,true
-0.6734693877551021,-0.7564102564102564,1.0,0.0001,0.0,1.0,256,50.0,auto,auto,periodic,,success,,0,7.368540433637424e-12,43.0,6.298856707022002e-12,0.98,7.3685e-04,1.178969e-06,-5.9285,true
-0.6734693877551021,-0.6923076923076925,1.0,0.0001,0.0,1.0,256,50.0,auto,auto,periodic,,success,,0,1.9850583242957498e-11,43.0,1.4531729566672532e-11,0.99,1.9851e-03,3.176100e-06,-5.4981,true
-0.6734693877551021,-0.6282051282051286,1.0,0.0001,0.0,1.0,256,50.0,auto,auto,periodic,,success,,0,3.6331426691886126e-11,43.0,2.2876747636108388e-11,0.97,3.6331e-03,5.813040e-06,-5.2356,true
-0.6734693877551021,-0.5641025641025643,1.0,0.0001,0.0,1.0,256,50.0,auto,auto,periodic,,success,,0,5.979056038383288e-11,44.5,3.011203580978071e-11,1.01,5.9791e-03,9.566510e-06,-5.0192,true
-0.6734693877551021,-0.5,1.0,0.0001,0.0,1.0,256,50.0,auto,auto,periodic,,success,,0,8.812126032805398e-11,44.5,3.644705574648271e-11,1.0,8.8121e-03,1.409943e-05,-4.8508,true
-0.6326530612244898,-3.0,1.0,0.0001,0.0,1.0,256,50.0,auto,auto,periodic,"Simulation diverged at t=0: eigenvalue Re(λ)=2.629e+00 predicts growth factor 1.24e+57 over Δt=50.0, exceeding threshold 1e+08. The system is physically unstable.",diverged,"Simulation diverged at t=0: eigenvalue Re(λ)=2.629e+00 predicts growth factor 1.24e+57 over Δt=50.0, exceeding threshold 1e+08. The system is physically unstable.",-1,,,,,,,,false
-0.6326530612244898,-2.935897435897436,1.0,0.0001,0.0,1.0,256,50.0,auto,auto,periodic,"Simulation diverged at t=0: eigenvalue Re(λ)=4.471e+00 predicts growth factor 1.21e+97 over Δt=50.0, exceeding threshold 1e+08. The system is physically unstable.",diverged,"Simulation diverged at t=0: eigenvalue Re(λ)=4.471e+00 predicts growth factor 1.21e+97 over Δt=50.0, exceeding threshold 1e+08. The system is physically unstable.",-1,,,,,,,,false
-0.6326530612244898,-2.871794871794872,1.0,0.0001,0.0,1.0,256,50.0,auto,auto,periodic,"Simulation diverged at t=0: eigenvalue Re(λ)=2.935e+00 predicts growth factor 5.44e+63 over Δt=50.0, exceeding threshold 1e+08. The system is physically unstable.",diverged,"Simulation diverged at t=0: eigenvalue Re(λ)=2.935e+00 predicts growth factor 5.44e+63 over Δt=50.0, exceeding threshold 1e+08. The system is physically unstable.",-1,,,,,,,,false
-0.6326530612244898,-2.8076923076923075,1.0,0.0001,0.0,1.0,256,50.0,auto,auto,periodic,"Simulation diverged at t=0: eigenvalue Re(λ)=9.185e+00 predicts growth factor 2.85e+199 over Δt=50.0, exceeding threshold 1e+08. The system is physically unstable.",diverged,"Simulation diverged at t=0: eigenvalue Re(λ)=9.185e+00 predicts growth factor 2.85e+199 over Δt=50.0, exceeding threshold 1e+08. The system is physically unstable.",-1,,,,,,,,false
-0.6326530612244898,-2.7435897435897436,1.0,0.0001,0.0,1.0,256,50.0,auto,auto,periodic,"Simulation diverged at t=0: eigenvalue Re(λ)=3.358e+00 predicts growth factor 8.08e+72 over Δt=50.0, exceeding threshold 1e+08. The system is physically unstable.",diverged,"Simulation diverged at t=0: eigenvalue Re(λ)=3.358e+00 predicts growth factor 8.08e+72 over Δt=50.0, exceeding threshold 1e+08. The system is physically unstable.",-1,,,,,,,,false
-0.6326530612244898,-2.6794871794871797,1.0,0.0001,0.0,1.0,256,50.0,auto,auto,periodic,"Simulation diverged at t=0: eigenvalue Re(λ)=2.399e+00 predicts growth factor 1.22e+52 over Δt=50.0, exceeding threshold 1e+08. The system is physically unstable.",diverged,"Simulation diverged at t=0: eigenvalue Re(λ)=2.399e+00 predicts growth factor 1.22e+52 over Δt=50.0, exceeding threshold 1e+08. The system is physically unstable.",-1,,,,,,,,false
-0.6326530612244898,-2.6153846153846154,1.0,0.0001,0.0,1.0,256,50.0,auto,auto,periodic,"Simulation diverged at t=0: eigenvalue Re(λ)=3.921e+00 predicts growth factor 1.41e+85 over Δt=50.0, exceeding threshold 1e+08. The system is physically unstable.",diverged,"Simulation diverged at t=0: eigenvalue Re(λ)=3.921e+00 predicts growth factor 1.41e+85 over Δt=50.0, exceeding threshold 1e+08. The system is physically unstable.",-1,,,,,,,,false
-0.6326530612244898,-2.551282051282051,1.0,0.0001,0.0,1.0,256,50.0,auto,auto,periodic,"Simulation diverged at t=0: eigenvalue Re(λ)=2.447e+00 predicts growth factor 1.37e+53 over Δt=50.0, exceeding threshold 1e+08. The system is physically unstable.",diverged,"Simulation diverged at t=0: eigenvalue Re(λ)=2.447e+00 predicts growth factor 1.37e+53 over Δt=50.0, exceeding threshold 1e+08. The system is physically unstable.",-1,,,,,,,,false
-0.6326530612244898,-2.4871794871794872,1.0,0.0001,0.0,1.0,256,50.0,auto,auto,periodic,"Simulation diverged at t=0: eigenvalue Re(λ)=4.472e+00 predicts growth factor 1.26e+97 over Δt=50.0, exceeding threshold 1e+08. The system is physically unstable.",diverged,"Simulation diverged at t=0: eigenvalue Re(λ)=4.472e+00 predicts growth factor 1.26e+97 over Δt=50.0, exceeding threshold 1e+08. The system is physically unstable.",-1,,,,,,,,false
-0.6326530612244898,-2.4230769230769234,1.0,0.0001,0.0,1.0,256,50.0,auto,auto,periodic,"Simulation diverged at t=0: eigenvalue Re(λ)=2.384e+00 predicts growth factor 5.90e+51 over Δt=50.0, exceeding threshold 1e+08. The system is physically unstable.",diverged,"Simulation diverged at t=0: eigenvalue Re(λ)=2.384e+00 predicts growth factor 5.90e+51 over Δt=50.0, exceeding threshold 1e+08. The system is physically unstable.",-1,,,,,,,,false
-0.6326530612244898,-2.358974358974359,1.0,0.0001,0.0,1.0,256,50.0,auto,auto,periodic,"Simulation diverged at t=0: eigenvalue Re(λ)=4.325e+00 predicts growth factor 8.34e+93 over Δt=50.0, exceeding threshold 1e+08. The system is physically unstable.",diverged,"Simulation diverged at t=0: eigenvalue Re(λ)=4.325e+00 predicts growth factor 8.34e+93 over Δt=50.0, exceeding threshold 1e+08. The system is physically unstable.",-1,,,,,,,,false
-0.6326530612244898,-2.2948717948717947,1.0,0.0001,0.0,1.0,256,50.0,auto,auto,periodic,"Simulation diverged at t=0: eigenvalue Re(λ)=2.159e+00 predicts growth factor 7.63e+46 over Δt=50.0, exceeding threshold 1e+08. The system is physically unstable.",diverged,"Simulation diverged at t=0: eigenvalue Re(λ)=2.159e+00 predicts growth factor 7.63e+46 over Δt=50.0, exceeding threshold 1e+08. The system is physically unstable.",-1,,,,,,,,false
-0.6326530612244898,-2.230769230769231,1.0,0.0001,0.0,1.0,256,50.0,auto,auto,periodic,"Simulation diverged at t=0: eigenvalue Re(λ)=3.242e+00 predicts growth factor 2.53e+70 over Δt=50.0, exceeding threshold 1e+08. The system is physically unstable.",diverged,"Simulation diverged at t=0: eigenvalue Re(λ)=3.242e+00 predicts growth factor 2.53e+70 over Δt=50.0, exceeding threshold 1e+08. The system is physically unstable.",-1,,,,,,,,false
-0.6326530612244898,-2.166666666666667,1.0,0.0001,0.0,1.0,256,50.0,auto,auto,periodic,"Simulation diverged at t=0: eigenvalue Re(λ)=1.796e+00 predicts growth factor 9.97e+38 over Δt=50.0, exceeding threshold 1e+08. The system is physically unstable.",diverged,"Simulation diverged at t=0: eigenvalue Re(λ)=1.796e+00 predicts growth factor 9.97e+38 over Δt=50.0, exceeding threshold 1e+08. The system is physically unstable.",-1,,,,,,,,false
-0.6326530612244898,-2.1025641025641026,1.0,0.0001,0.0,1.0,256,50.0,auto,auto,periodic,"Simulation diverged at t=0: eigenvalue Re(λ)=2.150e+00 predicts growth factor 4.98e+46 over Δt=50.0, exceeding threshold 1e+08. The system is physically unstable.",diverged,"Simulation diverged at t=0: eigenvalue Re(λ)=2.150e+00 predicts growth factor 4.98e+46 over Δt=50.0, exceeding threshold 1e+08. The system is physically unstable.",-1,,,,,,,,false
-0.6326530612244898,-2.0384615384615383,1.0,0.0001,0.0,1.0,256,50.0,auto,auto,periodic,"Simulation diverged at t=0: eigenvalue Re(λ)=2.917e+00 predicts growth factor 2.15e+63 over Δt=50.0, exceeding threshold 1e+08. The system is physically unstable.",diverged,"Simulation diverged at t=0: eigenvalue Re(λ)=2.917e+00 predicts growth factor 2.15e+63 over Δt=50.0, exceeding threshold 1e+08. The system is physically unstable.",-1,,,,,,,,false
-0.6326530612244898,-1.9743589743589745,1.0,0.0001,0.0,1.0,256,50.0,auto,auto,periodic,"Simulation diverged at t=0: eigenvalue Re(λ)=6.382e+00 predicts growth factor 3.90e+138 over Δt=50.0, exceeding threshold 1e+08. The system is physically unstable.",diverged,"Simulation diverged at t=0: eigenvalue Re(λ)=6.382e+00 predicts growth factor 3.90e+138 over Δt=50.0, exceeding threshold 1e+08. The system is physically unstable.",-1,,,,,,,,false
-0.6326530612244898,-1.9102564102564104,1.0,0.0001,0.0,1.0,256,50.0,auto,auto,periodic,"Simulation diverged at t=0: eigenvalue Re(λ)=1.338e+00 predicts growth factor 1.11e+29 over Δt=50.0, exceeding threshold 1e+08. The system is physically unstable.",diverged,"Simulation diverged at t=0: eigenvalue Re(λ)=1.338e+00 predicts growth factor 1.11e+29 over Δt=50.0, exceeding threshold 1e+08. The system is physically unstable.",-1,,,,,,,,false
-0.6326530612244898,-1.8461538461538463,1.0,0.0001,0.0,1.0,256,50.0,auto,auto,periodic,"Simulation diverged at t=0: eigenvalue Re(λ)=3.278e+00 predicts growth factor 1.51e+71 over Δt=50.0, exceeding threshold 1e+08. The system is physically unstable.",diverged,"Simulation diverged at t=0: eigenvalue Re(λ)=3.278e+00 predicts growth factor 1.51e+71 over Δt=50.0, exceeding threshold 1e+08. The system is physically unstable.",-1,,,,,,,,false
-0.6326530612244898,-1.7820512820512822,1.0,0.0001,0.0,1.0,256,50.0,auto,auto,periodic,"Simulation diverged at t=0: eigenvalue Re(λ)=1.073e+00 predicts growth factor 1.96e+23 over Δt=50.0, exceeding threshold 1e+08. The system is physically unstable.",diverged,"Simulation diverged at t=0: eigenvalue Re(λ)=1.073e+00 predicts growth factor 1.96e+23 over Δt=50.0, exceeding threshold 1e+08. The system is physically unstable.",-1,,,,,,,,false
-0.6326530612244898,-1.717948717948718,1.0,0.0001,0.0,1.0,256,50.0,auto,auto,periodic,"Simulation diverged at t=0: eigenvalue Re(λ)=4.563e-01 predicts growth factor 8.08e+09 over Δt=50.0, exceeding threshold 1e+08. The system is physically unstable.",diverged,"Simulation diverged at t=0: eigenvalue Re(λ)=4.563e-01 predicts growth factor 8.08e+09 over Δt=50.0, exceeding threshold 1e+08. The system is physically unstable.",-1,,,,,,,,false
-0.6326530612244898,-1.653846153846154,1.0,0.0001,0.0,1.0,256,50.0,auto,auto,periodic,"Simulation diverged at t=0: eigenvalue Re(λ)=3.961e-01 predicts growth factor 4.00e+08 over Δt=50.0, exceeding threshold 1e+08. The system is physically unstable.",diverged,"Simulation diverged at t=0: eigenvalue Re(λ)=3.961e-01 predicts growth factor 4.00e+08 over Δt=50.0, exceeding threshold 1e+08. The system is physically unstable.",-1,,,,,,,,false
-0.6326530612244898,-1.5897435897435899,1.0,0.0001,0.0,1.0,256,50.0,auto,auto,periodic,"Simulation diverged at t=0: eigenvalue Re(λ)=3.775e-01 predicts growth factor 1.57e+08 over Δt=50.0, exceeding threshold 1e+08. The system is physically unstable.",diverged,"Simulation diverged at t=0: eigenvalue Re(λ)=3.775e-01 predicts growth factor 1.57e+08 over Δt=50.0, exceeding threshold 1e+08. The system is physically unstable.",-1,,,,,,,,false
-0.6326530612244898,-1.5256410256410258,1.0,0.0001,0.0,1.0,256,50.0,auto,auto,periodic,"Simulation diverged at t=0: eigenvalue Re(λ)=3.813e-01 predicts growth factor 1.91e+08 over Δt=50.0, exceeding threshold 1e+08. The system is physically unstable.",diverged,"Simulation diverged at t=0: eigenvalue Re(λ)=3.813e-01 predicts growth factor 1.91e+08 over Δt=50.0, exceeding threshold 1e+08. The system is physically unstable.",-1,,,,,,,,false
-0.6326530612244898,-1.4615384615384617,1.0,0.0001,0.0,1.0,256,50.0,auto,auto,periodic,,success,,0,134.31835001092782,50.0,134.31835001092782,0.95,1.3432e+10,,,false
-0.6326530612244898,-1.3974358974358976,1.0,0.0001,0.0,1.0,256,50.0,auto,auto,periodic,,success,,0,1.1881596940453714,50.0,1.1881596940453714,0.97,1.1882e+08,,,false
-0.6326530612244898,-1.3333333333333335,1.0,0.0001,0.0,1.0,256,50.0,auto,auto,periodic,,success,,0,0.013376006374943052,50.0,0.013376006374943052,0.99,1.3376e+06,2.140165e+03,3.3304,true
-0.6326530612244898,-1.2692307692307694,1.0,0.0001,0.0,1.0,256,50.0,auto,auto,periodic,,success,,0,0.0001796641639436925,50.0,0.0001796641639436925,0.93,1.7966e+04,2.874633e+01,1.4586,true
-0.6326530612244898,-1.2051282051282053,1.0,0.0001,0.0,1.0,256,50.0,auto,auto,periodic,,success,,0,2.7585021716984865e-06,50.0,2.7585021716984865e-06,1.06,2.7585e+02,4.413613e-01,-0.3552,true
-0.6326530612244898,-1.1410256410256412,1.0,0.0001,0.0,1.0,256,50.0,auto,auto,periodic,,success,,0,4.720372086066274e-08,50.0,4.720372086066274e-08,1.15,4.7204e+00,7.552611e-03,-2.1219,true
-0.6326530612244898,-1.076923076923077,1.0,0.0001,0.0,1.0,256,50.0,auto,auto,periodic,,success,,0,9.13872601449475e-10,50.0,9.13872601449475e-10,1.1,9.1387e-02,1.462199e-04,-3.8350,true
-0.6326530612244898,-1.012820512820513,1.0,0.0001,0.0,1.0,256,50.0,auto,auto,periodic,,success,,0,2.2067619572554513e-11,50.0,2.2067619572554513e-11,0.94,2.2068e-03,3.530826e-06,-5.4521,true
-0.6326530612244898,-0.9487179487179489,1.0,0.0001,0.0,1.0,256,50.0,auto,auto,periodic,,success,,0,1.12313832910853e-15,50.0,1.12313832910853e-15,1.0,1.1231e-07,1.797025e-10,-9.7454,true
-0.6326530612244898,-0.884615384615385,1.0,0.0001,0.0,1.0,256,50.0,auto,auto,periodic,,success,,0,5.48746412207365e-12,43.0,4.842999972251698e-12,1.03,5.4875e-04,8.779961e-07,-6.0565,true
-0.6326530612244898,-0.8205128205128207,1.0,0.0001,0.0,1.0,256,50.0,auto,auto,periodic,,success,,0,1.8844461512168418e-11,43.0,1.3941466604428621e-11,0.95,1.8844e-03,3.015120e-06,-5.5207,true
-0.6326530612244898,-0.7564102564102564,1.0,0.0001,0.0,1.0,256,50.0,auto,auto,periodic,,success,,0,3.7485852295096374e-11,43.0,2.3382751869523296e-11,0.99,3.7486e-03,5.997749e-06,-5.2220,true
-0.6326530612244898,-0.6923076923076925,1.0,0.0001,0.0,1.0,256,50.0,auto,auto,periodic,,success,,0,6.509346168684711e-11,44.5,3.1402291416508917e-11,1.0,6.5093e-03,1.041498e-05,-4.9823,true
-0.6326530612244898,-0.6282051282051286,1.0,0.0001,0.0,1.0,256,50.0,auto,auto,periodic,,success,,0,9.81263137169612e-11,44.5,3.859882636910921e-11,0.98,9.8126e-03,1.570024e-05,-4.8041,true
-0.6326530612244898,-0.5641025641025643,1.0,0.0001,0.0,1.0,256,50.0,auto,auto,periodic,,success,,0,1.329376429545765e-10,44.5,4.794843757907399e-11,1.0,1.3294e-02,2.127007e-05,-4.6722,true
-0.6326530612244898,-0.5,1.0,0.0001,0.0,1.0,256,50.0,auto,auto,periodic,,success,,0,1.7679928969785219e-10,46.0,6.398646808006981e-11,1.02,1.7680e-02,2.828795e-05,-4.5484,true
-0.5918367346938775,-3.0,1.0,0.0001,0.0,1.0,256,50.0,auto,auto,periodic,"Simulation diverged at t=0: eigenvalue Re(λ)=2.750e+00 predicts growth factor 5.31e+59 over Δt=50.0, exceeding threshold 1e+08. The system is physically unstable.",diverged,"Simulation diverged at t=0: eigenvalue Re(λ)=2.750e+00 predicts growth factor 5.31e+59 over Δt=50.0, exceeding threshold 1e+08. The system is physically unstable.",-1,,,,,,,,false
-0.5918367346938775,-2.935897435897436,1.0,0.0001,0.0,1.0,256,50.0,auto,auto,periodic,"Simulation diverged at t=0: eigenvalue Re(λ)=4.376e+00 predicts growth factor 1.07e+95 over Δt=50.0, exceeding threshold 1e+08. The system is physically unstable.",diverged,"Simulation diverged at t=0: eigenvalue Re(λ)=4.376e+00 predicts growth factor 1.07e+95 over Δt=50.0, exceeding threshold 1e+08. The system is physically unstable.",-1,,,,,,,,false
-0.5918367346938775,-2.871794871794872,1.0,0.0001,0.0,1.0,256,50.0,auto,auto,periodic,"Simulation diverged at t=0: eigenvalue Re(λ)=2.947e+00 predicts growth factor 9.87e+63 over Δt=50.0, exceeding threshold 1e+08. The system is physically unstable.",diverged,"Simulation diverged at t=0: eigenvalue Re(λ)=2.947e+00 predicts growth factor 9.87e+63 over Δt=50.0, exceeding threshold 1e+08. The system is physically unstable.",-1,,,,,,,,false
-0.5918367346938775,-2.8076923076923075,1.0,0.0001,0.0,1.0,256,50.0,auto,auto,periodic,"Simulation diverged at t=0: eigenvalue Re(λ)=5.967e+00 predicts growth factor 3.66e+129 over Δt=50.0, exceeding threshold 1e+08. The system is physically unstable.",diverged,"Simulation diverged at t=0: eigenvalue Re(λ)=5.967e+00 predicts growth factor 3.66e+129 over Δt=50.0, exceeding threshold 1e+08. The system is physically unstable.",-1,,,,,,,,false
-0.5918367346938775,-2.7435897435897436,1.0,0.0001,0.0,1.0,256,50.0,auto,auto,periodic,"Simulation diverged at t=0: eigenvalue Re(λ)=3.138e+00 predicts growth factor 1.37e+68 over Δt=50.0, exceeding threshold 1e+08. The system is physically unstable.",diverged,"Simulation diverged at t=0: eigenvalue Re(λ)=3.138e+00 predicts growth factor 1.37e+68 over Δt=50.0, exceeding threshold 1e+08. The system is physically unstable.",-1,,,,,,,,false
-0.5918367346938775,-2.6794871794871797,1.0,0.0001,0.0,1.0,256,50.0,auto,auto,periodic,"Simulation diverged at t=0: eigenvalue Re(λ)=1.210e+01 predicts growth factor 6.81e+262 over Δt=50.0, exceeding threshold 1e+08. The system is physically unstable.",diverged,"Simulation diverged at t=0: eigenvalue Re(λ)=1.210e+01 predicts growth factor 6.81e+262 over Δt=50.0, exceeding threshold 1e+08. The system is physically unstable.",-1,,,,,,,,false
-0.5918367346938775,-2.6153846153846154,1.0,0.0001,0.0,1.0,256,50.0,auto,auto,periodic,"Simulation diverged at t=0: eigenvalue Re(λ)=3.250e+00 predicts growth factor 3.71e+70 over Δt=50.0, exceeding threshold 1e+08. The system is physically unstable.",diverged,"Simulation diverged at t=0: eigenvalue Re(λ)=3.250e+00 predicts growth factor 3.71e+70 over Δt=50.0, exceeding threshold 1e+08. The system is physically unstable.",-1,,,,,,,,false
-0.5918367346938775,-2.551282051282051,1.0,0.0001,0.0,1.0,256,50.0,auto,auto,periodic,"Simulation diverged at t=0: eigenvalue Re(λ)=2.274e+00 predicts growth factor 2.36e+49 over Δt=50.0, exceeding threshold 1e+08. The system is physically unstable.",diverged,"Simulation diverged at t=0: eigenvalue Re(λ)=2.274e+00 predicts growth factor 2.36e+49 over Δt=50.0, exceeding threshold 1e+08. The system is physically unstable.",-1,,,,,,,,false
-0.5918367346938775,-2.4871794871794872,1.0,0.0001,0.0,1.0,256,50.0,auto,auto,periodic,"Simulation diverged at t=0: eigenvalue Re(λ)=3.156e+00 predicts growth factor 3.43e+68 over Δt=50.0, exceeding threshold 1e+08. The system is physically unstable.",diverged,"Simulation diverged at t=0: eigenvalue Re(λ)=3.156e+00 predicts growth factor 3.43e+68 over Δt=50.0, exceeding threshold 1e+08. The system is physically unstable.",-1,,,,,,,,false
-0.5918367346938775,-2.4230769230769234,1.0,0.0001,0.0,1.0,256,50.0,auto,auto,periodic,"Simulation diverged at t=0: eigenvalue Re(λ)=2.120e+00 predicts growth factor 1.06e+46 over Δt=50.0, exceeding threshold 1e+08. The system is physically unstable.",diverged,"Simulation diverged at t=0: eigenvalue Re(λ)=2.120e+00 predicts growth factor 1.06e+46 over Δt=50.0, exceeding threshold 1e+08. The system is physically unstable.",-1,,,,,,,,false
-0.5918367346938775,-2.358974358974359,1.0,0.0001,0.0,1.0,256,50.0,auto,auto,periodic,"Simulation diverged at t=0: eigenvalue Re(λ)=2.779e+00 predicts growth factor 2.20e+60 over Δt=50.0, exceeding threshold 1e+08. The system is physically unstable.",diverged,"Simulation diverged at t=0: eigenvalue Re(λ)=2.779e+00 predicts growth factor 2.20e+60 over Δt=50.0, exceeding threshold 1e+08. The system is physically unstable.",-1,,,,,,,,false
-0.5918367346938775,-2.2948717948717947,1.0,0.0001,0.0,1.0,256,50.0,auto,auto,periodic,"Simulation diverged at t=0: eigenvalue Re(λ)=6.808e+00 predicts growth factor 6.65e+147 over Δt=50.0, exceeding threshold 1e+08. The system is physically unstable.",diverged,"Simulation diverged at t=0: eigenvalue Re(λ)=6.808e+00 predicts growth factor 6.65e+147 over Δt=50.0, exceeding threshold 1e+08. The system is physically unstable.",-1,,,,,,,,false
-0.5918367346938775,-2.230769230769231,1.0,0.0001,0.0,1.0,256,50.0,auto,auto,periodic,"Simulation diverged at t=0: eigenvalue Re(λ)=2.222e+00 predicts growth factor 1.76e+48 over Δt=50.0, exceeding threshold 1e+08. The system is physically unstable.",diverged,"Simulation diverged at t=0: eigenvalue Re(λ)=2.222e+00 predicts growth factor 1.76e+48 over Δt=50.0, exceeding threshold 1e+08. The system is physically unstable.",-1,,,,,,,,false
-0.5918367346938775,-2.166666666666667,1.0,0.0001,0.0,1.0,256,50.0,auto,auto,periodic,"Simulation diverged at t=0: eigenvalue Re(λ)=3.018e+00 predicts growth factor 3.37e+65 over Δt=50.0, exceeding threshold 1e+08. The system is physically unstable.",diverged,"Simulation diverged at t=0: eigenvalue Re(λ)=3.018e+00 predicts growth factor 3.37e+65 over Δt=50.0, exceeding threshold 1e+08. The system is physically unstable.",-1,,,,,,,,false
-0.5918367346938775,-2.1025641025641026,1.0,0.0001,0.0,1.0,256,50.0,auto,auto,periodic,"Simulation diverged at t=0: eigenvalue Re(λ)=1.242e+01 predicts growth factor 3.91e+269 over Δt=50.0, exceeding threshold 1e+08. The system is physically unstable.",diverged,"Simulation diverged at t=0: eigenvalue Re(λ)=1.242e+01 predicts growth factor 3.91e+269 over Δt=50.0, exceeding threshold 1e+08. The system is physically unstable.",-1,,,,,,,,false
-0.5918367346938775,-2.0384615384615383,1.0,0.0001,0.0,1.0,256,50.0,auto,auto,periodic,"Simulation diverged at t=0: eigenvalue Re(λ)=1.769e+00 predicts growth factor 2.63e+38 over Δt=50.0, exceeding threshold 1e+08. The system is physically unstable.",diverged,"Simulation diverged at t=0: eigenvalue Re(λ)=1.769e+00 predicts growth factor 2.63e+38 over Δt=50.0, exceeding threshold 1e+08. The system is physically unstable.",-1,,,,,,,,false
-0.5918367346938775,-1.9743589743589745,1.0,0.0001,0.0,1.0,256,50.0,auto,auto,periodic,"Simulation diverged at t=0: eigenvalue Re(λ)=1.809e+00 predicts growth factor 1.90e+39 over Δt=50.0, exceeding threshold 1e+08. The system is physically unstable.",diverged,"Simulation diverged at t=0: eigenvalue Re(λ)=1.809e+00 predicts growth factor 1.90e+39 over Δt=50.0, exceeding threshold 1e+08. The system is physically unstable.",-1,,,,,,,,false
-0.5918367346938775,-1.9102564102564104,1.0,0.0001,0.0,1.0,256,50.0,auto,auto,periodic,"Simulation diverged at t=0: eigenvalue Re(λ)=1.668e+00 predicts growth factor 1.69e+36 over Δt=50.0, exceeding threshold 1e+08. The system is physically unstable.",diverged,"Simulation diverged at t=0: eigenvalue Re(λ)=1.668e+00 predicts growth factor 1.69e+36 over Δt=50.0, exceeding threshold 1e+08. The system is physically unstable.",-1,,,,,,,,false
-0.5918367346938775,-1.8461538461538463,1.0,0.0001,0.0,1.0,256,50.0,auto,auto,periodic,"Simulation diverged at t=0: eigenvalue Re(λ)=1.306e+00 predicts growth factor 2.24e+28 over Δt=50.0, exceeding threshold 1e+08. The system is physically unstable.",diverged,"Simulation diverged at t=0: eigenvalue Re(λ)=1.306e+00 predicts growth factor 2.24e+28 over Δt=50.0, exceeding threshold 1e+08. The system is physically unstable.",-1,,,,,,,,false
-0.5918367346938775,-1.7820512820512822,1.0,0.0001,0.0,1.0,256,50.0,auto,auto,periodic,"Simulation diverged at t=0: eigenvalue Re(λ)=1.191e+00 predicts growth factor 7.24e+25 over Δt=50.0, exceeding threshold 1e+08. The system is physically unstable.",diverged,"Simulation diverged at t=0: eigenvalue Re(λ)=1.191e+00 predicts growth factor 7.24e+25 over Δt=50.0, exceeding threshold 1e+08. The system is physically unstable.",-1,,,,,,,,false
-0.5918367346938775,-1.717948717948718,1.0,0.0001,0.0,1.0,256,50.0,auto,auto,periodic,"Simulation diverged at t=0: eigenvalue Re(λ)=4.378e-01 predicts growth factor 3.20e+09 over Δt=50.0, exceeding threshold 1e+08. The system is physically unstable.",diverged,"Simulation diverged at t=0: eigenvalue Re(λ)=4.378e-01 predicts growth factor 3.20e+09 over Δt=50.0, exceeding threshold 1e+08. The system is physically unstable.",-1,,,,,,,,false
-0.5918367346938775,-1.653846153846154,1.0,0.0001,0.0,1.0,256,50.0,auto,auto,periodic,"Simulation diverged at t=0: eigenvalue Re(λ)=3.756e-01 predicts growth factor 1.43e+08 over Δt=50.0, exceeding threshold 1e+08. The system is physically unstable.",diverged,"Simulation diverged at t=0: eigenvalue Re(λ)=3.756e-01 predicts growth factor 1.43e+08 over Δt=50.0, exceeding threshold 1e+08. The system is physically unstable.",-1,,,,,,,,false
-0.5918367346938775,-1.5897435897435899,1.0,0.0001,0.0,1.0,256,50.0,auto,auto,periodic,"Simulation diverged at t=0: eigenvalue Re(λ)=3.947e-01 predicts growth factor 3.72e+08 over Δt=50.0, exceeding threshold 1e+08. The system is physically unstable.",diverged,"Simulation diverged at t=0: eigenvalue Re(λ)=3.947e-01 predicts growth factor 3.72e+08 over Δt=50.0, exceeding threshold 1e+08. The system is physically unstable.",-1,,,,,,,,false
-0.5918367346938775,-1.5256410256410258,1.0,0.0001,0.0,1.0,256,50.0,auto,auto,periodic,,success,,0,1615.3865632219527,50.0,1615.3865632219527,0.94,1.6154e+11,,,false
-0.5918367346938775,-1.4615384615384617,1.0,0.0001,0.0,1.0,256,50.0,auto,auto,periodic,,success,,0,6.249771671867835,50.0,6.249771671867835,1.0,6.2498e+08,,,false
-0.5918367346938775,-1.3974358974358976,1.0,0.0001,0.0,1.0,256,50.0,auto,auto,periodic,,success,,0,0.03454869249992251,50.0,0.03454869249992251,0.91,3.4549e+06,5.527802e+03,3.7426,true
-0.5918367346938775,-1.3333333333333335,1.0,0.0001,0.0,1.0,256,50.0,auto,auto,periodic,,success,,0,0.0002443982686715974,50.0,0.0002443982686715974,1.34,2.4440e+04,3.910380e+01,1.5922,true
-0.5918367346938775,-1.2692307692307694,1.0,0.0001,0.0,1.0,256,50.0,auto,auto,periodic,,success,,0,2.0666583322781297e-06,50.0,2.0666583322781297e-06,1.03,2.0667e+02,3.306660e-01,-0.4806,true
-0.5918367346938775,-1.2051282051282053,1.0,0.0001,0.0,1.0,256,50.0,auto,auto,periodic,,success,,0,2.013398586846549e-08,50.0,2.013398586846549e-08,1.14,2.0134e+00,3.221444e-03,-2.4919,true
-0.5918367346938775,-1.1410256410256412,1.0,0.0001,0.0,1.0,256,50.0,auto,auto,periodic,,success,,0,2.3679290553685633e-10,50.0,2.3679290553685633e-10,0.97,2.3679e-02,3.788694e-05,-4.4215,true
-0.5918367346938775,-1.076923076923077,1.0,0.0001,0.0,1.0,256,50.0,auto,auto,periodic,,success,,0,2.7511032419250206e-12,50.0,2.7511032419250206e-12,0.97,2.7511e-04,4.401774e-07,-6.3564,true
-0.5918367346938775,-1.012820512820513,1.0,0.0001,0.0,1.0,256,50.0,auto,auto,periodic,,success,,0,2.452816734427792e-12,43.0,2.312487125500077e-12,0.96,2.4528e-04,3.924515e-07,-6.4062,true
-0.5918367346938775,-0.9487179487179489,1.0,0.0001,0.0,1.0,256,50.0,auto,auto,periodic,,success,,0,1.5416094235849983e-11,43.0,1.1844168092765483e-11,1.04,1.5416e-03,2.466580e-06,-5.6079,true
-0.5918367346938775,-0.884615384615385,1.0,0.0001,0.0,1.0,256,50.0,auto,auto,periodic,,success,,0,3.599256005179303e-11,43.0,2.272654756263394e-11,0.99,3.5993e-03,5.758822e-06,-5.2397,true
-0.5918367346938775,-0.8205128205128207,1.0,0.0001,0.0,1.0,256,50.0,auto,auto,periodic,,success,,0,6.723585006294905e-11,44.5,3.190312913844078e-11,0.93,6.7236e-03,1.075776e-05,-4.9683,true
-0.5918367346938775,-0.7564102564102564,1.0,0.0001,0.0,1.0,256,50.0,auto,auto,periodic,,success,,0,1.0548105946590629e-10,44.5,4.026067454219274e-11,0.91,1.0548e-02,1.687700e-05,-4.7727,true
-0.5918367346938775,-0.6923076923076925,1.0,0.0001,0.0,1.0,256,50.0,auto,auto,periodic,,success,,0,1.4492912519790574e-10,44.5,5.26110286433245e-11,0.96,1.4493e-02,2.318871e-05,-4.6347,true
-0.5918367346938775,-0.6282051282051286,1.0,0.0001,0.0,1.0,256,50.0,auto,auto,periodic,,success,,0,2.0322558629257314e-10,46.0,7.594657203365081e-11,1.01,2.0323e-02,3.251616e-05,-4.4879,true
-0.5918367346938775,-0.5641025641025643,1.0,0.0001,0.0,1.0,256,50.0,auto,auto,periodic,,success,,0,2.6364482864834835e-10,46.0,1.167831639692069e-10,1.04,2.6364e-02,4.218326e-05,-4.3749,true
-0.5918367346938775,-0.5,1.0,0.0001,0.0,1.0,256,50.0,auto,auto,periodic,,success,,0,3.168659782058069e-10,46.0,1.789191806407484e-10,0.92,3.1687e-02,5.069866e-05,-4.2950,true
-0.5510204081632654,-3.0,1.0,0.0001,0.0,1.0,256,50.0,auto,auto,periodic,"Simulation diverged at t=0: eigenvalue Re(λ)=3.130e+00 predicts growth factor 9.05e+67 over Δt=50.0, exceeding threshold 1e+08. The system is physically unstable.",diverged,"Simulation diverged at t=0: eigenvalue Re(λ)=3.130e+00 predicts growth factor 9.05e+67 over Δt=50.0, exceeding threshold 1e+08. The system is physically unstable.",-1,,,,,,,,false
-0.5510204081632654,-2.935897435897436,1.0,0.0001,0.0,1.0,256,50.0,auto,auto,periodic,"Simulation diverged at t=0: eigenvalue Re(λ)=5.358e+00 predicts growth factor 2.18e+116 over Δt=50.0, exceeding threshold 1e+08. The system is physically unstable.",diverged,"Simulation diverged at t=0: eigenvalue Re(λ)=5.358e+00 predicts growth factor 2.18e+116 over Δt=50.0, exceeding threshold 1e+08. The system is physically unstable.",-1,,,,,,,,false
-0.5510204081632654,-2.871794871794872,1.0,0.0001,0.0,1.0,256,50.0,auto,auto,periodic,"Simulation diverged at t=0: eigenvalue Re(λ)=3.267e+00 predicts growth factor 8.61e+70 over Δt=50.0, exceeding threshold 1e+08. The system is physically unstable.",diverged,"Simulation diverged at t=0: eigenvalue Re(λ)=3.267e+00 predicts growth factor 8.61e+70 over Δt=50.0, exceeding threshold 1e+08. The system is physically unstable.",-1,,,,,,,,false
-0.5510204081632654,-2.8076923076923075,1.0,0.0001,0.0,1.0,256,50.0,auto,auto,periodic,"Simulation diverged at t=0: eigenvalue Re(λ)=6.884e+00 predicts growth factor 2.99e+149 over Δt=50.0, exceeding threshold 1e+08. The system is physically unstable.",diverged,"Simulation diverged at t=0: eigenvalue Re(λ)=6.884e+00 predicts growth factor 2.99e+149 over Δt=50.0, exceeding threshold 1e+08. The system is physically unstable.",-1,,,,,,,,false
-0.5510204081632654,-2.7435897435897436,1.0,0.0001,0.0,1.0,256,50.0,auto,auto,periodic,"Simulation diverged at t=0: eigenvalue Re(λ)=3.327e+00 predicts growth factor 1.72e+72 over Δt=50.0, exceeding threshold 1e+08. The system is physically unstable.",diverged,"Simulation diverged at t=0: eigenvalue Re(λ)=3.327e+00 predicts growth factor 1.72e+72 over Δt=50.0, exceeding threshold 1e+08. The system is physically unstable.",-1,,,,,,,,false
-0.5510204081632654,-2.6794871794871797,1.0,0.0001,0.0,1.0,256,50.0,auto,auto,periodic,"Simulation diverged at t=0: eigenvalue Re(λ)=8.970e+00 predicts growth factor 5.97e+194 over Δt=50.0, exceeding threshold 1e+08. The system is physically unstable.",diverged,"Simulation diverged at t=0: eigenvalue Re(λ)=8.970e+00 predicts growth factor 5.97e+194 over Δt=50.0, exceeding threshold 1e+08. The system is physically unstable.",-1,,,,,,,,false
-0.5510204081632654,-2.6153846153846154,1.0,0.0001,0.0,1.0,256,50.0,auto,auto,periodic,"Simulation diverged at t=0: eigenvalue Re(λ)=3.230e+00 predicts growth factor 1.39e+70 over Δt=50.0, exceeding threshold 1e+08. The system is physically unstable.",diverged,"Simulation diverged at t=0: eigenvalue Re(λ)=3.230e+00 predicts growth factor 1.39e+70 over Δt=50.0, exceeding threshold 1e+08. The system is physically unstable.",-1,,,,,,,,false
-0.5510204081632654,-2.551282051282051,1.0,0.0001,0.0,1.0,256,50.0,auto,auto,periodic,"Simulation diverged at t=0: eigenvalue Re(λ)=8.620e+00 predicts growth factor 1.48e+187 over Δt=50.0, exceeding threshold 1e+08. The system is physically unstable.",diverged,"Simulation diverged at t=0: eigenvalue Re(λ)=8.620e+00 predicts growth factor 1.48e+187 over Δt=50.0, exceeding threshold 1e+08. The system is physically unstable.",-1,,,,,,,,false
-0.5510204081632654,-2.4871794871794872,1.0,0.0001,0.0,1.0,256,50.0,auto,auto,periodic,"Simulation diverged at t=0: eigenvalue Re(λ)=2.928e+00 predicts growth factor 3.75e+63 over Δt=50.0, exceeding threshold 1e+08. The system is physically unstable.",diverged,"Simulation diverged at t=0: eigenvalue Re(λ)=2.928e+00 predicts growth factor 3.75e+63 over Δt=50.0, exceeding threshold 1e+08. The system is physically unstable.",-1,,,,,,,,false
-0.5510204081632654,-2.4230769230769234,1.0,0.0001,0.0,1.0,256,50.0,auto,auto,periodic,"Simulation diverged at t=0: eigenvalue Re(λ)=5.535e+00 predicts growth factor 1.58e+120 over Δt=50.0, exceeding threshold 1e+08. The system is physically unstable.",diverged,"Simulation diverged at t=0: eigenvalue Re(λ)=5.535e+00 predicts growth factor 1.58e+120 over Δt=50.0, exceeding threshold 1e+08. The system is physically unstable.",-1,,,,,,,,false
-0.5510204081632654,-2.358974358974359,1.0,0.0001,0.0,1.0,256,50.0,auto,auto,periodic,"Simulation diverged at t=0: eigenvalue Re(λ)=2.466e+00 predicts growth factor 3.46e+53 over Δt=50.0, exceeding threshold 1e+08. The system is physically unstable.",diverged,"Simulation diverged at t=0: eigenvalue Re(λ)=2.466e+00 predicts growth factor 3.46e+53 over Δt=50.0, exceeding threshold 1e+08. The system is physically unstable.",-1,,,,,,,,false
-0.5510204081632654,-2.2948717948717947,1.0,0.0001,0.0,1.0,256,50.0,auto,auto,periodic,"Simulation diverged at t=0: eigenvalue Re(λ)=3.417e+00 predicts growth factor 1.54e+74 over Δt=50.0, exceeding threshold 1e+08. The system is physically unstable.",diverged,"Simulation diverged at t=0: eigenvalue Re(λ)=3.417e+00 predicts growth factor 1.54e+74 over Δt=50.0, exceeding threshold 1e+08. The system is physically unstable.",-1,,,,,,,,false
-0.5510204081632654,-2.230769230769231,1.0,0.0001,0.0,1.0,256,50.0,auto,auto,periodic,"Simulation diverged at t=0: eigenvalue Re(λ)=1.958e+00 predicts growth factor 3.36e+42 over Δt=50.0, exceeding threshold 1e+08. The system is physically unstable.",diverged,"Simulation diverged at t=0: eigenvalue Re(λ)=1.958e+00 predicts growth factor 3.36e+42 over Δt=50.0, exceeding threshold 1e+08. The system is physically unstable.",-1,,,,,,,,false
-0.5510204081632654,-2.166666666666667,1.0,0.0001,0.0,1.0,256,50.0,auto,auto,periodic,"Simulation diverged at t=0: eigenvalue Re(λ)=2.220e+00 predicts growth factor 1.64e+48 over Δt=50.0, exceeding threshold 1e+08. The system is physically unstable.",diverged,"Simulation diverged at t=0: eigenvalue Re(λ)=2.220e+00 predicts growth factor 1.64e+48 over Δt=50.0, exceeding threshold 1e+08. The system is physically unstable.",-1,,,,,,,,false
-0.5510204081632654,-2.1025641025641026,1.0,0.0001,0.0,1.0,256,50.0,auto,auto,periodic,"Simulation diverged at t=0: eigenvalue Re(λ)=2.615e+00 predicts growth factor 6.10e+56 over Δt=50.0, exceeding threshold 1e+08. The system is physically unstable.",diverged,"Simulation diverged at t=0: eigenvalue Re(λ)=2.615e+00 predicts growth factor 6.10e+56 over Δt=50.0, exceeding threshold 1e+08. The system is physically unstable.",-1,,,,,,,,false
-0.5510204081632654,-2.0384615384615383,1.0,0.0001,0.0,1.0,256,50.0,auto,auto,periodic,"Simulation diverged at t=0: eigenvalue Re(λ)=3.193e+00 predicts growth factor 2.17e+69 over Δt=50.0, exceeding threshold 1e+08. The system is physically unstable.",diverged,"Simulation diverged at t=0: eigenvalue Re(λ)=3.193e+00 predicts growth factor 2.17e+69 over Δt=50.0, exceeding threshold 1e+08. The system is physically unstable.",-1,,,,,,,,false
-0.5510204081632654,-1.9743589743589745,1.0,0.0001,0.0,1.0,256,50.0,auto,auto,periodic,"Simulation diverged at t=0: eigenvalue Re(λ)=3.614e+00 predicts growth factor 2.98e+78 over Δt=50.0, exceeding threshold 1e+08. The system is physically unstable.",diverged,"Simulation diverged at t=0: eigenvalue Re(λ)=3.614e+00 predicts growth factor 2.98e+78 over Δt=50.0, exceeding threshold 1e+08. The system is physically unstable.",-1,,,,,,,,false
-0.5510204081632654,-1.9102564102564104,1.0,0.0001,0.0,1.0,256,50.0,auto,auto,periodic,"Simulation diverged at t=0: eigenvalue Re(λ)=2.800e+00 predicts growth factor 6.27e+60 over Δt=50.0, exceeding threshold 1e+08. The system is physically unstable.",diverged,"Simulation diverged at t=0: eigenvalue Re(λ)=2.800e+00 predicts growth factor 6.27e+60 over Δt=50.0, exceeding threshold 1e+08. The system is physically unstable.",-1,,,,,,,,false
-0.5510204081632654,-1.8461538461538463,1.0,0.0001,0.0,1.0,256,50.0,auto,auto,periodic,"Simulation diverged at t=0: eigenvalue Re(λ)=1.637e+00 predicts growth factor 3.45e+35 over Δt=50.0, exceeding threshold 1e+08. The system is physically unstable.",diverged,"Simulation diverged at t=0: eigenvalue Re(λ)=1.637e+00 predicts growth factor 3.45e+35 over Δt=50.0, exceeding threshold 1e+08. The system is physically unstable.",-1,,,,,,,,false
-0.5510204081632654,-1.7820512820512822,1.0,0.0001,0.0,1.0,256,50.0,auto,auto,periodic,"Simulation diverged at t=0: eigenvalue Re(λ)=1.406e+00 predicts growth factor 3.42e+30 over Δt=50.0, exceeding threshold 1e+08. The system is physically unstable.",diverged,"Simulation diverged at t=0: eigenvalue Re(λ)=1.406e+00 predicts growth factor 3.42e+30 over Δt=50.0, exceeding threshold 1e+08. The system is physically unstable.",-1,,,,,,,,false
-0.5510204081632654,-1.717948717948718,1.0,0.0001,0.0,1.0,256,50.0,auto,auto,periodic,"Simulation diverged at t=0: eigenvalue Re(λ)=4.175e-01 predicts growth factor 1.17e+09 over Δt=50.0, exceeding threshold 1e+08. The system is physically unstable.",diverged,"Simulation diverged at t=0: eigenvalue Re(λ)=4.175e-01 predicts growth factor 1.17e+09 over Δt=50.0, exceeding threshold 1e+08. The system is physically unstable.",-1,,,,,,,,false
-0.5510204081632654,-1.653846153846154,1.0,0.0001,0.0,1.0,256,50.0,auto,auto,periodic,"Simulation diverged at t=0: eigenvalue Re(λ)=4.156e-01 predicts growth factor 1.06e+09 over Δt=50.0, exceeding threshold 1e+08. The system is physically unstable.",diverged,"Simulation diverged at t=0: eigenvalue Re(λ)=4.156e-01 predicts growth factor 1.06e+09 over Δt=50.0, exceeding threshold 1e+08. The system is physically unstable.",-1,,,,,,,,false
-0.5510204081632654,-1.5897435897435899,1.0,0.0001,0.0,1.0,256,50.0,auto,auto,periodic,"Simulation diverged at t=0: eigenvalue Re(λ)=3.693e-01 predicts growth factor 1.04e+08 over Δt=50.0, exceeding threshold 1e+08. The system is physically unstable.",diverged,"Simulation diverged at t=0: eigenvalue Re(λ)=3.693e-01 predicts growth factor 1.04e+08 over Δt=50.0, exceeding threshold 1e+08. The system is physically unstable.",-1,,,,,,,,false
-0.5510204081632654,-1.5256410256410258,1.0,0.0001,0.0,1.0,256,50.0,auto,auto,periodic,,success,,0,77.24531073552085,50.0,77.24531073552085,1.01,7.7245e+09,,,false
-0.5510204081632654,-1.4615384615384617,1.0,0.0001,0.0,1.0,256,50.0,auto,auto,periodic,,success,,0,0.1667149125582381,50.0,0.1667149125582381,0.95,1.6671e+07,,,false
-0.5510204081632654,-1.3974358974358976,1.0,0.0001,0.0,1.0,256,50.0,auto,auto,periodic,,success,,0,0.0005196922444241359,50.0,0.0005196922444241359,0.93,5.1969e+04,8.315093e+01,1.9199,true
-0.5510204081632654,-1.3333333333333335,1.0,0.0001,0.0,1.0,256,50.0,auto,auto,periodic,,success,,0,2.080023083458007e-06,50.0,2.080023083458007e-06,1.06,2.0800e+02,3.328044e-01,-0.4778,true
-0.5510204081632654,-1.2692307692307694,1.0,0.0001,0.0,1.0,256,50.0,auto,auto,periodic,,success,,0,1.007511261016593e-08,50.0,1.007511261016593e-08,1.3,1.0075e+00,1.612021e-03,-2.7926,true
-0.5510204081632654,-1.2051282051282053,1.0,0.0001,0.0,1.0,256,50.0,auto,auto,periodic,,success,,0,6.507973288937323e-11,50.0,6.507973288937323e-11,1.02,6.5080e-03,1.041278e-05,-4.9824,true
-0.5510204081632654,-1.1410256410256412,1.0,0.0001,0.0,1.0,256,50.0,auto,auto,periodic,,success,,0,9.374486624780346e-15,50.0,9.374486624780346e-15,1.17,9.3745e-07,1.499921e-09,-8.8239,true
-0.5510204081632654,-1.076923076923077,1.0,0.0001,0.0,1.0,256,50.0,auto,auto,periodic,,success,,0,9.297964518248313e-12,43.0,7.720929526438552e-12,1.15,9.2980e-04,1.487677e-06,-5.8275,true
-0.5510204081632654,-1.012820512820513,1.0,0.0001,0.0,1.0,256,50.0,auto,auto,periodic,,success,,0,3.072258279807199e-11,43.0,2.0286652358894298e-11,1.07,3.0723e-03,4.915623e-06,-5.3084,true
-0.5510204081632654,-0.9487179487179489,1.0,0.0001,0.0,1.0,256,50.0,auto,auto,periodic,,success,,0,6.441700707845793e-11,44.5,3.1241903993920805e-11,0.98,6.4417e-03,1.030674e-05,-4.9869,true
-0.5510204081632654,-0.884615384615385,1.0,0.0001,0.0,1.0,256,50.0,auto,auto,periodic,,success,,0,1.0843659152517095e-10,44.5,4.095949765418605e-11,0.98,1.0844e-02,1.734989e-05,-4.7607,true
-0.5510204081632654,-0.8205128205128207,1.0,0.0001,0.0,1.0,256,50.0,auto,auto,periodic,,success,,0,1.5685524849709022e-10,46.0,5.669759760341656e-11,1.02,1.5686e-02,2.509689e-05,-4.6004,true
-0.5510204081632654,-0.7564102564102564,1.0,0.0001,0.0,1.0,256,50.0,auto,auto,periodic,,success,,0,2.2658772973415404e-10,46.0,8.917214661939795e-11,0.98,2.2659e-02,3.625411e-05,-4.4406,true
-0.5510204081632654,-0.6923076923076925,1.0,0.0001,0.0,1.0,256,50.0,auto,auto,periodic,,success,,0,2.9352320792070794e-10,46.0,1.4728043095508847e-10,1.07,2.9352e-02,4.696381e-05,-4.3282,true
-0.5510204081632654,-0.6282051282051286,1.0,0.0001,0.0,1.0,256,50.0,auto,auto,periodic,,success,,0,3.7708065578167123e-10,47.5,2.3430402145614955e-10,1.11,3.7708e-02,6.033303e-05,-4.2194,true
-0.5510204081632654,-0.5641025641025643,1.0,0.0001,0.0,1.0,256,50.0,auto,auto,periodic,,success,,0,4.727117766976343e-10,47.5,3.4726299993574293e-10,1.16,4.7271e-02,7.563404e-05,-4.1213,true
-0.5510204081632654,-0.5,1.0,0.0001,0.0,1.0,256,50.0,auto,auto,periodic,,success,,0,5.51000918501263e-10,49.0,4.786813009641466e-10,1.03,5.5100e-02,8.816033e-05,-4.0547,true
-0.5102040816326531,-3.0,1.0,0.0001,0.0,1.0,256,50.0,auto,auto,periodic,"Simulation diverged at t=0: eigenvalue Re(λ)=4.155e+00 predicts growth factor 1.69e+90 over Δt=50.0, exceeding threshold 1e+08. The system is physically unstable.",diverged,"Simulation diverged at t=0: eigenvalue Re(λ)=4.155e+00 predicts growth factor 1.69e+90 over Δt=50.0, exceeding threshold 1e+08. The system is physically unstable.",-1,,,,,,,,false
-0.5102040816326531,-2.935897435897436,1.0,0.0001,0.0,1.0,256,50.0,auto,auto,periodic,"Simulation diverged at t=0: eigenvalue Re(λ)=2.475e+01 predicts growth factor 1.01e+304 over Δt=50.0, exceeding threshold 1e+08. The system is physically unstable.",diverged,"Simulation diverged at t=0: eigenvalue Re(λ)=2.475e+01 predicts growth factor 1.01e+304 over Δt=50.0, exceeding threshold 1e+08. The system is physically unstable.",-1,,,,,,,,false
-0.5102040816326531,-2.871794871794872,1.0,0.0001,0.0,1.0,256,50.0,auto,auto,periodic,"Simulation diverged at t=0: eigenvalue Re(λ)=4.252e+00 predicts growth factor 2.10e+92 over Δt=50.0, exceeding threshold 1e+08. The system is physically unstable.",diverged,"Simulation diverged at t=0: eigenvalue Re(λ)=4.252e+00 predicts growth factor 2.10e+92 over Δt=50.0, exceeding threshold 1e+08. The system is physically unstable.",-1,,,,,,,,false
-0.5102040816326531,-2.8076923076923075,1.0,0.0001,0.0,1.0,256,50.0,auto,auto,periodic,"Simulation diverged at t=0: eigenvalue Re(λ)=2.936e+00 predicts growth factor 5.69e+63 over Δt=50.0, exceeding threshold 1e+08. The system is physically unstable.",diverged,"Simulation diverged at t=0: eigenvalue Re(λ)=2.936e+00 predicts growth factor 5.69e+63 over Δt=50.0, exceeding threshold 1e+08. The system is physically unstable.",-1,,,,,,,,false
-0.5102040816326531,-2.7435897435897436,1.0,0.0001,0.0,1.0,256,50.0,auto,auto,periodic,"Simulation diverged at t=0: eigenvalue Re(λ)=4.123e+00 predicts growth factor 3.46e+89 over Δt=50.0, exceeding threshold 1e+08. The system is physically unstable.",diverged,"Simulation diverged at t=0: eigenvalue Re(λ)=4.123e+00 predicts growth factor 3.46e+89 over Δt=50.0, exceeding threshold 1e+08. The system is physically unstable.",-1,,,,,,,,false
-0.5102040816326531,-2.6794871794871797,1.0,0.0001,0.0,1.0,256,50.0,auto,auto,periodic,"Simulation diverged at t=0: eigenvalue Re(λ)=2.757e+00 predicts growth factor 7.44e+59 over Δt=50.0, exceeding threshold 1e+08. The system is physically unstable.",diverged,"Simulation diverged at t=0: eigenvalue Re(λ)=2.757e+00 predicts growth factor 7.44e+59 over Δt=50.0, exceeding threshold 1e+08. The system is physically unstable.",-1,,,,,,,,false
-0.5102040816326531,-2.6153846153846154,1.0,0.0001,0.0,1.0,256,50.0,auto,auto,periodic,"Simulation diverged at t=0: eigenvalue Re(λ)=3.713e+00 predicts growth factor 4.23e+80 over Δt=50.0, exceeding threshold 1e+08. The system is physically unstable.",diverged,"Simulation diverged at t=0: eigenvalue Re(λ)=3.713e+00 predicts growth factor 4.23e+80 over Δt=50.0, exceeding threshold 1e+08. The system is physically unstable.",-1,,,,,,,,false
-0.5102040816326531,-2.551282051282051,1.0,0.0001,0.0,1.0,256,50.0,auto,auto,periodic,"Simulation diverged at t=0: eigenvalue Re(λ)=1.271e+01 predicts growth factor 1.16e+276 over Δt=50.0, exceeding threshold 1e+08. The system is physically unstable.",diverged,"Simulation diverged at t=0: eigenvalue Re(λ)=1.271e+01 predicts growth factor 1.16e+276 over Δt=50.0, exceeding threshold 1e+08. The system is physically unstable.",-1,,,,,,,,false
-0.5102040816326531,-2.4871794871794872,1.0,0.0001,0.0,1.0,256,50.0,auto,auto,periodic,"Simulation diverged at t=0: eigenvalue Re(λ)=3.108e+00 predicts growth factor 3.03e+67 over Δt=50.0, exceeding threshold 1e+08. The system is physically unstable.",diverged,"Simulation diverged at t=0: eigenvalue Re(λ)=3.108e+00 predicts growth factor 3.03e+67 over Δt=50.0, exceeding threshold 1e+08. The system is physically unstable.",-1,,,,,,,,false
-0.5102040816326531,-2.4230769230769234,1.0,0.0001,0.0,1.0,256,50.0,auto,auto,periodic,"Simulation diverged at t=0: eigenvalue Re(λ)=5.111e+00 predicts growth factor 9.53e+110 over Δt=50.0, exceeding threshold 1e+08. The system is physically unstable.",diverged,"Simulation diverged at t=0: eigenvalue Re(λ)=5.111e+00 predicts growth factor 9.53e+110 over Δt=50.0, exceeding threshold 1e+08. The system is physically unstable.",-1,,,,,,,,false
-0.5102040816326531,-2.358974358974359,1.0,0.0001,0.0,1.0,256,50.0,auto,auto,periodic,"Simulation diverged at t=0: eigenvalue Re(λ)=2.467e+00 predicts growth factor 3.80e+53 over Δt=50.0, exceeding threshold 1e+08. The system is physically unstable.",diverged,"Simulation diverged at t=0: eigenvalue Re(λ)=2.467e+00 predicts growth factor 3.80e+53 over Δt=50.0, exceeding threshold 1e+08. The system is physically unstable.",-1,,,,,,,,false
-0.5102040816326531,-2.2948717948717947,1.0,0.0001,0.0,1.0,256,50.0,auto,auto,periodic,"Simulation diverged at t=0: eigenvalue Re(λ)=3.049e+00 predicts growth factor 1.61e+66 over Δt=50.0, exceeding threshold 1e+08. The system is physically unstable.",diverged,"Simulation diverged at t=0: eigenvalue Re(λ)=3.049e+00 predicts growth factor 1.61e+66 over Δt=50.0, exceeding threshold 1e+08. The system is physically unstable.",-1,,,,,,,,false
-0.5102040816326531,-2.230769230769231,1.0,0.0001,0.0,1.0,256,50.0,auto,auto,periodic,"Simulation diverged at t=0: eigenvalue Re(λ)=4.652e+00 predicts growth factor 1.03e+101 over Δt=50.0, exceeding threshold 1e+08. The system is physically unstable.",diverged,"Simulation diverged at t=0: eigenvalue Re(λ)=4.652e+00 predicts growth factor 1.03e+101 over Δt=50.0, exceeding threshold 1e+08. The system is physically unstable.",-1,,,,,,,,false
-0.5102040816326531,-2.166666666666667,1.0,0.0001,0.0,1.0,256,50.0,auto,auto,periodic,"Simulation diverged at t=0: eigenvalue Re(λ)=2.019e+00 predicts growth factor 6.84e+43 over Δt=50.0, exceeding threshold 1e+08. The system is physically unstable.",diverged,"Simulation diverged at t=0: eigenvalue Re(λ)=2.019e+00 predicts growth factor 6.84e+43 over Δt=50.0, exceeding threshold 1e+08. The system is physically unstable.",-1,,,,,,,,false
-0.5102040816326531,-2.1025641025641026,1.0,0.0001,0.0,1.0,256,50.0,auto,auto,periodic,"Simulation diverged at t=0: eigenvalue Re(λ)=2.123e+00 predicts growth factor 1.24e+46 over Δt=50.0, exceeding threshold 1e+08. The system is physically unstable.",diverged,"Simulation diverged at t=0: eigenvalue Re(λ)=2.123e+00 predicts growth factor 1.24e+46 over Δt=50.0, exceeding threshold 1e+08. The system is physically unstable.",-1,,,,,,,,false
-0.5102040816326531,-2.0384615384615383,1.0,0.0001,0.0,1.0,256,50.0,auto,auto,periodic,"Simulation diverged at t=0: eigenvalue Re(λ)=2.149e+00 predicts growth factor 4.60e+46 over Δt=50.0, exceeding threshold 1e+08. The system is physically unstable.",diverged,"Simulation diverged at t=0: eigenvalue Re(λ)=2.149e+00 predicts growth factor 4.60e+46 over Δt=50.0, exceeding threshold 1e+08. The system is physically unstable.",-1,,,,,,,,false
-0.5102040816326531,-1.9743589743589745,1.0,0.0001,0.0,1.0,256,50.0,auto,auto,periodic,"Simulation diverged at t=0: eigenvalue Re(λ)=2.001e+00 predicts growth factor 2.78e+43 over Δt=50.0, exceeding threshold 1e+08. The system is physically unstable.",diverged,"Simulation diverged at t=0: eigenvalue Re(λ)=2.001e+00 predicts growth factor 2.78e+43 over Δt=50.0, exceeding threshold 1e+08. The system is physically unstable.",-1,,,,,,,,false
-0.5102040816326531,-1.9102564102564104,1.0,0.0001,0.0,1.0,256,50.0,auto,auto,periodic,"Simulation diverged at t=0: eigenvalue Re(λ)=1.651e+00 predicts growth factor 7.16e+35 over Δt=50.0, exceeding threshold 1e+08. The system is physically unstable.",diverged,"Simulation diverged at t=0: eigenvalue Re(λ)=1.651e+00 predicts growth factor 7.16e+35 over Δt=50.0, exceeding threshold 1e+08. The system is physically unstable.",-1,,,,,,,,false
-0.5102040816326531,-1.8461538461538463,1.0,0.0001,0.0,1.0,256,50.0,auto,auto,periodic,"Simulation diverged at t=0: eigenvalue Re(λ)=2.905e+00 predicts growth factor 1.21e+63 over Δt=50.0, exceeding threshold 1e+08. The system is physically unstable.",diverged,"Simulation diverged at t=0: eigenvalue Re(λ)=2.905e+00 predicts growth factor 1.21e+63 over Δt=50.0, exceeding threshold 1e+08. The system is physically unstable.",-1,,,,,,,,false
-0.5102040816326531,-1.7820512820512822,1.0,0.0001,0.0,1.0,256,50.0,auto,auto,periodic,"Simulation diverged at t=0: eigenvalue Re(λ)=1.959e+00 predicts growth factor 3.50e+42 over Δt=50.0, exceeding threshold 1e+08. The system is physically unstable.",diverged,"Simulation diverged at t=0: eigenvalue Re(λ)=1.959e+00 predicts growth factor 3.50e+42 over Δt=50.0, exceeding threshold 1e+08. The system is physically unstable.",-1,,,,,,,,false
-0.5102040816326531,-1.717948717948718,1.0,0.0001,0.0,1.0,256,50.0,auto,auto,periodic,"Simulation diverged at t=0: eigenvalue Re(λ)=3.955e-01 predicts growth factor 3.87e+08 over Δt=50.0, exceeding threshold 1e+08. The system is physically unstable.",diverged,"Simulation diverged at t=0: eigenvalue Re(λ)=3.955e-01 predicts growth factor 3.87e+08 over Δt=50.0, exceeding threshold 1e+08. The system is physically unstable.",-1,,,,,,,,false
-0.5102040816326531,-1.653846153846154,1.0,0.0001,0.0,1.0,256,50.0,auto,auto,periodic,"Simulation diverged at t=0: eigenvalue Re(λ)=3.908e-01 predicts growth factor 3.07e+08 over Δt=50.0, exceeding threshold 1e+08. The system is physically unstable.",diverged,"Simulation diverged at t=0: eigenvalue Re(λ)=3.908e-01 predicts growth factor 3.07e+08 over Δt=50.0, exceeding threshold 1e+08. The system is physically unstable.",-1,,,,,,,,false
-0.5102040816326531,-1.5897435897435899,1.0,0.0001,0.0,1.0,256,50.0,auto,auto,periodic,"Simulation diverged at t=0: eigenvalue Re(λ)=3.727e-01 predicts growth factor 1.24e+08 over Δt=50.0, exceeding threshold 1e+08. The system is physically unstable.",diverged,"Simulation diverged at t=0: eigenvalue Re(λ)=3.727e-01 predicts growth factor 1.24e+08 over Δt=50.0, exceeding threshold 1e+08. The system is physically unstable.",-1,,,,,,,,false
-0.5102040816326531,-1.5256410256410258,1.0,0.0001,0.0,1.0,256,50.0,auto,auto,periodic,,success,,0,2.0504103329105274,50.0,2.0504103329105274,1.02,2.0504e+08,,,false
-0.5102040816326531,-1.4615384615384617,1.0,0.0001,0.0,1.0,256,50.0,auto,auto,periodic,,success,,0,0.002155501485723859,50.0,0.002155501485723859,0.99,2.1555e+05,3.448810e+02,2.5377,true
-0.5102040816326531,-1.3974358974358976,1.0,0.0001,0.0,1.0,256,50.0,auto,auto,periodic,,success,,0,3.2961583914628436e-06,50.0,3.2961583914628436e-06,1.02,3.2962e+02,5.273864e-01,-0.2779,true
-0.5102040816326531,-1.3333333333333335,1.0,0.0001,0.0,1.0,256,50.0,auto,auto,periodic,,success,,0,6.580704342893646e-09,50.0,6.580704342893646e-09,0.95,6.5807e-01,1.052915e-03,-2.9776,true
-0.5102040816326531,-1.2692307692307694,1.0,0.0001,0.0,1.0,256,50.0,auto,auto,periodic,,success,,0,1.9587086380654726e-11,50.0,1.9587086380654726e-11,0.99,1.9587e-03,3.133940e-06,-5.5039,true
-0.5102040816326531,-1.2051282051282053,1.0,0.0001,0.0,1.0,256,50.0,auto,auto,periodic,,success,,0,1.979061600799921e-12,43.0,1.891257580418176e-12,1.17,1.9791e-04,3.166505e-07,-6.4994,true
-0.5102040816326531,-1.1410256410256412,1.0,0.0001,0.0,1.0,256,50.0,auto,auto,periodic,,success,,0,2.0637061576118416e-11,43.0,1.498562355087332e-11,1.12,2.0637e-03,3.301937e-06,-5.4812,true
-0.5102040816326531,-1.076923076923077,1.0,0.0001,0.0,1.0,256,50.0,auto,auto,periodic,,success,,0,5.448711293090671e-11,44.5,2.873318004873003e-11,1.12,5.4487e-03,8.717956e-06,-5.0596,true
-0.5102040816326531,-1.012820512820513,1.0,0.0001,0.0,1.0,256,50.0,auto,auto,periodic,,success,,0,1.0446110292663747e-10,44.5,4.002414527345402e-11,1.16,1.0446e-02,1.671381e-05,-4.7769,true
-0.5102040816326531,-0.9487179487179489,1.0,0.0001,0.0,1.0,256,50.0,auto,auto,periodic,,success,,0,1.622454968482564e-10,46.0,5.853661427036115e-11,1.12,1.6225e-02,2.595933e-05,-4.5857,true
-0.5102040816326531,-0.884615384615385,1.0,0.0001,0.0,1.0,256,50.0,auto,auto,periodic,,success,,0,2.438332765151792e-10,46.0,1.0087222888828016e-10,1.0,2.4383e-02,3.901341e-05,-4.4088,true
-0.5102040816326531,-0.8205128205128207,1.0,0.0001,0.0,1.0,256,50.0,auto,auto,periodic,,success,,0,3.17660704757987e-10,47.5,1.7973964743584172e-10,1.03,3.1766e-02,5.082582e-05,-4.2939,true
-0.5102040816326531,-0.7564102564102564,1.0,0.0001,0.0,1.0,256,50.0,auto,auto,periodic,,success,,0,4.3411624556188323e-10,47.5,2.969752437809789e-10,0.96,4.3412e-02,6.945874e-05,-4.1583,true
-0.5102040816326531,-0.6923076923076925,1.0,0.0001,0.0,1.0,256,50.0,auto,auto,periodic,,success,,0,5.314650981536684e-10,48.0,4.4401265864794135e-10,1.09,5.3147e-02,8.503459e-05,-4.0704,true
-0.5102040816326531,-0.6282051282051286,1.0,0.0001,0.0,1.0,256,50.0,auto,auto,periodic,,success,,0,6.712980334583428e-10,49.0,6.064113071709878e-10,1.0,6.7130e-02,1.074079e-04,-3.9690,true
-0.5102040816326531,-0.5641025641025643,1.0,0.0001,0.0,1.0,256,50.0,auto,auto,periodic,,success,,0,8.006311510392779e-10,49.5,7.673717177282745e-10,1.01,8.0063e-02,1.281013e-04,-3.8924,true
-0.5102040816326531,-0.5,1.0,0.0001,0.0,1.0,256,50.0,auto,auto,periodic,,success,,0,9.08529979392142e-10,50.0,9.08529979392142e-10,1.06,9.0853e-02,1.453651e-04,-3.8375,true
-0.4693877551020409,-3.0,1.0,0.0001,0.0,1.0,256,50.0,auto,auto,periodic,"Simulation diverged at t=0: eigenvalue Re(λ)=1.588e+01 predicts growth factor 1.01e+304 over Δt=50.0, exceeding threshold 1e+08. The system is physically unstable.",diverged,"Simulation diverged at t=0: eigenvalue Re(λ)=1.588e+01 predicts growth factor 1.01e+304 over Δt=50.0, exceeding threshold 1e+08. The system is physically unstable.",-1,,,,,,,,false
-0.4693877551020409,-2.935897435897436,1.0,0.0001,0.0,1.0,256,50.0,auto,auto,periodic,"Simulation diverged at t=0: eigenvalue Re(λ)=4.506e+00 predicts growth factor 6.85e+97 over Δt=50.0, exceeding threshold 1e+08. The system is physically unstable.",diverged,"Simulation diverged at t=0: eigenvalue Re(λ)=4.506e+00 predicts growth factor 6.85e+97 over Δt=50.0, exceeding threshold 1e+08. The system is physically unstable.",-1,,,,,,,,false
-0.4693877551020409,-2.871794871794872,1.0,0.0001,0.0,1.0,256,50.0,auto,auto,periodic,"Simulation diverged at t=0: eigenvalue Re(λ)=1.527e+01 predicts growth factor 1.01e+304 over Δt=50.0, exceeding threshold 1e+08. The system is physically unstable.",diverged,"Simulation diverged at t=0: eigenvalue Re(λ)=1.527e+01 predicts growth factor 1.01e+304 over Δt=50.0, exceeding threshold 1e+08. The system is physically unstable.",-1,,,,,,,,false
-0.4693877551020409,-2.8076923076923075,1.0,0.0001,0.0,1.0,256,50.0,auto,auto,periodic,"Simulation diverged at t=0: eigenvalue Re(λ)=4.145e+00 predicts growth factor 1.03e+90 over Δt=50.0, exceeding threshold 1e+08. The system is physically unstable.",diverged,"Simulation diverged at t=0: eigenvalue Re(λ)=4.145e+00 predicts growth factor 1.03e+90 over Δt=50.0, exceeding threshold 1e+08. The system is physically unstable.",-1,,,,,,,,false
-0.4693877551020409,-2.7435897435897436,1.0,0.0001,0.0,1.0,256,50.0,auto,auto,periodic,"Simulation diverged at t=0: eigenvalue Re(λ)=9.447e+00 predicts growth factor 1.39e+205 over Δt=50.0, exceeding threshold 1e+08. The system is physically unstable.",diverged,"Simulation diverged at t=0: eigenvalue Re(λ)=9.447e+00 predicts growth factor 1.39e+205 over Δt=50.0, exceeding threshold 1e+08. The system is physically unstable.",-1,,,,,,,,false
-0.4693877551020409,-2.6794871794871797,1.0,0.0001,0.0,1.0,256,50.0,auto,auto,periodic,"Simulation diverged at t=0: eigenvalue Re(λ)=3.608e+00 predicts growth factor 2.25e+78 over Δt=50.0, exceeding threshold 1e+08. The system is physically unstable.",diverged,"Simulation diverged at t=0: eigenvalue Re(λ)=3.608e+00 predicts growth factor 2.25e+78 over Δt=50.0, exceeding threshold 1e+08. The system is physically unstable.",-1,,,,,,,,false
-0.4693877551020409,-2.6153846153846154,1.0,0.0001,0.0,1.0,256,50.0,auto,auto,periodic,"Simulation diverged at t=0: eigenvalue Re(λ)=5.864e+00 predicts growth factor 2.14e+127 over Δt=50.0, exceeding threshold 1e+08. The system is physically unstable.",diverged,"Simulation diverged at t=0: eigenvalue Re(λ)=5.864e+00 predicts growth factor 2.14e+127 over Δt=50.0, exceeding threshold 1e+08. The system is physically unstable.",-1,,,,,,,,false
-0.4693877551020409,-2.551282051282051,1.0,0.0001,0.0,1.0,256,50.0,auto,auto,periodic,"Simulation diverged at t=0: eigenvalue Re(λ)=3.001e+00 predicts growth factor 1.46e+65 over Δt=50.0, exceeding threshold 1e+08. The system is physically unstable.",diverged,"Simulation diverged at t=0: eigenvalue Re(λ)=3.001e+00 predicts growth factor 1.46e+65 over Δt=50.0, exceeding threshold 1e+08. The system is physically unstable.",-1,,,,,,,,false
-0.4693877551020409,-2.4871794871794872,1.0,0.0001,0.0,1.0,256,50.0,auto,auto,periodic,"Simulation diverged at t=0: eigenvalue Re(λ)=3.912e+00 predicts growth factor 8.83e+84 over Δt=50.0, exceeding threshold 1e+08. The system is physically unstable.",diverged,"Simulation diverged at t=0: eigenvalue Re(λ)=3.912e+00 predicts growth factor 8.83e+84 over Δt=50.0, exceeding threshold 1e+08. The system is physically unstable.",-1,,,,,,,,false
-0.4693877551020409,-2.4230769230769234,1.0,0.0001,0.0,1.0,256,50.0,auto,auto,periodic,"Simulation diverged at t=0: eigenvalue Re(λ)=8.219e+00 predicts growth factor 2.93e+178 over Δt=50.0, exceeding threshold 1e+08. The system is physically unstable.",diverged,"Simulation diverged at t=0: eigenvalue Re(λ)=8.219e+00 predicts growth factor 2.93e+178 over Δt=50.0, exceeding threshold 1e+08. The system is physically unstable.",-1,,,,,,,,false
-0.4693877551020409,-2.358974358974359,1.0,0.0001,0.0,1.0,256,50.0,auto,auto,periodic,"Simulation diverged at t=0: eigenvalue Re(λ)=2.742e+00 predicts growth factor 3.41e+59 over Δt=50.0, exceeding threshold 1e+08. The system is physically unstable.",diverged,"Simulation diverged at t=0: eigenvalue Re(λ)=2.742e+00 predicts growth factor 3.41e+59 over Δt=50.0, exceeding threshold 1e+08. The system is physically unstable.",-1,,,,,,,,false
-0.4693877551020409,-2.2948717948717947,1.0,0.0001,0.0,1.0,256,50.0,auto,auto,periodic,"Simulation diverged at t=0: eigenvalue Re(λ)=3.271e+00 predicts growth factor 1.08e+71 over Δt=50.0, exceeding threshold 1e+08. The system is physically unstable.",diverged,"Simulation diverged at t=0: eigenvalue Re(λ)=3.271e+00 predicts growth factor 1.08e+71 over Δt=50.0, exceeding threshold 1e+08. The system is physically unstable.",-1,,,,,,,,false
-0.4693877551020409,-2.230769230769231,1.0,0.0001,0.0,1.0,256,50.0,auto,auto,periodic,"Simulation diverged at t=0: eigenvalue Re(λ)=4.341e+00 predicts growth factor 1.83e+94 over Δt=50.0, exceeding threshold 1e+08. The system is physically unstable.",diverged,"Simulation diverged at t=0: eigenvalue Re(λ)=4.341e+00 predicts growth factor 1.83e+94 over Δt=50.0, exceeding threshold 1e+08. The system is physically unstable.",-1,,,,,,,,false
-0.4693877551020409,-2.166666666666667,1.0,0.0001,0.0,1.0,256,50.0,auto,auto,periodic,"Simulation diverged at t=0: eigenvalue Re(λ)=8.457e+00 predicts growth factor 4.35e+183 over Δt=50.0, exceeding threshold 1e+08. The system is physically unstable.",diverged,"Simulation diverged at t=0: eigenvalue Re(λ)=8.457e+00 predicts growth factor 4.35e+183 over Δt=50.0, exceeding threshold 1e+08. The system is physically unstable.",-1,,,,,,,,false
-0.4693877551020409,-2.1025641025641026,1.0,0.0001,0.0,1.0,256,50.0,auto,auto,periodic,"Simulation diverged at t=0: eigenvalue Re(λ)=2.017e+00 predicts growth factor 6.28e+43 over Δt=50.0, exceeding threshold 1e+08. The system is physically unstable.",diverged,"Simulation diverged at t=0: eigenvalue Re(λ)=2.017e+00 predicts growth factor 6.28e+43 over Δt=50.0, exceeding threshold 1e+08. The system is physically unstable.",-1,,,,,,,,false
-0.4693877551020409,-2.0384615384615383,1.0,0.0001,0.0,1.0,256,50.0,auto,auto,periodic,"Simulation diverged at t=0: eigenvalue Re(λ)=1.920e+00 predicts growth factor 4.89e+41 over Δt=50.0, exceeding threshold 1e+08. The system is physically unstable.",diverged,"Simulation diverged at t=0: eigenvalue Re(λ)=1.920e+00 predicts growth factor 4.89e+41 over Δt=50.0, exceeding threshold 1e+08. The system is physically unstable.",-1,,,,,,,,false
-0.4693877551020409,-1.9743589743589745,1.0,0.0001,0.0,1.0,256,50.0,auto,auto,periodic,"Simulation diverged at t=0: eigenvalue Re(λ)=1.708e+00 predicts growth factor 1.22e+37 over Δt=50.0, exceeding threshold 1e+08. The system is physically unstable.",diverged,"Simulation diverged at t=0: eigenvalue Re(λ)=1.708e+00 predicts growth factor 1.22e+37 over Δt=50.0, exceeding threshold 1e+08. The system is physically unstable.",-1,,,,,,,,false
-0.4693877551020409,-1.9102564102564104,1.0,0.0001,0.0,1.0,256,50.0,auto,auto,periodic,"Simulation diverged at t=0: eigenvalue Re(λ)=3.123e+00 predicts growth factor 6.62e+67 over Δt=50.0, exceeding threshold 1e+08. The system is physically unstable.",diverged,"Simulation diverged at t=0: eigenvalue Re(λ)=3.123e+00 predicts growth factor 6.62e+67 over Δt=50.0, exceeding threshold 1e+08. The system is physically unstable.",-1,,,,,,,,false
-0.4693877551020409,-1.8461538461538463,1.0,0.0001,0.0,1.0,256,50.0,auto,auto,periodic,"Simulation diverged at t=0: eigenvalue Re(λ)=1.522e+00 predicts growth factor 1.11e+33 over Δt=50.0, exceeding threshold 1e+08. The system is physically unstable.",diverged,"Simulation diverged at t=0: eigenvalue Re(λ)=1.522e+00 predicts growth factor 1.11e+33 over Δt=50.0, exceeding threshold 1e+08. The system is physically unstable.",-1,,,,,,,,false
-0.4693877551020409,-1.7820512820512822,1.0,0.0001,0.0,1.0,256,50.0,auto,auto,periodic,"Simulation diverged at t=0: eigenvalue Re(λ)=1.091e+00 predicts growth factor 4.86e+23 over Δt=50.0, exceeding threshold 1e+08. The system is physically unstable.",diverged,"Simulation diverged at t=0: eigenvalue Re(λ)=1.091e+00 predicts growth factor 4.86e+23 over Δt=50.0, exceeding threshold 1e+08. The system is physically unstable.",-1,,,,,,,,false
-0.4693877551020409,-1.717948717948718,1.0,0.0001,0.0,1.0,256,50.0,auto,auto,periodic,"Simulation diverged at t=0: eigenvalue Re(λ)=3.714e-01 predicts growth factor 1.16e+08 over Δt=50.0, exceeding threshold 1e+08. The system is physically unstable.",diverged,"Simulation diverged at t=0: eigenvalue Re(λ)=3.714e-01 predicts growth factor 1.16e+08 over Δt=50.0, exceeding threshold 1e+08. The system is physically unstable.",-1,,,,,,,,false
-0.4693877551020409,-1.653846153846154,1.0,0.0001,0.0,1.0,256,50.0,auto,auto,periodic,"Simulation diverged at t=0: eigenvalue Re(λ)=4.028e-01 predicts growth factor 5.57e+08 over Δt=50.0, exceeding threshold 1e+08. The system is physically unstable.",diverged,"Simulation diverged at t=0: eigenvalue Re(λ)=4.028e-01 predicts growth factor 5.57e+08 over Δt=50.0, exceeding threshold 1e+08. The system is physically unstable.",-1,,,,,,,,false
-0.4693877551020409,-1.5897435897435899,1.0,0.0001,0.0,1.0,256,50.0,auto,auto,periodic,,success,,0,109.68762558472716,50.0,109.68762558472716,1.09,1.0969e+10,,,false
-0.4693877551020409,-1.5256410256410258,1.0,0.0001,0.0,1.0,256,50.0,auto,auto,periodic,,success,,0,0.024968511850801865,50.0,0.024968511850801865,1.04,2.4969e+06,3.994970e+03,3.6015,true
-0.4693877551020409,-1.4615384615384617,1.0,0.0001,0.0,1.0,256,50.0,auto,auto,periodic,,success,,0,1.0589749519751116e-05,50.0,1.0589749519751116e-05,1.05,1.0590e+03,1.694363e+00,0.2290,true
-0.4693877551020409,-1.3974358974358976,1.0,0.0001,0.0,1.0,256,50.0,auto,auto,periodic,,success,,0,6.6567265904303344e-09,50.0,6.6567265904303344e-09,1.01,6.6567e-01,1.065078e-03,-2.9726,true
-0.4693877551020409,-1.3333333333333335,1.0,0.0001,0.0,1.0,256,50.0,auto,auto,periodic,,success,,0,6.619629939969186e-12,50.0,6.619629939969186e-12,1.0,6.6196e-04,1.059143e-06,-5.9750,true
-0.4693877551020409,-1.2692307692307694,1.0,0.0001,0.0,1.0,256,50.0,auto,auto,periodic,,success,,0,6.7800167033697195e-12,43.0,5.851246170286822e-12,0.99,6.7800e-04,1.084805e-06,-5.9646,true
-0.4693877551020409,-1.2051282051282053,1.0,0.0001,0.0,1.0,256,50.0,auto,auto,periodic,,success,,0,3.6297723675227363e-11,43.0,2.286184331990337e-11,1.01,3.6298e-03,5.807648e-06,-5.2360,true
-0.4693877551020409,-1.1410256410256412,1.0,0.0001,0.0,1.0,256,50.0,auto,auto,periodic,,success,,0,8.982059422279925e-11,44.5,3.680779914290764e-11,0.98,8.9821e-03,1.437133e-05,-4.8425,true
-0.4693877551020409,-1.076923076923077,1.0,0.0001,0.0,1.0,256,50.0,auto,auto,periodic,,success,,0,1.5483222309066677e-10,46.0,5.6030813018288314e-11,0.99,1.5483e-02,2.477321e-05,-4.6060,true
-0.4693877551020409,-1.012820512820513,1.0,0.0001,0.0,1.0,256,50.0,auto,auto,periodic,,success,,0,2.508384214594401e-10,46.0,1.0617025247615954e-10,1.17,2.5084e-02,4.013423e-05,-4.3965,true
-0.4693877551020409,-0.9487179487179489,1.0,0.0001,0.0,1.0,256,50.0,auto,auto,periodic,,success,,0,3.493427028984363e-10,47.5,2.076426018140413e-10,0.97,3.4934e-02,5.589495e-05,-4.2526,true
-0.4693877551020409,-0.884615384615385,1.0,0.0001,0.0,1.0,256,50.0,auto,auto,periodic,,success,,0,4.817144474412529e-10,47.5,3.602217129165631e-10,1.21,4.8171e-02,7.707447e-05,-4.1131,true
-0.4693877551020409,-0.8205128205128207,1.0,0.0001,0.0,1.0,256,50.0,auto,auto,periodic,,success,,0,6.159931582716334e-10,49.0,5.457913169717616e-10,0.96,6.1599e-02,9.855911e-05,-4.0063,true
-0.4693877551020409,-0.7564102564102564,1.0,0.0001,0.0,1.0,256,50.0,auto,auto,periodic,,success,,0,7.782905253503092e-10,49.5,7.381787431110607e-10,1.03,7.7829e-02,1.245267e-04,-3.9047,true
-0.4693877551020409,-0.6923076923076925,1.0,0.0001,0.0,1.0,256,50.0,auto,auto,periodic,,success,,0,9.078220318186077e-10,50.0,9.078220318186077e-10,1.14,9.0782e-02,1.452518e-04,-3.8379,true
-0.4693877551020409,-0.6282051282051286,1.0,0.0001,0.0,1.0,256,50.0,auto,auto,periodic,,success,,0,1.1204721652577511e-09,40.0,1.0224491153621626e-09,1.16,1.1205e-01,1.792759e-04,-3.7465,true
-0.4693877551020409,-0.5641025641025643,1.0,0.0001,0.0,1.0,256,50.0,auto,auto,periodic,,success,,0,1.2953126600884664e-09,40.0,1.0522664600705942e-09,0.95,1.2953e-01,2.072505e-04,-3.6835,true
-0.4693877551020409,-0.5,1.0,0.0001,0.0,1.0,256,50.0,auto,auto,periodic,,success,,0,1.5460477910351817e-09,41.5,9.825721429736865e-10,0.98,1.5460e-01,2.473682e-04,-3.6067,true
-0.4285714285714286,-3.0,1.0,0.0001,0.0,1.0,256,50.0,auto,auto,periodic,"Simulation diverged at t=0: eigenvalue Re(λ)=7.648e+00 predicts growth factor 1.21e+166 over Δt=50.0, exceeding threshold 1e+08. The system is physically unstable.",diverged,"Simulation diverged at t=0: eigenvalue Re(λ)=7.648e+00 predicts growth factor 1.21e+166 over Δt=50.0, exceeding threshold 1e+08. The system is physically unstable.",-1,,,,,,,,false
-0.4285714285714286,-2.935897435897436,1.0,0.0001,0.0,1.0,256,50.0,auto,auto,periodic,"Simulation diverged at t=0: eigenvalue Re(λ)=4.131e+00 predicts growth factor 5.12e+89 over Δt=50.0, exceeding threshold 1e+08. The system is physically unstable.",diverged,"Simulation diverged at t=0: eigenvalue Re(λ)=4.131e+00 predicts growth factor 5.12e+89 over Δt=50.0, exceeding threshold 1e+08. The system is physically unstable.",-1,,,,,,,,false
-0.4285714285714286,-2.871794871794872,1.0,0.0001,0.0,1.0,256,50.0,auto,auto,periodic,"Simulation diverged at t=0: eigenvalue Re(λ)=6.115e+00 predicts growth factor 6.16e+132 over Δt=50.0, exceeding threshold 1e+08. The system is physically unstable.",diverged,"Simulation diverged at t=0: eigenvalue Re(λ)=6.115e+00 predicts growth factor 6.16e+132 over Δt=50.0, exceeding threshold 1e+08. The system is physically unstable.",-1,,,,,,,,false
-0.4285714285714286,-2.8076923076923075,1.0,0.0001,0.0,1.0,256,50.0,auto,auto,periodic,"Simulation diverged at t=0: eigenvalue Re(λ)=3.608e+00 predicts growth factor 2.24e+78 over Δt=50.0, exceeding threshold 1e+08. The system is physically unstable.",diverged,"Simulation diverged at t=0: eigenvalue Re(λ)=3.608e+00 predicts growth factor 2.24e+78 over Δt=50.0, exceeding threshold 1e+08. The system is physically unstable.",-1,,,,,,,,false
-0.4285714285714286,-2.7435897435897436,1.0,0.0001,0.0,1.0,256,50.0,auto,auto,periodic,"Simulation diverged at t=0: eigenvalue Re(λ)=4.724e+00 predicts growth factor 3.84e+102 over Δt=50.0, exceeding threshold 1e+08. The system is physically unstable.",diverged,"Simulation diverged at t=0: eigenvalue Re(λ)=4.724e+00 predicts growth factor 3.84e+102 over Δt=50.0, exceeding threshold 1e+08. The system is physically unstable.",-1,,,,,,,,false
-0.4285714285714286,-2.6794871794871797,1.0,0.0001,0.0,1.0,256,50.0,auto,auto,periodic,"Simulation diverged at t=0: eigenvalue Re(λ)=1.015e+01 predicts growth factor 3.02e+220 over Δt=50.0, exceeding threshold 1e+08. The system is physically unstable.",diverged,"Simulation diverged at t=0: eigenvalue Re(λ)=1.015e+01 predicts growth factor 3.02e+220 over Δt=50.0, exceeding threshold 1e+08. The system is physically unstable.",-1,,,,,,,,false
-0.4285714285714286,-2.6153846153846154,1.0,0.0001,0.0,1.0,256,50.0,auto,auto,periodic,"Simulation diverged at t=0: eigenvalue Re(λ)=3.622e+00 predicts growth factor 4.56e+78 over Δt=50.0, exceeding threshold 1e+08. The system is physically unstable.",diverged,"Simulation diverged at t=0: eigenvalue Re(λ)=3.622e+00 predicts growth factor 4.56e+78 over Δt=50.0, exceeding threshold 1e+08. The system is physically unstable.",-1,,,,,,,,false
-0.4285714285714286,-2.551282051282051,1.0,0.0001,0.0,1.0,256,50.0,auto,auto,periodic,"Simulation diverged at t=0: eigenvalue Re(λ)=4.811e+00 predicts growth factor 2.91e+104 over Δt=50.0, exceeding threshold 1e+08. The system is physically unstable.",diverged,"Simulation diverged at t=0: eigenvalue Re(λ)=4.811e+00 predicts growth factor 2.91e+104 over Δt=50.0, exceeding threshold 1e+08. The system is physically unstable.",-1,,,,,,,,false
-0.4285714285714286,-2.4871794871794872,1.0,0.0001,0.0,1.0,256,50.0,auto,auto,periodic,"Simulation diverged at t=0: eigenvalue Re(λ)=1.178e+01 predicts growth factor 7.58e+255 over Δt=50.0, exceeding threshold 1e+08. The system is physically unstable.",diverged,"Simulation diverged at t=0: eigenvalue Re(λ)=1.178e+01 predicts growth factor 7.58e+255 over Δt=50.0, exceeding threshold 1e+08. The system is physically unstable.",-1,,,,,,,,false
-0.4285714285714286,-2.4230769230769234,1.0,0.0001,0.0,1.0,256,50.0,auto,auto,periodic,"Simulation diverged at t=0: eigenvalue Re(λ)=3.121e+00 predicts growth factor 5.85e+67 over Δt=50.0, exceeding threshold 1e+08. The system is physically unstable.",diverged,"Simulation diverged at t=0: eigenvalue Re(λ)=3.121e+00 predicts growth factor 5.85e+67 over Δt=50.0, exceeding threshold 1e+08. The system is physically unstable.",-1,,,,,,,,false
-0.4285714285714286,-2.358974358974359,1.0,0.0001,0.0,1.0,256,50.0,auto,auto,periodic,"Simulation diverged at t=0: eigenvalue Re(λ)=3.638e+00 predicts growth factor 9.91e+78 over Δt=50.0, exceeding threshold 1e+08. The system is physically unstable.",diverged,"Simulation diverged at t=0: eigenvalue Re(λ)=3.638e+00 predicts growth factor 9.91e+78 over Δt=50.0, exceeding threshold 1e+08. The system is physically unstable.",-1,,,,,,,,false
-0.4285714285714286,-2.2948717948717947,1.0,0.0001,0.0,1.0,256,50.0,auto,auto,periodic,"Simulation diverged at t=0: eigenvalue Re(λ)=4.536e+00 predicts growth factor 3.13e+98 over Δt=50.0, exceeding threshold 1e+08. The system is physically unstable.",diverged,"Simulation diverged at t=0: eigenvalue Re(λ)=4.536e+00 predicts growth factor 3.13e+98 over Δt=50.0, exceeding threshold 1e+08. The system is physically unstable.",-1,,,,,,,,false
-0.4285714285714286,-2.230769230769231,1.0,0.0001,0.0,1.0,256,50.0,auto,auto,periodic,"Simulation diverged at t=0: eigenvalue Re(λ)=6.540e+00 predicts growth factor 1.01e+142 over Δt=50.0, exceeding threshold 1e+08. The system is physically unstable.",diverged,"Simulation diverged at t=0: eigenvalue Re(λ)=6.540e+00 predicts growth factor 1.01e+142 over Δt=50.0, exceeding threshold 1e+08. The system is physically unstable.",-1,,,,,,,,false
-0.4285714285714286,-2.166666666666667,1.0,0.0001,0.0,1.0,256,50.0,auto,auto,periodic,"Simulation diverged at t=0: eigenvalue Re(λ)=1.809e+01 predicts growth factor 1.01e+304 over Δt=50.0, exceeding threshold 1e+08. The system is physically unstable.",diverged,"Simulation diverged at t=0: eigenvalue Re(λ)=1.809e+01 predicts growth factor 1.01e+304 over Δt=50.0, exceeding threshold 1e+08. The system is physically unstable.",-1,,,,,,,,false
-0.4285714285714286,-2.1025641025641026,1.0,0.0001,0.0,1.0,256,50.0,auto,auto,periodic,"Simulation diverged at t=0: eigenvalue Re(λ)=2.113e+00 predicts growth factor 7.48e+45 over Δt=50.0, exceeding threshold 1e+08. The system is physically unstable.",diverged,"Simulation diverged at t=0: eigenvalue Re(λ)=2.113e+00 predicts growth factor 7.48e+45 over Δt=50.0, exceeding threshold 1e+08. The system is physically unstable.",-1,,,,,,,,false
-0.4285714285714286,-2.0384615384615383,1.0,0.0001,0.0,1.0,256,50.0,auto,auto,periodic,"Simulation diverged at t=0: eigenvalue Re(λ)=1.128e+01 predicts growth factor 1.02e+245 over Δt=50.0, exceeding threshold 1e+08. The system is physically unstable.",diverged,"Simulation diverged at t=0: eigenvalue Re(λ)=1.128e+01 predicts growth factor 1.02e+245 over Δt=50.0, exceeding threshold 1e+08. The system is physically unstable.",-1,,,,,,,,false
-0.4285714285714286,-1.9743589743589745,1.0,0.0001,0.0,1.0,256,50.0,auto,auto,periodic,"Simulation diverged at t=0: eigenvalue Re(λ)=3.786e+00 predicts growth factor 1.66e+82 over Δt=50.0, exceeding threshold 1e+08. The system is physically unstable.",diverged,"Simulation diverged at t=0: eigenvalue Re(λ)=3.786e+00 predicts growth factor 1.66e+82 over Δt=50.0, exceeding threshold 1e+08. The system is physically unstable.",-1,,,,,,,,false
-0.4285714285714286,-1.9102564102564104,1.0,0.0001,0.0,1.0,256,50.0,auto,auto,periodic,"Simulation diverged at t=0: eigenvalue Re(λ)=2.081e+00 predicts growth factor 1.53e+45 over Δt=50.0, exceeding threshold 1e+08. The system is physically unstable.",diverged,"Simulation diverged at t=0: eigenvalue Re(λ)=2.081e+00 predicts growth factor 1.53e+45 over Δt=50.0, exceeding threshold 1e+08. The system is physically unstable.",-1,,,,,,,,false
-0.4285714285714286,-1.8461538461538463,1.0,0.0001,0.0,1.0,256,50.0,auto,auto,periodic,"Simulation diverged at t=0: eigenvalue Re(λ)=2.660e+00 predicts growth factor 5.71e+57 over Δt=50.0, exceeding threshold 1e+08. The system is physically unstable.",diverged,"Simulation diverged at t=0: eigenvalue Re(λ)=2.660e+00 predicts growth factor 5.71e+57 over Δt=50.0, exceeding threshold 1e+08. The system is physically unstable.",-1,,,,,,,,false
-0.4285714285714286,-1.7820512820512822,1.0,0.0001,0.0,1.0,256,50.0,auto,auto,periodic,"Simulation diverged at t=0: eigenvalue Re(λ)=1.287e+00 predicts growth factor 8.65e+27 over Δt=50.0, exceeding threshold 1e+08. The system is physically unstable.",diverged,"Simulation diverged at t=0: eigenvalue Re(λ)=1.287e+00 predicts growth factor 8.65e+27 over Δt=50.0, exceeding threshold 1e+08. The system is physically unstable.",-1,,,,,,,,false
-0.4285714285714286,-1.717948717948718,1.0,0.0001,0.0,1.0,256,50.0,auto,auto,periodic,"Simulation diverged at t=0: eigenvalue Re(λ)=4.437e-01 predicts growth factor 4.32e+09 over Δt=50.0, exceeding threshold 1e+08. The system is physically unstable.",diverged,"Simulation diverged at t=0: eigenvalue Re(λ)=4.437e-01 predicts growth factor 4.32e+09 over Δt=50.0, exceeding threshold 1e+08. The system is physically unstable.",-1,,,,,,,,false
-0.4285714285714286,-1.653846153846154,1.0,0.0001,0.0,1.0,256,50.0,auto,auto,periodic,"Simulation diverged at t=0: eigenvalue Re(λ)=3.708e-01 predicts growth factor 1.13e+08 over Δt=50.0, exceeding threshold 1e+08. The system is physically unstable.",diverged,"Simulation diverged at t=0: eigenvalue Re(λ)=3.708e-01 predicts growth factor 1.13e+08 over Δt=50.0, exceeding threshold 1e+08. The system is physically unstable.",-1,,,,,,,,false
-0.4285714285714286,-1.5897435897435899,1.0,0.0001,0.0,1.0,256,50.0,auto,auto,periodic,,success,,0,1.5103384351382414,50.0,1.5103384351382414,0.96,1.5103e+08,,,false
-0.4285714285714286,-1.5256410256410258,1.0,0.0001,0.0,1.0,256,50.0,auto,auto,periodic,,success,,0,0.00010500910091959366,50.0,0.00010500910091959366,0.93,1.0501e+04,1.680149e+01,1.2253,true
-0.4285714285714286,-1.4615384615384617,1.0,0.0001,0.0,1.0,256,50.0,auto,auto,periodic,,success,,0,1.3883848686252166e-08,50.0,1.3883848686252166e-08,1.05,1.3884e+00,2.221420e-03,-2.6534,true
-0.4285714285714286,-1.3974358974358976,1.0,0.0001,0.0,1.0,256,50.0,auto,auto,periodic,,success,,0,2.9390075489964536e-12,50.0,2.9390075489964536e-12,0.94,2.9390e-04,4.702422e-07,-6.3277,true
-0.4285714285714286,-1.3333333333333335,1.0,0.0001,0.0,1.0,256,50.0,auto,auto,periodic,,success,,0,1.3644196757762707e-11,43.0,1.0703962198835068e-11,0.98,1.3644e-03,2.183076e-06,-5.6609,true
-0.4285714285714286,-1.2692307692307694,1.0,0.0001,0.0,1.0,256,50.0,auto,auto,periodic,,success,,0,6.032987016779385e-11,44.5,3.0246941750672904e-11,0.94,6.0330e-03,9.652799e-06,-5.0153,true
-0.4285714285714286,-1.2051282051282053,1.0,0.0001,0.0,1.0,256,50.0,auto,auto,periodic,,success,,0,1.33715728778842e-10,44.5,4.821935945795221e-11,1.21,1.3372e-02,2.139456e-05,-4.6697,true
-0.4285714285714286,-1.1410256410256412,1.0,0.0001,0.0,1.0,256,50.0,auto,auto,periodic,,success,,0,2.4089164575710355e-10,46.0,9.874592132487926e-11,1.05,2.4089e-02,3.854274e-05,-4.4141,true
-0.4285714285714286,-1.076923076923077,1.0,0.0001,0.0,1.0,256,50.0,auto,auto,periodic,,success,,0,3.6264628798466693e-10,47.5,2.201547545282909e-10,1.07,3.6265e-02,5.802353e-05,-4.2364,true
-0.4285714285714286,-1.012820512820513,1.0,0.0001,0.0,1.0,256,50.0,auto,auto,periodic,,success,,0,5.143705727935533e-10,47.5,4.125874416063047e-10,1.01,5.1437e-02,8.229946e-05,-4.0846,true
-0.4285714285714286,-0.9487179487179489,1.0,0.0001,0.0,1.0,256,50.0,auto,auto,periodic,,success,,0,7.017712036632759e-10,49.0,6.418099848245266e-10,1.03,7.0177e-02,1.122836e-04,-3.9497,true
-0.4285714285714286,-0.884615384615385,1.0,0.0001,0.0,1.0,256,50.0,auto,auto,periodic,,success,,0,8.630196425821788e-10,49.5,8.602089652003015e-10,0.98,8.6302e-02,1.380834e-04,-3.8599,true
-0.4285714285714286,-0.8205128205128207,1.0,0.0001,0.0,1.0,256,50.0,auto,auto,periodic,,success,,0,1.0984522940463748e-09,40.0,1.013819327108753e-09,0.94,1.0985e-01,1.757527e-04,-3.7551,true
-0.4285714285714286,-0.7564102564102564,1.0,0.0001,0.0,1.0,256,50.0,auto,auto,periodic,,success,,0,1.3081907264403415e-09,40.0,1.0500120350775685e-09,0.95,1.3082e-01,2.093110e-04,-3.6792,true
-0.4285714285714286,-0.6923076923076925,1.0,0.0001,0.0,1.0,256,50.0,auto,auto,periodic,,success,,0,1.6231345864375516e-09,41.5,9.444983766232107e-10,1.02,1.6231e-01,2.597021e-04,-3.5855,true
-0.4285714285714286,-0.6282051282051286,1.0,0.0001,0.0,1.0,256,50.0,auto,auto,periodic,,success,,0,1.8665004014010622e-09,41.5,7.323328893334454e-10,0.98,1.8665e-01,2.986407e-04,-3.5249,true
-0.4285714285714286,-0.5641025641025643,1.0,0.0001,0.0,1.0,256,50.0,auto,auto,periodic,,success,,0,2.2436439080185225e-09,43.0,5.118758326328673e-10,0.96,2.2436e-01,3.589838e-04,-3.4449,true
-0.4285714285714286,-0.5,1.0,0.0001,0.0,1.0,256,50.0,auto,auto,periodic,,success,,0,2.5190500033687802e-09,43.0,4.116494122217919e-10,0.96,2.5191e-01,4.030488e-04,-3.3946,true
-0.3877551020408164,-3.0,1.0,0.0001,0.0,1.0,256,50.0,auto,auto,periodic,"Simulation diverged at t=0: eigenvalue Re(λ)=1.792e+01 predicts growth factor 1.01e+304 over Δt=50.0, exceeding threshold 1e+08. The system is physically unstable.",diverged,"Simulation diverged at t=0: eigenvalue Re(λ)=1.792e+01 predicts growth factor 1.01e+304 over Δt=50.0, exceeding threshold 1e+08. The system is physically unstable.",-1,,,,,,,,false
-0.3877551020408164,-2.935897435897436,1.0,0.0001,0.0,1.0,256,50.0,auto,auto,periodic,"Simulation diverged at t=0: eigenvalue Re(λ)=5.057e+00 predicts growth factor 6.62e+109 over Δt=50.0, exceeding threshold 1e+08. The system is physically unstable.",diverged,"Simulation diverged at t=0: eigenvalue Re(λ)=5.057e+00 predicts growth factor 6.62e+109 over Δt=50.0, exceeding threshold 1e+08. The system is physically unstable.",-1,,,,,,,,false
-0.3877551020408164,-2.871794871794872,1.0,0.0001,0.0,1.0,256,50.0,auto,auto,periodic,"Simulation diverged at t=0: eigenvalue Re(λ)=7.695e+00 predicts growth factor 1.22e+167 over Δt=50.0, exceeding threshold 1e+08. The system is physically unstable.",diverged,"Simulation diverged at t=0: eigenvalue Re(λ)=7.695e+00 predicts growth factor 1.22e+167 over Δt=50.0, exceeding threshold 1e+08. The system is physically unstable.",-1,,,,,,,,false
-0.3877551020408164,-2.8076923076923075,1.0,0.0001,0.0,1.0,256,50.0,auto,auto,periodic,"Simulation diverged at t=0: eigenvalue Re(λ)=4.046e+00 predicts growth factor 7.39e+87 over Δt=50.0, exceeding threshold 1e+08. The system is physically unstable.",diverged,"Simulation diverged at t=0: eigenvalue Re(λ)=4.046e+00 predicts growth factor 7.39e+87 over Δt=50.0, exceeding threshold 1e+08. The system is physically unstable.",-1,,,,,,,,false
-0.3877551020408164,-2.7435897435897436,1.0,0.0001,0.0,1.0,256,50.0,auto,auto,periodic,"Simulation diverged at t=0: eigenvalue Re(λ)=5.009e+00 predicts growth factor 6.00e+108 over Δt=50.0, exceeding threshold 1e+08. The system is physically unstable.",diverged,"Simulation diverged at t=0: eigenvalue Re(λ)=5.009e+00 predicts growth factor 6.00e+108 over Δt=50.0, exceeding threshold 1e+08. The system is physically unstable.",-1,,,,,,,,false
-0.3877551020408164,-2.6794871794871797,1.0,0.0001,0.0,1.0,256,50.0,auto,auto,periodic,"Simulation diverged at t=0: eigenvalue Re(λ)=7.678e+00 predicts growth factor 5.43e+166 over Δt=50.0, exceeding threshold 1e+08. The system is physically unstable.",diverged,"Simulation diverged at t=0: eigenvalue Re(λ)=7.678e+00 predicts growth factor 5.43e+166 over Δt=50.0, exceeding threshold 1e+08. The system is physically unstable.",-1,,,,,,,,false
-0.3877551020408164,-2.6153846153846154,1.0,0.0001,0.0,1.0,256,50.0,auto,auto,periodic,"Simulation diverged at t=0: eigenvalue Re(λ)=3.598e+00 predicts growth factor 1.33e+78 over Δt=50.0, exceeding threshold 1e+08. The system is physically unstable.",diverged,"Simulation diverged at t=0: eigenvalue Re(λ)=3.598e+00 predicts growth factor 1.33e+78 over Δt=50.0, exceeding threshold 1e+08. The system is physically unstable.",-1,,,,,,,,false
-0.3877551020408164,-2.551282051282051,1.0,0.0001,0.0,1.0,256,50.0,auto,auto,periodic,"Simulation diverged at t=0: eigenvalue Re(λ)=4.146e+00 predicts growth factor 1.06e+90 over Δt=50.0, exceeding threshold 1e+08. The system is physically unstable.",diverged,"Simulation diverged at t=0: eigenvalue Re(λ)=4.146e+00 predicts growth factor 1.06e+90 over Δt=50.0, exceeding threshold 1e+08. The system is physically unstable.",-1,,,,,,,,false
-0.3877551020408164,-2.4871794871794872,1.0,0.0001,0.0,1.0,256,50.0,auto,auto,periodic,"Simulation diverged at t=0: eigenvalue Re(λ)=5.103e+00 predicts growth factor 6.34e+110 over Δt=50.0, exceeding threshold 1e+08. The system is physically unstable.",diverged,"Simulation diverged at t=0: eigenvalue Re(λ)=5.103e+00 predicts growth factor 6.34e+110 over Δt=50.0, exceeding threshold 1e+08. The system is physically unstable.",-1,,,,,,,,false
-0.3877551020408164,-2.4230769230769234,1.0,0.0001,0.0,1.0,256,50.0,auto,auto,periodic,"Simulation diverged at t=0: eigenvalue Re(λ)=7.413e+00 predicts growth factor 9.37e+160 over Δt=50.0, exceeding threshold 1e+08. The system is physically unstable.",diverged,"Simulation diverged at t=0: eigenvalue Re(λ)=7.413e+00 predicts growth factor 9.37e+160 over Δt=50.0, exceeding threshold 1e+08. The system is physically unstable.",-1,,,,,,,,false
-0.3877551020408164,-2.358974358974359,1.0,0.0001,0.0,1.0,256,50.0,auto,auto,periodic,"Simulation diverged at t=0: eigenvalue Re(λ)=2.894e+00 predicts growth factor 6.88e+62 over Δt=50.0, exceeding threshold 1e+08. The system is physically unstable.",diverged,"Simulation diverged at t=0: eigenvalue Re(λ)=2.894e+00 predicts growth factor 6.88e+62 over Δt=50.0, exceeding threshold 1e+08. The system is physically unstable.",-1,,,,,,,,false
-0.3877551020408164,-2.2948717948717947,1.0,0.0001,0.0,1.0,256,50.0,auto,auto,periodic,"Simulation diverged at t=0: eigenvalue Re(λ)=2.949e+00 predicts growth factor 1.09e+64 over Δt=50.0, exceeding threshold 1e+08. The system is physically unstable.",diverged,"Simulation diverged at t=0: eigenvalue Re(λ)=2.949e+00 predicts growth factor 1.09e+64 over Δt=50.0, exceeding threshold 1e+08. The system is physically unstable.",-1,,,,,,,,false
-0.3877551020408164,-2.230769230769231,1.0,0.0001,0.0,1.0,256,50.0,auto,auto,periodic,"Simulation diverged at t=0: eigenvalue Re(λ)=2.924e+00 predicts growth factor 3.08e+63 over Δt=50.0, exceeding threshold 1e+08. The system is physically unstable.",diverged,"Simulation diverged at t=0: eigenvalue Re(λ)=2.924e+00 predicts growth factor 3.08e+63 over Δt=50.0, exceeding threshold 1e+08. The system is physically unstable.",-1,,,,,,,,false
-0.3877551020408164,-2.166666666666667,1.0,0.0001,0.0,1.0,256,50.0,auto,auto,periodic,"Simulation diverged at t=0: eigenvalue Re(λ)=2.775e+00 predicts growth factor 1.83e+60 over Δt=50.0, exceeding threshold 1e+08. The system is physically unstable.",diverged,"Simulation diverged at t=0: eigenvalue Re(λ)=2.775e+00 predicts growth factor 1.83e+60 over Δt=50.0, exceeding threshold 1e+08. The system is physically unstable.",-1,,,,,,,,false
-0.3877551020408164,-2.1025641025641026,1.0,0.0001,0.0,1.0,256,50.0,auto,auto,periodic,"Simulation diverged at t=0: eigenvalue Re(λ)=2.490e+00 predicts growth factor 1.20e+54 over Δt=50.0, exceeding threshold 1e+08. The system is physically unstable.",diverged,"Simulation diverged at t=0: eigenvalue Re(λ)=2.490e+00 predicts growth factor 1.20e+54 over Δt=50.0, exceeding threshold 1e+08. The system is physically unstable.",-1,,,,,,,,false
-0.3877551020408164,-2.0384615384615383,1.0,0.0001,0.0,1.0,256,50.0,auto,auto,periodic,"Simulation diverged at t=0: eigenvalue Re(λ)=2.109e+00 predicts growth factor 6.36e+45 over Δt=50.0, exceeding threshold 1e+08. The system is physically unstable.",diverged,"Simulation diverged at t=0: eigenvalue Re(λ)=2.109e+00 predicts growth factor 6.36e+45 over Δt=50.0, exceeding threshold 1e+08. The system is physically unstable.",-1,,,,,,,,false
-0.3877551020408164,-1.9743589743589745,1.0,0.0001,0.0,1.0,256,50.0,auto,auto,periodic,"Simulation diverged at t=0: eigenvalue Re(λ)=3.503e+00 predicts growth factor 1.19e+76 over Δt=50.0, exceeding threshold 1e+08. The system is physically unstable.",diverged,"Simulation diverged at t=0: eigenvalue Re(λ)=3.503e+00 predicts growth factor 1.19e+76 over Δt=50.0, exceeding threshold 1e+08. The system is physically unstable.",-1,,,,,,,,false
-0.3877551020408164,-1.9102564102564104,1.0,0.0001,0.0,1.0,256,50.0,auto,auto,periodic,"Simulation diverged at t=0: eigenvalue Re(λ)=1.907e+00 predicts growth factor 2.63e+41 over Δt=50.0, exceeding threshold 1e+08. The system is physically unstable.",diverged,"Simulation diverged at t=0: eigenvalue Re(λ)=1.907e+00 predicts growth factor 2.63e+41 over Δt=50.0, exceeding threshold 1e+08. The system is physically unstable.",-1,,,,,,,,false
-0.3877551020408164,-1.8461538461538463,1.0,0.0001,0.0,1.0,256,50.0,auto,auto,periodic,"Simulation diverged at t=0: eigenvalue Re(λ)=1.802e+00 predicts growth factor 1.32e+39 over Δt=50.0, exceeding threshold 1e+08. The system is physically unstable.",diverged,"Simulation diverged at t=0: eigenvalue Re(λ)=1.802e+00 predicts growth factor 1.32e+39 over Δt=50.0, exceeding threshold 1e+08. The system is physically unstable.",-1,,,,,,,,false
-0.3877551020408164,-1.7820512820512822,1.0,0.0001,0.0,1.0,256,50.0,auto,auto,periodic,"Simulation diverged at t=0: eigenvalue Re(λ)=1.827e+00 predicts growth factor 4.71e+39 over Δt=50.0, exceeding threshold 1e+08. The system is physically unstable.",diverged,"Simulation diverged at t=0: eigenvalue Re(λ)=1.827e+00 predicts growth factor 4.71e+39 over Δt=50.0, exceeding threshold 1e+08. The system is physically unstable.",-1,,,,,,,,false
-0.3877551020408164,-1.717948717948718,1.0,0.0001,0.0,1.0,256,50.0,auto,auto,periodic,"Simulation diverged at t=0: eigenvalue Re(λ)=4.142e-01 predicts growth factor 9.88e+08 over Δt=50.0, exceeding threshold 1e+08. The system is physically unstable.",diverged,"Simulation diverged at t=0: eigenvalue Re(λ)=4.142e-01 predicts growth factor 9.88e+08 over Δt=50.0, exceeding threshold 1e+08. The system is physically unstable.",-1,,,,,,,,false
-0.3877551020408164,-1.653846153846154,1.0,0.0001,0.0,1.0,256,50.0,auto,auto,periodic,,success,,0,1668.0346601906508,50.0,1668.0346601906508,0.95,1.6680e+11,,,false
-0.3877551020408164,-1.5897435897435899,1.0,0.0001,0.0,1.0,256,50.0,auto,auto,periodic,,success,,0,0.006784025857510307,50.0,0.006784025857510307,1.03,6.7840e+05,1.085446e+03,3.0356,true
-0.3877551020408164,-1.5256410256410258,1.0,0.0001,0.0,1.0,256,50.0,auto,auto,periodic,,success,,0,9.85388165435182e-08,50.0,9.85388165435182e-08,0.97,9.8539e+00,1.576624e-02,-1.8023,true
-0.3877551020408164,-1.4615384615384617,1.0,0.0001,0.0,1.0,256,50.0,auto,auto,periodic,,success,,0,3.0296860342489055e-12,50.0,3.0296860342489055e-12,0.97,3.0297e-04,4.847508e-07,-6.3145,true
-0.3877551020408164,-1.3974358974358976,1.0,0.0001,0.0,1.0,256,50.0,auto,auto,periodic,,success,,0,2.121917763706798e-11,43.0,1.5317438359921458e-11,1.0,2.1219e-03,3.395075e-06,-5.4692,true
-0.3877551020408164,-1.3333333333333335,1.0,0.0001,0.0,1.0,256,50.0,auto,auto,periodic,,success,,0,9.136449019268958e-11,44.5,3.713660141135429e-11,0.99,9.1364e-03,1.461835e-05,-4.8351,true
-0.3877551020408164,-1.2692307692307694,1.0,0.0001,0.0,1.0,256,50.0,auto,auto,periodic,,success,,0,2.0152940064492818e-10,46.0,7.508992341746552e-11,1.06,2.0153e-02,3.224477e-05,-4.4915,true
-0.3877551020408164,-1.2051282051282053,1.0,0.0001,0.0,1.0,256,50.0,auto,auto,periodic,,success,,0,3.4314837363106835e-10,47.5,2.0198202735875087e-10,1.09,3.4315e-02,5.490385e-05,-4.2604,true
-0.3877551020408164,-1.1410256410256412,1.0,0.0001,0.0,1.0,256,50.0,auto,auto,periodic,,success,,0,5.26969010868285e-10,47.5,4.357509384091688e-10,1.0,5.2697e-02,8.431522e-05,-4.0741,true
-0.3877551020408164,-1.076923076923077,1.0,0.0001,0.0,1.0,256,50.0,auto,auto,periodic,,success,,0,7.612830039456597e-10,49.5,7.168931859171598e-10,0.96,7.6128e-02,1.218055e-04,-3.9143,true
-0.3877551020408164,-1.012820512820513,1.0,0.0001,0.0,1.0,256,50.0,auto,auto,periodic,,success,,0,9.791604693205232e-10,40.0,9.561031193635801e-10,1.04,9.7916e-02,1.566660e-04,-3.8050,true
-0.3877551020408164,-0.9487179487179489,1.0,0.0001,0.0,1.0,256,50.0,auto,auto,periodic,,success,,0,1.2681782088595127e-09,40.0,1.0541322585813336e-09,1.1,1.2682e-01,2.029089e-04,-3.6927,true
-0.3877551020408164,-0.884615384615385,1.0,0.0001,0.0,1.0,256,50.0,auto,auto,periodic,,success,,0,1.6206050472789246e-09,41.5,9.45911349792221e-10,0.99,1.6206e-01,2.592973e-04,-3.5862,true
-0.3877551020408164,-0.8205128205128207,1.0,0.0001,0.0,1.0,256,50.0,auto,auto,periodic,,success,,0,1.924778560367678e-09,43.0,6.81772991933159e-10,1.01,1.9248e-01,3.079652e-04,-3.5115,true
-0.3877551020408164,-0.7564102564102564,1.0,0.0001,0.0,1.0,256,50.0,auto,auto,periodic,,success,,0,2.3841108412032963e-09,43.0,4.461371355152496e-10,0.99,2.3841e-01,3.814585e-04,-3.4186,true
-0.3877551020408164,-0.6923076923076925,1.0,0.0001,0.0,1.0,256,50.0,auto,auto,periodic,,success,,0,2.807158486366097e-09,44.5,4.6554628100023634e-10,1.01,2.8072e-01,4.491463e-04,-3.3476,true
-0.3877551020408164,-0.6282051282051286,1.0,0.0001,0.0,1.0,256,50.0,auto,auto,periodic,,success,,0,3.2376617249048315e-09,44.5,8.823972865180507e-10,0.99,3.2377e-01,5.180270e-04,-3.2856,true
-0.3877551020408164,-0.5641025641025643,1.0,0.0001,0.0,1.0,256,50.0,auto,auto,periodic,,success,,0,3.805453629489575e-09,46.0,1.69380612787554e-09,1.19,3.8055e-01,6.088738e-04,-3.2155,true
-0.3877551020408164,-0.5,1.0,0.0001,0.0,1.0,256,50.0,auto,auto,periodic,,success,,0,4.25666424162659e-09,47.5,2.7780313670421033e-09,0.98,4.2567e-01,6.810677e-04,-3.1668,true
-0.34693877551020413,-3.0,1.0,0.0001,0.0,1.0,256,50.0,auto,auto,periodic,"Simulation diverged at t=0: eigenvalue Re(λ)=8.053e+00 predicts growth factor 7.40e+174 over Δt=50.0, exceeding threshold 1e+08. The system is physically unstable.",diverged,"Simulation diverged at t=0: eigenvalue Re(λ)=8.053e+00 predicts growth factor 7.40e+174 over Δt=50.0, exceeding threshold 1e+08. The system is physically unstable.",-1,,,,,,,,false
-0.34693877551020413,-2.935897435897436,1.0,0.0001,0.0,1.0,256,50.0,auto,auto,periodic,"Simulation diverged at t=0: eigenvalue Re(λ)=3.149e+01 predicts growth factor 1.01e+304 over Δt=50.0, exceeding threshold 1e+08. The system is physically unstable.",diverged,"Simulation diverged at t=0: eigenvalue Re(λ)=3.149e+01 predicts growth factor 1.01e+304 over Δt=50.0, exceeding threshold 1e+08. The system is physically unstable.",-1,,,,,,,,false
-0.34693877551020413,-2.871794871794872,1.0,0.0001,0.0,1.0,256,50.0,auto,auto,periodic,"Simulation diverged at t=0: eigenvalue Re(λ)=5.353e+00 predicts growth factor 1.74e+116 over Δt=50.0, exceeding threshold 1e+08. The system is physically unstable.",diverged,"Simulation diverged at t=0: eigenvalue Re(λ)=5.353e+00 predicts growth factor 1.74e+116 over Δt=50.0, exceeding threshold 1e+08. The system is physically unstable.",-1,,,,,,,,false
-0.34693877551020413,-2.8076923076923075,1.0,0.0001,0.0,1.0,256,50.0,auto,auto,periodic,"Simulation diverged at t=0: eigenvalue Re(λ)=6.781e+00 predicts growth factor 1.76e+147 over Δt=50.0, exceeding threshold 1e+08. The system is physically unstable.",diverged,"Simulation diverged at t=0: eigenvalue Re(λ)=6.781e+00 predicts growth factor 1.76e+147 over Δt=50.0, exceeding threshold 1e+08. The system is physically unstable.",-1,,,,,,,,false
-0.34693877551020413,-2.7435897435897436,1.0,0.0001,0.0,1.0,256,50.0,auto,auto,periodic,"Simulation diverged at t=0: eigenvalue Re(λ)=1.133e+01 predicts growth factor 9.22e+245 over Δt=50.0, exceeding threshold 1e+08. The system is physically unstable.",diverged,"Simulation diverged at t=0: eigenvalue Re(λ)=1.133e+01 predicts growth factor 9.22e+245 over Δt=50.0, exceeding threshold 1e+08. The system is physically unstable.",-1,,,,,,,,false
-0.34693877551020413,-2.6794871794871797,1.0,0.0001,0.0,1.0,256,50.0,auto,auto,periodic,"Simulation diverged at t=0: eigenvalue Re(λ)=4.282e+00 predicts growth factor 9.80e+92 over Δt=50.0, exceeding threshold 1e+08. The system is physically unstable.",diverged,"Simulation diverged at t=0: eigenvalue Re(λ)=4.282e+00 predicts growth factor 9.80e+92 over Δt=50.0, exceeding threshold 1e+08. The system is physically unstable.",-1,,,,,,,,false
-0.34693877551020413,-2.6153846153846154,1.0,0.0001,0.0,1.0,256,50.0,auto,auto,periodic,"Simulation diverged at t=0: eigenvalue Re(λ)=4.756e+00 predicts growth factor 1.89e+103 over Δt=50.0, exceeding threshold 1e+08. The system is physically unstable.",diverged,"Simulation diverged at t=0: eigenvalue Re(λ)=4.756e+00 predicts growth factor 1.89e+103 over Δt=50.0, exceeding threshold 1e+08. The system is physically unstable.",-1,,,,,,,,false
-0.34693877551020413,-2.551282051282051,1.0,0.0001,0.0,1.0,256,50.0,auto,auto,periodic,"Simulation diverged at t=0: eigenvalue Re(λ)=5.418e+00 predicts growth factor 4.37e+117 over Δt=50.0, exceeding threshold 1e+08. The system is physically unstable.",diverged,"Simulation diverged at t=0: eigenvalue Re(λ)=5.418e+00 predicts growth factor 4.37e+117 over Δt=50.0, exceeding threshold 1e+08. The system is physically unstable.",-1,,,,,,,,false
-0.34693877551020413,-2.4871794871794872,1.0,0.0001,0.0,1.0,256,50.0,auto,auto,periodic,"Simulation diverged at t=0: eigenvalue Re(λ)=6.390e+00 predicts growth factor 5.58e+138 over Δt=50.0, exceeding threshold 1e+08. The system is physically unstable.",diverged,"Simulation diverged at t=0: eigenvalue Re(λ)=6.390e+00 predicts growth factor 5.58e+138 over Δt=50.0, exceeding threshold 1e+08. The system is physically unstable.",-1,,,,,,,,false
-0.34693877551020413,-2.4230769230769234,1.0,0.0001,0.0,1.0,256,50.0,auto,auto,periodic,"Simulation diverged at t=0: eigenvalue Re(λ)=7.881e+00 predicts growth factor 1.39e+171 over Δt=50.0, exceeding threshold 1e+08. The system is physically unstable.",diverged,"Simulation diverged at t=0: eigenvalue Re(λ)=7.881e+00 predicts growth factor 1.39e+171 over Δt=50.0, exceeding threshold 1e+08. The system is physically unstable.",-1,,,,,,,,false
-0.34693877551020413,-2.358974358974359,1.0,0.0001,0.0,1.0,256,50.0,auto,auto,periodic,"Simulation diverged at t=0: eigenvalue Re(λ)=1.004e+01 predicts growth factor 1.27e+218 over Δt=50.0, exceeding threshold 1e+08. The system is physically unstable.",diverged,"Simulation diverged at t=0: eigenvalue Re(λ)=1.004e+01 predicts growth factor 1.27e+218 over Δt=50.0, exceeding threshold 1e+08. The system is physically unstable.",-1,,,,,,,,false
-0.34693877551020413,-2.2948717948717947,1.0,0.0001,0.0,1.0,256,50.0,auto,auto,periodic,"Simulation diverged at t=0: eigenvalue Re(λ)=1.145e+01 predicts growth factor 4.60e+248 over Δt=50.0, exceeding threshold 1e+08. The system is physically unstable.",diverged,"Simulation diverged at t=0: eigenvalue Re(λ)=1.145e+01 predicts growth factor 4.60e+248 over Δt=50.0, exceeding threshold 1e+08. The system is physically unstable.",-1,,,,,,,,false
-0.34693877551020413,-2.230769230769231,1.0,0.0001,0.0,1.0,256,50.0,auto,auto,periodic,"Simulation diverged at t=0: eigenvalue Re(λ)=9.110e+00 predicts growth factor 6.67e+197 over Δt=50.0, exceeding threshold 1e+08. The system is physically unstable.",diverged,"Simulation diverged at t=0: eigenvalue Re(λ)=9.110e+00 predicts growth factor 6.67e+197 over Δt=50.0, exceeding threshold 1e+08. The system is physically unstable.",-1,,,,,,,,false
-0.34693877551020413,-2.166666666666667,1.0,0.0001,0.0,1.0,256,50.0,auto,auto,periodic,"Simulation diverged at t=0: eigenvalue Re(λ)=5.984e+00 predicts growth factor 8.81e+129 over Δt=50.0, exceeding threshold 1e+08. The system is physically unstable.",diverged,"Simulation diverged at t=0: eigenvalue Re(λ)=5.984e+00 predicts growth factor 8.81e+129 over Δt=50.0, exceeding threshold 1e+08. The system is physically unstable.",-1,,,,,,,,false
-0.34693877551020413,-2.1025641025641026,1.0,0.0001,0.0,1.0,256,50.0,auto,auto,periodic,"Simulation diverged at t=0: eigenvalue Re(λ)=3.970e+00 predicts growth factor 1.61e+86 over Δt=50.0, exceeding threshold 1e+08. The system is physically unstable.",diverged,"Simulation diverged at t=0: eigenvalue Re(λ)=3.970e+00 predicts growth factor 1.61e+86 over Δt=50.0, exceeding threshold 1e+08. The system is physically unstable.",-1,,,,,,,,false
-0.34693877551020413,-2.0384615384615383,1.0,0.0001,0.0,1.0,256,50.0,auto,auto,periodic,"Simulation diverged at t=0: eigenvalue Re(λ)=2.740e+00 predicts growth factor 3.08e+59 over Δt=50.0, exceeding threshold 1e+08. The system is physically unstable.",diverged,"Simulation diverged at t=0: eigenvalue Re(λ)=2.740e+00 predicts growth factor 3.08e+59 over Δt=50.0, exceeding threshold 1e+08. The system is physically unstable.",-1,,,,,,,,false
-0.34693877551020413,-1.9743589743589745,1.0,0.0001,0.0,1.0,256,50.0,auto,auto,periodic,"Simulation diverged at t=0: eigenvalue Re(λ)=5.449e+00 predicts growth factor 2.13e+118 over Δt=50.0, exceeding threshold 1e+08. The system is physically unstable.",diverged,"Simulation diverged at t=0: eigenvalue Re(λ)=5.449e+00 predicts growth factor 2.13e+118 over Δt=50.0, exceeding threshold 1e+08. The system is physically unstable.",-1,,,,,,,,false
-0.34693877551020413,-1.9102564102564104,1.0,0.0001,0.0,1.0,256,50.0,auto,auto,periodic,"Simulation diverged at t=0: eigenvalue Re(λ)=2.013e+00 predicts growth factor 5.05e+43 over Δt=50.0, exceeding threshold 1e+08. The system is physically unstable.",diverged,"Simulation diverged at t=0: eigenvalue Re(λ)=2.013e+00 predicts growth factor 5.05e+43 over Δt=50.0, exceeding threshold 1e+08. The system is physically unstable.",-1,,,,,,,,false
-0.34693877551020413,-1.8461538461538463,1.0,0.0001,0.0,1.0,256,50.0,auto,auto,periodic,"Simulation diverged at t=0: eigenvalue Re(λ)=1.654e+00 predicts growth factor 8.27e+35 over Δt=50.0, exceeding threshold 1e+08. The system is physically unstable.",diverged,"Simulation diverged at t=0: eigenvalue Re(λ)=1.654e+00 predicts growth factor 8.27e+35 over Δt=50.0, exceeding threshold 1e+08. The system is physically unstable.",-1,,,,,,,,false
-0.34693877551020413,-1.7820512820512822,1.0,0.0001,0.0,1.0,256,50.0,auto,auto,periodic,"Simulation diverged at t=0: eigenvalue Re(λ)=1.261e+00 predicts growth factor 2.36e+27 over Δt=50.0, exceeding threshold 1e+08. The system is physically unstable.",diverged,"Simulation diverged at t=0: eigenvalue Re(λ)=1.261e+00 predicts growth factor 2.36e+27 over Δt=50.0, exceeding threshold 1e+08. The system is physically unstable.",-1,,,,,,,,false
-0.34693877551020413,-1.717948717948718,1.0,0.0001,0.0,1.0,256,50.0,auto,auto,periodic,"Simulation diverged at t=0: eigenvalue Re(λ)=3.803e-01 predicts growth factor 1.81e+08 over Δt=50.0, exceeding threshold 1e+08. The system is physically unstable.",diverged,"Simulation diverged at t=0: eigenvalue Re(λ)=3.803e-01 predicts growth factor 1.81e+08 over Δt=50.0, exceeding threshold 1e+08. The system is physically unstable.",-1,,,,,,,,false
-0.34693877551020413,-1.653846153846154,1.0,0.0001,0.0,1.0,256,50.0,auto,auto,periodic,,success,,0,12.91224663033288,50.0,12.91224663033288,1.09,1.2912e+09,,,false
-0.34693877551020413,-1.5897435897435899,1.0,0.0001,0.0,1.0,256,50.0,auto,auto,periodic,,success,,0,5.967502851968885e-06,50.0,5.967502851968885e-06,1.01,5.9675e+02,9.548024e-01,-0.0201,true
-0.34693877551020413,-1.5256410256410258,1.0,0.0001,0.0,1.0,256,50.0,auto,auto,periodic,,success,,0,1.3085191056887656e-11,50.0,1.3085191056887656e-11,0.98,1.3085e-03,2.093635e-06,-5.6791,true
-0.34693877551020413,-1.4615384615384617,1.0,0.0001,0.0,1.0,256,50.0,auto,auto,periodic,,success,,0,2.6996396532402966e-11,43.0,1.8432883684579274e-11,1.03,2.6996e-03,4.319432e-06,-5.3646,true
-0.34693877551020413,-1.3974358974358976,1.0,0.0001,0.0,1.0,256,50.0,auto,auto,periodic,,success,,0,1.2564384234450496e-10,44.5,4.55834463047914e-11,1.04,1.2564e-02,2.010306e-05,-4.6967,true
-0.34693877551020413,-1.3333333333333335,1.0,0.0001,0.0,1.0,256,50.0,auto,auto,periodic,,success,,0,2.870794632943322e-10,46.0,1.3990575603791805e-10,1.02,2.8708e-02,4.593281e-05,-4.3379,true
-0.34693877551020413,-1.2692307692307694,1.0,0.0001,0.0,1.0,256,50.0,auto,auto,periodic,,success,,0,5.073927320742641e-10,47.5,4.005685352947069e-10,0.95,5.0739e-02,8.118301e-05,-4.0905,true
-0.34693877551020413,-1.2051282051282053,1.0,0.0001,0.0,1.0,256,50.0,auto,auto,periodic,,success,,0,7.867793390473648e-10,49.5,7.49092272638954e-10,1.15,7.8678e-02,1.258850e-04,-3.9000,true
-0.34693877551020413,-1.1410256410256412,1.0,0.0001,0.0,1.0,256,50.0,auto,auto,periodic,,success,,0,1.0975837680238362e-09,40.0,1.0134639034089996e-09,1.09,1.0976e-01,1.756138e-04,-3.7554,true
-0.34693877551020413,-1.076923076923077,1.0,0.0001,0.0,1.0,256,50.0,auto,auto,periodic,,success,,0,1.4671792790699543e-09,41.5,1.011967740936104e-09,0.94,1.4672e-01,2.347492e-04,-3.6294,true
-0.34693877551020413,-1.012820512820513,1.0,0.0001,0.0,1.0,256,50.0,auto,auto,periodic,,success,,0,1.8748491630317075e-09,41.5,7.208495392745794e-10,0.98,1.8748e-01,2.999765e-04,-3.5229,true
-0.34693877551020413,-0.9487179487179489,1.0,0.0001,0.0,1.0,256,50.0,auto,auto,periodic,,success,,0,2.422665114133539e-09,43.0,4.3163246602869045e-10,0.97,2.4227e-01,3.876272e-04,-3.4116,true
-0.34693877551020413,-0.884615384615385,1.0,0.0001,0.0,1.0,256,50.0,auto,auto,periodic,,success,,0,2.997104801731279e-09,44.5,5.679966019966054e-10,1.03,2.9971e-01,4.795378e-04,-3.3192,true
-0.34693877551020413,-0.8205128205128207,1.0,0.0001,0.0,1.0,256,50.0,auto,auto,periodic,,success,,0,3.5759206446927633e-09,46.0,1.3383972935032546e-09,1.26,3.5759e-01,5.721485e-04,-3.2425,true
-0.34693877551020413,-0.7564102564102564,1.0,0.0001,0.0,1.0,256,50.0,auto,auto,periodic,,success,,0,4.177242534542427e-09,33.5,2.6179826433069753e-09,1.3,4.1772e-01,6.683602e-04,-3.1750,true
-0.34693877551020413,-0.6923076923076925,1.0,0.0001,0.0,1.0,256,50.0,auto,auto,periodic,,success,,0,4.931503320173166e-09,47.5,4.090069669680886e-09,1.25,4.9315e-01,7.890422e-04,-3.1029,true
-0.34693877551020413,-0.6282051282051286,1.0,0.0001,0.0,1.0,256,50.0,auto,auto,periodic,,success,,0,5.735562754693093e-09,49.0,5.418617296850207e-09,1.34,5.7356e-01,9.176920e-04,-3.0373,true
-0.34693877551020413,-0.5641025641025643,1.0,0.0001,0.0,1.0,256,50.0,auto,auto,periodic,,success,,0,6.33821704548226e-09,36.5,6.3246573659220815e-09,1.17,6.3382e-01,1.014117e-03,-2.9939,true
-0.34693877551020413,-0.5,1.0,0.0001,0.0,1.0,256,50.0,auto,auto,periodic,,success,,0,7.30187061404344e-09,36.5,6.6100009892644675e-09,1.09,7.3019e-01,1.168302e-03,-2.9324,true
-0.30612244897959184,-3.0,1.0,0.0001,0.0,1.0,256,50.0,auto,auto,periodic,"Simulation diverged at t=0: eigenvalue Re(λ)=5.787e+00 predicts growth factor 4.69e+125 over Δt=50.0, exceeding threshold 1e+08. The system is physically unstable.",diverged,"Simulation diverged at t=0: eigenvalue Re(λ)=5.787e+00 predicts growth factor 4.69e+125 over Δt=50.0, exceeding threshold 1e+08. The system is physically unstable.",-1,,,,,,,,false
-0.30612244897959184,-2.935897435897436,1.0,0.0001,0.0,1.0,256,50.0,auto,auto,periodic,"Simulation diverged at t=0: eigenvalue Re(λ)=6.521e+00 predicts growth factor 4.06e+141 over Δt=50.0, exceeding threshold 1e+08. The system is physically unstable.",diverged,"Simulation diverged at t=0: eigenvalue Re(λ)=6.521e+00 predicts growth factor 4.06e+141 over Δt=50.0, exceeding threshold 1e+08. The system is physically unstable.",-1,,,,,,,,false
-0.30612244897959184,-2.871794871794872,1.0,0.0001,0.0,1.0,256,50.0,auto,auto,periodic,"Simulation diverged at t=0: eigenvalue Re(λ)=7.667e+00 predicts growth factor 3.12e+166 over Δt=50.0, exceeding threshold 1e+08. The system is physically unstable.",diverged,"Simulation diverged at t=0: eigenvalue Re(λ)=7.667e+00 predicts growth factor 3.12e+166 over Δt=50.0, exceeding threshold 1e+08. The system is physically unstable.",-1,,,,,,,,false
-0.30612244897959184,-2.8076923076923075,1.0,0.0001,0.0,1.0,256,50.0,auto,auto,periodic,"Simulation diverged at t=0: eigenvalue Re(λ)=9.811e+00 predicts growth factor 1.12e+213 over Δt=50.0, exceeding threshold 1e+08. The system is physically unstable.",diverged,"Simulation diverged at t=0: eigenvalue Re(λ)=9.811e+00 predicts growth factor 1.12e+213 over Δt=50.0, exceeding threshold 1e+08. The system is physically unstable.",-1,,,,,,,,false
-0.30612244897959184,-2.7435897435897436,1.0,0.0001,0.0,1.0,256,50.0,auto,auto,periodic,"Simulation diverged at t=0: eigenvalue Re(λ)=1.638e+01 predicts growth factor 1.01e+304 over Δt=50.0, exceeding threshold 1e+08. The system is physically unstable.",diverged,"Simulation diverged at t=0: eigenvalue Re(λ)=1.638e+01 predicts growth factor 1.01e+304 over Δt=50.0, exceeding threshold 1e+08. The system is physically unstable.",-1,,,,,,,,false
-0.30612244897959184,-2.6794871794871797,1.0,0.0001,0.0,1.0,256,50.0,auto,auto,periodic,"Simulation diverged at t=0: eigenvalue Re(λ)=4.819e+00 predicts growth factor 4.40e+104 over Δt=50.0, exceeding threshold 1e+08. The system is physically unstable.",diverged,"Simulation diverged at t=0: eigenvalue Re(λ)=4.819e+00 predicts growth factor 4.40e+104 over Δt=50.0, exceeding threshold 1e+08. The system is physically unstable.",-1,,,,,,,,false
-0.30612244897959184,-2.6153846153846154,1.0,0.0001,0.0,1.0,256,50.0,auto,auto,periodic,"Simulation diverged at t=0: eigenvalue Re(λ)=4.948e+00 predicts growth factor 2.74e+107 over Δt=50.0, exceeding threshold 1e+08. The system is physically unstable.",diverged,"Simulation diverged at t=0: eigenvalue Re(λ)=4.948e+00 predicts growth factor 2.74e+107 over Δt=50.0, exceeding threshold 1e+08. The system is physically unstable.",-1,,,,,,,,false
-0.30612244897959184,-2.551282051282051,1.0,0.0001,0.0,1.0,256,50.0,auto,auto,periodic,"Simulation diverged at t=0: eigenvalue Re(λ)=5.003e+00 predicts growth factor 4.43e+108 over Δt=50.0, exceeding threshold 1e+08. The system is physically unstable.",diverged,"Simulation diverged at t=0: eigenvalue Re(λ)=5.003e+00 predicts growth factor 4.43e+108 over Δt=50.0, exceeding threshold 1e+08. The system is physically unstable.",-1,,,,,,,,false
-0.30612244897959184,-2.4871794871794872,1.0,0.0001,0.0,1.0,256,50.0,auto,auto,periodic,"Simulation diverged at t=0: eigenvalue Re(λ)=4.939e+00 predicts growth factor 1.77e+107 over Δt=50.0, exceeding threshold 1e+08. The system is physically unstable.",diverged,"Simulation diverged at t=0: eigenvalue Re(λ)=4.939e+00 predicts growth factor 1.77e+107 over Δt=50.0, exceeding threshold 1e+08. The system is physically unstable.",-1,,,,,,,,false
-0.30612244897959184,-2.4230769230769234,1.0,0.0001,0.0,1.0,256,50.0,auto,auto,periodic,"Simulation diverged at t=0: eigenvalue Re(λ)=4.716e+00 predicts growth factor 2.57e+102 over Δt=50.0, exceeding threshold 1e+08. The system is physically unstable.",diverged,"Simulation diverged at t=0: eigenvalue Re(λ)=4.716e+00 predicts growth factor 2.57e+102 over Δt=50.0, exceeding threshold 1e+08. The system is physically unstable.",-1,,,,,,,,false
-0.30612244897959184,-2.358974358974359,1.0,0.0001,0.0,1.0,256,50.0,auto,auto,periodic,"Simulation diverged at t=0: eigenvalue Re(λ)=4.331e+00 predicts growth factor 1.12e+94 over Δt=50.0, exceeding threshold 1e+08. The system is physically unstable.",diverged,"Simulation diverged at t=0: eigenvalue Re(λ)=4.331e+00 predicts growth factor 1.12e+94 over Δt=50.0, exceeding threshold 1e+08. The system is physically unstable.",-1,,,,,,,,false
-0.30612244897959184,-2.2948717948717947,1.0,0.0001,0.0,1.0,256,50.0,auto,auto,periodic,"Simulation diverged at t=0: eigenvalue Re(λ)=3.826e+00 predicts growth factor 1.23e+83 over Δt=50.0, exceeding threshold 1e+08. The system is physically unstable.",diverged,"Simulation diverged at t=0: eigenvalue Re(λ)=3.826e+00 predicts growth factor 1.23e+83 over Δt=50.0, exceeding threshold 1e+08. The system is physically unstable.",-1,,,,,,,,false
-0.30612244897959184,-2.230769230769231,1.0,0.0001,0.0,1.0,256,50.0,auto,auto,periodic,"Simulation diverged at t=0: eigenvalue Re(λ)=3.270e+00 predicts growth factor 1.03e+71 over Δt=50.0, exceeding threshold 1e+08. The system is physically unstable.",diverged,"Simulation diverged at t=0: eigenvalue Re(λ)=3.270e+00 predicts growth factor 1.03e+71 over Δt=50.0, exceeding threshold 1e+08. The system is physically unstable.",-1,,,,,,,,false
-0.30612244897959184,-2.166666666666667,1.0,0.0001,0.0,1.0,256,50.0,auto,auto,periodic,"Simulation diverged at t=0: eigenvalue Re(λ)=6.361e+00 predicts growth factor 1.37e+138 over Δt=50.0, exceeding threshold 1e+08. The system is physically unstable.",diverged,"Simulation diverged at t=0: eigenvalue Re(λ)=6.361e+00 predicts growth factor 1.37e+138 over Δt=50.0, exceeding threshold 1e+08. The system is physically unstable.",-1,,,,,,,,false
-0.30612244897959184,-2.1025641025641026,1.0,0.0001,0.0,1.0,256,50.0,auto,auto,periodic,"Simulation diverged at t=0: eigenvalue Re(λ)=3.672e+00 predicts growth factor 5.56e+79 over Δt=50.0, exceeding threshold 1e+08. The system is physically unstable.",diverged,"Simulation diverged at t=0: eigenvalue Re(λ)=3.672e+00 predicts growth factor 5.56e+79 over Δt=50.0, exceeding threshold 1e+08. The system is physically unstable.",-1,,,,,,,,false
-0.30612244897959184,-2.0384615384615383,1.0,0.0001,0.0,1.0,256,50.0,auto,auto,periodic,"Simulation diverged at t=0: eigenvalue Re(λ)=1.271e+01 predicts growth factor 1.16e+276 over Δt=50.0, exceeding threshold 1e+08. The system is physically unstable.",diverged,"Simulation diverged at t=0: eigenvalue Re(λ)=1.271e+01 predicts growth factor 1.16e+276 over Δt=50.0, exceeding threshold 1e+08. The system is physically unstable.",-1,,,,,,,,false
-0.30612244897959184,-1.9743589743589745,1.0,0.0001,0.0,1.0,256,50.0,auto,auto,periodic,"Simulation diverged at t=0: eigenvalue Re(λ)=2.727e+00 predicts growth factor 1.62e+59 over Δt=50.0, exceeding threshold 1e+08. The system is physically unstable.",diverged,"Simulation diverged at t=0: eigenvalue Re(λ)=2.727e+00 predicts growth factor 1.62e+59 over Δt=50.0, exceeding threshold 1e+08. The system is physically unstable.",-1,,,,,,,,false
-0.30612244897959184,-1.9102564102564104,1.0,0.0001,0.0,1.0,256,50.0,auto,auto,periodic,"Simulation diverged at t=0: eigenvalue Re(λ)=2.561e+00 predicts growth factor 4.08e+55 over Δt=50.0, exceeding threshold 1e+08. The system is physically unstable.",diverged,"Simulation diverged at t=0: eigenvalue Re(λ)=2.561e+00 predicts growth factor 4.08e+55 over Δt=50.0, exceeding threshold 1e+08. The system is physically unstable.",-1,,,,,,,,false
-0.30612244897959184,-1.8461538461538463,1.0,0.0001,0.0,1.0,256,50.0,auto,auto,periodic,"Simulation diverged at t=0: eigenvalue Re(λ)=1.737e+00 predicts growth factor 5.14e+37 over Δt=50.0, exceeding threshold 1e+08. The system is physically unstable.",diverged,"Simulation diverged at t=0: eigenvalue Re(λ)=1.737e+00 predicts growth factor 5.14e+37 over Δt=50.0, exceeding threshold 1e+08. The system is physically unstable.",-1,,,,,,,,false
-0.30612244897959184,-1.7820512820512822,1.0,0.0001,0.0,1.0,256,50.0,auto,auto,periodic,"Simulation diverged at t=0: eigenvalue Re(λ)=2.003e+00 predicts growth factor 3.11e+43 over Δt=50.0, exceeding threshold 1e+08. The system is physically unstable.",diverged,"Simulation diverged at t=0: eigenvalue Re(λ)=2.003e+00 predicts growth factor 3.11e+43 over Δt=50.0, exceeding threshold 1e+08. The system is physically unstable.",-1,,,,,,,,false
-0.30612244897959184,-1.717948717948718,1.0,0.0001,0.0,1.0,256,50.0,auto,auto,periodic,"Simulation diverged at t=0: eigenvalue Re(λ)=4.033e-01 predicts growth factor 5.73e+08 over Δt=50.0, exceeding threshold 1e+08. The system is physically unstable.",diverged,"Simulation diverged at t=0: eigenvalue Re(λ)=4.033e-01 predicts growth factor 5.73e+08 over Δt=50.0, exceeding threshold 1e+08. The system is physically unstable.",-1,,,,,,,,false
-0.30612244897959184,-1.653846153846154,1.0,0.0001,0.0,1.0,256,50.0,auto,auto,periodic,,success,,0,0.0201649266702905,50.0,0.0201649266702905,1.04,2.0165e+06,3.226395e+03,3.5087,true
-0.30612244897959184,-1.5897435897435899,1.0,0.0001,0.0,1.0,256,50.0,auto,auto,periodic,,success,,0,4.6299440564386167e-10,50.0,4.6299440564386167e-10,1.01,4.6299e-02,7.407926e-05,-4.1303,true
-0.30612244897959184,-1.5256410256410258,1.0,0.0001,0.0,1.0,256,50.0,auto,auto,periodic,,success,,0,2.6721640708961503e-11,43.0,1.829160864832601e-11,1.13,2.6722e-03,4.275471e-06,-5.3690,true
-0.30612244897959184,-1.4615384615384617,1.0,0.0001,0.0,1.0,256,50.0,auto,auto,periodic,,success,,0,1.622454969040206e-10,46.0,5.853661429764197e-11,1.01,1.6225e-02,2.595933e-05,-4.5857,true
-0.30612244897959184,-1.3974358974358976,1.0,0.0001,0.0,1.0,256,50.0,auto,auto,periodic,,success,,0,4.0899474674711226e-10,47.5,2.679194648716813e-10,1.05,4.0899e-02,6.543930e-05,-4.1842,true
-0.30612244897959184,-1.3333333333333335,1.0,0.0001,0.0,1.0,256,50.0,auto,auto,periodic,,success,,0,7.461926087786101e-10,49.0,6.971475330897491e-10,1.21,7.4619e-02,1.193911e-04,-3.9230,true
-0.30612244897959184,-1.2692307692307694,1.0,0.0001,0.0,1.0,256,50.0,auto,auto,periodic,,success,,0,1.1472208070834463e-09,40.0,1.0318657844037657e-09,1.19,1.1472e-01,1.835557e-04,-3.7362,true
-0.30612244897959184,-1.2051282051282053,1.0,0.0001,0.0,1.0,256,50.0,auto,auto,periodic,,success,,0,1.6703900013143566e-09,41.5,9.158305301675114e-10,0.95,1.6704e-01,2.672630e-04,-3.5731,true
-0.30612244897959184,-1.1410256410256412,1.0,0.0001,0.0,1.0,256,50.0,auto,auto,periodic,,success,,0,2.2853177837304383e-09,43.0,4.909834090223339e-10,1.0,2.2853e-01,3.656516e-04,-3.4369,true
-0.30612244897959184,-1.076923076923077,1.0,0.0001,0.0,1.0,256,50.0,auto,auto,periodic,,success,,0,2.989166120207881e-09,44.5,5.620797885323943e-10,1.05,2.9892e-01,4.782676e-04,-3.3203,true
-0.30612244897959184,-1.012820512820513,1.0,0.0001,0.0,1.0,256,50.0,auto,auto,periodic,,success,,0,3.779144767368648e-09,46.0,1.6464857440316645e-09,0.97,3.7791e-01,6.046644e-04,-3.2185,true
-0.30612244897959184,-0.9487179487179489,1.0,0.0001,0.0,1.0,256,50.0,auto,auto,periodic,,success,,0,4.652751466026877e-09,47.5,3.434479578948359e-09,1.01,4.6528e-01,7.444418e-04,-3.1282,true
-0.30612244897959184,-0.884615384615385,1.0,0.0001,0.0,1.0,256,50.0,auto,auto,periodic,,success,,0,5.608025724903683e-09,49.0,5.22804440312558e-09,1.19,5.6080e-01,8.972860e-04,-3.0471,true
-0.30612244897959184,-0.8205128205128207,1.0,0.0001,0.0,1.0,256,50.0,auto,auto,periodic,,success,,0,6.476919952769517e-09,36.5,6.396955271099848e-09,1.12,6.4769e-01,1.036309e-03,-2.9845,true
-0.30612244897959184,-0.7564102564102564,1.0,0.0001,0.0,1.0,256,50.0,auto,auto,periodic,,success,,0,7.636358145960777e-09,37.0,6.524141861423199e-09,1.04,7.6364e-01,1.221820e-03,-2.9130,true
-0.30612244897959184,-0.6923076923076925,1.0,0.0001,0.0,1.0,256,50.0,auto,auto,periodic,,success,,0,8.916014538626861e-09,38.5,5.533047772729978e-09,1.05,8.9160e-01,1.426565e-03,-2.8457,true
-0.30612244897959184,-0.6282051282051286,1.0,0.0001,0.0,1.0,256,50.0,auto,auto,periodic,,success,,0,1.0140658997160059e-08,39.5,3.809966997363508e-09,0.98,1.0141e+00,1.622509e-03,-2.7898,true
-0.30612244897959184,-0.5641025641025643,1.0,0.0001,0.0,1.0,256,50.0,auto,auto,periodic,,success,,0,1.1576544120330962e-08,40.0,2.1160462365025283e-09,1.06,1.1577e+00,1.852251e-03,-2.7323,true
-0.30612244897959184,-0.5,1.0,0.0001,0.0,1.0,256,50.0,auto,auto,periodic,,success,,0,1.319615574425073e-08,41.5,1.2796114992319063e-09,1.05,1.3196e+00,2.111389e-03,-2.6754,true
-0.26530612244897966,-3.0,1.0,0.0001,0.0,1.0,256,50.0,auto,auto,periodic,"Simulation diverged at t=0: eigenvalue Re(λ)=9.891e+00 predicts growth factor 6.02e+214 over Δt=50.0, exceeding threshold 1e+08. The system is physically unstable.",diverged,"Simulation diverged at t=0: eigenvalue Re(λ)=9.891e+00 predicts growth factor 6.02e+214 over Δt=50.0, exceeding threshold 1e+08. The system is physically unstable.",-1,,,,,,,,false
-0.26530612244897966,-2.935897435897436,1.0,0.0001,0.0,1.0,256,50.0,auto,auto,periodic,"Simulation diverged at t=0: eigenvalue Re(λ)=1.124e+01 predicts growth factor 1.35e+244 over Δt=50.0, exceeding threshold 1e+08. The system is physically unstable.",diverged,"Simulation diverged at t=0: eigenvalue Re(λ)=1.124e+01 predicts growth factor 1.35e+244 over Δt=50.0, exceeding threshold 1e+08. The system is physically unstable.",-1,,,,,,,,false
-0.26530612244897966,-2.871794871794872,1.0,0.0001,0.0,1.0,256,50.0,auto,auto,periodic,"Simulation diverged at t=0: eigenvalue Re(λ)=1.308e+01 predicts growth factor 9.17e+283 over Δt=50.0, exceeding threshold 1e+08. The system is physically unstable.",diverged,"Simulation diverged at t=0: eigenvalue Re(λ)=1.308e+01 predicts growth factor 9.17e+283 over Δt=50.0, exceeding threshold 1e+08. The system is physically unstable.",-1,,,,,,,,false
-0.26530612244897966,-2.8076923076923075,1.0,0.0001,0.0,1.0,256,50.0,auto,auto,periodic,"Simulation diverged at t=0: eigenvalue Re(λ)=1.552e+01 predicts growth factor 1.01e+304 over Δt=50.0, exceeding threshold 1e+08. The system is physically unstable.",diverged,"Simulation diverged at t=0: eigenvalue Re(λ)=1.552e+01 predicts growth factor 1.01e+304 over Δt=50.0, exceeding threshold 1e+08. The system is physically unstable.",-1,,,,,,,,false
-0.26530612244897966,-2.7435897435897436,1.0,0.0001,0.0,1.0,256,50.0,auto,auto,periodic,"Simulation diverged at t=0: eigenvalue Re(λ)=1.824e+01 predicts growth factor 1.01e+304 over Δt=50.0, exceeding threshold 1e+08. The system is physically unstable.",diverged,"Simulation diverged at t=0: eigenvalue Re(λ)=1.824e+01 predicts growth factor 1.01e+304 over Δt=50.0, exceeding threshold 1e+08. The system is physically unstable.",-1,,,,,,,,false
-0.26530612244897966,-2.6794871794871797,1.0,0.0001,0.0,1.0,256,50.0,auto,auto,periodic,"Simulation diverged at t=0: eigenvalue Re(λ)=1.944e+01 predicts growth factor 1.01e+304 over Δt=50.0, exceeding threshold 1e+08. The system is physically unstable.",diverged,"Simulation diverged at t=0: eigenvalue Re(λ)=1.944e+01 predicts growth factor 1.01e+304 over Δt=50.0, exceeding threshold 1e+08. The system is physically unstable.",-1,,,,,,,,false
-0.26530612244897966,-2.6153846153846154,1.0,0.0001,0.0,1.0,256,50.0,auto,auto,periodic,"Simulation diverged at t=0: eigenvalue Re(λ)=1.710e+01 predicts growth factor 1.01e+304 over Δt=50.0, exceeding threshold 1e+08. The system is physically unstable.",diverged,"Simulation diverged at t=0: eigenvalue Re(λ)=1.710e+01 predicts growth factor 1.01e+304 over Δt=50.0, exceeding threshold 1e+08. The system is physically unstable.",-1,,,,,,,,false
-0.26530612244897966,-2.551282051282051,1.0,0.0001,0.0,1.0,256,50.0,auto,auto,periodic,"Simulation diverged at t=0: eigenvalue Re(λ)=1.310e+01 predicts growth factor 2.32e+284 over Δt=50.0, exceeding threshold 1e+08. The system is physically unstable.",diverged,"Simulation diverged at t=0: eigenvalue Re(λ)=1.310e+01 predicts growth factor 2.32e+284 over Δt=50.0, exceeding threshold 1e+08. The system is physically unstable.",-1,,,,,,,,false
-0.26530612244897966,-2.4871794871794872,1.0,0.0001,0.0,1.0,256,50.0,auto,auto,periodic,"Simulation diverged at t=0: eigenvalue Re(λ)=9.715e+00 predicts growth factor 8.97e+210 over Δt=50.0, exceeding threshold 1e+08. The system is physically unstable.",diverged,"Simulation diverged at t=0: eigenvalue Re(λ)=9.715e+00 predicts growth factor 8.97e+210 over Δt=50.0, exceeding threshold 1e+08. The system is physically unstable.",-1,,,,,,,,false
-0.26530612244897966,-2.4230769230769234,1.0,0.0001,0.0,1.0,256,50.0,auto,auto,periodic,"Simulation diverged at t=0: eigenvalue Re(λ)=7.297e+00 predicts growth factor 2.82e+158 over Δt=50.0, exceeding threshold 1e+08. The system is physically unstable.",diverged,"Simulation diverged at t=0: eigenvalue Re(λ)=7.297e+00 predicts growth factor 2.82e+158 over Δt=50.0, exceeding threshold 1e+08. The system is physically unstable.",-1,,,,,,,,false
-0.26530612244897966,-2.358974358974359,1.0,0.0001,0.0,1.0,256,50.0,auto,auto,periodic,"Simulation diverged at t=0: eigenvalue Re(λ)=5.591e+00 predicts growth factor 2.52e+121 over Δt=50.0, exceeding threshold 1e+08. The system is physically unstable.",diverged,"Simulation diverged at t=0: eigenvalue Re(λ)=5.591e+00 predicts growth factor 2.52e+121 over Δt=50.0, exceeding threshold 1e+08. The system is physically unstable.",-1,,,,,,,,false
-0.26530612244897966,-2.2948717948717947,1.0,0.0001,0.0,1.0,256,50.0,auto,auto,periodic,"Simulation diverged at t=0: eigenvalue Re(λ)=4.355e+00 predicts growth factor 3.77e+94 over Δt=50.0, exceeding threshold 1e+08. The system is physically unstable.",diverged,"Simulation diverged at t=0: eigenvalue Re(λ)=4.355e+00 predicts growth factor 3.77e+94 over Δt=50.0, exceeding threshold 1e+08. The system is physically unstable.",-1,,,,,,,,false
-0.26530612244897966,-2.230769230769231,1.0,0.0001,0.0,1.0,256,50.0,auto,auto,periodic,"Simulation diverged at t=0: eigenvalue Re(λ)=8.347e+00 predicts growth factor 1.76e+181 over Δt=50.0, exceeding threshold 1e+08. The system is physically unstable.",diverged,"Simulation diverged at t=0: eigenvalue Re(λ)=8.347e+00 predicts growth factor 1.76e+181 over Δt=50.0, exceeding threshold 1e+08. The system is physically unstable.",-1,,,,,,,,false
-0.26530612244897966,-2.166666666666667,1.0,0.0001,0.0,1.0,256,50.0,auto,auto,periodic,"Simulation diverged at t=0: eigenvalue Re(λ)=4.352e+00 predicts growth factor 3.23e+94 over Δt=50.0, exceeding threshold 1e+08. The system is physically unstable.",diverged,"Simulation diverged at t=0: eigenvalue Re(λ)=4.352e+00 predicts growth factor 3.23e+94 over Δt=50.0, exceeding threshold 1e+08. The system is physically unstable.",-1,,,,,,,,false
-0.26530612244897966,-2.1025641025641026,1.0,0.0001,0.0,1.0,256,50.0,auto,auto,periodic,"Simulation diverged at t=0: eigenvalue Re(λ)=7.278e+00 predicts growth factor 1.07e+158 over Δt=50.0, exceeding threshold 1e+08. The system is physically unstable.",diverged,"Simulation diverged at t=0: eigenvalue Re(λ)=7.278e+00 predicts growth factor 1.07e+158 over Δt=50.0, exceeding threshold 1e+08. The system is physically unstable.",-1,,,,,,,,false
-0.26530612244897966,-2.0384615384615383,1.0,0.0001,0.0,1.0,256,50.0,auto,auto,periodic,"Simulation diverged at t=0: eigenvalue Re(λ)=3.058e+00 predicts growth factor 2.58e+66 over Δt=50.0, exceeding threshold 1e+08. The system is physically unstable.",diverged,"Simulation diverged at t=0: eigenvalue Re(λ)=3.058e+00 predicts growth factor 2.58e+66 over Δt=50.0, exceeding threshold 1e+08. The system is physically unstable.",-1,,,,,,,,false
-0.26530612244897966,-1.9743589743589745,1.0,0.0001,0.0,1.0,256,50.0,auto,auto,periodic,"Simulation diverged at t=0: eigenvalue Re(λ)=2.879e+00 predicts growth factor 3.27e+62 over Δt=50.0, exceeding threshold 1e+08. The system is physically unstable.",diverged,"Simulation diverged at t=0: eigenvalue Re(λ)=2.879e+00 predicts growth factor 3.27e+62 over Δt=50.0, exceeding threshold 1e+08. The system is physically unstable.",-1,,,,,,,,false
-0.26530612244897966,-1.9102564102564104,1.0,0.0001,0.0,1.0,256,50.0,auto,auto,periodic,"Simulation diverged at t=0: eigenvalue Re(λ)=2.238e+00 predicts growth factor 3.95e+48 over Δt=50.0, exceeding threshold 1e+08. The system is physically unstable.",diverged,"Simulation diverged at t=0: eigenvalue Re(λ)=2.238e+00 predicts growth factor 3.95e+48 over Δt=50.0, exceeding threshold 1e+08. The system is physically unstable.",-1,,,,,,,,false
-0.26530612244897966,-1.8461538461538463,1.0,0.0001,0.0,1.0,256,50.0,auto,auto,periodic,"Simulation diverged at t=0: eigenvalue Re(λ)=2.185e+00 predicts growth factor 2.78e+47 over Δt=50.0, exceeding threshold 1e+08. The system is physically unstable.",diverged,"Simulation diverged at t=0: eigenvalue Re(λ)=2.185e+00 predicts growth factor 2.78e+47 over Δt=50.0, exceeding threshold 1e+08. The system is physically unstable.",-1,,,,,,,,false
-0.26530612244897966,-1.7820512820512822,1.0,0.0001,0.0,1.0,256,50.0,auto,auto,periodic,"Simulation diverged at t=0: eigenvalue Re(λ)=1.651e+00 predicts growth factor 7.27e+35 over Δt=50.0, exceeding threshold 1e+08. The system is physically unstable.",diverged,"Simulation diverged at t=0: eigenvalue Re(λ)=1.651e+00 predicts growth factor 7.27e+35 over Δt=50.0, exceeding threshold 1e+08. The system is physically unstable.",-1,,,,,,,,false
-0.26530612244897966,-1.717948717948718,1.0,0.0001,0.0,1.0,256,50.0,auto,auto,periodic,"Simulation diverged at t=0: eigenvalue Re(λ)=3.955e-01 predicts growth factor 3.87e+08 over Δt=50.0, exceeding threshold 1e+08. The system is physically unstable.",diverged,"Simulation diverged at t=0: eigenvalue Re(λ)=3.955e-01 predicts growth factor 3.87e+08 over Δt=50.0, exceeding threshold 1e+08. The system is physically unstable.",-1,,,,,,,,false
-0.26530612244897966,-1.653846153846154,1.0,0.0001,0.0,1.0,256,50.0,auto,auto,periodic,,success,,0,2.442079454650193e-06,50.0,2.442079454650193e-06,1.11,2.4421e+02,3.907335e-01,-0.4081,true
-0.26530612244897966,-1.5897435897435899,1.0,0.0001,0.0,1.0,256,50.0,auto,auto,periodic,,success,,0,1.4400385303985317e-11,43.0,1.1195532575358146e-11,1.1,1.4400e-03,2.304066e-06,-5.6375,true
-0.26530612244897966,-1.5256410256410258,1.0,0.0001,0.0,1.0,256,50.0,auto,auto,periodic,,success,,0,1.9815631977554874e-10,46.0,7.342478515102517e-11,1.1,1.9816e-02,3.170508e-05,-4.4989,true
-0.26530612244897966,-1.4615384615384617,1.0,0.0001,0.0,1.0,256,50.0,auto,auto,periodic,,success,,0,5.442959916841109e-10,48.0,4.665124633398463e-10,1.03,5.4430e-02,8.708754e-05,-4.0600,true
-0.26530612244897966,-1.3974358974358976,1.0,0.0001,0.0,1.0,256,50.0,auto,auto,periodic,,success,,0,1.0606330095198368e-09,40.0,9.973715710411255e-10,0.99,1.0606e-01,1.697016e-04,-3.7703,true
-0.26530612244897966,-1.3333333333333335,1.0,0.0001,0.0,1.0,256,50.0,auto,auto,periodic,,success,,0,1.7513941098865141e-09,41.5,8.551257195252665e-10,0.96,1.7514e-01,2.802236e-04,-3.5525,true
-0.26530612244897966,-1.2692307692307694,1.0,0.0001,0.0,1.0,256,50.0,auto,auto,periodic,,success,,0,2.5318940149603522e-09,43.0,4.122447053600236e-10,0.95,2.5319e-01,4.051039e-04,-3.3924,true
-0.26530612244897966,-1.2051282051282053,1.0,0.0001,0.0,1.0,256,50.0,auto,auto,periodic,,success,,0,3.604515788256513e-09,46.0,1.3766683741364884e-09,1.0,3.6045e-01,5.767237e-04,-3.2390,true
-0.26530612244897966,-1.1410256410256412,1.0,0.0001,0.0,1.0,256,50.0,auto,auto,periodic,,success,,0,4.787515348936292e-09,47.5,3.716533388277094e-09,1.07,4.7875e-01,7.660041e-04,-3.1158,true
-0.26530612244897966,-1.076923076923077,1.0,0.0001,0.0,1.0,256,50.0,auto,auto,periodic,,success,,0,6.043870849334072e-09,49.5,5.8979174393571835e-09,0.99,6.0439e-01,9.670214e-04,-3.0146,true
-0.26530612244897966,-1.012820512820513,1.0,0.0001,0.0,1.0,256,50.0,auto,auto,periodic,,success,,0,7.442000949570942e-09,37.0,6.589564254877966e-09,1.14,7.4420e-01,1.190723e-03,-2.9242,true
-0.26530612244897966,-0.9487179487179489,1.0,0.0001,0.0,1.0,256,50.0,auto,auto,periodic,,success,,0,9.104584176736526e-09,38.5,5.3182464642190586e-09,1.21,9.1046e-01,1.456737e-03,-2.8366,true
-0.26530612244897966,-0.884615384615385,1.0,0.0001,0.0,1.0,256,50.0,auto,auto,periodic,,success,,0,1.0919940892492595e-08,40.0,2.9510920258316187e-09,1.37,1.0920e+00,1.747194e-03,-2.7577,true
-0.26530612244897966,-0.8205128205128207,1.0,0.0001,0.0,1.0,256,50.0,auto,auto,periodic,,success,,0,1.2881247686679202e-08,41.5,1.3430459328938406e-09,1.19,1.2881e+00,2.061004e-03,-2.6859,true
-0.26530612244897966,-0.7564102564102564,1.0,0.0001,0.0,1.0,256,50.0,auto,auto,periodic,,success,,0,1.4982177915631963e-08,43.0,2.0769273949794366e-09,1.0,1.4982e+00,2.397153e-03,-2.6203,true
-0.26530612244897966,-0.6923076923076925,1.0,0.0001,0.0,1.0,256,50.0,auto,auto,periodic,,success,,0,1.7217464024721616e-08,44.5,5.5574626022888004e-09,0.95,1.7217e+00,2.754800e-03,-2.5599,true
-0.26530612244897966,-0.6282051282051286,1.0,0.0001,0.0,1.0,256,50.0,auto,auto,periodic,,success,,0,1.9583338276098207e-08,46.0,1.1071142286139126e-08,0.99,1.9583e+00,3.133341e-03,-2.5040,true
-0.26530612244897966,-0.5641025641025643,1.0,0.0001,0.0,1.0,256,50.0,auto,auto,periodic,,success,,0,2.207784963336601e-08,47.5,1.7363424925070216e-08,0.99,2.2078e+00,3.532463e-03,-2.4519,true
-0.26530612244897966,-0.5,1.0,0.0001,0.0,1.0,256,50.0,auto,auto,periodic,,success,,0,2.4870559886924364e-08,29.0,2.3156183167038045e-08,0.97,2.4871e+00,3.979298e-03,-2.4002,true
-0.22448979591836737,-3.0,1.0,0.0001,0.0,1.0,256,50.0,auto,auto,periodic,"Simulation diverged at t=0: eigenvalue Re(λ)=1.391e+01 predicts growth factor 1.25e+302 over Δt=50.0, exceeding threshold 1e+08. The system is physically unstable.",diverged,"Simulation diverged at t=0: eigenvalue Re(λ)=1.391e+01 predicts growth factor 1.25e+302 over Δt=50.0, exceeding threshold 1e+08. The system is physically unstable.",-1,,,,,,,,false
-0.22448979591836737,-2.935897435897436,1.0,0.0001,0.0,1.0,256,50.0,auto,auto,periodic,"Simulation diverged at t=0: eigenvalue Re(λ)=1.291e+01 predicts growth factor 2.56e+280 over Δt=50.0, exceeding threshold 1e+08. The system is physically unstable.",diverged,"Simulation diverged at t=0: eigenvalue Re(λ)=1.291e+01 predicts growth factor 2.56e+280 over Δt=50.0, exceeding threshold 1e+08. The system is physically unstable.",-1,,,,,,,,false
-0.22448979591836737,-2.871794871794872,1.0,0.0001,0.0,1.0,256,50.0,auto,auto,periodic,"Simulation diverged at t=0: eigenvalue Re(λ)=1.162e+01 predicts growth factor 1.99e+252 over Δt=50.0, exceeding threshold 1e+08. The system is physically unstable.",diverged,"Simulation diverged at t=0: eigenvalue Re(λ)=1.162e+01 predicts growth factor 1.99e+252 over Δt=50.0, exceeding threshold 1e+08. The system is physically unstable.",-1,,,,,,,,false
-0.22448979591836737,-2.8076923076923075,1.0,0.0001,0.0,1.0,256,50.0,auto,auto,periodic,"Simulation diverged at t=0: eigenvalue Re(λ)=1.022e+01 predicts growth factor 7.01e+221 over Δt=50.0, exceeding threshold 1e+08. The system is physically unstable.",diverged,"Simulation diverged at t=0: eigenvalue Re(λ)=1.022e+01 predicts growth factor 7.01e+221 over Δt=50.0, exceeding threshold 1e+08. The system is physically unstable.",-1,,,,,,,,false
-0.22448979591836737,-2.7435897435897436,1.0,0.0001,0.0,1.0,256,50.0,auto,auto,periodic,"Simulation diverged at t=0: eigenvalue Re(λ)=8.852e+00 predicts growth factor 1.63e+192 over Δt=50.0, exceeding threshold 1e+08. The system is physically unstable.",diverged,"Simulation diverged at t=0: eigenvalue Re(λ)=8.852e+00 predicts growth factor 1.63e+192 over Δt=50.0, exceeding threshold 1e+08. The system is physically unstable.",-1,,,,,,,,false
-0.22448979591836737,-2.6794871794871797,1.0,0.0001,0.0,1.0,256,50.0,auto,auto,periodic,"Simulation diverged at t=0: eigenvalue Re(λ)=7.605e+00 predicts growth factor 1.40e+165 over Δt=50.0, exceeding threshold 1e+08. The system is physically unstable.",diverged,"Simulation diverged at t=0: eigenvalue Re(λ)=7.605e+00 predicts growth factor 1.40e+165 over Δt=50.0, exceeding threshold 1e+08. The system is physically unstable.",-1,,,,,,,,false
-0.22448979591836737,-2.6153846153846154,1.0,0.0001,0.0,1.0,256,50.0,auto,auto,periodic,"Simulation diverged at t=0: eigenvalue Re(λ)=4.265e+01 predicts growth factor 1.01e+304 over Δt=50.0, exceeding threshold 1e+08. The system is physically unstable.",diverged,"Simulation diverged at t=0: eigenvalue Re(λ)=4.265e+01 predicts growth factor 1.01e+304 over Δt=50.0, exceeding threshold 1e+08. The system is physically unstable.",-1,,,,,,,,false
-0.22448979591836737,-2.551282051282051,1.0,0.0001,0.0,1.0,256,50.0,auto,auto,periodic,"Simulation diverged at t=0: eigenvalue Re(λ)=1.211e+01 predicts growth factor 9.33e+262 over Δt=50.0, exceeding threshold 1e+08. The system is physically unstable.",diverged,"Simulation diverged at t=0: eigenvalue Re(λ)=1.211e+01 predicts growth factor 9.33e+262 over Δt=50.0, exceeding threshold 1e+08. The system is physically unstable.",-1,,,,,,,,false
-0.22448979591836737,-2.4871794871794872,1.0,0.0001,0.0,1.0,256,50.0,auto,auto,periodic,"Simulation diverged at t=0: eigenvalue Re(λ)=7.913e+00 predicts growth factor 6.91e+171 over Δt=50.0, exceeding threshold 1e+08. The system is physically unstable.",diverged,"Simulation diverged at t=0: eigenvalue Re(λ)=7.913e+00 predicts growth factor 6.91e+171 over Δt=50.0, exceeding threshold 1e+08. The system is physically unstable.",-1,,,,,,,,false
-0.22448979591836737,-2.4230769230769234,1.0,0.0001,0.0,1.0,256,50.0,auto,auto,periodic,"Simulation diverged at t=0: eigenvalue Re(λ)=5.850e+00 predicts growth factor 1.10e+127 over Δt=50.0, exceeding threshold 1e+08. The system is physically unstable.",diverged,"Simulation diverged at t=0: eigenvalue Re(λ)=5.850e+00 predicts growth factor 1.10e+127 over Δt=50.0, exceeding threshold 1e+08. The system is physically unstable.",-1,,,,,,,,false
-0.22448979591836737,-2.358974358974359,1.0,0.0001,0.0,1.0,256,50.0,auto,auto,periodic,"Simulation diverged at t=0: eigenvalue Re(λ)=9.076e+00 predicts growth factor 1.24e+197 over Δt=50.0, exceeding threshold 1e+08. The system is physically unstable.",diverged,"Simulation diverged at t=0: eigenvalue Re(λ)=9.076e+00 predicts growth factor 1.24e+197 over Δt=50.0, exceeding threshold 1e+08. The system is physically unstable.",-1,,,,,,,,false
-0.22448979591836737,-2.2948717948717947,1.0,0.0001,0.0,1.0,256,50.0,auto,auto,periodic,"Simulation diverged at t=0: eigenvalue Re(λ)=5.386e+00 predicts growth factor 9.00e+116 over Δt=50.0, exceeding threshold 1e+08. The system is physically unstable.",diverged,"Simulation diverged at t=0: eigenvalue Re(λ)=5.386e+00 predicts growth factor 9.00e+116 over Δt=50.0, exceeding threshold 1e+08. The system is physically unstable.",-1,,,,,,,,false
-0.22448979591836737,-2.230769230769231,1.0,0.0001,0.0,1.0,256,50.0,auto,auto,periodic,"Simulation diverged at t=0: eigenvalue Re(λ)=7.031e+00 predicts growth factor 4.65e+152 over Δt=50.0, exceeding threshold 1e+08. The system is physically unstable.",diverged,"Simulation diverged at t=0: eigenvalue Re(λ)=7.031e+00 predicts growth factor 4.65e+152 over Δt=50.0, exceeding threshold 1e+08. The system is physically unstable.",-1,,,,,,,,false
-0.22448979591836737,-2.166666666666667,1.0,0.0001,0.0,1.0,256,50.0,auto,auto,periodic,"Simulation diverged at t=0: eigenvalue Re(λ)=1.218e+01 predicts growth factor 3.28e+264 over Δt=50.0, exceeding threshold 1e+08. The system is physically unstable.",diverged,"Simulation diverged at t=0: eigenvalue Re(λ)=1.218e+01 predicts growth factor 3.28e+264 over Δt=50.0, exceeding threshold 1e+08. The system is physically unstable.",-1,,,,,,,,false
-0.22448979591836737,-2.1025641025641026,1.0,0.0001,0.0,1.0,256,50.0,auto,auto,periodic,"Simulation diverged at t=0: eigenvalue Re(λ)=3.909e+00 predicts growth factor 7.57e+84 over Δt=50.0, exceeding threshold 1e+08. The system is physically unstable.",diverged,"Simulation diverged at t=0: eigenvalue Re(λ)=3.909e+00 predicts growth factor 7.57e+84 over Δt=50.0, exceeding threshold 1e+08. The system is physically unstable.",-1,,,,,,,,false
-0.22448979591836737,-2.0384615384615383,1.0,0.0001,0.0,1.0,256,50.0,auto,auto,periodic,"Simulation diverged at t=0: eigenvalue Re(λ)=3.488e+00 predicts growth factor 5.51e+75 over Δt=50.0, exceeding threshold 1e+08. The system is physically unstable.",diverged,"Simulation diverged at t=0: eigenvalue Re(λ)=3.488e+00 predicts growth factor 5.51e+75 over Δt=50.0, exceeding threshold 1e+08. The system is physically unstable.",-1,,,,,,,,false
-0.22448979591836737,-1.9743589743589745,1.0,0.0001,0.0,1.0,256,50.0,auto,auto,periodic,"Simulation diverged at t=0: eigenvalue Re(λ)=6.525e+00 predicts growth factor 4.83e+141 over Δt=50.0, exceeding threshold 1e+08. The system is physically unstable.",diverged,"Simulation diverged at t=0: eigenvalue Re(λ)=6.525e+00 predicts growth factor 4.83e+141 over Δt=50.0, exceeding threshold 1e+08. The system is physically unstable.",-1,,,,,,,,false
-0.22448979591836737,-1.9102564102564104,1.0,0.0001,0.0,1.0,256,50.0,auto,auto,periodic,"Simulation diverged at t=0: eigenvalue Re(λ)=2.847e+00 predicts growth factor 6.49e+61 over Δt=50.0, exceeding threshold 1e+08. The system is physically unstable.",diverged,"Simulation diverged at t=0: eigenvalue Re(λ)=2.847e+00 predicts growth factor 6.49e+61 over Δt=50.0, exceeding threshold 1e+08. The system is physically unstable.",-1,,,,,,,,false
-0.22448979591836737,-1.8461538461538463,1.0,0.0001,0.0,1.0,256,50.0,auto,auto,periodic,"Simulation diverged at t=0: eigenvalue Re(λ)=2.254e+01 predicts growth factor 1.01e+304 over Δt=50.0, exceeding threshold 1e+08. The system is physically unstable.",diverged,"Simulation diverged at t=0: eigenvalue Re(λ)=2.254e+01 predicts growth factor 1.01e+304 over Δt=50.0, exceeding threshold 1e+08. The system is physically unstable.",-1,,,,,,,,false
-0.22448979591836737,-1.7820512820512822,1.0,0.0001,0.0,1.0,256,50.0,auto,auto,periodic,"Simulation diverged at t=0: eigenvalue Re(λ)=1.777e+00 predicts growth factor 3.86e+38 over Δt=50.0, exceeding threshold 1e+08. The system is physically unstable.",diverged,"Simulation diverged at t=0: eigenvalue Re(λ)=1.777e+00 predicts growth factor 3.86e+38 over Δt=50.0, exceeding threshold 1e+08. The system is physically unstable.",-1,,,,,,,,false
-0.22448979591836737,-1.717948717948718,1.0,0.0001,0.0,1.0,256,50.0,auto,auto,periodic,,success,,0,1864.9442975658062,50.0,1864.9442975658062,0.91,1.8649e+11,,,false
-0.22448979591836737,-1.653846153846154,1.0,0.0001,0.0,1.0,256,50.0,auto,auto,periodic,,success,,0,4.163081620568558e-12,50.0,4.163081620568558e-12,0.99,4.1631e-04,6.660944e-07,-6.1765,true
-0.22448979591836737,-1.5897435897435899,1.0,0.0001,0.0,1.0,256,50.0,auto,auto,periodic,,success,,0,1.956439056816363e-10,46.0,7.221705394850395e-11,0.94,1.9564e-02,3.130309e-05,-4.5044,true
-0.22448979591836737,-1.5256410256410258,1.0,0.0001,0.0,1.0,256,50.0,auto,auto,periodic,,success,,0,7.490036157543072e-10,49.0,7.008434528255059e-10,1.12,7.4900e-02,1.198408e-04,-3.9214,true
-0.22448979591836737,-1.4615384615384617,1.0,0.0001,0.0,1.0,256,50.0,auto,auto,periodic,,success,,0,1.592485599959203e-09,41.5,9.608430462349837e-10,0.97,1.5925e-01,2.547982e-04,-3.5938,true
-0.22448979591836737,-1.3974358974358976,1.0,0.0001,0.0,1.0,256,50.0,auto,auto,periodic,,success,,0,2.7545350598909476e-09,44.5,4.484965638534658e-10,1.72,2.7545e-01,4.407265e-04,-3.3558,true
-0.22448979591836737,-1.3333333333333335,1.0,0.0001,0.0,1.0,256,50.0,auto,auto,periodic,,success,,0,4.194845874619708e-09,33.5,2.6536070325693393e-09,1.03,4.1948e-01,6.711767e-04,-3.1732,true
-0.22448979591836737,-1.2692307692307694,1.0,0.0001,0.0,1.0,256,50.0,auto,auto,periodic,,success,,0,6.018938105635929e-09,49.5,5.85766012376642e-09,1.1,6.0189e-01,9.630321e-04,-3.0164,true
-0.22448979591836737,-1.2051282051282053,1.0,0.0001,0.0,1.0,256,50.0,auto,auto,periodic,,success,,0,7.965116349424258e-09,22.5,6.331337522142935e-09,1.2,7.9651e-01,1.274421e-03,-2.8947,true
-0.22448979591836737,-1.1410256410256412,1.0,0.0001,0.0,1.0,256,50.0,auto,auto,periodic,,success,,0,1.042424895828449e-08,40.0,3.504638219025332e-09,1.09,1.0424e+00,1.667883e-03,-2.7778,true
-0.22448979591836737,-1.076923076923077,1.0,0.0001,0.0,1.0,256,50.0,auto,auto,periodic,,success,,0,1.3233489560057067e-08,41.5,1.2754946080462339e-09,1.22,1.3233e+00,2.117363e-03,-2.6742,true
-0.22448979591836737,-1.012820512820513,1.0,0.0001,0.0,1.0,256,50.0,auto,auto,periodic,,success,,0,1.6140157310738382e-08,43.0,3.7209310796685303e-09,1.17,1.6140e+00,2.582431e-03,-2.5880,true
-0.22448979591836737,-0.9487179487179489,1.0,0.0001,0.0,1.0,256,50.0,auto,auto,periodic,,success,,0,1.9445862394147846e-08,46.0,1.0818635319476653e-08,1.11,1.9446e+00,3.111344e-03,-2.5071,true
-0.22448979591836737,-0.884615384615385,1.0,0.0001,0.0,1.0,256,50.0,auto,auto,periodic,,success,,0,2.3234986990108516e-08,47.5,1.9539287886772434e-08,1.03,2.3235e+00,3.717606e-03,-2.4297,true
-0.22448979591836737,-0.8205128205128207,1.0,0.0001,0.0,1.0,256,50.0,auto,auto,periodic,,success,,0,2.7087508940423147e-08,49.5,2.6550068987756703e-08,1.0,2.7088e+00,4.334010e-03,-2.3631,true
-0.22448979591836737,-0.7564102564102564,1.0,0.0001,0.0,1.0,256,50.0,auto,auto,periodic,,success,,0,3.11984333289137e-08,30.5,2.9604772042006875e-08,1.29,3.1198e+00,4.991760e-03,-2.3017,true
-0.22448979591836737,-0.6923076923076925,1.0,0.0001,0.0,1.0,256,50.0,auto,auto,periodic,,success,,0,3.5890069363644146e-08,32.0,2.7976784908229797e-08,1.0,3.5890e+00,5.742423e-03,-2.2409,true
-0.22448979591836737,-0.6282051282051286,1.0,0.0001,0.0,1.0,256,50.0,auto,auto,periodic,,success,,0,4.0714195233557506e-08,33.5,2.2481442805941668e-08,1.05,4.0714e+00,6.514285e-03,-2.1861,true
-0.22448979591836737,-0.5641025641025643,1.0,0.0001,0.0,1.0,256,50.0,auto,auto,periodic,,success,,0,4.5814622776122415e-08,11.5,1.509226511116749e-08,1.08,4.5815e+00,7.330355e-03,-2.1349,true
-0.22448979591836737,-0.5,1.0,0.0001,0.0,1.0,256,50.0,auto,auto,periodic,,success,,0,5.126831471966684e-08,12.0,8.240023785259811e-09,1.46,5.1268e+00,8.202947e-03,-2.0860,true
-0.1836734693877552,-3.0,1.0,0.0001,0.0,1.0,256,50.0,auto,auto,periodic,"Simulation diverged at t=0: eigenvalue Re(λ)=1.486e+01 predicts growth factor 1.01e+304 over Δt=50.0, exceeding threshold 1e+08. The system is physically unstable.",diverged,"Simulation diverged at t=0: eigenvalue Re(λ)=1.486e+01 predicts growth factor 1.01e+304 over Δt=50.0, exceeding threshold 1e+08. The system is physically unstable.",-1,,,,,,,,false
-0.1836734693877552,-2.935897435897436,1.0,0.0001,0.0,1.0,256,50.0,auto,auto,periodic,"Simulation diverged at t=0: eigenvalue Re(λ)=1.184e+01 predicts growth factor 1.06e+257 over Δt=50.0, exceeding threshold 1e+08. The system is physically unstable.",diverged,"Simulation diverged at t=0: eigenvalue Re(λ)=1.184e+01 predicts growth factor 1.06e+257 over Δt=50.0, exceeding threshold 1e+08. The system is physically unstable.",-1,,,,,,,,false
-0.1836734693877552,-2.871794871794872,1.0,0.0001,0.0,1.0,256,50.0,auto,auto,periodic,"Simulation diverged at t=0: eigenvalue Re(λ)=3.089e+01 predicts growth factor 1.01e+304 over Δt=50.0, exceeding threshold 1e+08. The system is physically unstable.",diverged,"Simulation diverged at t=0: eigenvalue Re(λ)=3.089e+01 predicts growth factor 1.01e+304 over Δt=50.0, exceeding threshold 1e+08. The system is physically unstable.",-1,,,,,,,,false
-0.1836734693877552,-2.8076923076923075,1.0,0.0001,0.0,1.0,256,50.0,auto,auto,periodic,"Simulation diverged at t=0: eigenvalue Re(λ)=1.490e+01 predicts growth factor 1.01e+304 over Δt=50.0, exceeding threshold 1e+08. The system is physically unstable.",diverged,"Simulation diverged at t=0: eigenvalue Re(λ)=1.490e+01 predicts growth factor 1.01e+304 over Δt=50.0, exceeding threshold 1e+08. The system is physically unstable.",-1,,,,,,,,false
-0.1836734693877552,-2.7435897435897436,1.0,0.0001,0.0,1.0,256,50.0,auto,auto,periodic,"Simulation diverged at t=0: eigenvalue Re(λ)=1.050e+01 predicts growth factor 1.15e+228 over Δt=50.0, exceeding threshold 1e+08. The system is physically unstable.",diverged,"Simulation diverged at t=0: eigenvalue Re(λ)=1.050e+01 predicts growth factor 1.15e+228 over Δt=50.0, exceeding threshold 1e+08. The system is physically unstable.",-1,,,,,,,,false
-0.1836734693877552,-2.6794871794871797,1.0,0.0001,0.0,1.0,256,50.0,auto,auto,periodic,"Simulation diverged at t=0: eigenvalue Re(λ)=1.891e+01 predicts growth factor 1.01e+304 over Δt=50.0, exceeding threshold 1e+08. The system is physically unstable.",diverged,"Simulation diverged at t=0: eigenvalue Re(λ)=1.891e+01 predicts growth factor 1.01e+304 over Δt=50.0, exceeding threshold 1e+08. The system is physically unstable.",-1,,,,,,,,false
-0.1836734693877552,-2.6153846153846154,1.0,0.0001,0.0,1.0,256,50.0,auto,auto,periodic,"Simulation diverged at t=0: eigenvalue Re(λ)=1.033e+01 predicts growth factor 2.49e+224 over Δt=50.0, exceeding threshold 1e+08. The system is physically unstable.",diverged,"Simulation diverged at t=0: eigenvalue Re(λ)=1.033e+01 predicts growth factor 2.49e+224 over Δt=50.0, exceeding threshold 1e+08. The system is physically unstable.",-1,,,,,,,,false
-0.1836734693877552,-2.551282051282051,1.0,0.0001,0.0,1.0,256,50.0,auto,auto,periodic,"Simulation diverged at t=0: eigenvalue Re(λ)=1.758e+01 predicts growth factor 1.01e+304 over Δt=50.0, exceeding threshold 1e+08. The system is physically unstable.",diverged,"Simulation diverged at t=0: eigenvalue Re(λ)=1.758e+01 predicts growth factor 1.01e+304 over Δt=50.0, exceeding threshold 1e+08. The system is physically unstable.",-1,,,,,,,,false
-0.1836734693877552,-2.4871794871794872,1.0,0.0001,0.0,1.0,256,50.0,auto,auto,periodic,"Simulation diverged at t=0: eigenvalue Re(λ)=8.638e+00 predicts growth factor 3.67e+187 over Δt=50.0, exceeding threshold 1e+08. The system is physically unstable.",diverged,"Simulation diverged at t=0: eigenvalue Re(λ)=8.638e+00 predicts growth factor 3.67e+187 over Δt=50.0, exceeding threshold 1e+08. The system is physically unstable.",-1,,,,,,,,false
-0.1836734693877552,-2.4230769230769234,1.0,0.0001,0.0,1.0,256,50.0,auto,auto,periodic,"Simulation diverged at t=0: eigenvalue Re(λ)=1.080e+01 predicts growth factor 2.90e+234 over Δt=50.0, exceeding threshold 1e+08. The system is physically unstable.",diverged,"Simulation diverged at t=0: eigenvalue Re(λ)=1.080e+01 predicts growth factor 2.90e+234 over Δt=50.0, exceeding threshold 1e+08. The system is physically unstable.",-1,,,,,,,,false
-0.1836734693877552,-2.358974358974359,1.0,0.0001,0.0,1.0,256,50.0,auto,auto,periodic,"Simulation diverged at t=0: eigenvalue Re(λ)=1.565e+01 predicts growth factor 1.01e+304 over Δt=50.0, exceeding threshold 1e+08. The system is physically unstable.",diverged,"Simulation diverged at t=0: eigenvalue Re(λ)=1.565e+01 predicts growth factor 1.01e+304 over Δt=50.0, exceeding threshold 1e+08. The system is physically unstable.",-1,,,,,,,,false
-0.1836734693877552,-2.2948717948717947,1.0,0.0001,0.0,1.0,256,50.0,auto,auto,periodic,"Simulation diverged at t=0: eigenvalue Re(λ)=4.594e+01 predicts growth factor 1.01e+304 over Δt=50.0, exceeding threshold 1e+08. The system is physically unstable.",diverged,"Simulation diverged at t=0: eigenvalue Re(λ)=4.594e+01 predicts growth factor 1.01e+304 over Δt=50.0, exceeding threshold 1e+08. The system is physically unstable.",-1,,,,,,,,false
-0.1836734693877552,-2.230769230769231,1.0,0.0001,0.0,1.0,256,50.0,auto,auto,periodic,"Simulation diverged at t=0: eigenvalue Re(λ)=5.962e+00 predicts growth factor 2.95e+129 over Δt=50.0, exceeding threshold 1e+08. The system is physically unstable.",diverged,"Simulation diverged at t=0: eigenvalue Re(λ)=5.962e+00 predicts growth factor 2.95e+129 over Δt=50.0, exceeding threshold 1e+08. The system is physically unstable.",-1,,,,,,,,false
-0.1836734693877552,-2.166666666666667,1.0,0.0001,0.0,1.0,256,50.0,auto,auto,periodic,"Simulation diverged at t=0: eigenvalue Re(λ)=2.921e+01 predicts growth factor 1.01e+304 over Δt=50.0, exceeding threshold 1e+08. The system is physically unstable.",diverged,"Simulation diverged at t=0: eigenvalue Re(λ)=2.921e+01 predicts growth factor 1.01e+304 over Δt=50.0, exceeding threshold 1e+08. The system is physically unstable.",-1,,,,,,,,false
-0.1836734693877552,-2.1025641025641026,1.0,0.0001,0.0,1.0,256,50.0,auto,auto,periodic,"Simulation diverged at t=0: eigenvalue Re(λ)=9.200e+00 predicts growth factor 6.06e+199 over Δt=50.0, exceeding threshold 1e+08. The system is physically unstable.",diverged,"Simulation diverged at t=0: eigenvalue Re(λ)=9.200e+00 predicts growth factor 6.06e+199 over Δt=50.0, exceeding threshold 1e+08. The system is physically unstable.",-1,,,,,,,,false
-0.1836734693877552,-2.0384615384615383,1.0,0.0001,0.0,1.0,256,50.0,auto,auto,periodic,"Simulation diverged at t=0: eigenvalue Re(λ)=5.003e+00 predicts growth factor 4.43e+108 over Δt=50.0, exceeding threshold 1e+08. The system is physically unstable.",diverged,"Simulation diverged at t=0: eigenvalue Re(λ)=5.003e+00 predicts growth factor 4.43e+108 over Δt=50.0, exceeding threshold 1e+08. The system is physically unstable.",-1,,,,,,,,false
-0.1836734693877552,-1.9743589743589745,1.0,0.0001,0.0,1.0,256,50.0,auto,auto,periodic,"Simulation diverged at t=0: eigenvalue Re(λ)=5.357e+00 predicts growth factor 2.12e+116 over Δt=50.0, exceeding threshold 1e+08. The system is physically unstable.",diverged,"Simulation diverged at t=0: eigenvalue Re(λ)=5.357e+00 predicts growth factor 2.12e+116 over Δt=50.0, exceeding threshold 1e+08. The system is physically unstable.",-1,,,,,,,,false
-0.1836734693877552,-1.9102564102564104,1.0,0.0001,0.0,1.0,256,50.0,auto,auto,periodic,"Simulation diverged at t=0: eigenvalue Re(λ)=3.827e+00 predicts growth factor 1.28e+83 over Δt=50.0, exceeding threshold 1e+08. The system is physically unstable.",diverged,"Simulation diverged at t=0: eigenvalue Re(λ)=3.827e+00 predicts growth factor 1.28e+83 over Δt=50.0, exceeding threshold 1e+08. The system is physically unstable.",-1,,,,,,,,false
-0.1836734693877552,-1.8461538461538463,1.0,0.0001,0.0,1.0,256,50.0,auto,auto,periodic,"Simulation diverged at t=0: eigenvalue Re(λ)=3.230e+00 predicts growth factor 1.39e+70 over Δt=50.0, exceeding threshold 1e+08. The system is physically unstable.",diverged,"Simulation diverged at t=0: eigenvalue Re(λ)=3.230e+00 predicts growth factor 1.39e+70 over Δt=50.0, exceeding threshold 1e+08. The system is physically unstable.",-1,,,,,,,,false
-0.1836734693877552,-1.7820512820512822,1.0,0.0001,0.0,1.0,256,50.0,auto,auto,periodic,"Simulation diverged at t=0: eigenvalue Re(λ)=3.193e+00 predicts growth factor 2.17e+69 over Δt=50.0, exceeding threshold 1e+08. The system is physically unstable.",diverged,"Simulation diverged at t=0: eigenvalue Re(λ)=3.193e+00 predicts growth factor 2.17e+69 over Δt=50.0, exceeding threshold 1e+08. The system is physically unstable.",-1,,,,,,,,false
-0.1836734693877552,-1.717948717948718,1.0,0.0001,0.0,1.0,256,50.0,auto,auto,periodic,,success,,0,0.16671491260735005,50.0,0.16671491260735005,1.08,1.6671e+07,,,false
-0.1836734693877552,-1.653846153846154,1.0,0.0001,0.0,1.0,256,50.0,auto,auto,periodic,,success,,0,1.084365915307026e-10,44.5,4.0959497636791605e-11,1.06,1.0844e-02,1.734989e-05,-4.7607,true
-0.1836734693877552,-1.5897435897435899,1.0,0.0001,0.0,1.0,256,50.0,auto,auto,periodic,,success,,0,8.815126690444335e-10,50.0,8.815126690444335e-10,0.98,8.8151e-02,1.410423e-04,-3.8507,true
-0.1836734693877552,-1.5256410256410258,1.0,0.0001,0.0,1.0,256,50.0,auto,auto,periodic,,success,,0,2.4176526591804e-09,43.0,4.333798752080895e-10,0.98,2.4177e-01,3.868252e-04,-3.4125,true
-0.1836734693877552,-1.4615384615384617,1.0,0.0001,0.0,1.0,256,50.0,auto,auto,periodic,,success,,0,4.652751466316053e-09,47.5,3.434479579902319e-09,1.0,4.6528e-01,7.444418e-04,-3.1282,true
-0.1836734693877552,-1.3974358974358976,1.0,0.0001,0.0,1.0,256,50.0,auto,auto,periodic,,success,,0,7.405818900035051e-09,37.0,6.596635210845075e-09,0.96,7.4058e-01,1.184933e-03,-2.9263,true
-0.1836734693877552,-1.3333333333333335,1.0,0.0001,0.0,1.0,256,50.0,auto,auto,periodic,,success,,0,1.1038697271334241e-08,40.0,2.8094916623313514e-09,0.97,1.1039e+00,1.766195e-03,-2.7530,true
-0.1836734693877552,-1.2692307692307694,1.0,0.0001,0.0,1.0,256,50.0,auto,auto,periodic,,success,,0,1.5346353282202404e-08,43.0,2.4263150311117187e-09,0.94,1.5346e+00,2.455422e-03,-2.6099,true
-0.1836734693877552,-1.2051282051282053,1.0,0.0001,0.0,1.0,256,50.0,auto,auto,periodic,,success,,0,2.029702848640544e-08,46.0,1.2526825675527763e-08,1.45,2.0297e+00,3.247531e-03,-2.4884,true
-0.1836734693877552,-1.1410256410256412,1.0,0.0001,0.0,1.0,256,50.0,auto,auto,periodic,,success,,0,2.5870764567423872e-08,49.0,2.4731736055628298e-08,1.23,2.5871e+00,4.139331e-03,-2.3831,true
-0.1836734693877552,-1.076923076923077,1.0,0.0001,0.0,1.0,256,50.0,auto,auto,periodic,,success,,0,3.192973309912738e-08,10.0,2.9652064858566188e-08,1.11,3.1930e+00,5.108768e-03,-2.2917,true
-0.1836734693877552,-1.012820512820513,1.0,0.0001,0.0,1.0,256,50.0,auto,auto,periodic,,success,,0,3.884867256766856e-08,33.5,2.4562970573469238e-08,1.16,3.8849e+00,6.215801e-03,-2.2065,true
-0.1836734693877552,-0.9487179487179489,1.0,0.0001,0.0,1.0,256,50.0,auto,auto,periodic,,success,,0,4.674724350529807e-08,11.5,1.3802085916034192e-08,1.54,4.6747e+00,7.479575e-03,-2.1261,true
-0.1836734693877552,-0.884615384615385,1.0,0.0001,0.0,1.0,256,50.0,auto,auto,periodic,,success,,0,5.520499826796553e-08,36.5,5.070445624134799e-09,1.24,5.5205e+00,8.832818e-03,-2.0539,true
-0.1836734693877552,-0.8205128205128207,1.0,0.0001,0.0,1.0,256,50.0,auto,auto,periodic,,success,,0,6.426234210348778e-08,38.5,4.561276264078811e-09,0.99,6.4262e+00,1.028200e-02,-1.9879,true
-0.1836734693877552,-0.7564102564102564,1.0,0.0001,0.0,1.0,256,50.0,auto,auto,periodic,,success,,0,7.415616559245302e-08,40.0,1.4517418751463986e-08,1.02,7.4156e+00,1.186501e-02,-1.9257,true
-0.1836734693877552,-0.6923076923076925,1.0,0.0001,0.0,1.0,256,50.0,auto,auto,periodic,,success,,0,8.459199734310271e-08,41.5,3.360738448983367e-08,1.01,8.4592e+00,1.353475e-02,-1.8685,true
-0.1836734693877552,-0.6282051282051286,1.0,0.0001,0.0,1.0,256,50.0,auto,auto,periodic,,success,,0,9.580658009942015e-08,15.0,5.849386916669584e-08,1.31,9.5807e+00,1.532908e-02,-1.8145,true
-0.1836734693877552,-0.5641025641025643,1.0,0.0001,0.0,1.0,256,50.0,auto,auto,periodic,,success,,0,1.0788415480472822e-07,15.0,8.528812208576078e-08,1.11,1.0788e+01,1.726150e-02,-1.7629,true
-0.1836734693877552,-0.5,1.0,0.0001,0.0,1.0,256,50.0,auto,auto,periodic,,success,,0,1.2013324311723208e-07,47.5,1.1046940530741358e-07,1.03,1.2013e+01,1.922136e-02,-1.7162,true
-0.1428571428571429,-3.0,1.0,0.0001,0.0,1.0,256,50.0,auto,auto,periodic,"Simulation diverged at t=0: eigenvalue Re(λ)=1.873e+01 predicts growth factor 1.01e+304 over Δt=50.0, exceeding threshold 1e+08. The system is physically unstable.",diverged,"Simulation diverged at t=0: eigenvalue Re(λ)=1.873e+01 predicts growth factor 1.01e+304 over Δt=50.0, exceeding threshold 1e+08. The system is physically unstable.",-1,,,,,,,,false
-0.1428571428571429,-2.935897435897436,1.0,0.0001,0.0,1.0,256,50.0,auto,auto,periodic,"Simulation diverged at t=0: eigenvalue Re(λ)=2.634e+01 predicts growth factor 1.01e+304 over Δt=50.0, exceeding threshold 1e+08. The system is physically unstable.",diverged,"Simulation diverged at t=0: eigenvalue Re(λ)=2.634e+01 predicts growth factor 1.01e+304 over Δt=50.0, exceeding threshold 1e+08. The system is physically unstable.",-1,,,,,,,,false
-0.1428571428571429,-2.871794871794872,1.0,0.0001,0.0,1.0,256,50.0,auto,auto,periodic,"Simulation diverged at t=0: eigenvalue Re(λ)=4.744e+02 predicts growth factor 1.01e+304 over Δt=50.0, exceeding threshold 1e+08. The system is physically unstable.",diverged,"Simulation diverged at t=0: eigenvalue Re(λ)=4.744e+02 predicts growth factor 1.01e+304 over Δt=50.0, exceeding threshold 1e+08. The system is physically unstable.",-1,,,,,,,,false
-0.1428571428571429,-2.8076923076923075,1.0,0.0001,0.0,1.0,256,50.0,auto,auto,periodic,"Simulation diverged at t=0: eigenvalue Re(λ)=1.672e+01 predicts growth factor 1.01e+304 over Δt=50.0, exceeding threshold 1e+08. The system is physically unstable.",diverged,"Simulation diverged at t=0: eigenvalue Re(λ)=1.672e+01 predicts growth factor 1.01e+304 over Δt=50.0, exceeding threshold 1e+08. The system is physically unstable.",-1,,,,,,,,false
-0.1428571428571429,-2.7435897435897436,1.0,0.0001,0.0,1.0,256,50.0,auto,auto,periodic,"Simulation diverged at t=0: eigenvalue Re(λ)=1.960e+01 predicts growth factor 1.01e+304 over Δt=50.0, exceeding threshold 1e+08. The system is physically unstable.",diverged,"Simulation diverged at t=0: eigenvalue Re(λ)=1.960e+01 predicts growth factor 1.01e+304 over Δt=50.0, exceeding threshold 1e+08. The system is physically unstable.",-1,,,,,,,,false
-0.1428571428571429,-2.6794871794871797,1.0,0.0001,0.0,1.0,256,50.0,auto,auto,periodic,"Simulation diverged at t=0: eigenvalue Re(λ)=2.370e+01 predicts growth factor 1.01e+304 over Δt=50.0, exceeding threshold 1e+08. The system is physically unstable.",diverged,"Simulation diverged at t=0: eigenvalue Re(λ)=2.370e+01 predicts growth factor 1.01e+304 over Δt=50.0, exceeding threshold 1e+08. The system is physically unstable.",-1,,,,,,,,false
-0.1428571428571429,-2.6153846153846154,1.0,0.0001,0.0,1.0,256,50.0,auto,auto,periodic,"Simulation diverged at t=0: eigenvalue Re(λ)=2.883e+01 predicts growth factor 1.01e+304 over Δt=50.0, exceeding threshold 1e+08. The system is physically unstable.",diverged,"Simulation diverged at t=0: eigenvalue Re(λ)=2.883e+01 predicts growth factor 1.01e+304 over Δt=50.0, exceeding threshold 1e+08. The system is physically unstable.",-1,,,,,,,,false
-0.1428571428571429,-2.551282051282051,1.0,0.0001,0.0,1.0,256,50.0,auto,auto,periodic,"Simulation diverged at t=0: eigenvalue Re(λ)=3.139e+01 predicts growth factor 1.01e+304 over Δt=50.0, exceeding threshold 1e+08. The system is physically unstable.",diverged,"Simulation diverged at t=0: eigenvalue Re(λ)=3.139e+01 predicts growth factor 1.01e+304 over Δt=50.0, exceeding threshold 1e+08. The system is physically unstable.",-1,,,,,,,,false
-0.1428571428571429,-2.4871794871794872,1.0,0.0001,0.0,1.0,256,50.0,auto,auto,periodic,"Simulation diverged at t=0: eigenvalue Re(λ)=2.633e+01 predicts growth factor 1.01e+304 over Δt=50.0, exceeding threshold 1e+08. The system is physically unstable.",diverged,"Simulation diverged at t=0: eigenvalue Re(λ)=2.633e+01 predicts growth factor 1.01e+304 over Δt=50.0, exceeding threshold 1e+08. The system is physically unstable.",-1,,,,,,,,false
-0.1428571428571429,-2.4230769230769234,1.0,0.0001,0.0,1.0,256,50.0,auto,auto,periodic,"Simulation diverged at t=0: eigenvalue Re(λ)=1.876e+01 predicts growth factor 1.01e+304 over Δt=50.0, exceeding threshold 1e+08. The system is physically unstable.",diverged,"Simulation diverged at t=0: eigenvalue Re(λ)=1.876e+01 predicts growth factor 1.01e+304 over Δt=50.0, exceeding threshold 1e+08. The system is physically unstable.",-1,,,,,,,,false
-0.1428571428571429,-2.358974358974359,1.0,0.0001,0.0,1.0,256,50.0,auto,auto,periodic,"Simulation diverged at t=0: eigenvalue Re(λ)=1.314e+01 predicts growth factor 2.60e+285 over Δt=50.0, exceeding threshold 1e+08. The system is physically unstable.",diverged,"Simulation diverged at t=0: eigenvalue Re(λ)=1.314e+01 predicts growth factor 2.60e+285 over Δt=50.0, exceeding threshold 1e+08. The system is physically unstable.",-1,,,,,,,,false
-0.1428571428571429,-2.2948717948717947,1.0,0.0001,0.0,1.0,256,50.0,auto,auto,periodic,"Simulation diverged at t=0: eigenvalue Re(λ)=9.428e+00 predicts growth factor 5.31e+204 over Δt=50.0, exceeding threshold 1e+08. The system is physically unstable.",diverged,"Simulation diverged at t=0: eigenvalue Re(λ)=9.428e+00 predicts growth factor 5.31e+204 over Δt=50.0, exceeding threshold 1e+08. The system is physically unstable.",-1,,,,,,,,false
-0.1428571428571429,-2.230769230769231,1.0,0.0001,0.0,1.0,256,50.0,auto,auto,periodic,"Simulation diverged at t=0: eigenvalue Re(λ)=1.328e+01 predicts growth factor 2.96e+288 over Δt=50.0, exceeding threshold 1e+08. The system is physically unstable.",diverged,"Simulation diverged at t=0: eigenvalue Re(λ)=1.328e+01 predicts growth factor 2.96e+288 over Δt=50.0, exceeding threshold 1e+08. The system is physically unstable.",-1,,,,,,,,false
-0.1428571428571429,-2.166666666666667,1.0,0.0001,0.0,1.0,256,50.0,auto,auto,periodic,"Simulation diverged at t=0: eigenvalue Re(λ)=3.569e+01 predicts growth factor 1.01e+304 over Δt=50.0, exceeding threshold 1e+08. The system is physically unstable.",diverged,"Simulation diverged at t=0: eigenvalue Re(λ)=3.569e+01 predicts growth factor 1.01e+304 over Δt=50.0, exceeding threshold 1e+08. The system is physically unstable.",-1,,,,,,,,false
-0.1428571428571429,-2.1025641025641026,1.0,0.0001,0.0,1.0,256,50.0,auto,auto,periodic,"Simulation diverged at t=0: eigenvalue Re(λ)=6.877e+00 predicts growth factor 2.19e+149 over Δt=50.0, exceeding threshold 1e+08. The system is physically unstable.",diverged,"Simulation diverged at t=0: eigenvalue Re(λ)=6.877e+00 predicts growth factor 2.19e+149 over Δt=50.0, exceeding threshold 1e+08. The system is physically unstable.",-1,,,,,,,,false
-0.1428571428571429,-2.0384615384615383,1.0,0.0001,0.0,1.0,256,50.0,auto,auto,periodic,"Simulation diverged at t=0: eigenvalue Re(λ)=2.033e+01 predicts growth factor 1.01e+304 over Δt=50.0, exceeding threshold 1e+08. The system is physically unstable.",diverged,"Simulation diverged at t=0: eigenvalue Re(λ)=2.033e+01 predicts growth factor 1.01e+304 over Δt=50.0, exceeding threshold 1e+08. The system is physically unstable.",-1,,,,,,,,false
-0.1428571428571429,-1.9743589743589745,1.0,0.0001,0.0,1.0,256,50.0,auto,auto,periodic,"Simulation diverged at t=0: eigenvalue Re(λ)=6.339e+00 predicts growth factor 4.54e+137 over Δt=50.0, exceeding threshold 1e+08. The system is physically unstable.",diverged,"Simulation diverged at t=0: eigenvalue Re(λ)=6.339e+00 predicts growth factor 4.54e+137 over Δt=50.0, exceeding threshold 1e+08. The system is physically unstable.",-1,,,,,,,,false
-0.1428571428571429,-1.9102564102564104,1.0,0.0001,0.0,1.0,256,50.0,auto,auto,periodic,"Simulation diverged at t=0: eigenvalue Re(λ)=4.864e+00 predicts growth factor 4.12e+105 over Δt=50.0, exceeding threshold 1e+08. The system is physically unstable.",diverged,"Simulation diverged at t=0: eigenvalue Re(λ)=4.864e+00 predicts growth factor 4.12e+105 over Δt=50.0, exceeding threshold 1e+08. The system is physically unstable.",-1,,,,,,,,false
-0.1428571428571429,-1.8461538461538463,1.0,0.0001,0.0,1.0,256,50.0,auto,auto,periodic,"Simulation diverged at t=0: eigenvalue Re(λ)=3.622e+00 predicts growth factor 4.56e+78 over Δt=50.0, exceeding threshold 1e+08. The system is physically unstable.",diverged,"Simulation diverged at t=0: eigenvalue Re(λ)=3.622e+00 predicts growth factor 4.56e+78 over Δt=50.0, exceeding threshold 1e+08. The system is physically unstable.",-1,,,,,,,,false
-0.1428571428571429,-1.7820512820512822,1.0,0.0001,0.0,1.0,256,50.0,auto,auto,periodic,"Simulation diverged at t=0: eigenvalue Re(λ)=1.128e+01 predicts growth factor 1.02e+245 over Δt=50.0, exceeding threshold 1e+08. The system is physically unstable.",diverged,"Simulation diverged at t=0: eigenvalue Re(λ)=1.128e+01 predicts growth factor 1.02e+245 over Δt=50.0, exceeding threshold 1e+08. The system is physically unstable.",-1,,,,,,,,false
-0.1428571428571429,-1.717948717948718,1.0,0.0001,0.0,1.0,256,50.0,auto,auto,periodic,,success,,0,1.3883848686630515e-08,50.0,1.3883848686630515e-08,1.22,1.3884e+00,2.221420e-03,-2.6534,true
-0.1428571428571429,-1.653846153846154,1.0,0.0001,0.0,1.0,256,50.0,auto,auto,periodic,,success,,0,8.630196424810927e-10,49.5,8.602089652873209e-10,0.95,8.6302e-02,1.380834e-04,-3.8599,true
-0.1428571428571429,-1.5897435897435899,1.0,0.0001,0.0,1.0,256,50.0,auto,auto,periodic,,success,,0,3.761078613385543e-09,46.0,1.61517219598568e-09,1.01,3.7611e-01,6.017738e-04,-3.2206,true
-0.1428571428571429,-1.5256410256410258,1.0,0.0001,0.0,1.0,256,50.0,auto,auto,periodic,,success,,0,8.319801570533463e-09,38.0,6.080873872115331e-09,1.0,8.3198e-01,1.331171e-03,-2.8758,true
-0.1428571428571429,-1.4615384615384617,1.0,0.0001,0.0,1.0,256,50.0,auto,auto,periodic,,success,,0,1.503473917102967e-08,43.0,2.121371818322401e-09,1.16,1.5035e+00,2.405563e-03,-2.6188,true
-0.1428571428571429,-1.3974358974358976,1.0,0.0001,0.0,1.0,256,50.0,auto,auto,periodic,,success,,0,2.3545242384203366e-08,47.5,2.0214963060498915e-08,0.94,2.3545e+00,3.767247e-03,-2.4240,true
-0.1428571428571429,-1.3333333333333335,1.0,0.0001,0.0,1.0,256,50.0,auto,auto,periodic,,success,,0,3.364928260859712e-08,32.0,2.9268072909813154e-08,1.03,3.3649e+00,5.383896e-03,-2.2689,true
-0.1428571428571429,-1.2692307692307694,1.0,0.0001,0.0,1.0,256,50.0,auto,auto,periodic,,success,,0,4.5924685355509977e-08,11.5,1.4938807706380655e-08,1.06,4.5925e+00,7.347965e-03,-2.1338,true
-0.1428571428571429,-1.2051282051282053,1.0,0.0001,0.0,1.0,256,50.0,auto,auto,periodic,,success,,0,5.981189087288949e-08,37.0,3.5321677038836815e-09,1.08,5.9812e+00,9.569922e-03,-2.0191,true
-0.1428571428571429,-1.1410256410256412,1.0,0.0001,0.0,1.0,256,50.0,auto,auto,periodic,,success,,0,7.6247912068441e-08,13.5,1.7761750101481115e-08,1.11,7.6248e+00,1.219969e-02,-1.9137,true
-0.1428571428571429,-1.076923076923077,1.0,0.0001,0.0,1.0,256,50.0,auto,auto,periodic,,success,,0,9.416209756423555e-08,43.0,5.473208263673699e-08,1.0,9.4162e+00,1.506597e-02,-1.8220,true
-0.1428571428571429,-1.012820512820513,1.0,0.0001,0.0,1.0,256,50.0,auto,auto,periodic,,success,,0,1.1406274425694145e-07,46.0,9.852928886903972e-08,1.06,1.1406e+01,1.825008e-02,-1.7387,true
-0.1428571428571429,-0.9487179487179489,1.0,0.0001,0.0,1.0,256,50.0,auto,auto,periodic,,success,,0,1.3618648756439583e-07,16.5,1.3419610696198636e-07,1.15,1.3619e+01,2.178988e-02,-1.6617,true
-0.1428571428571429,-0.884615384615385,1.0,0.0001,0.0,1.0,256,50.0,auto,auto,periodic,,success,,0,1.5954948115905748e-07,18.0,1.5312521242213813e-07,1.08,1.5955e+01,2.552797e-02,-1.5930,true
-0.1428571428571429,-0.8205128205128207,1.0,0.0001,0.0,1.0,256,50.0,auto,auto,periodic,,success,,0,1.8545106500649154e-07,18.0,1.5331517702436781e-07,1.15,1.8545e+01,2.967223e-02,-1.5276,true
-0.1428571428571429,-0.7564102564102564,1.0,0.0001,0.0,1.0,256,50.0,auto,auto,periodic,,success,,0,2.132450712862476e-07,19.5,1.3760452519188112e-07,1.03,2.1325e+01,3.411928e-02,-1.4670,true
-0.1428571428571429,-0.6923076923076925,1.0,0.0001,0.0,1.0,256,50.0,auto,auto,periodic,,success,,0,2.4212394182410604e-07,21.0,1.1145028079174441e-07,1.1,2.4212e+01,3.873991e-02,-1.4118,true
-0.1428571428571429,-0.6282051282051286,1.0,0.0001,0.0,1.0,256,50.0,auto,auto,periodic,,success,,0,2.740301203879241e-07,21.0,8.104513844339434e-08,1.0,2.7403e+01,4.384491e-02,-1.3581,true
-0.1428571428571429,-0.5641025641025643,1.0,0.0001,0.0,1.0,256,50.0,auto,auto,periodic,,success,,0,3.0740069842677634e-07,22.5,5.2073537687406433e-08,1.0,3.0740e+01,4.918421e-02,-1.3082,true
-0.1428571428571429,-0.5,1.0,0.0001,0.0,1.0,256,50.0,auto,auto,periodic,,success,,0,3.4218342904023307e-07,23.0,2.9082981790171388e-08,0.97,3.4218e+01,5.474946e-02,-1.2616,true
-0.10204081632653073,-3.0,1.0,0.0001,0.0,1.0,256,50.0,auto,auto,periodic,"Simulation diverged at t=0: eigenvalue Re(λ)=2.884e+01 predicts growth factor 1.01e+304 over Δt=50.0, exceeding threshold 1e+08. The system is physically unstable.",diverged,"Simulation diverged at t=0: eigenvalue Re(λ)=2.884e+01 predicts growth factor 1.01e+304 over Δt=50.0, exceeding threshold 1e+08. The system is physically unstable.",-1,,,,,,,,false
-0.10204081632653073,-2.935897435897436,1.0,0.0001,0.0,1.0,256,50.0,auto,auto,periodic,"Simulation diverged at t=0: eigenvalue Re(λ)=9.183e+01 predicts growth factor 1.01e+304 over Δt=50.0, exceeding threshold 1e+08. The system is physically unstable.",diverged,"Simulation diverged at t=0: eigenvalue Re(λ)=9.183e+01 predicts growth factor 1.01e+304 over Δt=50.0, exceeding threshold 1e+08. The system is physically unstable.",-1,,,,,,,,false
-0.10204081632653073,-2.871794871794872,1.0,0.0001,0.0,1.0,256,50.0,auto,auto,periodic,"Simulation diverged at t=0: eigenvalue Re(λ)=3.787e+01 predicts growth factor 1.01e+304 over Δt=50.0, exceeding threshold 1e+08. The system is physically unstable.",diverged,"Simulation diverged at t=0: eigenvalue Re(λ)=3.787e+01 predicts growth factor 1.01e+304 over Δt=50.0, exceeding threshold 1e+08. The system is physically unstable.",-1,,,,,,,,false
-0.10204081632653073,-2.8076923076923075,1.0,0.0001,0.0,1.0,256,50.0,auto,auto,periodic,"Simulation diverged at t=0: eigenvalue Re(λ)=2.573e+01 predicts growth factor 1.01e+304 over Δt=50.0, exceeding threshold 1e+08. The system is physically unstable.",diverged,"Simulation diverged at t=0: eigenvalue Re(λ)=2.573e+01 predicts growth factor 1.01e+304 over Δt=50.0, exceeding threshold 1e+08. The system is physically unstable.",-1,,,,,,,,false
-0.10204081632653073,-2.7435897435897436,1.0,0.0001,0.0,1.0,256,50.0,auto,auto,periodic,"Simulation diverged at t=0: eigenvalue Re(λ)=4.271e+01 predicts growth factor 1.01e+304 over Δt=50.0, exceeding threshold 1e+08. The system is physically unstable.",diverged,"Simulation diverged at t=0: eigenvalue Re(λ)=4.271e+01 predicts growth factor 1.01e+304 over Δt=50.0, exceeding threshold 1e+08. The system is physically unstable.",-1,,,,,,,,false
-0.10204081632653073,-2.6794871794871797,1.0,0.0001,0.0,1.0,256,50.0,auto,auto,periodic,"Simulation diverged at t=0: eigenvalue Re(λ)=2.315e+01 predicts growth factor 1.01e+304 over Δt=50.0, exceeding threshold 1e+08. The system is physically unstable.",diverged,"Simulation diverged at t=0: eigenvalue Re(λ)=2.315e+01 predicts growth factor 1.01e+304 over Δt=50.0, exceeding threshold 1e+08. The system is physically unstable.",-1,,,,,,,,false
-0.10204081632653073,-2.6153846153846154,1.0,0.0001,0.0,1.0,256,50.0,auto,auto,periodic,"Simulation diverged at t=0: eigenvalue Re(λ)=2.950e+01 predicts growth factor 1.01e+304 over Δt=50.0, exceeding threshold 1e+08. The system is physically unstable.",diverged,"Simulation diverged at t=0: eigenvalue Re(λ)=2.950e+01 predicts growth factor 1.01e+304 over Δt=50.0, exceeding threshold 1e+08. The system is physically unstable.",-1,,,,,,,,false
-0.10204081632653073,-2.551282051282051,1.0,0.0001,0.0,1.0,256,50.0,auto,auto,periodic,"Simulation diverged at t=0: eigenvalue Re(λ)=4.293e+01 predicts growth factor 1.01e+304 over Δt=50.0, exceeding threshold 1e+08. The system is physically unstable.",diverged,"Simulation diverged at t=0: eigenvalue Re(λ)=4.293e+01 predicts growth factor 1.01e+304 over Δt=50.0, exceeding threshold 1e+08. The system is physically unstable.",-1,,,,,,,,false
-0.10204081632653073,-2.4871794871794872,1.0,0.0001,0.0,1.0,256,50.0,auto,auto,periodic,"Simulation diverged at t=0: eigenvalue Re(λ)=8.638e+01 predicts growth factor 1.01e+304 over Δt=50.0, exceeding threshold 1e+08. The system is physically unstable.",diverged,"Simulation diverged at t=0: eigenvalue Re(λ)=8.638e+01 predicts growth factor 1.01e+304 over Δt=50.0, exceeding threshold 1e+08. The system is physically unstable.",-1,,,,,,,,false
-0.10204081632653073,-2.4230769230769234,1.0,0.0001,0.0,1.0,256,50.0,auto,auto,periodic,"Simulation diverged at t=0: eigenvalue Re(λ)=1.191e+02 predicts growth factor 1.01e+304 over Δt=50.0, exceeding threshold 1e+08. The system is physically unstable.",diverged,"Simulation diverged at t=0: eigenvalue Re(λ)=1.191e+02 predicts growth factor 1.01e+304 over Δt=50.0, exceeding threshold 1e+08. The system is physically unstable.",-1,,,,,,,,false
-0.10204081632653073,-2.358974358974359,1.0,0.0001,0.0,1.0,256,50.0,auto,auto,periodic,"Simulation diverged at t=0: eigenvalue Re(λ)=4.085e+01 predicts growth factor 1.01e+304 over Δt=50.0, exceeding threshold 1e+08. The system is physically unstable.",diverged,"Simulation diverged at t=0: eigenvalue Re(λ)=4.085e+01 predicts growth factor 1.01e+304 over Δt=50.0, exceeding threshold 1e+08. The system is physically unstable.",-1,,,,,,,,false
-0.10204081632653073,-2.2948717948717947,1.0,0.0001,0.0,1.0,256,50.0,auto,auto,periodic,"Simulation diverged at t=0: eigenvalue Re(λ)=2.157e+01 predicts growth factor 1.01e+304 over Δt=50.0, exceeding threshold 1e+08. The system is physically unstable.",diverged,"Simulation diverged at t=0: eigenvalue Re(λ)=2.157e+01 predicts growth factor 1.01e+304 over Δt=50.0, exceeding threshold 1e+08. The system is physically unstable.",-1,,,,,,,,false
-0.10204081632653073,-2.230769230769231,1.0,0.0001,0.0,1.0,256,50.0,auto,auto,periodic,"Simulation diverged at t=0: eigenvalue Re(λ)=1.348e+01 predicts growth factor 5.72e+292 over Δt=50.0, exceeding threshold 1e+08. The system is physically unstable.",diverged,"Simulation diverged at t=0: eigenvalue Re(λ)=1.348e+01 predicts growth factor 5.72e+292 over Δt=50.0, exceeding threshold 1e+08. The system is physically unstable.",-1,,,,,,,,false
-0.10204081632653073,-2.166666666666667,1.0,0.0001,0.0,1.0,256,50.0,auto,auto,periodic,"Simulation diverged at t=0: eigenvalue Re(λ)=1.445e+01 predicts growth factor 1.01e+304 over Δt=50.0, exceeding threshold 1e+08. The system is physically unstable.",diverged,"Simulation diverged at t=0: eigenvalue Re(λ)=1.445e+01 predicts growth factor 1.01e+304 over Δt=50.0, exceeding threshold 1e+08. The system is physically unstable.",-1,,,,,,,,false
-0.10204081632653073,-2.1025641025641026,1.0,0.0001,0.0,1.0,256,50.0,auto,auto,periodic,"Simulation diverged at t=0: eigenvalue Re(λ)=1.253e+01 predicts growth factor 1.30e+272 over Δt=50.0, exceeding threshold 1e+08. The system is physically unstable.",diverged,"Simulation diverged at t=0: eigenvalue Re(λ)=1.253e+01 predicts growth factor 1.30e+272 over Δt=50.0, exceeding threshold 1e+08. The system is physically unstable.",-1,,,,,,,,false
-0.10204081632653073,-2.0384615384615383,1.0,0.0001,0.0,1.0,256,50.0,auto,auto,periodic,"Simulation diverged at t=0: eigenvalue Re(λ)=2.687e+01 predicts growth factor 1.01e+304 over Δt=50.0, exceeding threshold 1e+08. The system is physically unstable.",diverged,"Simulation diverged at t=0: eigenvalue Re(λ)=2.687e+01 predicts growth factor 1.01e+304 over Δt=50.0, exceeding threshold 1e+08. The system is physically unstable.",-1,,,,,,,,false
-0.10204081632653073,-1.9743589743589745,1.0,0.0001,0.0,1.0,256,50.0,auto,auto,periodic,"Simulation diverged at t=0: eigenvalue Re(λ)=3.115e+01 predicts growth factor 1.01e+304 over Δt=50.0, exceeding threshold 1e+08. The system is physically unstable.",diverged,"Simulation diverged at t=0: eigenvalue Re(λ)=3.115e+01 predicts growth factor 1.01e+304 over Δt=50.0, exceeding threshold 1e+08. The system is physically unstable.",-1,,,,,,,,false
-0.10204081632653073,-1.9102564102564104,1.0,0.0001,0.0,1.0,256,50.0,auto,auto,periodic,"Simulation diverged at t=0: eigenvalue Re(λ)=6.948e+00 predicts growth factor 7.40e+150 over Δt=50.0, exceeding threshold 1e+08. The system is physically unstable.",diverged,"Simulation diverged at t=0: eigenvalue Re(λ)=6.948e+00 predicts growth factor 7.40e+150 over Δt=50.0, exceeding threshold 1e+08. The system is physically unstable.",-1,,,,,,,,false
-0.10204081632653073,-1.8461538461538463,1.0,0.0001,0.0,1.0,256,50.0,auto,auto,periodic,"Simulation diverged at t=0: eigenvalue Re(λ)=4.948e+00 predicts growth factor 2.74e+107 over Δt=50.0, exceeding threshold 1e+08. The system is physically unstable.",diverged,"Simulation diverged at t=0: eigenvalue Re(λ)=4.948e+00 predicts growth factor 2.74e+107 over Δt=50.0, exceeding threshold 1e+08. The system is physically unstable.",-1,,,,,,,,false
-0.10204081632653073,-1.7820512820512822,1.0,0.0001,0.0,1.0,256,50.0,auto,auto,periodic,"Simulation diverged at t=0: eigenvalue Re(λ)=1.271e+01 predicts growth factor 1.16e+276 over Δt=50.0, exceeding threshold 1e+08. The system is physically unstable.",diverged,"Simulation diverged at t=0: eigenvalue Re(λ)=1.271e+01 predicts growth factor 1.16e+276 over Δt=50.0, exceeding threshold 1e+08. The system is physically unstable.",-1,,,,,,,,false
-0.10204081632653073,-1.717948717948718,1.0,0.0001,0.0,1.0,256,50.0,auto,auto,periodic,,success,,0,1.6224549692064548e-10,46.0,5.853661430599516e-11,1.16,1.6225e-02,2.595933e-05,-4.5857,true
-0.10204081632653073,-1.653846153846154,1.0,0.0001,0.0,1.0,256,50.0,auto,auto,periodic,,success,,0,5.608025725373808e-09,49.0,5.22804440403896e-09,1.15,5.6080e-01,8.972860e-04,-3.0471,true
-0.10204081632653073,-1.5897435897435899,1.0,0.0001,0.0,1.0,256,50.0,auto,auto,periodic,,success,,0,1.8231054201304712e-08,44.5,7.583774854776246e-09,1.03,1.8231e+00,2.916975e-03,-2.5351,true
-0.10204081632653073,-1.5256410256410258,1.0,0.0001,0.0,1.0,256,50.0,auto,auto,periodic,,success,,0,3.771604823406524e-08,32.0,2.5938321311435072e-08,0.97,3.7716e+00,6.034580e-03,-2.2194,true
-0.10204081632653073,-1.4615384615384617,1.0,0.0001,0.0,1.0,256,50.0,auto,auto,periodic,,success,,0,6.505489831388819e-08,38.5,4.971177833109418e-09,0.96,6.5055e+00,1.040881e-02,-1.9826,true
-0.10204081632653073,-1.3974358974358976,1.0,0.0001,0.0,1.0,256,50.0,auto,auto,periodic,,success,,0,9.96808010109489e-08,15.0,6.704221406160838e-08,1.0,9.9681e+00,1.594896e-02,-1.7973,true
-0.10204081632653073,-1.3333333333333335,1.0,0.0001,0.0,1.0,256,50.0,auto,auto,periodic,,success,,0,1.4167336202889295e-07,16.5,1.4044112626838825e-07,0.98,1.4167e+01,2.266779e-02,-1.6446,true
-0.10204081632653073,-1.2692307692307694,1.0,0.0001,0.0,1.0,256,50.0,auto,auto,periodic,,success,,0,1.905487694840783e-07,18.0,1.5129456907706838e-07,1.06,1.9055e+01,3.048787e-02,-1.5159,true
-0.10204081632653073,-1.2051282051282053,1.0,0.0001,0.0,1.0,256,50.0,auto,auto,periodic,,success,,0,2.4728541459276364e-07,21.0,1.0671273809306613e-07,0.92,2.4729e+01,3.956575e-02,-1.4027,true
-0.10204081632653073,-1.1410256410256412,1.0,0.0001,0.0,1.0,256,50.0,auto,auto,periodic,,success,,0,3.115841478075547e-07,22.5,4.8922970627721226e-08,1.09,3.1158e+01,4.985357e-02,-1.3023,true
-0.10204081632653073,-1.076923076923077,1.0,0.0001,0.0,1.0,256,50.0,auto,auto,periodic,,success,,0,3.827040712958625e-07,24.0,1.4665838846382686e-08,0.97,3.8270e+01,6.123278e-02,-1.2130,true
-0.10204081632653073,-1.012820512820513,1.0,0.0001,0.0,1.0,256,50.0,auto,auto,periodic,,success,,0,4.6135340538826243e-07,26.0,2.2963184097696983e-08,0.98,4.6135e+01,7.381670e-02,-1.1318,true
-0.10204081632653073,-0.9487179487179489,1.0,0.0001,0.0,1.0,256,50.0,auto,auto,periodic,,success,,0,5.470749656528309e-07,28.5,7.814323765761608e-08,1.01,5.4707e+01,8.753218e-02,-1.0578,true
-0.10204081632653073,-0.884615384615385,1.0,0.0001,0.0,1.0,256,50.0,auto,auto,periodic,,success,,0,6.409335434106679e-07,30.5,1.7604117932977668e-07,1.28,6.4093e+01,1.025496e-01,-0.9891,true
-0.10204081632653073,-0.8205128205128207,1.0,0.0001,0.0,1.0,256,50.0,auto,auto,periodic,,success,,0,7.42002665361965e-07,32.0,3.0882792336008083e-07,1.02,7.4200e+01,1.187207e-01,-0.9255,true
-0.10204081632653073,-0.7564102564102564,1.0,0.0001,0.0,1.0,256,50.0,auto,auto,periodic,,success,,0,8.497994190588015e-07,33.5,4.6787579138539285e-07,1.08,8.4980e+01,1.359682e-01,-0.8666,true
-0.10204081632653073,-0.6923076923076925,1.0,0.0001,0.0,1.0,256,50.0,auto,auto,periodic,,success,,0,9.647834297637088e-07,35.5,6.451874750998899e-07,1.11,9.6478e+01,1.543657e-01,-0.8114,true
-0.10204081632653073,-0.6282051282051286,1.0,0.0001,0.0,1.0,256,50.0,auto,auto,periodic,,success,,0,1.0881482904765124e-06,38.0,8.339698048618191e-07,1.01,1.0881e+02,1.741041e-01,-0.7592,true
-0.10204081632653073,-0.5641025641025643,1.0,0.0001,0.0,1.0,256,50.0,auto,auto,periodic,,success,,0,1.2183733734396035e-06,40.0,1.0287554683417783e-06,1.03,1.2184e+02,1.949401e-01,-0.7101,true
-0.10204081632653073,-0.5,1.0,0.0001,0.0,1.0,256,50.0,auto,auto,periodic,,success,,0,1.356201106719963e-06,41.5,1.2253114922085299e-06,0.94,1.3562e+02,2.169926e-01,-0.6636,true
-0.061224489795918435,-3.0,1.0,0.0001,0.0,1.0,256,50.0,auto,auto,periodic,,success,,0,5.523044418323874e-06,50.0,5.523044418323874e-06,1.16,5.5230e+02,8.836889e-01,-0.0537,true
-0.061224489795918435,-2.935897435897436,1.0,0.0001,0.0,1.0,256,50.0,auto,auto,periodic,,success,,0,5.412080538086394e-06,50.0,5.412080538086394e-06,1.03,5.4121e+02,8.659347e-01,-0.0625,true
-0.061224489795918435,-2.871794871794872,1.0,0.0001,0.0,1.0,256,50.0,auto,auto,periodic,,success,,0,5.280768404114157e-06,50.0,5.280768404114157e-06,1.22,5.2808e+02,8.449247e-01,-0.0732,true
-0.061224489795918435,-2.8076923076923075,1.0,0.0001,0.0,1.0,256,50.0,auto,auto,periodic,,success,,0,5.124397784528762e-06,50.0,5.124397784528762e-06,1.19,5.1244e+02,8.199054e-01,-0.0862,true
-0.061224489795918435,-2.7435897435897436,1.0,0.0001,0.0,1.0,256,50.0,auto,auto,periodic,,success,,0,4.936966856965981e-06,50.0,4.936966856965981e-06,1.22,4.9370e+02,7.899163e-01,-0.1024,true
-0.061224489795918435,-2.6794871794871797,1.0,0.0001,0.0,1.0,256,50.0,auto,auto,periodic,"Simulation diverged at t=0: eigenvalue Re(λ)=5.342e+01 predicts growth factor 1.01e+304 over Δt=50.0, exceeding threshold 1e+08. The system is physically unstable.",diverged,"Simulation diverged at t=0: eigenvalue Re(λ)=5.342e+01 predicts growth factor 1.01e+304 over Δt=50.0, exceeding threshold 1e+08. The system is physically unstable.",-1,,,,,,,,false
-0.061224489795918435,-2.6153846153846154,1.0,0.0001,0.0,1.0,256,50.0,auto,auto,periodic,"Simulation diverged at t=0: eigenvalue Re(λ)=1.420e+02 predicts growth factor 1.01e+304 over Δt=50.0, exceeding threshold 1e+08. The system is physically unstable.",diverged,"Simulation diverged at t=0: eigenvalue Re(λ)=1.420e+02 predicts growth factor 1.01e+304 over Δt=50.0, exceeding threshold 1e+08. The system is physically unstable.",-1,,,,,,,,false
-0.061224489795918435,-2.551282051282051,1.0,0.0001,0.0,1.0,256,50.0,auto,auto,periodic,"Simulation diverged at t=0: eigenvalue Re(λ)=4.920e+01 predicts growth factor 1.01e+304 over Δt=50.0, exceeding threshold 1e+08. The system is physically unstable.",diverged,"Simulation diverged at t=0: eigenvalue Re(λ)=4.920e+01 predicts growth factor 1.01e+304 over Δt=50.0, exceeding threshold 1e+08. The system is physically unstable.",-1,,,,,,,,false
-0.061224489795918435,-2.4871794871794872,1.0,0.0001,0.0,1.0,256,50.0,auto,auto,periodic,"Simulation diverged at t=0: eigenvalue Re(λ)=5.886e+01 predicts growth factor 1.01e+304 over Δt=50.0, exceeding threshold 1e+08. The system is physically unstable.",diverged,"Simulation diverged at t=0: eigenvalue Re(λ)=5.886e+01 predicts growth factor 1.01e+304 over Δt=50.0, exceeding threshold 1e+08. The system is physically unstable.",-1,,,,,,,,false
-0.061224489795918435,-2.4230769230769234,1.0,0.0001,0.0,1.0,256,50.0,auto,auto,periodic,"Simulation diverged at t=0: eigenvalue Re(λ)=5.780e+01 predicts growth factor 1.01e+304 over Δt=50.0, exceeding threshold 1e+08. The system is physically unstable.",diverged,"Simulation diverged at t=0: eigenvalue Re(λ)=5.780e+01 predicts growth factor 1.01e+304 over Δt=50.0, exceeding threshold 1e+08. The system is physically unstable.",-1,,,,,,,,false
-0.061224489795918435,-2.358974358974359,1.0,0.0001,0.0,1.0,256,50.0,auto,auto,periodic,"Simulation diverged at t=0: eigenvalue Re(λ)=4.295e+01 predicts growth factor 1.01e+304 over Δt=50.0, exceeding threshold 1e+08. The system is physically unstable.",diverged,"Simulation diverged at t=0: eigenvalue Re(λ)=4.295e+01 predicts growth factor 1.01e+304 over Δt=50.0, exceeding threshold 1e+08. The system is physically unstable.",-1,,,,,,,,false
-0.061224489795918435,-2.2948717948717947,1.0,0.0001,0.0,1.0,256,50.0,auto,auto,periodic,"Simulation diverged at t=0: eigenvalue Re(λ)=1.251e+02 predicts growth factor 1.01e+304 over Δt=50.0, exceeding threshold 1e+08. The system is physically unstable.",diverged,"Simulation diverged at t=0: eigenvalue Re(λ)=1.251e+02 predicts growth factor 1.01e+304 over Δt=50.0, exceeding threshold 1e+08. The system is physically unstable.",-1,,,,,,,,false
-0.061224489795918435,-2.230769230769231,1.0,0.0001,0.0,1.0,256,50.0,auto,auto,periodic,"Simulation diverged at t=0: eigenvalue Re(λ)=2.907e+01 predicts growth factor 1.01e+304 over Δt=50.0, exceeding threshold 1e+08. The system is physically unstable.",diverged,"Simulation diverged at t=0: eigenvalue Re(λ)=2.907e+01 predicts growth factor 1.01e+304 over Δt=50.0, exceeding threshold 1e+08. The system is physically unstable.",-1,,,,,,,,false
-0.061224489795918435,-2.166666666666667,1.0,0.0001,0.0,1.0,256,50.0,auto,auto,periodic,"Simulation diverged at t=0: eigenvalue Re(λ)=7.749e+01 predicts growth factor 1.01e+304 over Δt=50.0, exceeding threshold 1e+08. The system is physically unstable.",diverged,"Simulation diverged at t=0: eigenvalue Re(λ)=7.749e+01 predicts growth factor 1.01e+304 over Δt=50.0, exceeding threshold 1e+08. The system is physically unstable.",-1,,,,,,,,false
-0.061224489795918435,-2.1025641025641026,1.0,0.0001,0.0,1.0,256,50.0,auto,auto,periodic,"Simulation diverged at t=0: eigenvalue Re(λ)=2.390e+01 predicts growth factor 1.01e+304 over Δt=50.0, exceeding threshold 1e+08. The system is physically unstable.",diverged,"Simulation diverged at t=0: eigenvalue Re(λ)=2.390e+01 predicts growth factor 1.01e+304 over Δt=50.0, exceeding threshold 1e+08. The system is physically unstable.",-1,,,,,,,,false
-0.061224489795918435,-2.0384615384615383,1.0,0.0001,0.0,1.0,256,50.0,auto,auto,periodic,"Simulation diverged at t=0: eigenvalue Re(λ)=4.293e+01 predicts growth factor 1.01e+304 over Δt=50.0, exceeding threshold 1e+08. The system is physically unstable.",diverged,"Simulation diverged at t=0: eigenvalue Re(λ)=4.293e+01 predicts growth factor 1.01e+304 over Δt=50.0, exceeding threshold 1e+08. The system is physically unstable.",-1,,,,,,,,false
-0.061224489795918435,-1.9743589743589745,1.0,0.0001,0.0,1.0,256,50.0,auto,auto,periodic,"Simulation diverged at t=0: eigenvalue Re(λ)=2.374e+01 predicts growth factor 1.01e+304 over Δt=50.0, exceeding threshold 1e+08. The system is physically unstable.",diverged,"Simulation diverged at t=0: eigenvalue Re(λ)=2.374e+01 predicts growth factor 1.01e+304 over Δt=50.0, exceeding threshold 1e+08. The system is physically unstable.",-1,,,,,,,,false
-0.061224489795918435,-1.9102564102564104,1.0,0.0001,0.0,1.0,256,50.0,auto,auto,periodic,"Simulation diverged at t=0: eigenvalue Re(λ)=1.249e+01 predicts growth factor 1.52e+271 over Δt=50.0, exceeding threshold 1e+08. The system is physically unstable.",diverged,"Simulation diverged at t=0: eigenvalue Re(λ)=1.249e+01 predicts growth factor 1.52e+271 over Δt=50.0, exceeding threshold 1e+08. The system is physically unstable.",-1,,,,,,,,false
-0.061224489795918435,-1.8461538461538463,1.0,0.0001,0.0,1.0,256,50.0,auto,auto,periodic,"Simulation diverged at t=0: eigenvalue Re(λ)=1.033e+01 predicts growth factor 2.49e+224 over Δt=50.0, exceeding threshold 1e+08. The system is physically unstable.",diverged,"Simulation diverged at t=0: eigenvalue Re(λ)=1.033e+01 predicts growth factor 2.49e+224 over Δt=50.0, exceeding threshold 1e+08. The system is physically unstable.",-1,,,,,,,,false
-0.061224489795918435,-1.7820512820512822,1.0,0.0001,0.0,1.0,256,50.0,auto,auto,periodic,"Simulation diverged at t=0: eigenvalue Re(λ)=5.003e+00 predicts growth factor 4.43e+108 over Δt=50.0, exceeding threshold 1e+08. The system is physically unstable.",diverged,"Simulation diverged at t=0: eigenvalue Re(λ)=5.003e+00 predicts growth factor 4.43e+108 over Δt=50.0, exceeding threshold 1e+08. The system is physically unstable.",-1,,,,,,,,false
-0.061224489795918435,-1.717948717948718,1.0,0.0001,0.0,1.0,256,50.0,auto,auto,periodic,,success,,0,4.652751466399172e-09,47.5,3.434479580179119e-09,1.68,4.6528e-01,7.444418e-04,-3.1282,true
-0.061224489795918435,-1.653846153846154,1.0,0.0001,0.0,1.0,256,50.0,auto,auto,periodic,,success,,0,5.520499826956129e-08,36.5,5.070445622844479e-09,1.24,5.5205e+00,8.832818e-03,-2.0539,true
-0.061224489795918435,-1.5897435897435899,1.0,0.0001,0.0,1.0,256,50.0,auto,auto,periodic,,success,,0,1.6245616320281973e-07,18.0,1.5405345589872167e-07,1.07,1.6246e+01,2.599304e-02,-1.5851,true
-0.061224489795918435,-1.5256410256410258,1.0,0.0001,0.0,1.0,256,50.0,auto,auto,periodic,,success,,0,3.2664507675496963e-07,22.5,3.832551809807596e-08,1.04,3.2665e+01,5.226332e-02,-1.2818,true
-0.061224489795918435,-1.4615384615384617,1.0,0.0001,0.0,1.0,256,50.0,auto,auto,periodic,,success,,0,5.4707496565655e-07,28.5,7.814323766095946e-08,1.08,5.4707e+01,8.753218e-02,-1.0578,true
-0.061224489795918435,-1.3974358974358976,1.0,0.0001,0.0,1.0,256,50.0,auto,auto,periodic,,success,,0,8.254669614667852e-07,33.5,4.3068866821947236e-07,1.07,8.2547e+01,1.320750e-01,-0.8792,true
-0.061224489795918435,-1.3333333333333335,1.0,0.0001,0.0,1.0,256,50.0,auto,auto,periodic,,success,,0,1.1593842337051144e-06,38.5,9.417405417438308e-07,1.04,1.1594e+02,1.855019e-01,-0.7317,true
-0.061224489795918435,-1.2692307692307694,1.0,0.0001,0.0,1.0,256,50.0,auto,auto,periodic,,success,,0,1.5510228953101299e-06,44.5,1.4847836012770307e-06,1.21,1.5510e+02,2.481642e-01,-0.6053,true
-0.061224489795918435,-1.2051282051282053,1.0,0.0001,0.0,1.0,256,50.0,auto,auto,periodic,,success,,0,1.998729701535218e-06,49.5,1.997269889577464e-06,1.19,1.9987e+02,3.197974e-01,-0.4951,true
-0.061224489795918435,-1.1410256410256412,1.0,0.0001,0.0,1.0,256,50.0,auto,auto,periodic,,success,,0,2.4559307579668785e-06,50.0,2.4559307579668785e-06,0.98,2.4559e+02,3.929497e-01,-0.4057,true
-0.061224489795918435,-1.076923076923077,1.0,0.0001,0.0,1.0,256,50.0,auto,auto,periodic,,success,,0,2.8564925051723025e-06,50.0,2.8564925051723025e-06,1.1,2.8565e+02,4.570398e-01,-0.3400,true
-0.061224489795918435,-1.012820512820513,1.0,0.0001,0.0,1.0,256,50.0,auto,auto,periodic,,success,,0,3.202663950588588e-06,50.0,3.202663950588588e-06,1.05,3.2027e+02,5.124273e-01,-0.2904,true
-0.061224489795918435,-0.9487179487179489,1.0,0.0001,0.0,1.0,256,50.0,auto,auto,periodic,,success,,0,3.500878346064082e-06,50.0,3.500878346064082e-06,0.97,3.5009e+02,5.601417e-01,-0.2517,true
-0.061224489795918435,-0.884615384615385,1.0,0.0001,0.0,1.0,256,50.0,auto,auto,periodic,,success,,0,3.757972732585929e-06,50.0,3.757972732585929e-06,1.07,3.7580e+02,6.012769e-01,-0.2209,true
-0.061224489795918435,-0.8205128205128207,1.0,0.0001,0.0,1.0,256,50.0,auto,auto,periodic,,success,,0,3.9802592152943725e-06,50.0,3.9802592152943725e-06,1.18,3.9803e+02,6.368428e-01,-0.1960,true
-0.061224489795918435,-0.7564102564102564,1.0,0.0001,0.0,1.0,256,50.0,auto,auto,periodic,,success,,0,4.173225809349058e-06,50.0,4.173225809349058e-06,1.12,4.1732e+02,6.677175e-01,-0.1754,true
-0.061224489795918435,-0.6923076923076925,1.0,0.0001,0.0,1.0,256,50.0,auto,auto,periodic,,success,,0,4.341509798369339e-06,50.0,4.341509798369339e-06,1.33,4.3415e+02,6.946430e-01,-0.1582,true
-0.061224489795918435,-0.6282051282051286,1.0,0.0001,0.0,1.0,256,50.0,auto,auto,periodic,,success,,0,4.488975772121255e-06,50.0,4.488975772121255e-06,1.07,4.4890e+02,7.182376e-01,-0.1437,true
-0.061224489795918435,-0.5641025641025643,1.0,0.0001,0.0,1.0,256,50.0,auto,auto,periodic,,success,,0,4.6188245847304575e-06,50.0,4.6188245847304575e-06,1.24,4.6188e+02,7.390135e-01,-0.1313,true
-0.061224489795918435,-0.5,1.0,0.0001,0.0,1.0,256,50.0,auto,auto,periodic,,success,,0,4.7337036683427776e-06,50.0,4.7337036683427776e-06,1.29,4.7337e+02,7.573942e-01,-0.1207,true
-0.020408163265306145,-3.0,1.0,0.0001,0.0,1.0,256,50.0,auto,auto,periodic,,success,,0,6.289936100019893e-06,50.0,6.289936100019893e-06,1.18,6.2899e+02,1.006392e+00,0.0028,true
-0.020408163265306145,-2.935897435897436,1.0,0.0001,0.0,1.0,256,50.0,auto,auto,periodic,,success,,0,6.29142382160336e-06,50.0,6.29142382160336e-06,0.99,6.2914e+02,1.006630e+00,0.0029,true
-0.020408163265306145,-2.871794871794872,1.0,0.0001,0.0,1.0,256,50.0,auto,auto,periodic,,success,,0,6.292990536395788e-06,50.0,6.292990536395788e-06,1.01,6.2930e+02,1.006881e+00,0.0030,true
-0.020408163265306145,-2.8076923076923075,1.0,0.0001,0.0,1.0,256,50.0,auto,auto,periodic,,success,,0,6.294628879019926e-06,50.0,6.294628879019926e-06,1.05,6.2946e+02,1.007143e+00,0.0031,true
-0.020408163265306145,-2.7435897435897436,1.0,0.0001,0.0,1.0,256,50.0,auto,auto,periodic,,success,,0,6.296327965006164e-06,50.0,6.296327965006164e-06,1.05,6.2963e+02,1.007415e+00,0.0032,true
-0.020408163265306145,-2.6794871794871797,1.0,0.0001,0.0,1.0,256,50.0,auto,auto,periodic,,success,,0,6.298071200677564e-06,50.0,6.298071200677564e-06,1.22,6.2981e+02,1.007693e+00,0.0033,true
-0.020408163265306145,-2.6153846153846154,1.0,0.0001,0.0,1.0,256,50.0,auto,auto,periodic,,success,,0,6.299828092436197e-06,50.0,6.299828092436197e-06,1.1,6.2998e+02,1.007975e+00,0.0034,true
-0.020408163265306145,-2.551282051282051,1.0,0.0001,0.0,1.0,256,50.0,auto,auto,periodic,,success,,0,6.30153214020542e-06,50.0,6.30153214020542e-06,1.12,6.3015e+02,1.008247e+00,0.0036,true
-0.020408163265306145,-2.4871794871794872,1.0,0.0001,0.0,1.0,256,50.0,auto,auto,periodic,,success,,0,6.303046866387151e-06,50.0,6.303046866387151e-06,1.24,6.3030e+02,1.008490e+00,0.0037,true
-0.020408163265306145,-2.4230769230769234,1.0,0.0001,0.0,1.0,256,50.0,auto,auto,periodic,,success,,0,6.304136607707955e-06,50.0,6.304136607707955e-06,1.17,6.3041e+02,1.008664e+00,0.0037,true
-0.020408163265306145,-2.358974358974359,1.0,0.0001,0.0,1.0,256,50.0,auto,auto,periodic,,success,,0,6.304421334112025e-06,50.0,6.304421334112025e-06,1.03,6.3044e+02,1.008710e+00,0.0038,true
-0.020408163265306145,-2.2948717948717947,1.0,0.0001,0.0,1.0,256,50.0,auto,auto,periodic,,success,,0,6.303185424911905e-06,50.0,6.303185424911905e-06,0.98,6.3032e+02,1.008512e+00,0.0037,true
-0.020408163265306145,-2.230769230769231,1.0,0.0001,0.0,1.0,256,50.0,auto,auto,periodic,,success,,0,6.299034988727807e-06,50.0,6.299034988727807e-06,1.02,6.2990e+02,1.007848e+00,0.0034,true
-0.020408163265306145,-2.166666666666667,1.0,0.0001,0.0,1.0,256,50.0,auto,auto,periodic,,success,,0,6.28918978798923e-06,50.0,6.28918978798923e-06,1.18,6.2892e+02,1.006272e+00,0.0027,true
-0.020408163265306145,-2.1025641025641026,1.0,0.0001,0.0,1.0,256,50.0,auto,auto,periodic,,success,,0,6.267559542196708e-06,50.0,6.267559542196708e-06,1.08,6.2676e+02,1.002812e+00,0.0012,true
-0.020408163265306145,-2.0384615384615383,1.0,0.0001,0.0,1.0,256,50.0,auto,auto,periodic,,success,,0,6.219340263336153e-06,50.0,6.219340263336153e-06,1.0,6.2193e+02,9.950965e-01,-0.0021,true
-0.020408163265306145,-1.9743589743589745,1.0,0.0001,0.0,1.0,256,50.0,auto,auto,periodic,,success,,0,6.102598666967467e-06,50.0,6.102598666967467e-06,0.98,6.1026e+02,9.764178e-01,-0.0104,true
-0.020408163265306145,-1.9102564102564104,1.0,0.0001,0.0,1.0,256,50.0,auto,auto,periodic,,success,,0,5.767370562639296e-06,50.0,5.767370562639296e-06,0.98,5.7674e+02,9.227812e-01,-0.0349,true
-0.020408163265306145,-1.8461538461538463,1.0,0.0001,0.0,1.0,256,50.0,auto,auto,periodic,"Simulation diverged at t=0: eigenvalue Re(λ)=1.420e+02 predicts growth factor 1.01e+304 over Δt=50.0, exceeding threshold 1e+08. The system is physically unstable.",diverged,"Simulation diverged at t=0: eigenvalue Re(λ)=1.420e+02 predicts growth factor 1.01e+304 over Δt=50.0, exceeding threshold 1e+08. The system is physically unstable.",-1,,,,,,,,false
-0.020408163265306145,-1.7820512820512822,1.0,0.0001,0.0,1.0,256,50.0,auto,auto,periodic,"Simulation diverged at t=0: eigenvalue Re(λ)=4.293e+01 predicts growth factor 1.01e+304 over Δt=50.0, exceeding threshold 1e+08. The system is physically unstable.",diverged,"Simulation diverged at t=0: eigenvalue Re(λ)=4.293e+01 predicts growth factor 1.01e+304 over Δt=50.0, exceeding threshold 1e+08. The system is physically unstable.",-1,,,,,,,,false
-0.020408163265306145,-1.717948717948718,1.0,0.0001,0.0,1.0,256,50.0,auto,auto,periodic,,success,,0,5.470749656578264e-07,28.5,7.81432376616787e-08,1.0,5.4707e+01,8.753218e-02,-1.0578,true
-0.020408163265306145,-1.653846153846154,1.0,0.0001,0.0,1.0,256,50.0,auto,auto,periodic,,success,,0,3.757972732598563e-06,50.0,3.757972732598563e-06,0.96,3.7580e+02,6.012769e-01,-0.2209,true
-0.020408163265306145,-1.5897435897435899,1.0,0.0001,0.0,1.0,256,50.0,auto,auto,periodic,,success,,0,5.008654709522815e-06,50.0,5.008654709522815e-06,1.04,5.0087e+02,8.013864e-01,-0.0962,true
-0.020408163265306145,-1.5256410256410258,1.0,0.0001,0.0,1.0,256,50.0,auto,auto,periodic,,success,,0,5.475648984787205e-06,50.0,5.475648984787205e-06,1.08,5.4756e+02,8.761057e-01,-0.0574,true
-0.020408163265306145,-1.4615384615384617,1.0,0.0001,0.0,1.0,256,50.0,auto,auto,periodic,,success,,0,5.7025614961520165e-06,50.0,5.7025614961520165e-06,1.04,5.7026e+02,9.124117e-01,-0.0398,true
-0.020408163265306145,-1.3974358974358976,1.0,0.0001,0.0,1.0,256,50.0,auto,auto,periodic,,success,,0,5.832192113002048e-06,50.0,5.832192113002048e-06,1.04,5.8322e+02,9.331527e-01,-0.0300,true
-0.020408163265306145,-1.3333333333333335,1.0,0.0001,0.0,1.0,256,50.0,auto,auto,periodic,,success,,0,5.9145129732481665e-06,50.0,5.9145129732481665e-06,0.99,5.9145e+02,9.463240e-01,-0.0240,true
-0.020408163265306145,-1.2692307692307694,1.0,0.0001,0.0,1.0,256,50.0,auto,auto,periodic,,success,,0,5.970804907064508e-06,50.0,5.970804907064508e-06,1.01,5.9708e+02,9.553308e-01,-0.0198,true
-0.020408163265306145,-1.2051282051282053,1.0,0.0001,0.0,1.0,256,50.0,auto,auto,periodic,,success,,0,6.01144644586904e-06,50.0,6.01144644586904e-06,1.0,6.0114e+02,9.618334e-01,-0.0169,true
-0.020408163265306145,-1.1410256410256412,1.0,0.0001,0.0,1.0,256,50.0,auto,auto,periodic,,success,,0,6.0420202153731435e-06,50.0,6.0420202153731435e-06,0.96,6.0420e+02,9.667252e-01,-0.0147,true
-0.020408163265306145,-1.076923076923077,1.0,0.0001,0.0,1.0,256,50.0,auto,auto,periodic,,success,,0,6.065787485801678e-06,50.0,6.065787485801678e-06,0.97,6.0658e+02,9.705280e-01,-0.0130,true
-0.020408163265306145,-1.012820512820513,1.0,0.0001,0.0,1.0,256,50.0,auto,auto,periodic,,success,,0,6.0847640740546045e-06,50.0,6.0847640740546045e-06,0.97,6.0848e+02,9.735643e-01,-0.0116,true
-0.020408163265306145,-0.9487179487179489,1.0,0.0001,0.0,1.0,256,50.0,auto,auto,periodic,,success,,0,6.100246453985122e-06,50.0,6.100246453985122e-06,1.02,6.1002e+02,9.760415e-01,-0.0105,true
-0.020408163265306145,-0.884615384615385,1.0,0.0001,0.0,1.0,256,50.0,auto,auto,periodic,,success,,0,6.113102904388628e-06,50.0,6.113102904388628e-06,1.04,6.1131e+02,9.780985e-01,-0.0096,true
-0.020408163265306145,-0.8205128205128207,1.0,0.0001,0.0,1.0,256,50.0,auto,auto,periodic,,success,,0,6.123938167707203e-06,50.0,6.123938167707203e-06,1.04,6.1239e+02,9.798321e-01,-0.0088,true
-0.020408163265306145,-0.7564102564102564,1.0,0.0001,0.0,1.0,256,50.0,auto,auto,periodic,,success,,0,6.133187809027649e-06,50.0,6.133187809027649e-06,1.07,6.1332e+02,9.813121e-01,-0.0082,true
-0.020408163265306145,-0.6923076923076925,1.0,0.0001,0.0,1.0,256,50.0,auto,auto,periodic,,success,,0,6.1411741759903736e-06,50.0,6.1411741759903736e-06,0.98,6.1412e+02,9.825899e-01,-0.0076,true
-0.020408163265306145,-0.6282051282051286,1.0,0.0001,0.0,1.0,256,50.0,auto,auto,periodic,,success,,0,6.148140728979201e-06,50.0,6.148140728979201e-06,1.01,6.1481e+02,9.837046e-01,-0.0071,true
-0.020408163265306145,-0.5641025641025643,1.0,0.0001,0.0,1.0,256,50.0,auto,auto,periodic,,success,,0,6.154274054636149e-06,50.0,6.154274054636149e-06,1.06,6.1543e+02,9.846859e-01,-0.0067,true
-0.020408163265306145,-0.5,1.0,0.0001,0.0,1.0,256,50.0,auto,auto,periodic,,success,,0,6.159718776058911e-06,50.0,6.159718776058911e-06,0.98,6.1597e+02,9.855571e-01,-0.0063,true
0.020408163265306145,-3.0,1.0,0.0001,0.0,1.0,256,50.0,auto,auto,periodic,,success,,0,6.289936100019893e-06,50.0,6.289936100019893e-06,0.95,6.2899e+02,1.006392e+00,0.0028,true
0.020408163265306145,-2.935897435897436,1.0,0.0001,0.0,1.0,256,50.0,auto,auto,periodic,,success,,0,6.29142382160336e-06,50.0,6.29142382160336e-06,1.0,6.2914e+02,1.006630e+00,0.0029,true
0.020408163265306145,-2.871794871794872,1.0,0.0001,0.0,1.0,256,50.0,auto,auto,periodic,,success,,0,6.292990536395788e-06,50.0,6.292990536395788e-06,0.99,6.2930e+02,1.006881e+00,0.0030,true
0.020408163265306145,-2.8076923076923075,1.0,0.0001,0.0,1.0,256,50.0,auto,auto,periodic,,success,,0,6.294628879019926e-06,50.0,6.294628879019926e-06,0.96,6.2946e+02,1.007143e+00,0.0031,true
0.020408163265306145,-2.7435897435897436,1.0,0.0001,0.0,1.0,256,50.0,auto,auto,periodic,,success,,0,6.296327965006164e-06,50.0,6.296327965006164e-06,0.97,6.2963e+02,1.007415e+00,0.0032,true
0.020408163265306145,-2.6794871794871797,1.0,0.0001,0.0,1.0,256,50.0,auto,auto,periodic,,success,,0,6.298071200677564e-06,50.0,6.298071200677564e-06,1.02,6.2981e+02,1.007693e+00,0.0033,true
0.020408163265306145,-2.6153846153846154,1.0,0.0001,0.0,1.0,256,50.0,auto,auto,periodic,,success,,0,6.299828092436197e-06,50.0,6.299828092436197e-06,1.05,6.2998e+02,1.007975e+00,0.0034,true
0.020408163265306145,-2.551282051282051,1.0,0.0001,0.0,1.0,256,50.0,auto,auto,periodic,,success,,0,6.30153214020542e-06,50.0,6.30153214020542e-06,1.03,6.3015e+02,1.008247e+00,0.0036,true
0.020408163265306145,-2.4871794871794872,1.0,0.0001,0.0,1.0,256,50.0,auto,auto,periodic,,success,,0,6.303046866387151e-06,50.0,6.303046866387151e-06,1.18,6.3030e+02,1.008490e+00,0.0037,true
0.020408163265306145,-2.4230769230769234,1.0,0.0001,0.0,1.0,256,50.0,auto,auto,periodic,,success,,0,6.304136607707955e-06,50.0,6.304136607707955e-06,1.13,6.3041e+02,1.008664e+00,0.0037,true
0.020408163265306145,-2.358974358974359,1.0,0.0001,0.0,1.0,256,50.0,auto,auto,periodic,,success,,0,6.304421334112025e-06,50.0,6.304421334112025e-06,1.15,6.3044e+02,1.008710e+00,0.0038,true
0.020408163265306145,-2.2948717948717947,1.0,0.0001,0.0,1.0,256,50.0,auto,auto,periodic,,success,,0,6.303185424911905e-06,50.0,6.303185424911905e-06,1.02,6.3032e+02,1.008512e+00,0.0037,true
0.020408163265306145,-2.230769230769231,1.0,0.0001,0.0,1.0,256,50.0,auto,auto,periodic,,success,,0,6.299034988727807e-06,50.0,6.299034988727807e-06,1.49,6.2990e+02,1.007848e+00,0.0034,true
0.020408163265306145,-2.166666666666667,1.0,0.0001,0.0,1.0,256,50.0,auto,auto,periodic,,success,,0,6.28918978798923e-06,50.0,6.28918978798923e-06,0.89,6.2892e+02,1.006272e+00,0.0027,true
0.020408163265306145,-2.1025641025641026,1.0,0.0001,0.0,1.0,256,50.0,auto,auto,periodic,,success,,0,6.267559542196708e-06,50.0,6.267559542196708e-06,1.0,6.2676e+02,1.002812e+00,0.0012,true
0.020408163265306145,-2.0384615384615383,1.0,0.0001,0.0,1.0,256,50.0,auto,auto,periodic,,success,,0,6.219340263336153e-06,50.0,6.219340263336153e-06,1.07,6.2193e+02,9.950965e-01,-0.0021,true
0.020408163265306145,-1.9743589743589745,1.0,0.0001,0.0,1.0,256,50.0,auto,auto,periodic,,success,,0,6.102598666967467e-06,50.0,6.102598666967467e-06,0.97,6.1026e+02,9.764178e-01,-0.0104,true
0.020408163265306145,-1.9102564102564104,1.0,0.0001,0.0,1.0,256,50.0,auto,auto,periodic,,success,,0,5.767370562639296e-06,50.0,5.767370562639296e-06,1.03,5.7674e+02,9.227812e-01,-0.0349,true
0.020408163265306145,-1.8461538461538463,1.0,0.0001,0.0,1.0,256,50.0,auto,auto,periodic,"Simulation diverged at t=0: eigenvalue Re(λ)=1.420e+02 predicts growth factor 1.01e+304 over Δt=50.0, exceeding threshold 1e+08. The system is physically unstable.",diverged,"Simulation diverged at t=0: eigenvalue Re(λ)=1.420e+02 predicts growth factor 1.01e+304 over Δt=50.0, exceeding threshold 1e+08. The system is physically unstable.",-1,,,,,,,,false
0.020408163265306145,-1.7820512820512822,1.0,0.0001,0.0,1.0,256,50.0,auto,auto,periodic,"Simulation diverged at t=0: eigenvalue Re(λ)=4.293e+01 predicts growth factor 1.01e+304 over Δt=50.0, exceeding threshold 1e+08. The system is physically unstable.",diverged,"Simulation diverged at t=0: eigenvalue Re(λ)=4.293e+01 predicts growth factor 1.01e+304 over Δt=50.0, exceeding threshold 1e+08. The system is physically unstable.",-1,,,,,,,,false
0.020408163265306145,-1.717948717948718,1.0,0.0001,0.0,1.0,256,50.0,auto,auto,periodic,,success,,0,5.470749656578264e-07,28.5,7.81432376616787e-08,1.0,5.4707e+01,8.753218e-02,-1.0578,true
0.020408163265306145,-1.653846153846154,1.0,0.0001,0.0,1.0,256,50.0,auto,auto,periodic,,success,,0,3.757972732598563e-06,50.0,3.757972732598563e-06,1.0,3.7580e+02,6.012769e-01,-0.2209,true
0.020408163265306145,-1.5897435897435899,1.0,0.0001,0.0,1.0,256,50.0,auto,auto,periodic,,success,,0,5.008654709522815e-06,50.0,5.008654709522815e-06,1.19,5.0087e+02,8.013864e-01,-0.0962,true
0.020408163265306145,-1.5256410256410258,1.0,0.0001,0.0,1.0,256,50.0,auto,auto,periodic,,success,,0,5.475648984787205e-06,50.0,5.475648984787205e-06,1.07,5.4756e+02,8.761057e-01,-0.0574,true
0.020408163265306145,-1.4615384615384617,1.0,0.0001,0.0,1.0,256,50.0,auto,auto,periodic,,success,,0,5.7025614961520165e-06,50.0,5.7025614961520165e-06,1.48,5.7026e+02,9.124117e-01,-0.0398,true
0.020408163265306145,-1.3974358974358976,1.0,0.0001,0.0,1.0,256,50.0,auto,auto,periodic,,success,,0,5.832192113002048e-06,50.0,5.832192113002048e-06,1.07,5.8322e+02,9.331527e-01,-0.0300,true
0.020408163265306145,-1.3333333333333335,1.0,0.0001,0.0,1.0,256,50.0,auto,auto,periodic,,success,,0,5.9145129732481665e-06,50.0,5.9145129732481665e-06,0.98,5.9145e+02,9.463240e-01,-0.0240,true
0.020408163265306145,-1.2692307692307694,1.0,0.0001,0.0,1.0,256,50.0,auto,auto,periodic,,success,,0,5.970804907064508e-06,50.0,5.970804907064508e-06,1.0,5.9708e+02,9.553308e-01,-0.0198,true
0.020408163265306145,-1.2051282051282053,1.0,0.0001,0.0,1.0,256,50.0,auto,auto,periodic,,success,,0,6.01144644586904e-06,50.0,6.01144644586904e-06,1.01,6.0114e+02,9.618334e-01,-0.0169,true
0.020408163265306145,-1.1410256410256412,1.0,0.0001,0.0,1.0,256,50.0,auto,auto,periodic,,success,,0,6.0420202153731435e-06,50.0,6.0420202153731435e-06,0.99,6.0420e+02,9.667252e-01,-0.0147,true
0.020408163265306145,-1.076923076923077,1.0,0.0001,0.0,1.0,256,50.0,auto,auto,periodic,,success,,0,6.065787485801678e-06,50.0,6.065787485801678e-06,0.98,6.0658e+02,9.705280e-01,-0.0130,true
0.020408163265306145,-1.012820512820513,1.0,0.0001,0.0,1.0,256,50.0,auto,auto,periodic,,success,,0,6.0847640740546045e-06,50.0,6.0847640740546045e-06,0.99,6.0848e+02,9.735643e-01,-0.0116,true
0.020408163265306145,-0.9487179487179489,1.0,0.0001,0.0,1.0,256,50.0,auto,auto,periodic,,success,,0,6.100246453985122e-06,50.0,6.100246453985122e-06,0.97,6.1002e+02,9.760415e-01,-0.0105,true
0.020408163265306145,-0.884615384615385,1.0,0.0001,0.0,1.0,256,50.0,auto,auto,periodic,,success,,0,6.113102904388628e-06,50.0,6.113102904388628e-06,1.05,6.1131e+02,9.780985e-01,-0.0096,true
0.020408163265306145,-0.8205128205128207,1.0,0.0001,0.0,1.0,256,50.0,auto,auto,periodic,,success,,0,6.123938167707203e-06,50.0,6.123938167707203e-06,0.99,6.1239e+02,9.798321e-01,-0.0088,true
0.020408163265306145,-0.7564102564102564,1.0,0.0001,0.0,1.0,256,50.0,auto,auto,periodic,,success,,0,6.133187809027649e-06,50.0,6.133187809027649e-06,1.0,6.1332e+02,9.813121e-01,-0.0082,true
0.020408163265306145,-0.6923076923076925,1.0,0.0001,0.0,1.0,256,50.0,auto,auto,periodic,,success,,0,6.1411741759903736e-06,50.0,6.1411741759903736e-06,1.07,6.1412e+02,9.825899e-01,-0.0076,true
0.020408163265306145,-0.6282051282051286,1.0,0.0001,0.0,1.0,256,50.0,auto,auto,periodic,,success,,0,6.148140728979201e-06,50.0,6.148140728979201e-06,1.05,6.1481e+02,9.837046e-01,-0.0071,true
0.020408163265306145,-0.5641025641025643,1.0,0.0001,0.0,1.0,256,50.0,auto,auto,periodic,,success,,0,6.154274054636149e-06,50.0,6.154274054636149e-06,0.98,6.1543e+02,9.846859e-01,-0.0067,true
0.020408163265306145,-0.5,1.0,0.0001,0.0,1.0,256,50.0,auto,auto,periodic,,success,,0,6.159718776058911e-06,50.0,6.159718776058911e-06,0.97,6.1597e+02,9.855571e-01,-0.0063,true
0.06122448979591821,-3.0,1.0,0.0001,0.0,1.0,256,50.0,auto,auto,periodic,,success,,0,5.523044418307541e-06,50.0,5.523044418307541e-06,1.08,5.5230e+02,8.836889e-01,-0.0537,true
0.06122448979591821,-2.935897435897436,1.0,0.0001,0.0,1.0,256,50.0,auto,auto,periodic,,success,,0,5.412080538054458e-06,50.0,5.412080538054458e-06,1.08,5.4121e+02,8.659347e-01,-0.0625,true
0.06122448979591821,-2.871794871794872,1.0,0.0001,0.0,1.0,256,50.0,auto,auto,periodic,,success,,0,5.2807684041529425e-06,50.0,5.2807684041529425e-06,1.03,5.2808e+02,8.449247e-01,-0.0732,true
0.06122448979591821,-2.8076923076923075,1.0,0.0001,0.0,1.0,256,50.0,auto,auto,periodic,,success,,0,5.124397784531382e-06,50.0,5.124397784531382e-06,1.26,5.1244e+02,8.199054e-01,-0.0862,true
0.06122448979591821,-2.7435897435897436,1.0,0.0001,0.0,1.0,256,50.0,auto,auto,periodic,,success,,0,4.936966856968289e-06,50.0,4.936966856968289e-06,0.96,4.9370e+02,7.899163e-01,-0.1024,true
0.06122448979591821,-2.6794871794871797,1.0,0.0001,0.0,1.0,256,50.0,auto,auto,periodic,"Simulation diverged at t=0: eigenvalue Re(λ)=5.342e+01 predicts growth factor 1.01e+304 over Δt=50.0, exceeding threshold 1e+08. The system is physically unstable.",diverged,"Simulation diverged at t=0: eigenvalue Re(λ)=5.342e+01 predicts growth factor 1.01e+304 over Δt=50.0, exceeding threshold 1e+08. The system is physically unstable.",-1,,,,,,,,false
0.06122448979591821,-2.6153846153846154,1.0,0.0001,0.0,1.0,256,50.0,auto,auto,periodic,"Simulation diverged at t=0: eigenvalue Re(λ)=1.420e+02 predicts growth factor 1.01e+304 over Δt=50.0, exceeding threshold 1e+08. The system is physically unstable.",diverged,"Simulation diverged at t=0: eigenvalue Re(λ)=1.420e+02 predicts growth factor 1.01e+304 over Δt=50.0, exceeding threshold 1e+08. The system is physically unstable.",-1,,,,,,,,false
0.06122448979591821,-2.551282051282051,1.0,0.0001,0.0,1.0,256,50.0,auto,auto,periodic,"Simulation diverged at t=0: eigenvalue Re(λ)=4.920e+01 predicts growth factor 1.01e+304 over Δt=50.0, exceeding threshold 1e+08. The system is physically unstable.",diverged,"Simulation diverged at t=0: eigenvalue Re(λ)=4.920e+01 predicts growth factor 1.01e+304 over Δt=50.0, exceeding threshold 1e+08. The system is physically unstable.",-1,,,,,,,,false
0.06122448979591821,-2.4871794871794872,1.0,0.0001,0.0,1.0,256,50.0,auto,auto,periodic,"Simulation diverged at t=0: eigenvalue Re(λ)=5.886e+01 predicts growth factor 1.01e+304 over Δt=50.0, exceeding threshold 1e+08. The system is physically unstable.",diverged,"Simulation diverged at t=0: eigenvalue Re(λ)=5.886e+01 predicts growth factor 1.01e+304 over Δt=50.0, exceeding threshold 1e+08. The system is physically unstable.",-1,,,,,,,,false
0.06122448979591821,-2.4230769230769234,1.0,0.0001,0.0,1.0,256,50.0,auto,auto,periodic,"Simulation diverged at t=0: eigenvalue Re(λ)=5.780e+01 predicts growth factor 1.01e+304 over Δt=50.0, exceeding threshold 1e+08. The system is physically unstable.",diverged,"Simulation diverged at t=0: eigenvalue Re(λ)=5.780e+01 predicts growth factor 1.01e+304 over Δt=50.0, exceeding threshold 1e+08. The system is physically unstable.",-1,,,,,,,,false
0.06122448979591821,-2.358974358974359,1.0,0.0001,0.0,1.0,256,50.0,auto,auto,periodic,"Simulation diverged at t=0: eigenvalue Re(λ)=4.295e+01 predicts growth factor 1.01e+304 over Δt=50.0, exceeding threshold 1e+08. The system is physically unstable.",diverged,"Simulation diverged at t=0: eigenvalue Re(λ)=4.295e+01 predicts growth factor 1.01e+304 over Δt=50.0, exceeding threshold 1e+08. The system is physically unstable.",-1,,,,,,,,false
0.06122448979591821,-2.2948717948717947,1.0,0.0001,0.0,1.0,256,50.0,auto,auto,periodic,"Simulation diverged at t=0: eigenvalue Re(λ)=1.251e+02 predicts growth factor 1.01e+304 over Δt=50.0, exceeding threshold 1e+08. The system is physically unstable.",diverged,"Simulation diverged at t=0: eigenvalue Re(λ)=1.251e+02 predicts growth factor 1.01e+304 over Δt=50.0, exceeding threshold 1e+08. The system is physically unstable.",-1,,,,,,,,false
0.06122448979591821,-2.230769230769231,1.0,0.0001,0.0,1.0,256,50.0,auto,auto,periodic,"Simulation diverged at t=0: eigenvalue Re(λ)=2.907e+01 predicts growth factor 1.01e+304 over Δt=50.0, exceeding threshold 1e+08. The system is physically unstable.",diverged,"Simulation diverged at t=0: eigenvalue Re(λ)=2.907e+01 predicts growth factor 1.01e+304 over Δt=50.0, exceeding threshold 1e+08. The system is physically unstable.",-1,,,,,,,,false
0.06122448979591821,-2.166666666666667,1.0,0.0001,0.0,1.0,256,50.0,auto,auto,periodic,"Simulation diverged at t=0: eigenvalue Re(λ)=7.749e+01 predicts growth factor 1.01e+304 over Δt=50.0, exceeding threshold 1e+08. The system is physically unstable.",diverged,"Simulation diverged at t=0: eigenvalue Re(λ)=7.749e+01 predicts growth factor 1.01e+304 over Δt=50.0, exceeding threshold 1e+08. The system is physically unstable.",-1,,,,,,,,false
0.06122448979591821,-2.1025641025641026,1.0,0.0001,0.0,1.0,256,50.0,auto,auto,periodic,"Simulation diverged at t=0: eigenvalue Re(λ)=2.390e+01 predicts growth factor 1.01e+304 over Δt=50.0, exceeding threshold 1e+08. The system is physically unstable.",diverged,"Simulation diverged at t=0: eigenvalue Re(λ)=2.390e+01 predicts growth factor 1.01e+304 over Δt=50.0, exceeding threshold 1e+08. The system is physically unstable.",-1,,,,,,,,false
0.06122448979591821,-2.0384615384615383,1.0,0.0001,0.0,1.0,256,50.0,auto,auto,periodic,"Simulation diverged at t=0: eigenvalue Re(λ)=4.293e+01 predicts growth factor 1.01e+304 over Δt=50.0, exceeding threshold 1e+08. The system is physically unstable.",diverged,"Simulation diverged at t=0: eigenvalue Re(λ)=4.293e+01 predicts growth factor 1.01e+304 over Δt=50.0, exceeding threshold 1e+08. The system is physically unstable.",-1,,,,,,,,false
0.06122448979591821,-1.9743589743589745,1.0,0.0001,0.0,1.0,256,50.0,auto,auto,periodic,"Simulation diverged at t=0: eigenvalue Re(λ)=2.374e+01 predicts growth factor 1.01e+304 over Δt=50.0, exceeding threshold 1e+08. The system is physically unstable.",diverged,"Simulation diverged at t=0: eigenvalue Re(λ)=2.374e+01 predicts growth factor 1.01e+304 over Δt=50.0, exceeding threshold 1e+08. The system is physically unstable.",-1,,,,,,,,false
0.06122448979591821,-1.9102564102564104,1.0,0.0001,0.0,1.0,256,50.0,auto,auto,periodic,"Simulation diverged at t=0: eigenvalue Re(λ)=1.249e+01 predicts growth factor 1.52e+271 over Δt=50.0, exceeding threshold 1e+08. The system is physically unstable.",diverged,"Simulation diverged at t=0: eigenvalue Re(λ)=1.249e+01 predicts growth factor 1.52e+271 over Δt=50.0, exceeding threshold 1e+08. The system is physically unstable.",-1,,,,,,,,false
0.06122448979591821,-1.8461538461538463,1.0,0.0001,0.0,1.0,256,50.0,auto,auto,periodic,"Simulation diverged at t=0: eigenvalue Re(λ)=1.033e+01 predicts growth factor 2.49e+224 over Δt=50.0, exceeding threshold 1e+08. The system is physically unstable.",diverged,"Simulation diverged at t=0: eigenvalue Re(λ)=1.033e+01 predicts growth factor 2.49e+224 over Δt=50.0, exceeding threshold 1e+08. The system is physically unstable.",-1,,,,,,,,false
0.06122448979591821,-1.7820512820512822,1.0,0.0001,0.0,1.0,256,50.0,auto,auto,periodic,"Simulation diverged at t=0: eigenvalue Re(λ)=5.003e+00 predicts growth factor 4.43e+108 over Δt=50.0, exceeding threshold 1e+08. The system is physically unstable.",diverged,"Simulation diverged at t=0: eigenvalue Re(λ)=5.003e+00 predicts growth factor 4.43e+108 over Δt=50.0, exceeding threshold 1e+08. The system is physically unstable.",-1,,,,,,,,false
0.06122448979591821,-1.717948717948718,1.0,0.0001,0.0,1.0,256,50.0,auto,auto,periodic,,success,,0,4.652751466399792e-09,47.5,3.434479580179636e-09,0.99,4.6528e-01,7.444418e-04,-3.1282,true
0.06122448979591821,-1.653846153846154,1.0,0.0001,0.0,1.0,256,50.0,auto,auto,periodic,,success,,0,5.520499826955237e-08,36.5,5.070445622843233e-09,1.18,5.5205e+00,8.832818e-03,-2.0539,true
0.06122448979591821,-1.5897435897435899,1.0,0.0001,0.0,1.0,256,50.0,auto,auto,periodic,,success,,0,1.6245616320280334e-07,18.0,1.5405345589870632e-07,1.1,1.6246e+01,2.599304e-02,-1.5851,true
0.06122448979591821,-1.5256410256410258,1.0,0.0001,0.0,1.0,256,50.0,auto,auto,periodic,,success,,0,3.2664507675489446e-07,22.5,3.832551809806363e-08,0.96,3.2665e+01,5.226332e-02,-1.2818,true
0.06122448979591821,-1.4615384615384617,1.0,0.0001,0.0,1.0,256,50.0,auto,auto,periodic,,success,,0,5.470749656566327e-07,28.5,7.814323766097536e-08,0.95,5.4707e+01,8.753218e-02,-1.0578,true
0.06122448979591821,-1.3974358974358976,1.0,0.0001,0.0,1.0,256,50.0,auto,auto,periodic,,success,,0,8.254669614671291e-07,33.5,4.306886682196492e-07,1.36,8.2547e+01,1.320750e-01,-0.8792,true
0.06122448979591821,-1.3333333333333335,1.0,0.0001,0.0,1.0,256,50.0,auto,auto,periodic,,success,,0,1.1593842337025185e-06,38.5,9.417405417417471e-07,1.1,1.1594e+02,1.855019e-01,-0.7317,true
0.06122448979591821,-1.2692307692307694,1.0,0.0001,0.0,1.0,256,50.0,auto,auto,periodic,,success,,0,1.5510228953085855e-06,44.5,1.4847836012755638e-06,0.97,1.5510e+02,2.481642e-01,-0.6053,true
0.06122448979591821,-1.2051282051282053,1.0,0.0001,0.0,1.0,256,50.0,auto,auto,periodic,,success,,0,1.998729701534947e-06,49.5,1.9972698895771956e-06,0.94,1.9987e+02,3.197974e-01,-0.4951,true
0.06122448979591821,-1.1410256410256412,1.0,0.0001,0.0,1.0,256,50.0,auto,auto,periodic,,success,,0,2.4559307579704466e-06,50.0,2.4559307579704466e-06,0.94,2.4559e+02,3.929497e-01,-0.4057,true
0.06122448979591821,-1.076923076923077,1.0,0.0001,0.0,1.0,256,50.0,auto,auto,periodic,,success,,0,2.8564925051665113e-06,50.0,2.8564925051665113e-06,1.13,2.8565e+02,4.570398e-01,-0.3400,true
0.06122448979591821,-1.012820512820513,1.0,0.0001,0.0,1.0,256,50.0,auto,auto,periodic,,success,,0,3.2026639505825695e-06,50.0,3.2026639505825695e-06,1.15,3.2027e+02,5.124273e-01,-0.2904,true
0.06122448979591821,-0.9487179487179489,1.0,0.0001,0.0,1.0,256,50.0,auto,auto,periodic,,success,,0,3.500878346051065e-06,50.0,3.500878346051065e-06,0.99,3.5009e+02,5.601417e-01,-0.2517,true
0.06122448979591821,-0.884615384615385,1.0,0.0001,0.0,1.0,256,50.0,auto,auto,periodic,,success,,0,3.757972732574273e-06,50.0,3.757972732574273e-06,1.15,3.7580e+02,6.012769e-01,-0.2209,true
0.06122448979591821,-0.8205128205128207,1.0,0.0001,0.0,1.0,256,50.0,auto,auto,periodic,,success,,0,3.9802592152983544e-06,50.0,3.9802592152983544e-06,0.99,3.9803e+02,6.368428e-01,-0.1960,true
0.06122448979591821,-0.7564102564102564,1.0,0.0001,0.0,1.0,256,50.0,auto,auto,periodic,,success,,0,4.1732258093894844e-06,50.0,4.1732258093894844e-06,0.97,4.1732e+02,6.677175e-01,-0.1754,true
0.06122448979591821,-0.6923076923076925,1.0,0.0001,0.0,1.0,256,50.0,auto,auto,periodic,,success,,0,4.341509798363053e-06,50.0,4.341509798363053e-06,1.0,4.3415e+02,6.946430e-01,-0.1582,true
0.06122448979591821,-0.6282051282051286,1.0,0.0001,0.0,1.0,256,50.0,auto,auto,periodic,,success,,0,4.4889757721047995e-06,50.0,4.4889757721047995e-06,1.05,4.4890e+02,7.182376e-01,-0.1437,true
0.06122448979591821,-0.5641025641025643,1.0,0.0001,0.0,1.0,256,50.0,auto,auto,periodic,,success,,0,4.618824584789832e-06,50.0,4.618824584789832e-06,1.19,4.6188e+02,7.390135e-01,-0.1313,true
0.06122448979591821,-0.5,1.0,0.0001,0.0,1.0,256,50.0,auto,auto,periodic,,success,,0,4.733703668277607e-06,50.0,4.733703668277607e-06,0.98,4.7337e+02,7.573942e-01,-0.1207,true
0.1020408163265305,-3.0,1.0,0.0001,0.0,1.0,256,50.0,auto,auto,periodic,"Simulation diverged at t=0: eigenvalue Re(λ)=2.884e+01 predicts growth factor 1.01e+304 over Δt=50.0, exceeding threshold 1e+08. The system is physically unstable.",diverged,"Simulation diverged at t=0: eigenvalue Re(λ)=2.884e+01 predicts growth factor 1.01e+304 over Δt=50.0, exceeding threshold 1e+08. The system is physically unstable.",-1,,,,,,,,false
0.1020408163265305,-2.935897435897436,1.0,0.0001,0.0,1.0,256,50.0,auto,auto,periodic,"Simulation diverged at t=0: eigenvalue Re(λ)=9.183e+01 predicts growth factor 1.01e+304 over Δt=50.0, exceeding threshold 1e+08. The system is physically unstable.",diverged,"Simulation diverged at t=0: eigenvalue Re(λ)=9.183e+01 predicts growth factor 1.01e+304 over Δt=50.0, exceeding threshold 1e+08. The system is physically unstable.",-1,,,,,,,,false
0.1020408163265305,-2.871794871794872,1.0,0.0001,0.0,1.0,256,50.0,auto,auto,periodic,"Simulation diverged at t=0: eigenvalue Re(λ)=3.787e+01 predicts growth factor 1.01e+304 over Δt=50.0, exceeding threshold 1e+08. The system is physically unstable.",diverged,"Simulation diverged at t=0: eigenvalue Re(λ)=3.787e+01 predicts growth factor 1.01e+304 over Δt=50.0, exceeding threshold 1e+08. The system is physically unstable.",-1,,,,,,,,false
0.1020408163265305,-2.8076923076923075,1.0,0.0001,0.0,1.0,256,50.0,auto,auto,periodic,"Simulation diverged at t=0: eigenvalue Re(λ)=2.573e+01 predicts growth factor 1.01e+304 over Δt=50.0, exceeding threshold 1e+08. The system is physically unstable.",diverged,"Simulation diverged at t=0: eigenvalue Re(λ)=2.573e+01 predicts growth factor 1.01e+304 over Δt=50.0, exceeding threshold 1e+08. The system is physically unstable.",-1,,,,,,,,false
0.1020408163265305,-2.7435897435897436,1.0,0.0001,0.0,1.0,256,50.0,auto,auto,periodic,"Simulation diverged at t=0: eigenvalue Re(λ)=4.271e+01 predicts growth factor 1.01e+304 over Δt=50.0, exceeding threshold 1e+08. The system is physically unstable.",diverged,"Simulation diverged at t=0: eigenvalue Re(λ)=4.271e+01 predicts growth factor 1.01e+304 over Δt=50.0, exceeding threshold 1e+08. The system is physically unstable.",-1,,,,,,,,false
0.1020408163265305,-2.6794871794871797,1.0,0.0001,0.0,1.0,256,50.0,auto,auto,periodic,"Simulation diverged at t=0: eigenvalue Re(λ)=2.315e+01 predicts growth factor 1.01e+304 over Δt=50.0, exceeding threshold 1e+08. The system is physically unstable.",diverged,"Simulation diverged at t=0: eigenvalue Re(λ)=2.315e+01 predicts growth factor 1.01e+304 over Δt=50.0, exceeding threshold 1e+08. The system is physically unstable.",-1,,,,,,,,false
0.1020408163265305,-2.6153846153846154,1.0,0.0001,0.0,1.0,256,50.0,auto,auto,periodic,"Simulation diverged at t=0: eigenvalue Re(λ)=2.950e+01 predicts growth factor 1.01e+304 over Δt=50.0, exceeding threshold 1e+08. The system is physically unstable.",diverged,"Simulation diverged at t=0: eigenvalue Re(λ)=2.950e+01 predicts growth factor 1.01e+304 over Δt=50.0, exceeding threshold 1e+08. The system is physically unstable.",-1,,,,,,,,false
0.1020408163265305,-2.551282051282051,1.0,0.0001,0.0,1.0,256,50.0,auto,auto,periodic,"Simulation diverged at t=0: eigenvalue Re(λ)=4.293e+01 predicts growth factor 1.01e+304 over Δt=50.0, exceeding threshold 1e+08. The system is physically unstable.",diverged,"Simulation diverged at t=0: eigenvalue Re(λ)=4.293e+01 predicts growth factor 1.01e+304 over Δt=50.0, exceeding threshold 1e+08. The system is physically unstable.",-1,,,,,,,,false
0.1020408163265305,-2.4871794871794872,1.0,0.0001,0.0,1.0,256,50.0,auto,auto,periodic,"Simulation diverged at t=0: eigenvalue Re(λ)=8.638e+01 predicts growth factor 1.01e+304 over Δt=50.0, exceeding threshold 1e+08. The system is physically unstable.",diverged,"Simulation diverged at t=0: eigenvalue Re(λ)=8.638e+01 predicts growth factor 1.01e+304 over Δt=50.0, exceeding threshold 1e+08. The system is physically unstable.",-1,,,,,,,,false
0.1020408163265305,-2.4230769230769234,1.0,0.0001,0.0,1.0,256,50.0,auto,auto,periodic,"Simulation diverged at t=0: eigenvalue Re(λ)=1.191e+02 predicts growth factor 1.01e+304 over Δt=50.0, exceeding threshold 1e+08. The system is physically unstable.",diverged,"Simulation diverged at t=0: eigenvalue Re(λ)=1.191e+02 predicts growth factor 1.01e+304 over Δt=50.0, exceeding threshold 1e+08. The system is physically unstable.",-1,,,,,,,,false
0.1020408163265305,-2.358974358974359,1.0,0.0001,0.0,1.0,256,50.0,auto,auto,periodic,"Simulation diverged at t=0: eigenvalue Re(λ)=4.085e+01 predicts growth factor 1.01e+304 over Δt=50.0, exceeding threshold 1e+08. The system is physically unstable.",diverged,"Simulation diverged at t=0: eigenvalue Re(λ)=4.085e+01 predicts growth factor 1.01e+304 over Δt=50.0, exceeding threshold 1e+08. The system is physically unstable.",-1,,,,,,,,false
0.1020408163265305,-2.2948717948717947,1.0,0.0001,0.0,1.0,256,50.0,auto,auto,periodic,"Simulation diverged at t=0: eigenvalue Re(λ)=2.157e+01 predicts growth factor 1.01e+304 over Δt=50.0, exceeding threshold 1e+08. The system is physically unstable.",diverged,"Simulation diverged at t=0: eigenvalue Re(λ)=2.157e+01 predicts growth factor 1.01e+304 over Δt=50.0, exceeding threshold 1e+08. The system is physically unstable.",-1,,,,,,,,false
0.1020408163265305,-2.230769230769231,1.0,0.0001,0.0,1.0,256,50.0,auto,auto,periodic,"Simulation diverged at t=0: eigenvalue Re(λ)=1.348e+01 predicts growth factor 5.72e+292 over Δt=50.0, exceeding threshold 1e+08. The system is physically unstable.",diverged,"Simulation diverged at t=0: eigenvalue Re(λ)=1.348e+01 predicts growth factor 5.72e+292 over Δt=50.0, exceeding threshold 1e+08. The system is physically unstable.",-1,,,,,,,,false
0.1020408163265305,-2.166666666666667,1.0,0.0001,0.0,1.0,256,50.0,auto,auto,periodic,"Simulation diverged at t=0: eigenvalue Re(λ)=1.445e+01 predicts growth factor 1.01e+304 over Δt=50.0, exceeding threshold 1e+08. The system is physically unstable.",diverged,"Simulation diverged at t=0: eigenvalue Re(λ)=1.445e+01 predicts growth factor 1.01e+304 over Δt=50.0, exceeding threshold 1e+08. The system is physically unstable.",-1,,,,,,,,false
0.1020408163265305,-2.1025641025641026,1.0,0.0001,0.0,1.0,256,50.0,auto,auto,periodic,"Simulation diverged at t=0: eigenvalue Re(λ)=1.253e+01 predicts growth factor 1.30e+272 over Δt=50.0, exceeding threshold 1e+08. The system is physically unstable.",diverged,"Simulation diverged at t=0: eigenvalue Re(λ)=1.253e+01 predicts growth factor 1.30e+272 over Δt=50.0, exceeding threshold 1e+08. The system is physically unstable.",-1,,,,,,,,false
0.1020408163265305,-2.0384615384615383,1.0,0.0001,0.0,1.0,256,50.0,auto,auto,periodic,"Simulation diverged at t=0: eigenvalue Re(λ)=2.687e+01 predicts growth factor 1.01e+304 over Δt=50.0, exceeding threshold 1e+08. The system is physically unstable.",diverged,"Simulation diverged at t=0: eigenvalue Re(λ)=2.687e+01 predicts growth factor 1.01e+304 over Δt=50.0, exceeding threshold 1e+08. The system is physically unstable.",-1,,,,,,,,false
0.1020408163265305,-1.9743589743589745,1.0,0.0001,0.0,1.0,256,50.0,auto,auto,periodic,"Simulation diverged at t=0: eigenvalue Re(λ)=3.115e+01 predicts growth factor 1.01e+304 over Δt=50.0, exceeding threshold 1e+08. The system is physically unstable.",diverged,"Simulation diverged at t=0: eigenvalue Re(λ)=3.115e+01 predicts growth factor 1.01e+304 over Δt=50.0, exceeding threshold 1e+08. The system is physically unstable.",-1,,,,,,,,false
0.1020408163265305,-1.9102564102564104,1.0,0.0001,0.0,1.0,256,50.0,auto,auto,periodic,"Simulation diverged at t=0: eigenvalue Re(λ)=6.948e+00 predicts growth factor 7.40e+150 over Δt=50.0, exceeding threshold 1e+08. The system is physically unstable.",diverged,"Simulation diverged at t=0: eigenvalue Re(λ)=6.948e+00 predicts growth factor 7.40e+150 over Δt=50.0, exceeding threshold 1e+08. The system is physically unstable.",-1,,,,,,,,false
0.1020408163265305,-1.8461538461538463,1.0,0.0001,0.0,1.0,256,50.0,auto,auto,periodic,"Simulation diverged at t=0: eigenvalue Re(λ)=4.948e+00 predicts growth factor 2.74e+107 over Δt=50.0, exceeding threshold 1e+08. The system is physically unstable.",diverged,"Simulation diverged at t=0: eigenvalue Re(λ)=4.948e+00 predicts growth factor 2.74e+107 over Δt=50.0, exceeding threshold 1e+08. The system is physically unstable.",-1,,,,,,,,false
0.1020408163265305,-1.7820512820512822,1.0,0.0001,0.0,1.0,256,50.0,auto,auto,periodic,"Simulation diverged at t=0: eigenvalue Re(λ)=1.271e+01 predicts growth factor 1.16e+276 over Δt=50.0, exceeding threshold 1e+08. The system is physically unstable.",diverged,"Simulation diverged at t=0: eigenvalue Re(λ)=1.271e+01 predicts growth factor 1.16e+276 over Δt=50.0, exceeding threshold 1e+08. The system is physically unstable.",-1,,,,,,,,false
0.1020408163265305,-1.717948717948718,1.0,0.0001,0.0,1.0,256,50.0,auto,auto,periodic,,success,,0,1.622454969204872e-10,46.0,5.853661430586183e-11,1.17,1.6225e-02,2.595933e-05,-4.5857,true
0.1020408163265305,-1.653846153846154,1.0,0.0001,0.0,1.0,256,50.0,auto,auto,periodic,,success,,0,5.6080257253735e-09,49.0,5.228044404038695e-09,0.99,5.6080e-01,8.972860e-04,-3.0471,true
0.1020408163265305,-1.5897435897435899,1.0,0.0001,0.0,1.0,256,50.0,auto,auto,periodic,,success,,0,1.8231054201304927e-08,44.5,7.583774854776557e-09,1.12,1.8231e+00,2.916975e-03,-2.5351,true
0.1020408163265305,-1.5256410256410258,1.0,0.0001,0.0,1.0,256,50.0,auto,auto,periodic,,success,,0,3.771604823406972e-08,32.0,2.5938321311438136e-08,1.18,3.7716e+00,6.034580e-03,-2.2194,true
0.1020408163265305,-1.4615384615384617,1.0,0.0001,0.0,1.0,256,50.0,auto,auto,periodic,,success,,0,6.505489831389376e-08,38.5,4.9711778331087245e-09,1.19,6.5055e+00,1.040881e-02,-1.9826,true
0.1020408163265305,-1.3974358974358976,1.0,0.0001,0.0,1.0,256,50.0,auto,auto,periodic,,success,,0,9.968080101095735e-08,15.0,6.704221406161227e-08,1.18,9.9681e+00,1.594896e-02,-1.7973,true
0.1020408163265305,-1.3333333333333335,1.0,0.0001,0.0,1.0,256,50.0,auto,auto,periodic,,success,,0,1.4167336202886843e-07,16.5,1.4044112626836483e-07,1.21,1.4167e+01,2.266779e-02,-1.6446,true
0.1020408163265305,-1.2692307692307694,1.0,0.0001,0.0,1.0,256,50.0,auto,auto,periodic,,success,,0,1.9054876948408836e-07,18.0,1.5129456907707548e-07,1.18,1.9055e+01,3.048787e-02,-1.5159,true
0.1020408163265305,-1.2051282051282053,1.0,0.0001,0.0,1.0,256,50.0,auto,auto,periodic,,success,,0,2.472854145929483e-07,21.0,1.0671273809313823e-07,1.14,2.4729e+01,3.956575e-02,-1.4027,true
0.1020408163265305,-1.1410256410256412,1.0,0.0001,0.0,1.0,256,50.0,auto,auto,periodic,,success,,0,3.115841478075027e-07,22.5,4.8922970627707415e-08,1.28,3.1158e+01,4.985357e-02,-1.3023,true
0.1020408163265305,-1.076923076923077,1.0,0.0001,0.0,1.0,256,50.0,auto,auto,periodic,,success,,0,3.8270407129613304e-07,24.0,1.4665838846386896e-08,0.96,3.8270e+01,6.123278e-02,-1.2130,true
0.1020408163265305,-1.012820512820513,1.0,0.0001,0.0,1.0,256,50.0,auto,auto,periodic,,success,,0,4.6135340538859924e-07,26.0,2.296318409770523e-08,1.24,4.6135e+01,7.381670e-02,-1.1318,true
0.1020408163265305,-0.9487179487179489,1.0,0.0001,0.0,1.0,256,50.0,auto,auto,periodic,,success,,0,5.470749656524706e-07,28.5,7.81432376575785e-08,1.13,5.4707e+01,8.753218e-02,-1.0578,true
0.1020408163265305,-0.884615384615385,1.0,0.0001,0.0,1.0,256,50.0,auto,auto,periodic,,success,,0,6.409335434103586e-07,30.5,1.7604117932969987e-07,1.2,6.4093e+01,1.025496e-01,-0.9891,true
0.1020408163265305,-0.8205128205128207,1.0,0.0001,0.0,1.0,256,50.0,auto,auto,periodic,,success,,0,7.420026653619416e-07,32.0,3.088279233601151e-07,1.03,7.4200e+01,1.187207e-01,-0.9255,true
0.1020408163265305,-0.7564102564102564,1.0,0.0001,0.0,1.0,256,50.0,auto,auto,periodic,,success,,0,8.497994190578651e-07,33.5,4.678757913849121e-07,1.47,8.4980e+01,1.359682e-01,-0.8666,true
0.1020408163265305,-0.6923076923076925,1.0,0.0001,0.0,1.0,256,50.0,auto,auto,periodic,,success,,0,9.647834297636252e-07,35.5,6.451874750998488e-07,1.05,9.6478e+01,1.543657e-01,-0.8114,true
0.1020408163265305,-0.6282051282051286,1.0,0.0001,0.0,1.0,256,50.0,auto,auto,periodic,,success,,0,1.0881482904775289e-06,38.0,8.339698048626019e-07,1.13,1.0881e+02,1.741041e-01,-0.7592,true
0.1020408163265305,-0.5641025641025643,1.0,0.0001,0.0,1.0,256,50.0,auto,auto,periodic,,success,,0,1.2183733734424785e-06,40.0,1.0287554683441675e-06,1.16,1.2184e+02,1.949401e-01,-0.7101,true
0.1020408163265305,-0.5,1.0,0.0001,0.0,1.0,256,50.0,auto,auto,periodic,,success,,0,1.3562011067158555e-06,41.5,1.225311492204839e-06,1.0,1.3562e+02,2.169926e-01,-0.6636,true
0.1428571428571428,-3.0,1.0,0.0001,0.0,1.0,256,50.0,auto,auto,periodic,"Simulation diverged at t=0: eigenvalue Re(λ)=1.873e+01 predicts growth factor 1.01e+304 over Δt=50.0, exceeding threshold 1e+08. The system is physically unstable.",diverged,"Simulation diverged at t=0: eigenvalue Re(λ)=1.873e+01 predicts growth factor 1.01e+304 over Δt=50.0, exceeding threshold 1e+08. The system is physically unstable.",-1,,,,,,,,false
0.1428571428571428,-2.935897435897436,1.0,0.0001,0.0,1.0,256,50.0,auto,auto,periodic,"Simulation diverged at t=0: eigenvalue Re(λ)=2.634e+01 predicts growth factor 1.01e+304 over Δt=50.0, exceeding threshold 1e+08. The system is physically unstable.",diverged,"Simulation diverged at t=0: eigenvalue Re(λ)=2.634e+01 predicts growth factor 1.01e+304 over Δt=50.0, exceeding threshold 1e+08. The system is physically unstable.",-1,,,,,,,,false
0.1428571428571428,-2.871794871794872,1.0,0.0001,0.0,1.0,256,50.0,auto,auto,periodic,"Simulation diverged at t=0: eigenvalue Re(λ)=4.744e+02 predicts growth factor 1.01e+304 over Δt=50.0, exceeding threshold 1e+08. The system is physically unstable.",diverged,"Simulation diverged at t=0: eigenvalue Re(λ)=4.744e+02 predicts growth factor 1.01e+304 over Δt=50.0, exceeding threshold 1e+08. The system is physically unstable.",-1,,,,,,,,false
0.1428571428571428,-2.8076923076923075,1.0,0.0001,0.0,1.0,256,50.0,auto,auto,periodic,"Simulation diverged at t=0: eigenvalue Re(λ)=1.672e+01 predicts growth factor 1.01e+304 over Δt=50.0, exceeding threshold 1e+08. The system is physically unstable.",diverged,"Simulation diverged at t=0: eigenvalue Re(λ)=1.672e+01 predicts growth factor 1.01e+304 over Δt=50.0, exceeding threshold 1e+08. The system is physically unstable.",-1,,,,,,,,false
0.1428571428571428,-2.7435897435897436,1.0,0.0001,0.0,1.0,256,50.0,auto,auto,periodic,"Simulation diverged at t=0: eigenvalue Re(λ)=1.960e+01 predicts growth factor 1.01e+304 over Δt=50.0, exceeding threshold 1e+08. The system is physically unstable.",diverged,"Simulation diverged at t=0: eigenvalue Re(λ)=1.960e+01 predicts growth factor 1.01e+304 over Δt=50.0, exceeding threshold 1e+08. The system is physically unstable.",-1,,,,,,,,false
0.1428571428571428,-2.6794871794871797,1.0,0.0001,0.0,1.0,256,50.0,auto,auto,periodic,"Simulation diverged at t=0: eigenvalue Re(λ)=2.370e+01 predicts growth factor 1.01e+304 over Δt=50.0, exceeding threshold 1e+08. The system is physically unstable.",diverged,"Simulation diverged at t=0: eigenvalue Re(λ)=2.370e+01 predicts growth factor 1.01e+304 over Δt=50.0, exceeding threshold 1e+08. The system is physically unstable.",-1,,,,,,,,false
0.1428571428571428,-2.6153846153846154,1.0,0.0001,0.0,1.0,256,50.0,auto,auto,periodic,"Simulation diverged at t=0: eigenvalue Re(λ)=2.883e+01 predicts growth factor 1.01e+304 over Δt=50.0, exceeding threshold 1e+08. The system is physically unstable.",diverged,"Simulation diverged at t=0: eigenvalue Re(λ)=2.883e+01 predicts growth factor 1.01e+304 over Δt=50.0, exceeding threshold 1e+08. The system is physically unstable.",-1,,,,,,,,false
0.1428571428571428,-2.551282051282051,1.0,0.0001,0.0,1.0,256,50.0,auto,auto,periodic,"Simulation diverged at t=0: eigenvalue Re(λ)=3.139e+01 predicts growth factor 1.01e+304 over Δt=50.0, exceeding threshold 1e+08. The system is physically unstable.",diverged,"Simulation diverged at t=0: eigenvalue Re(λ)=3.139e+01 predicts growth factor 1.01e+304 over Δt=50.0, exceeding threshold 1e+08. The system is physically unstable.",-1,,,,,,,,false
0.1428571428571428,-2.4871794871794872,1.0,0.0001,0.0,1.0,256,50.0,auto,auto,periodic,"Simulation diverged at t=0: eigenvalue Re(λ)=2.633e+01 predicts growth factor 1.01e+304 over Δt=50.0, exceeding threshold 1e+08. The system is physically unstable.",diverged,"Simulation diverged at t=0: eigenvalue Re(λ)=2.633e+01 predicts growth factor 1.01e+304 over Δt=50.0, exceeding threshold 1e+08. The system is physically unstable.",-1,,,,,,,,false
0.1428571428571428,-2.4230769230769234,1.0,0.0001,0.0,1.0,256,50.0,auto,auto,periodic,"Simulation diverged at t=0: eigenvalue Re(λ)=1.876e+01 predicts growth factor 1.01e+304 over Δt=50.0, exceeding threshold 1e+08. The system is physically unstable.",diverged,"Simulation diverged at t=0: eigenvalue Re(λ)=1.876e+01 predicts growth factor 1.01e+304 over Δt=50.0, exceeding threshold 1e+08. The system is physically unstable.",-1,,,,,,,,false
0.1428571428571428,-2.358974358974359,1.0,0.0001,0.0,1.0,256,50.0,auto,auto,periodic,"Simulation diverged at t=0: eigenvalue Re(λ)=1.314e+01 predicts growth factor 2.60e+285 over Δt=50.0, exceeding threshold 1e+08. The system is physically unstable.",diverged,"Simulation diverged at t=0: eigenvalue Re(λ)=1.314e+01 predicts growth factor 2.60e+285 over Δt=50.0, exceeding threshold 1e+08. The system is physically unstable.",-1,,,,,,,,false
0.1428571428571428,-2.2948717948717947,1.0,0.0001,0.0,1.0,256,50.0,auto,auto,periodic,"Simulation diverged at t=0: eigenvalue Re(λ)=9.428e+00 predicts growth factor 5.31e+204 over Δt=50.0, exceeding threshold 1e+08. The system is physically unstable.",diverged,"Simulation diverged at t=0: eigenvalue Re(λ)=9.428e+00 predicts growth factor 5.31e+204 over Δt=50.0, exceeding threshold 1e+08. The system is physically unstable.",-1,,,,,,,,false
0.1428571428571428,-2.230769230769231,1.0,0.0001,0.0,1.0,256,50.0,auto,auto,periodic,"Simulation diverged at t=0: eigenvalue Re(λ)=1.328e+01 predicts growth factor 2.96e+288 over Δt=50.0, exceeding threshold 1e+08. The system is physically unstable.",diverged,"Simulation diverged at t=0: eigenvalue Re(λ)=1.328e+01 predicts growth factor 2.96e+288 over Δt=50.0, exceeding threshold 1e+08. The system is physically unstable.",-1,,,,,,,,false
0.1428571428571428,-2.166666666666667,1.0,0.0001,0.0,1.0,256,50.0,auto,auto,periodic,"Simulation diverged at t=0: eigenvalue Re(λ)=3.569e+01 predicts growth factor 1.01e+304 over Δt=50.0, exceeding threshold 1e+08. The system is physically unstable.",diverged,"Simulation diverged at t=0: eigenvalue Re(λ)=3.569e+01 predicts growth factor 1.01e+304 over Δt=50.0, exceeding threshold 1e+08. The system is physically unstable.",-1,,,,,,,,false
0.1428571428571428,-2.1025641025641026,1.0,0.0001,0.0,1.0,256,50.0,auto,auto,periodic,"Simulation diverged at t=0: eigenvalue Re(λ)=6.877e+00 predicts growth factor 2.19e+149 over Δt=50.0, exceeding threshold 1e+08. The system is physically unstable.",diverged,"Simulation diverged at t=0: eigenvalue Re(λ)=6.877e+00 predicts growth factor 2.19e+149 over Δt=50.0, exceeding threshold 1e+08. The system is physically unstable.",-1,,,,,,,,false
0.1428571428571428,-2.0384615384615383,1.0,0.0001,0.0,1.0,256,50.0,auto,auto,periodic,"Simulation diverged at t=0: eigenvalue Re(λ)=2.033e+01 predicts growth factor 1.01e+304 over Δt=50.0, exceeding threshold 1e+08. The system is physically unstable.",diverged,"Simulation diverged at t=0: eigenvalue Re(λ)=2.033e+01 predicts growth factor 1.01e+304 over Δt=50.0, exceeding threshold 1e+08. The system is physically unstable.",-1,,,,,,,,false
0.1428571428571428,-1.9743589743589745,1.0,0.0001,0.0,1.0,256,50.0,auto,auto,periodic,"Simulation diverged at t=0: eigenvalue Re(λ)=6.339e+00 predicts growth factor 4.54e+137 over Δt=50.0, exceeding threshold 1e+08. The system is physically unstable.",diverged,"Simulation diverged at t=0: eigenvalue Re(λ)=6.339e+00 predicts growth factor 4.54e+137 over Δt=50.0, exceeding threshold 1e+08. The system is physically unstable.",-1,,,,,,,,false
0.1428571428571428,-1.9102564102564104,1.0,0.0001,0.0,1.0,256,50.0,auto,auto,periodic,"Simulation diverged at t=0: eigenvalue Re(λ)=4.864e+00 predicts growth factor 4.12e+105 over Δt=50.0, exceeding threshold 1e+08. The system is physically unstable.",diverged,"Simulation diverged at t=0: eigenvalue Re(λ)=4.864e+00 predicts growth factor 4.12e+105 over Δt=50.0, exceeding threshold 1e+08. The system is physically unstable.",-1,,,,,,,,false
0.1428571428571428,-1.8461538461538463,1.0,0.0001,0.0,1.0,256,50.0,auto,auto,periodic,"Simulation diverged at t=0: eigenvalue Re(λ)=3.622e+00 predicts growth factor 4.56e+78 over Δt=50.0, exceeding threshold 1e+08. The system is physically unstable.",diverged,"Simulation diverged at t=0: eigenvalue Re(λ)=3.622e+00 predicts growth factor 4.56e+78 over Δt=50.0, exceeding threshold 1e+08. The system is physically unstable.",-1,,,,,,,,false
0.1428571428571428,-1.7820512820512822,1.0,0.0001,0.0,1.0,256,50.0,auto,auto,periodic,"Simulation diverged at t=0: eigenvalue Re(λ)=1.128e+01 predicts growth factor 1.02e+245 over Δt=50.0, exceeding threshold 1e+08. The system is physically unstable.",diverged,"Simulation diverged at t=0: eigenvalue Re(λ)=1.128e+01 predicts growth factor 1.02e+245 over Δt=50.0, exceeding threshold 1e+08. The system is physically unstable.",-1,,,,,,,,false
0.1428571428571428,-1.717948717948718,1.0,0.0001,0.0,1.0,256,50.0,auto,auto,periodic,,success,,0,1.3883848686626394e-08,50.0,1.3883848686626394e-08,1.02,1.3884e+00,2.221420e-03,-2.6534,true
0.1428571428571428,-1.653846153846154,1.0,0.0001,0.0,1.0,256,50.0,auto,auto,periodic,,success,,0,8.630196424812733e-10,49.5,8.602089652875229e-10,1.02,8.6302e-02,1.380834e-04,-3.8599,true
0.1428571428571428,-1.5897435897435899,1.0,0.0001,0.0,1.0,256,50.0,auto,auto,periodic,,success,,0,3.761078613385903e-09,46.0,1.6151721959859154e-09,1.08,3.7611e-01,6.017738e-04,-3.2206,true
0.1428571428571428,-1.5256410256410258,1.0,0.0001,0.0,1.0,256,50.0,auto,auto,periodic,,success,,0,8.319801570533786e-09,38.0,6.080873872114797e-09,1.09,8.3198e-01,1.331171e-03,-2.8758,true
0.1428571428571428,-1.4615384615384617,1.0,0.0001,0.0,1.0,256,50.0,auto,auto,periodic,,success,,0,1.5034739171030555e-08,43.0,2.1213718183228482e-09,1.0,1.5035e+00,2.405563e-03,-2.6188,true
0.1428571428571428,-1.3974358974358976,1.0,0.0001,0.0,1.0,256,50.0,auto,auto,periodic,,success,,0,2.3545242384196428e-08,47.5,2.0214963060492563e-08,1.02,2.3545e+00,3.767247e-03,-2.4240,true
0.1428571428571428,-1.3333333333333335,1.0,0.0001,0.0,1.0,256,50.0,auto,auto,periodic,,success,,0,3.3649282608593453e-08,32.0,2.926807290981037e-08,0.98,3.3649e+00,5.383896e-03,-2.2689,true
0.1428571428571428,-1.2692307692307694,1.0,0.0001,0.0,1.0,256,50.0,auto,auto,periodic,,success,,0,4.592468535550262e-08,11.5,1.493880770637837e-08,1.04,4.5925e+00,7.347965e-03,-2.1338,true
0.1428571428571428,-1.2051282051282053,1.0,0.0001,0.0,1.0,256,50.0,auto,auto,periodic,,success,,0,5.981189087288483e-08,37.0,3.532167703883182e-09,0.99,5.9812e+00,9.569922e-03,-2.0191,true
0.1428571428571428,-1.1410256410256412,1.0,0.0001,0.0,1.0,256,50.0,auto,auto,periodic,,success,,0,7.624791206843565e-08,13.5,1.776175010148022e-08,0.98,7.6248e+00,1.219969e-02,-1.9137,true
0.1428571428571428,-1.076923076923077,1.0,0.0001,0.0,1.0,256,50.0,auto,auto,periodic,,success,,0,9.416209756418647e-08,43.0,5.473208263670761e-08,0.98,9.4162e+00,1.506597e-02,-1.8220,true
0.1428571428571428,-1.012820512820513,1.0,0.0001,0.0,1.0,256,50.0,auto,auto,periodic,,success,,0,1.1406274425696238e-07,46.0,9.852928886905826e-08,0.95,1.1406e+01,1.825008e-02,-1.7387,true
0.1428571428571428,-0.9487179487179489,1.0,0.0001,0.0,1.0,256,50.0,auto,auto,periodic,,success,,0,1.3618648756441468e-07,16.5,1.3419610696200484e-07,0.96,1.3619e+01,2.178988e-02,-1.6617,true
0.1428571428571428,-0.884615384615385,1.0,0.0001,0.0,1.0,256,50.0,auto,auto,periodic,,success,,0,1.5954948115902985e-07,18.0,1.5312521242210954e-07,1.01,1.5955e+01,2.552797e-02,-1.5930,true
0.1428571428571428,-0.8205128205128207,1.0,0.0001,0.0,1.0,256,50.0,auto,auto,periodic,,success,,0,1.8545106500655882e-07,18.0,1.5331517702442613e-07,0.98,1.8545e+01,2.967223e-02,-1.5276,true
0.1428571428571428,-0.7564102564102564,1.0,0.0001,0.0,1.0,256,50.0,auto,auto,periodic,,success,,0,2.1324507128620147e-07,19.5,1.3760452519184792e-07,0.93,2.1325e+01,3.411928e-02,-1.4670,true
0.1428571428571428,-0.6923076923076925,1.0,0.0001,0.0,1.0,256,50.0,auto,auto,periodic,,success,,0,2.421239418242339e-07,21.0,1.1145028079180302e-07,0.98,2.4212e+01,3.873991e-02,-1.4118,true
0.1428571428571428,-0.6282051282051286,1.0,0.0001,0.0,1.0,256,50.0,auto,auto,periodic,,success,,0,2.7403012038777437e-07,21.0,8.10451384433558e-08,1.14,2.7403e+01,4.384491e-02,-1.3581,true
0.1428571428571428,-0.5641025641025643,1.0,0.0001,0.0,1.0,256,50.0,auto,auto,periodic,,success,,0,3.0740069842686787e-07,22.5,5.207353768741973e-08,0.95,3.0740e+01,4.918421e-02,-1.3082,true
0.1428571428571428,-0.5,1.0,0.0001,0.0,1.0,256,50.0,auto,auto,periodic,,success,,0,3.421834290404615e-07,23.0,2.908298179018935e-08,1.04,3.4218e+01,5.474946e-02,-1.2616,true
0.18367346938775508,-3.0,1.0,0.0001,0.0,1.0,256,50.0,auto,auto,periodic,"Simulation diverged at t=0: eigenvalue Re(λ)=1.486e+01 predicts growth factor 1.01e+304 over Δt=50.0, exceeding threshold 1e+08. The system is physically unstable.",diverged,"Simulation diverged at t=0: eigenvalue Re(λ)=1.486e+01 predicts growth factor 1.01e+304 over Δt=50.0, exceeding threshold 1e+08. The system is physically unstable.",-1,,,,,,,,false
0.18367346938775508,-2.935897435897436,1.0,0.0001,0.0,1.0,256,50.0,auto,auto,periodic,"Simulation diverged at t=0: eigenvalue Re(λ)=1.184e+01 predicts growth factor 1.06e+257 over Δt=50.0, exceeding threshold 1e+08. The system is physically unstable.",diverged,"Simulation diverged at t=0: eigenvalue Re(λ)=1.184e+01 predicts growth factor 1.06e+257 over Δt=50.0, exceeding threshold 1e+08. The system is physically unstable.",-1,,,,,,,,false
0.18367346938775508,-2.871794871794872,1.0,0.0001,0.0,1.0,256,50.0,auto,auto,periodic,"Simulation diverged at t=0: eigenvalue Re(λ)=3.089e+01 predicts growth factor 1.01e+304 over Δt=50.0, exceeding threshold 1e+08. The system is physically unstable.",diverged,"Simulation diverged at t=0: eigenvalue Re(λ)=3.089e+01 predicts growth factor 1.01e+304 over Δt=50.0, exceeding threshold 1e+08. The system is physically unstable.",-1,,,,,,,,false
0.18367346938775508,-2.8076923076923075,1.0,0.0001,0.0,1.0,256,50.0,auto,auto,periodic,"Simulation diverged at t=0: eigenvalue Re(λ)=1.490e+01 predicts growth factor 1.01e+304 over Δt=50.0, exceeding threshold 1e+08. The system is physically unstable.",diverged,"Simulation diverged at t=0: eigenvalue Re(λ)=1.490e+01 predicts growth factor 1.01e+304 over Δt=50.0, exceeding threshold 1e+08. The system is physically unstable.",-1,,,,,,,,false
0.18367346938775508,-2.7435897435897436,1.0,0.0001,0.0,1.0,256,50.0,auto,auto,periodic,"Simulation diverged at t=0: eigenvalue Re(λ)=1.050e+01 predicts growth factor 1.15e+228 over Δt=50.0, exceeding threshold 1e+08. The system is physically unstable.",diverged,"Simulation diverged at t=0: eigenvalue Re(λ)=1.050e+01 predicts growth factor 1.15e+228 over Δt=50.0, exceeding threshold 1e+08. The system is physically unstable.",-1,,,,,,,,false
0.18367346938775508,-2.6794871794871797,1.0,0.0001,0.0,1.0,256,50.0,auto,auto,periodic,"Simulation diverged at t=0: eigenvalue Re(λ)=1.891e+01 predicts growth factor 1.01e+304 over Δt=50.0, exceeding threshold 1e+08. The system is physically unstable.",diverged,"Simulation diverged at t=0: eigenvalue Re(λ)=1.891e+01 predicts growth factor 1.01e+304 over Δt=50.0, exceeding threshold 1e+08. The system is physically unstable.",-1,,,,,,,,false
0.18367346938775508,-2.6153846153846154,1.0,0.0001,0.0,1.0,256,50.0,auto,auto,periodic,"Simulation diverged at t=0: eigenvalue Re(λ)=1.033e+01 predicts growth factor 2.49e+224 over Δt=50.0, exceeding threshold 1e+08. The system is physically unstable.",diverged,"Simulation diverged at t=0: eigenvalue Re(λ)=1.033e+01 predicts growth factor 2.49e+224 over Δt=50.0, exceeding threshold 1e+08. The system is physically unstable.",-1,,,,,,,,false
0.18367346938775508,-2.551282051282051,1.0,0.0001,0.0,1.0,256,50.0,auto,auto,periodic,"Simulation diverged at t=0: eigenvalue Re(λ)=1.758e+01 predicts growth factor 1.01e+304 over Δt=50.0, exceeding threshold 1e+08. The system is physically unstable.",diverged,"Simulation diverged at t=0: eigenvalue Re(λ)=1.758e+01 predicts growth factor 1.01e+304 over Δt=50.0, exceeding threshold 1e+08. The system is physically unstable.",-1,,,,,,,,false
0.18367346938775508,-2.4871794871794872,1.0,0.0001,0.0,1.0,256,50.0,auto,auto,periodic,"Simulation diverged at t=0: eigenvalue Re(λ)=8.638e+00 predicts growth factor 3.67e+187 over Δt=50.0, exceeding threshold 1e+08. The system is physically unstable.",diverged,"Simulation diverged at t=0: eigenvalue Re(λ)=8.638e+00 predicts growth factor 3.67e+187 over Δt=50.0, exceeding threshold 1e+08. The system is physically unstable.",-1,,,,,,,,false
0.18367346938775508,-2.4230769230769234,1.0,0.0001,0.0,1.0,256,50.0,auto,auto,periodic,"Simulation diverged at t=0: eigenvalue Re(λ)=1.080e+01 predicts growth factor 2.90e+234 over Δt=50.0, exceeding threshold 1e+08. The system is physically unstable.",diverged,"Simulation diverged at t=0: eigenvalue Re(λ)=1.080e+01 predicts growth factor 2.90e+234 over Δt=50.0, exceeding threshold 1e+08. The system is physically unstable.",-1,,,,,,,,false
0.18367346938775508,-2.358974358974359,1.0,0.0001,0.0,1.0,256,50.0,auto,auto,periodic,"Simulation diverged at t=0: eigenvalue Re(λ)=1.565e+01 predicts growth factor 1.01e+304 over Δt=50.0, exceeding threshold 1e+08. The system is physically unstable.",diverged,"Simulation diverged at t=0: eigenvalue Re(λ)=1.565e+01 predicts growth factor 1.01e+304 over Δt=50.0, exceeding threshold 1e+08. The system is physically unstable.",-1,,,,,,,,false
0.18367346938775508,-2.2948717948717947,1.0,0.0001,0.0,1.0,256,50.0,auto,auto,periodic,"Simulation diverged at t=0: eigenvalue Re(λ)=4.594e+01 predicts growth factor 1.01e+304 over Δt=50.0, exceeding threshold 1e+08. The system is physically unstable.",diverged,"Simulation diverged at t=0: eigenvalue Re(λ)=4.594e+01 predicts growth factor 1.01e+304 over Δt=50.0, exceeding threshold 1e+08. The system is physically unstable.",-1,,,,,,,,false
0.18367346938775508,-2.230769230769231,1.0,0.0001,0.0,1.0,256,50.0,auto,auto,periodic,"Simulation diverged at t=0: eigenvalue Re(λ)=5.962e+00 predicts growth factor 2.95e+129 over Δt=50.0, exceeding threshold 1e+08. The system is physically unstable.",diverged,"Simulation diverged at t=0: eigenvalue Re(λ)=5.962e+00 predicts growth factor 2.95e+129 over Δt=50.0, exceeding threshold 1e+08. The system is physically unstable.",-1,,,,,,,,false
0.18367346938775508,-2.166666666666667,1.0,0.0001,0.0,1.0,256,50.0,auto,auto,periodic,"Simulation diverged at t=0: eigenvalue Re(λ)=2.921e+01 predicts growth factor 1.01e+304 over Δt=50.0, exceeding threshold 1e+08. The system is physically unstable.",diverged,"Simulation diverged at t=0: eigenvalue Re(λ)=2.921e+01 predicts growth factor 1.01e+304 over Δt=50.0, exceeding threshold 1e+08. The system is physically unstable.",-1,,,,,,,,false
0.18367346938775508,-2.1025641025641026,1.0,0.0001,0.0,1.0,256,50.0,auto,auto,periodic,"Simulation diverged at t=0: eigenvalue Re(λ)=9.200e+00 predicts growth factor 6.06e+199 over Δt=50.0, exceeding threshold 1e+08. The system is physically unstable.",diverged,"Simulation diverged at t=0: eigenvalue Re(λ)=9.200e+00 predicts growth factor 6.06e+199 over Δt=50.0, exceeding threshold 1e+08. The system is physically unstable.",-1,,,,,,,,false
0.18367346938775508,-2.0384615384615383,1.0,0.0001,0.0,1.0,256,50.0,auto,auto,periodic,"Simulation diverged at t=0: eigenvalue Re(λ)=5.003e+00 predicts growth factor 4.43e+108 over Δt=50.0, exceeding threshold 1e+08. The system is physically unstable.",diverged,"Simulation diverged at t=0: eigenvalue Re(λ)=5.003e+00 predicts growth factor 4.43e+108 over Δt=50.0, exceeding threshold 1e+08. The system is physically unstable.",-1,,,,,,,,false
0.18367346938775508,-1.9743589743589745,1.0,0.0001,0.0,1.0,256,50.0,auto,auto,periodic,"Simulation diverged at t=0: eigenvalue Re(λ)=5.357e+00 predicts growth factor 2.12e+116 over Δt=50.0, exceeding threshold 1e+08. The system is physically unstable.",diverged,"Simulation diverged at t=0: eigenvalue Re(λ)=5.357e+00 predicts growth factor 2.12e+116 over Δt=50.0, exceeding threshold 1e+08. The system is physically unstable.",-1,,,,,,,,false
0.18367346938775508,-1.9102564102564104,1.0,0.0001,0.0,1.0,256,50.0,auto,auto,periodic,"Simulation diverged at t=0: eigenvalue Re(λ)=3.827e+00 predicts growth factor 1.28e+83 over Δt=50.0, exceeding threshold 1e+08. The system is physically unstable.",diverged,"Simulation diverged at t=0: eigenvalue Re(λ)=3.827e+00 predicts growth factor 1.28e+83 over Δt=50.0, exceeding threshold 1e+08. The system is physically unstable.",-1,,,,,,,,false
0.18367346938775508,-1.8461538461538463,1.0,0.0001,0.0,1.0,256,50.0,auto,auto,periodic,"Simulation diverged at t=0: eigenvalue Re(λ)=3.230e+00 predicts growth factor 1.39e+70 over Δt=50.0, exceeding threshold 1e+08. The system is physically unstable.",diverged,"Simulation diverged at t=0: eigenvalue Re(λ)=3.230e+00 predicts growth factor 1.39e+70 over Δt=50.0, exceeding threshold 1e+08. The system is physically unstable.",-1,,,,,,,,false
0.18367346938775508,-1.7820512820512822,1.0,0.0001,0.0,1.0,256,50.0,auto,auto,periodic,"Simulation diverged at t=0: eigenvalue Re(λ)=3.193e+00 predicts growth factor 2.17e+69 over Δt=50.0, exceeding threshold 1e+08. The system is physically unstable.",diverged,"Simulation diverged at t=0: eigenvalue Re(λ)=3.193e+00 predicts growth factor 2.17e+69 over Δt=50.0, exceeding threshold 1e+08. The system is physically unstable.",-1,,,,,,,,false
0.18367346938775508,-1.717948717948718,1.0,0.0001,0.0,1.0,256,50.0,auto,auto,periodic,,success,,0,0.16671491260734514,50.0,0.16671491260734514,1.0,1.6671e+07,,,false
0.18367346938775508,-1.653846153846154,1.0,0.0001,0.0,1.0,256,50.0,auto,auto,periodic,,success,,0,1.084365915305332e-10,44.5,4.09594976366369e-11,0.95,1.0844e-02,1.734989e-05,-4.7607,true
0.18367346938775508,-1.5897435897435899,1.0,0.0001,0.0,1.0,256,50.0,auto,auto,periodic,,success,,0,8.815126690450093e-10,50.0,8.815126690450093e-10,0.95,8.8151e-02,1.410423e-04,-3.8507,true
0.18367346938775508,-1.5256410256410258,1.0,0.0001,0.0,1.0,256,50.0,auto,auto,periodic,,success,,0,2.4176526591803567e-09,43.0,4.3337987520810636e-10,0.95,2.4177e-01,3.868252e-04,-3.4125,true
0.18367346938775508,-1.4615384615384617,1.0,0.0001,0.0,1.0,256,50.0,auto,auto,periodic,,success,,0,4.6527514663153515e-09,47.5,3.4344795799020115e-09,0.92,4.6528e-01,7.444418e-04,-3.1282,true
0.18367346938775508,-1.3974358974358976,1.0,0.0001,0.0,1.0,256,50.0,auto,auto,periodic,,success,,0,7.405818900035676e-09,37.0,6.596635210845526e-09,0.91,7.4058e-01,1.184933e-03,-2.9263,true
0.18367346938775508,-1.3333333333333335,1.0,0.0001,0.0,1.0,256,50.0,auto,auto,periodic,,success,,0,1.1038697271332567e-08,40.0,2.8094916623309825e-09,0.93,1.1039e+00,1.766195e-03,-2.7530,true
0.18367346938775508,-1.2692307692307694,1.0,0.0001,0.0,1.0,256,50.0,auto,auto,periodic,,success,,0,1.5346353282202775e-08,43.0,2.42631503111117e-09,0.95,1.5346e+00,2.455422e-03,-2.6099,true
0.18367346938775508,-1.2051282051282053,1.0,0.0001,0.0,1.0,256,50.0,auto,auto,periodic,,success,,0,2.0297028486406998e-08,46.0,1.2526825675528317e-08,1.21,2.0297e+00,3.247531e-03,-2.4884,true
0.18367346938775508,-1.1410256410256412,1.0,0.0001,0.0,1.0,256,50.0,auto,auto,periodic,,success,,0,2.5870764567424878e-08,49.0,2.473173605562944e-08,1.12,2.5871e+00,4.139331e-03,-2.3831,true
0.18367346938775508,-1.076923076923077,1.0,0.0001,0.0,1.0,256,50.0,auto,auto,periodic,,success,,0,3.192973309912169e-08,10.0,2.9652064858559676e-08,0.98,3.1930e+00,5.108768e-03,-2.2917,true
0.18367346938775508,-1.012820512820513,1.0,0.0001,0.0,1.0,256,50.0,auto,auto,periodic,,success,,0,3.884867256767603e-08,33.5,2.4562970573473016e-08,1.37,3.8849e+00,6.215801e-03,-2.2065,true
0.18367346938775508,-0.9487179487179489,1.0,0.0001,0.0,1.0,256,50.0,auto,auto,periodic,,success,,0,4.6747243505294894e-08,11.5,1.3802085916032376e-08,1.23,4.6747e+00,7.479575e-03,-2.1261,true
0.18367346938775508,-0.884615384615385,1.0,0.0001,0.0,1.0,256,50.0,auto,auto,periodic,,success,,0,5.520499826796029e-08,36.5,5.070445624133833e-09,1.09,5.5205e+00,8.832818e-03,-2.0539,true
0.18367346938775508,-0.8205128205128207,1.0,0.0001,0.0,1.0,256,50.0,auto,auto,periodic,,success,,0,6.426234210349039e-08,38.5,4.561276264080053e-09,1.0,6.4262e+00,1.028200e-02,-1.9879,true
0.18367346938775508,-0.7564102564102564,1.0,0.0001,0.0,1.0,256,50.0,auto,auto,periodic,,success,,0,7.415616559245297e-08,40.0,1.4517418751463081e-08,1.0,7.4156e+00,1.186501e-02,-1.9257,true
0.18367346938775508,-0.6923076923076925,1.0,0.0001,0.0,1.0,256,50.0,auto,auto,periodic,,success,,0,8.459199734307988e-08,41.5,3.360738448982374e-08,1.01,8.4592e+00,1.353475e-02,-1.8685,true
0.18367346938775508,-0.6282051282051286,1.0,0.0001,0.0,1.0,256,50.0,auto,auto,periodic,,success,,0,9.580658009944098e-08,15.0,5.849386916670878e-08,0.93,9.5807e+00,1.532908e-02,-1.8145,true
0.18367346938775508,-0.5641025641025643,1.0,0.0001,0.0,1.0,256,50.0,auto,auto,periodic,,success,,0,1.0788415480473604e-07,15.0,8.528812208576604e-08,0.99,1.0788e+01,1.726150e-02,-1.7629,true
0.18367346938775508,-0.5,1.0,0.0001,0.0,1.0,256,50.0,auto,auto,periodic,,success,,0,1.2013324311725873e-07,47.5,1.1046940530743821e-07,1.02,1.2013e+01,1.922136e-02,-1.7162,true
0.22448979591836715,-3.0,1.0,0.0001,0.0,1.0,256,50.0,auto,auto,periodic,"Simulation diverged at t=0: eigenvalue Re(λ)=1.391e+01 predicts growth factor 1.25e+302 over Δt=50.0, exceeding threshold 1e+08. The system is physically unstable.",diverged,"Simulation diverged at t=0: eigenvalue Re(λ)=1.391e+01 predicts growth factor 1.25e+302 over Δt=50.0, exceeding threshold 1e+08. The system is physically unstable.",-1,,,,,,,,false
0.22448979591836715,-2.935897435897436,1.0,0.0001,0.0,1.0,256,50.0,auto,auto,periodic,"Simulation diverged at t=0: eigenvalue Re(λ)=1.291e+01 predicts growth factor 2.56e+280 over Δt=50.0, exceeding threshold 1e+08. The system is physically unstable.",diverged,"Simulation diverged at t=0: eigenvalue Re(λ)=1.291e+01 predicts growth factor 2.56e+280 over Δt=50.0, exceeding threshold 1e+08. The system is physically unstable.",-1,,,,,,,,false
0.22448979591836715,-2.871794871794872,1.0,0.0001,0.0,1.0,256,50.0,auto,auto,periodic,"Simulation diverged at t=0: eigenvalue Re(λ)=1.162e+01 predicts growth factor 1.99e+252 over Δt=50.0, exceeding threshold 1e+08. The system is physically unstable.",diverged,"Simulation diverged at t=0: eigenvalue Re(λ)=1.162e+01 predicts growth factor 1.99e+252 over Δt=50.0, exceeding threshold 1e+08. The system is physically unstable.",-1,,,,,,,,false
0.22448979591836715,-2.8076923076923075,1.0,0.0001,0.0,1.0,256,50.0,auto,auto,periodic,"Simulation diverged at t=0: eigenvalue Re(λ)=1.022e+01 predicts growth factor 7.01e+221 over Δt=50.0, exceeding threshold 1e+08. The system is physically unstable.",diverged,"Simulation diverged at t=0: eigenvalue Re(λ)=1.022e+01 predicts growth factor 7.01e+221 over Δt=50.0, exceeding threshold 1e+08. The system is physically unstable.",-1,,,,,,,,false
0.22448979591836715,-2.7435897435897436,1.0,0.0001,0.0,1.0,256,50.0,auto,auto,periodic,"Simulation diverged at t=0: eigenvalue Re(λ)=8.852e+00 predicts growth factor 1.63e+192 over Δt=50.0, exceeding threshold 1e+08. The system is physically unstable.",diverged,"Simulation diverged at t=0: eigenvalue Re(λ)=8.852e+00 predicts growth factor 1.63e+192 over Δt=50.0, exceeding threshold 1e+08. The system is physically unstable.",-1,,,,,,,,false
0.22448979591836715,-2.6794871794871797,1.0,0.0001,0.0,1.0,256,50.0,auto,auto,periodic,"Simulation diverged at t=0: eigenvalue Re(λ)=7.605e+00 predicts growth factor 1.40e+165 over Δt=50.0, exceeding threshold 1e+08. The system is physically unstable.",diverged,"Simulation diverged at t=0: eigenvalue Re(λ)=7.605e+00 predicts growth factor 1.40e+165 over Δt=50.0, exceeding threshold 1e+08. The system is physically unstable.",-1,,,,,,,,false
0.22448979591836715,-2.6153846153846154,1.0,0.0001,0.0,1.0,256,50.0,auto,auto,periodic,"Simulation diverged at t=0: eigenvalue Re(λ)=4.265e+01 predicts growth factor 1.01e+304 over Δt=50.0, exceeding threshold 1e+08. The system is physically unstable.",diverged,"Simulation diverged at t=0: eigenvalue Re(λ)=4.265e+01 predicts growth factor 1.01e+304 over Δt=50.0, exceeding threshold 1e+08. The system is physically unstable.",-1,,,,,,,,false
0.22448979591836715,-2.551282051282051,1.0,0.0001,0.0,1.0,256,50.0,auto,auto,periodic,"Simulation diverged at t=0: eigenvalue Re(λ)=1.211e+01 predicts growth factor 9.33e+262 over Δt=50.0, exceeding threshold 1e+08. The system is physically unstable.",diverged,"Simulation diverged at t=0: eigenvalue Re(λ)=1.211e+01 predicts growth factor 9.33e+262 over Δt=50.0, exceeding threshold 1e+08. The system is physically unstable.",-1,,,,,,,,false
0.22448979591836715,-2.4871794871794872,1.0,0.0001,0.0,1.0,256,50.0,auto,auto,periodic,"Simulation diverged at t=0: eigenvalue Re(λ)=7.913e+00 predicts growth factor 6.91e+171 over Δt=50.0, exceeding threshold 1e+08. The system is physically unstable.",diverged,"Simulation diverged at t=0: eigenvalue Re(λ)=7.913e+00 predicts growth factor 6.91e+171 over Δt=50.0, exceeding threshold 1e+08. The system is physically unstable.",-1,,,,,,,,false
0.22448979591836715,-2.4230769230769234,1.0,0.0001,0.0,1.0,256,50.0,auto,auto,periodic,"Simulation diverged at t=0: eigenvalue Re(λ)=5.850e+00 predicts growth factor 1.10e+127 over Δt=50.0, exceeding threshold 1e+08. The system is physically unstable.",diverged,"Simulation diverged at t=0: eigenvalue Re(λ)=5.850e+00 predicts growth factor 1.10e+127 over Δt=50.0, exceeding threshold 1e+08. The system is physically unstable.",-1,,,,,,,,false
0.22448979591836715,-2.358974358974359,1.0,0.0001,0.0,1.0,256,50.0,auto,auto,periodic,"Simulation diverged at t=0: eigenvalue Re(λ)=9.076e+00 predicts growth factor 1.24e+197 over Δt=50.0, exceeding threshold 1e+08. The system is physically unstable.",diverged,"Simulation diverged at t=0: eigenvalue Re(λ)=9.076e+00 predicts growth factor 1.24e+197 over Δt=50.0, exceeding threshold 1e+08. The system is physically unstable.",-1,,,,,,,,false
0.22448979591836715,-2.2948717948717947,1.0,0.0001,0.0,1.0,256,50.0,auto,auto,periodic,"Simulation diverged at t=0: eigenvalue Re(λ)=5.386e+00 predicts growth factor 9.00e+116 over Δt=50.0, exceeding threshold 1e+08. The system is physically unstable.",diverged,"Simulation diverged at t=0: eigenvalue Re(λ)=5.386e+00 predicts growth factor 9.00e+116 over Δt=50.0, exceeding threshold 1e+08. The system is physically unstable.",-1,,,,,,,,false
0.22448979591836715,-2.230769230769231,1.0,0.0001,0.0,1.0,256,50.0,auto,auto,periodic,"Simulation diverged at t=0: eigenvalue Re(λ)=7.031e+00 predicts growth factor 4.65e+152 over Δt=50.0, exceeding threshold 1e+08. The system is physically unstable.",diverged,"Simulation diverged at t=0: eigenvalue Re(λ)=7.031e+00 predicts growth factor 4.65e+152 over Δt=50.0, exceeding threshold 1e+08. The system is physically unstable.",-1,,,,,,,,false
0.22448979591836715,-2.166666666666667,1.0,0.0001,0.0,1.0,256,50.0,auto,auto,periodic,"Simulation diverged at t=0: eigenvalue Re(λ)=1.218e+01 predicts growth factor 3.28e+264 over Δt=50.0, exceeding threshold 1e+08. The system is physically unstable.",diverged,"Simulation diverged at t=0: eigenvalue Re(λ)=1.218e+01 predicts growth factor 3.28e+264 over Δt=50.0, exceeding threshold 1e+08. The system is physically unstable.",-1,,,,,,,,false
0.22448979591836715,-2.1025641025641026,1.0,0.0001,0.0,1.0,256,50.0,auto,auto,periodic,"Simulation diverged at t=0: eigenvalue Re(λ)=3.909e+00 predicts growth factor 7.57e+84 over Δt=50.0, exceeding threshold 1e+08. The system is physically unstable.",diverged,"Simulation diverged at t=0: eigenvalue Re(λ)=3.909e+00 predicts growth factor 7.57e+84 over Δt=50.0, exceeding threshold 1e+08. The system is physically unstable.",-1,,,,,,,,false
0.22448979591836715,-2.0384615384615383,1.0,0.0001,0.0,1.0,256,50.0,auto,auto,periodic,"Simulation diverged at t=0: eigenvalue Re(λ)=3.488e+00 predicts growth factor 5.51e+75 over Δt=50.0, exceeding threshold 1e+08. The system is physically unstable.",diverged,"Simulation diverged at t=0: eigenvalue Re(λ)=3.488e+00 predicts growth factor 5.51e+75 over Δt=50.0, exceeding threshold 1e+08. The system is physically unstable.",-1,,,,,,,,false
0.22448979591836715,-1.9743589743589745,1.0,0.0001,0.0,1.0,256,50.0,auto,auto,periodic,"Simulation diverged at t=0: eigenvalue Re(λ)=6.525e+00 predicts growth factor 4.83e+141 over Δt=50.0, exceeding threshold 1e+08. The system is physically unstable.",diverged,"Simulation diverged at t=0: eigenvalue Re(λ)=6.525e+00 predicts growth factor 4.83e+141 over Δt=50.0, exceeding threshold 1e+08. The system is physically unstable.",-1,,,,,,,,false
0.22448979591836715,-1.9102564102564104,1.0,0.0001,0.0,1.0,256,50.0,auto,auto,periodic,"Simulation diverged at t=0: eigenvalue Re(λ)=2.847e+00 predicts growth factor 6.49e+61 over Δt=50.0, exceeding threshold 1e+08. The system is physically unstable.",diverged,"Simulation diverged at t=0: eigenvalue Re(λ)=2.847e+00 predicts growth factor 6.49e+61 over Δt=50.0, exceeding threshold 1e+08. The system is physically unstable.",-1,,,,,,,,false
0.22448979591836715,-1.8461538461538463,1.0,0.0001,0.0,1.0,256,50.0,auto,auto,periodic,"Simulation diverged at t=0: eigenvalue Re(λ)=2.254e+01 predicts growth factor 1.01e+304 over Δt=50.0, exceeding threshold 1e+08. The system is physically unstable.",diverged,"Simulation diverged at t=0: eigenvalue Re(λ)=2.254e+01 predicts growth factor 1.01e+304 over Δt=50.0, exceeding threshold 1e+08. The system is physically unstable.",-1,,,,,,,,false
0.22448979591836715,-1.7820512820512822,1.0,0.0001,0.0,1.0,256,50.0,auto,auto,periodic,"Simulation diverged at t=0: eigenvalue Re(λ)=1.777e+00 predicts growth factor 3.86e+38 over Δt=50.0, exceeding threshold 1e+08. The system is physically unstable.",diverged,"Simulation diverged at t=0: eigenvalue Re(λ)=1.777e+00 predicts growth factor 3.86e+38 over Δt=50.0, exceeding threshold 1e+08. The system is physically unstable.",-1,,,,,,,,false
0.22448979591836715,-1.717948717948718,1.0,0.0001,0.0,1.0,256,50.0,auto,auto,periodic,,success,,0,1864.9442975657057,50.0,1864.9442975657057,1.01,1.8649e+11,,,false
0.22448979591836715,-1.653846153846154,1.0,0.0001,0.0,1.0,256,50.0,auto,auto,periodic,,success,,0,4.1630816206625195e-12,50.0,4.1630816206625195e-12,1.07,4.1631e-04,6.660944e-07,-6.1765,true
0.22448979591836715,-1.5897435897435899,1.0,0.0001,0.0,1.0,256,50.0,auto,auto,periodic,,success,,0,1.9564390568195187e-10,46.0,7.221705394867576e-11,1.18,1.9564e-02,3.130309e-05,-4.5044,true
0.22448979591836715,-1.5256410256410258,1.0,0.0001,0.0,1.0,256,50.0,auto,auto,periodic,,success,,0,7.490036157541442e-10,49.0,7.008434528253188e-10,1.09,7.4900e-02,1.198408e-04,-3.9214,true
0.22448979591836715,-1.4615384615384617,1.0,0.0001,0.0,1.0,256,50.0,auto,auto,periodic,,success,,0,1.5924855999592845e-09,41.5,9.6084304623518e-10,1.35,1.5925e-01,2.547982e-04,-3.5938,true
0.22448979591836715,-1.3974358974358976,1.0,0.0001,0.0,1.0,256,50.0,auto,auto,periodic,,success,,0,2.7545350598898375e-09,44.5,4.484965638532599e-10,1.25,2.7545e-01,4.407265e-04,-3.3558,true
0.22448979591836715,-1.3333333333333335,1.0,0.0001,0.0,1.0,256,50.0,auto,auto,periodic,,success,,0,4.194845874620728e-09,33.5,2.6536070325699858e-09,1.19,4.1948e-01,6.711767e-04,-3.1732,true
0.22448979591836715,-1.2692307692307694,1.0,0.0001,0.0,1.0,256,50.0,auto,auto,periodic,,success,,0,6.018938105635723e-09,49.5,5.857660123766236e-09,1.05,6.0189e-01,9.630321e-04,-3.0164,true
0.22448979591836715,-1.2051282051282053,1.0,0.0001,0.0,1.0,256,50.0,auto,auto,periodic,,success,,0,7.965116349425323e-09,22.5,6.3313375221433154e-09,1.01,7.9651e-01,1.274421e-03,-2.8947,true
0.22448979591836715,-1.1410256410256412,1.0,0.0001,0.0,1.0,256,50.0,auto,auto,periodic,,success,,0,1.042424895828401e-08,40.0,3.5046382190251543e-09,0.93,1.0424e+00,1.667883e-03,-2.7778,true
0.22448979591836715,-1.076923076923077,1.0,0.0001,0.0,1.0,256,50.0,auto,auto,periodic,,success,,0,1.3233489560054155e-08,41.5,1.2754946080463638e-09,0.96,1.3233e+00,2.117363e-03,-2.6742,true
0.22448979591836715,-1.012820512820513,1.0,0.0001,0.0,1.0,256,50.0,auto,auto,periodic,,success,,0,1.6140157310737913e-08,43.0,3.720931079668353e-09,0.92,1.6140e+00,2.582431e-03,-2.5880,true
0.22448979591836715,-0.9487179487179489,1.0,0.0001,0.0,1.0,256,50.0,auto,auto,periodic,,success,,0,1.9445862394145414e-08,46.0,1.0818635319475697e-08,0.96,1.9446e+00,3.111344e-03,-2.5071,true
0.22448979591836715,-0.884615384615385,1.0,0.0001,0.0,1.0,256,50.0,auto,auto,periodic,,success,,0,2.3234986990106134e-08,47.5,1.9539287886770395e-08,1.0,2.3235e+00,3.717606e-03,-2.4297,true
0.22448979591836715,-0.8205128205128207,1.0,0.0001,0.0,1.0,256,50.0,auto,auto,periodic,,success,,0,2.708750894041457e-08,49.5,2.6550068987748302e-08,0.94,2.7088e+00,4.334010e-03,-2.3631,true
0.22448979591836715,-0.7564102564102564,1.0,0.0001,0.0,1.0,256,50.0,auto,auto,periodic,,success,,0,3.119843332892121e-08,30.5,2.9604772042014657e-08,0.98,3.1198e+00,4.991760e-03,-2.3017,true
0.22448979591836715,-0.6923076923076925,1.0,0.0001,0.0,1.0,256,50.0,auto,auto,periodic,,success,,0,3.5890069363643657e-08,32.0,2.797678490822932e-08,1.03,3.5890e+00,5.742423e-03,-2.2409,true
0.22448979591836715,-0.6282051282051286,1.0,0.0001,0.0,1.0,256,50.0,auto,auto,periodic,,success,,0,4.0714195233555137e-08,33.5,2.248144280593985e-08,0.98,4.0714e+00,6.514285e-03,-2.1861,true
0.22448979591836715,-0.5641025641025643,1.0,0.0001,0.0,1.0,256,50.0,auto,auto,periodic,,success,,0,4.5814622776117485e-08,11.5,1.50922651111679e-08,0.93,4.5815e+00,7.330355e-03,-2.1349,true
0.22448979591836715,-0.5,1.0,0.0001,0.0,1.0,256,50.0,auto,auto,periodic,,success,,0,5.126831471966485e-08,12.0,8.240023785259728e-09,0.94,5.1268e+00,8.202947e-03,-2.0860,true
0.26530612244897944,-3.0,1.0,0.0001,0.0,1.0,256,50.0,auto,auto,periodic,"Simulation diverged at t=0: eigenvalue Re(λ)=9.891e+00 predicts growth factor 6.02e+214 over Δt=50.0, exceeding threshold 1e+08. The system is physically unstable.",diverged,"Simulation diverged at t=0: eigenvalue Re(λ)=9.891e+00 predicts growth factor 6.02e+214 over Δt=50.0, exceeding threshold 1e+08. The system is physically unstable.",-1,,,,,,,,false
0.26530612244897944,-2.935897435897436,1.0,0.0001,0.0,1.0,256,50.0,auto,auto,periodic,"Simulation diverged at t=0: eigenvalue Re(λ)=1.124e+01 predicts growth factor 1.35e+244 over Δt=50.0, exceeding threshold 1e+08. The system is physically unstable.",diverged,"Simulation diverged at t=0: eigenvalue Re(λ)=1.124e+01 predicts growth factor 1.35e+244 over Δt=50.0, exceeding threshold 1e+08. The system is physically unstable.",-1,,,,,,,,false
0.26530612244897944,-2.871794871794872,1.0,0.0001,0.0,1.0,256,50.0,auto,auto,periodic,"Simulation diverged at t=0: eigenvalue Re(λ)=1.308e+01 predicts growth factor 9.17e+283 over Δt=50.0, exceeding threshold 1e+08. The system is physically unstable.",diverged,"Simulation diverged at t=0: eigenvalue Re(λ)=1.308e+01 predicts growth factor 9.17e+283 over Δt=50.0, exceeding threshold 1e+08. The system is physically unstable.",-1,,,,,,,,false
0.26530612244897944,-2.8076923076923075,1.0,0.0001,0.0,1.0,256,50.0,auto,auto,periodic,"Simulation diverged at t=0: eigenvalue Re(λ)=1.552e+01 predicts growth factor 1.01e+304 over Δt=50.0, exceeding threshold 1e+08. The system is physically unstable.",diverged,"Simulation diverged at t=0: eigenvalue Re(λ)=1.552e+01 predicts growth factor 1.01e+304 over Δt=50.0, exceeding threshold 1e+08. The system is physically unstable.",-1,,,,,,,,false
0.26530612244897944,-2.7435897435897436,1.0,0.0001,0.0,1.0,256,50.0,auto,auto,periodic,"Simulation diverged at t=0: eigenvalue Re(λ)=1.824e+01 predicts growth factor 1.01e+304 over Δt=50.0, exceeding threshold 1e+08. The system is physically unstable.",diverged,"Simulation diverged at t=0: eigenvalue Re(λ)=1.824e+01 predicts growth factor 1.01e+304 over Δt=50.0, exceeding threshold 1e+08. The system is physically unstable.",-1,,,,,,,,false
0.26530612244897944,-2.6794871794871797,1.0,0.0001,0.0,1.0,256,50.0,auto,auto,periodic,"Simulation diverged at t=0: eigenvalue Re(λ)=1.944e+01 predicts growth factor 1.01e+304 over Δt=50.0, exceeding threshold 1e+08. The system is physically unstable.",diverged,"Simulation diverged at t=0: eigenvalue Re(λ)=1.944e+01 predicts growth factor 1.01e+304 over Δt=50.0, exceeding threshold 1e+08. The system is physically unstable.",-1,,,,,,,,false
0.26530612244897944,-2.6153846153846154,1.0,0.0001,0.0,1.0,256,50.0,auto,auto,periodic,"Simulation diverged at t=0: eigenvalue Re(λ)=1.710e+01 predicts growth factor 1.01e+304 over Δt=50.0, exceeding threshold 1e+08. The system is physically unstable.",diverged,"Simulation diverged at t=0: eigenvalue Re(λ)=1.710e+01 predicts growth factor 1.01e+304 over Δt=50.0, exceeding threshold 1e+08. The system is physically unstable.",-1,,,,,,,,false
0.26530612244897944,-2.551282051282051,1.0,0.0001,0.0,1.0,256,50.0,auto,auto,periodic,"Simulation diverged at t=0: eigenvalue Re(λ)=1.310e+01 predicts growth factor 2.32e+284 over Δt=50.0, exceeding threshold 1e+08. The system is physically unstable.",diverged,"Simulation diverged at t=0: eigenvalue Re(λ)=1.310e+01 predicts growth factor 2.32e+284 over Δt=50.0, exceeding threshold 1e+08. The system is physically unstable.",-1,,,,,,,,false
0.26530612244897944,-2.4871794871794872,1.0,0.0001,0.0,1.0,256,50.0,auto,auto,periodic,"Simulation diverged at t=0: eigenvalue Re(λ)=9.715e+00 predicts growth factor 8.97e+210 over Δt=50.0, exceeding threshold 1e+08. The system is physically unstable.",diverged,"Simulation diverged at t=0: eigenvalue Re(λ)=9.715e+00 predicts growth factor 8.97e+210 over Δt=50.0, exceeding threshold 1e+08. The system is physically unstable.",-1,,,,,,,,false
0.26530612244897944,-2.4230769230769234,1.0,0.0001,0.0,1.0,256,50.0,auto,auto,periodic,"Simulation diverged at t=0: eigenvalue Re(λ)=7.297e+00 predicts growth factor 2.82e+158 over Δt=50.0, exceeding threshold 1e+08. The system is physically unstable.",diverged,"Simulation diverged at t=0: eigenvalue Re(λ)=7.297e+00 predicts growth factor 2.82e+158 over Δt=50.0, exceeding threshold 1e+08. The system is physically unstable.",-1,,,,,,,,false
0.26530612244897944,-2.358974358974359,1.0,0.0001,0.0,1.0,256,50.0,auto,auto,periodic,"Simulation diverged at t=0: eigenvalue Re(λ)=5.591e+00 predicts growth factor 2.52e+121 over Δt=50.0, exceeding threshold 1e+08. The system is physically unstable.",diverged,"Simulation diverged at t=0: eigenvalue Re(λ)=5.591e+00 predicts growth factor 2.52e+121 over Δt=50.0, exceeding threshold 1e+08. The system is physically unstable.",-1,,,,,,,,false
0.26530612244897944,-2.2948717948717947,1.0,0.0001,0.0,1.0,256,50.0,auto,auto,periodic,"Simulation diverged at t=0: eigenvalue Re(λ)=4.355e+00 predicts growth factor 3.77e+94 over Δt=50.0, exceeding threshold 1e+08. The system is physically unstable.",diverged,"Simulation diverged at t=0: eigenvalue Re(λ)=4.355e+00 predicts growth factor 3.77e+94 over Δt=50.0, exceeding threshold 1e+08. The system is physically unstable.",-1,,,,,,,,false
0.26530612244897944,-2.230769230769231,1.0,0.0001,0.0,1.0,256,50.0,auto,auto,periodic,"Simulation diverged at t=0: eigenvalue Re(λ)=8.347e+00 predicts growth factor 1.76e+181 over Δt=50.0, exceeding threshold 1e+08. The system is physically unstable.",diverged,"Simulation diverged at t=0: eigenvalue Re(λ)=8.347e+00 predicts growth factor 1.76e+181 over Δt=50.0, exceeding threshold 1e+08. The system is physically unstable.",-1,,,,,,,,false
0.26530612244897944,-2.166666666666667,1.0,0.0001,0.0,1.0,256,50.0,auto,auto,periodic,"Simulation diverged at t=0: eigenvalue Re(λ)=4.352e+00 predicts growth factor 3.23e+94 over Δt=50.0, exceeding threshold 1e+08. The system is physically unstable.",diverged,"Simulation diverged at t=0: eigenvalue Re(λ)=4.352e+00 predicts growth factor 3.23e+94 over Δt=50.0, exceeding threshold 1e+08. The system is physically unstable.",-1,,,,,,,,false
0.26530612244897944,-2.1025641025641026,1.0,0.0001,0.0,1.0,256,50.0,auto,auto,periodic,"Simulation diverged at t=0: eigenvalue Re(λ)=7.278e+00 predicts growth factor 1.07e+158 over Δt=50.0, exceeding threshold 1e+08. The system is physically unstable.",diverged,"Simulation diverged at t=0: eigenvalue Re(λ)=7.278e+00 predicts growth factor 1.07e+158 over Δt=50.0, exceeding threshold 1e+08. The system is physically unstable.",-1,,,,,,,,false
0.26530612244897944,-2.0384615384615383,1.0,0.0001,0.0,1.0,256,50.0,auto,auto,periodic,"Simulation diverged at t=0: eigenvalue Re(λ)=3.058e+00 predicts growth factor 2.58e+66 over Δt=50.0, exceeding threshold 1e+08. The system is physically unstable.",diverged,"Simulation diverged at t=0: eigenvalue Re(λ)=3.058e+00 predicts growth factor 2.58e+66 over Δt=50.0, exceeding threshold 1e+08. The system is physically unstable.",-1,,,,,,,,false
0.26530612244897944,-1.9743589743589745,1.0,0.0001,0.0,1.0,256,50.0,auto,auto,periodic,"Simulation diverged at t=0: eigenvalue Re(λ)=2.879e+00 predicts growth factor 3.27e+62 over Δt=50.0, exceeding threshold 1e+08. The system is physically unstable.",diverged,"Simulation diverged at t=0: eigenvalue Re(λ)=2.879e+00 predicts growth factor 3.27e+62 over Δt=50.0, exceeding threshold 1e+08. The system is physically unstable.",-1,,,,,,,,false
0.26530612244897944,-1.9102564102564104,1.0,0.0001,0.0,1.0,256,50.0,auto,auto,periodic,"Simulation diverged at t=0: eigenvalue Re(λ)=2.238e+00 predicts growth factor 3.95e+48 over Δt=50.0, exceeding threshold 1e+08. The system is physically unstable.",diverged,"Simulation diverged at t=0: eigenvalue Re(λ)=2.238e+00 predicts growth factor 3.95e+48 over Δt=50.0, exceeding threshold 1e+08. The system is physically unstable.",-1,,,,,,,,false
0.26530612244897944,-1.8461538461538463,1.0,0.0001,0.0,1.0,256,50.0,auto,auto,periodic,"Simulation diverged at t=0: eigenvalue Re(λ)=2.185e+00 predicts growth factor 2.78e+47 over Δt=50.0, exceeding threshold 1e+08. The system is physically unstable.",diverged,"Simulation diverged at t=0: eigenvalue Re(λ)=2.185e+00 predicts growth factor 2.78e+47 over Δt=50.0, exceeding threshold 1e+08. The system is physically unstable.",-1,,,,,,,,false
0.26530612244897944,-1.7820512820512822,1.0,0.0001,0.0,1.0,256,50.0,auto,auto,periodic,"Simulation diverged at t=0: eigenvalue Re(λ)=1.651e+00 predicts growth factor 7.27e+35 over Δt=50.0, exceeding threshold 1e+08. The system is physically unstable.",diverged,"Simulation diverged at t=0: eigenvalue Re(λ)=1.651e+00 predicts growth factor 7.27e+35 over Δt=50.0, exceeding threshold 1e+08. The system is physically unstable.",-1,,,,,,,,false
0.26530612244897944,-1.717948717948718,1.0,0.0001,0.0,1.0,256,50.0,auto,auto,periodic,"Simulation diverged at t=0: eigenvalue Re(λ)=3.955e-01 predicts growth factor 3.87e+08 over Δt=50.0, exceeding threshold 1e+08. The system is physically unstable.",diverged,"Simulation diverged at t=0: eigenvalue Re(λ)=3.955e-01 predicts growth factor 3.87e+08 over Δt=50.0, exceeding threshold 1e+08. The system is physically unstable.",-1,,,,,,,,false
0.26530612244897944,-1.653846153846154,1.0,0.0001,0.0,1.0,256,50.0,auto,auto,periodic,,success,,0,2.442079454649906e-06,50.0,2.442079454649906e-06,1.29,2.4421e+02,3.907335e-01,-0.4081,true
0.26530612244897944,-1.5897435897435899,1.0,0.0001,0.0,1.0,256,50.0,auto,auto,periodic,,success,,0,1.4400385303947535e-11,43.0,1.1195532575300544e-11,1.03,1.4400e-03,2.304066e-06,-5.6375,true
0.26530612244897944,-1.5256410256410258,1.0,0.0001,0.0,1.0,256,50.0,auto,auto,periodic,,success,,0,1.9815631977592668e-10,46.0,7.34247851514181e-11,1.05,1.9816e-02,3.170508e-05,-4.4989,true
0.26530612244897944,-1.4615384615384617,1.0,0.0001,0.0,1.0,256,50.0,auto,auto,periodic,,success,,0,5.442959916839122e-10,48.0,4.665124633397096e-10,0.99,5.4430e-02,8.708754e-05,-4.0600,true
0.26530612244897944,-1.3974358974358976,1.0,0.0001,0.0,1.0,256,50.0,auto,auto,periodic,,success,,0,1.060633009519479e-09,40.0,9.973715710405351e-10,1.05,1.0606e-01,1.697016e-04,-3.7703,true
0.26530612244897944,-1.3333333333333335,1.0,0.0001,0.0,1.0,256,50.0,auto,auto,periodic,,success,,0,1.7513941098871564e-09,41.5,8.551257195257977e-10,0.95,1.7514e-01,2.802236e-04,-3.5525,true
0.26530612244897944,-1.2692307692307694,1.0,0.0001,0.0,1.0,256,50.0,auto,auto,periodic,,success,,0,2.5318940149610284e-09,43.0,4.122447053603229e-10,0.99,2.5319e-01,4.051039e-04,-3.3924,true
0.26530612244897944,-1.2051282051282053,1.0,0.0001,0.0,1.0,256,50.0,auto,auto,periodic,,success,,0,3.6045157882573773e-09,46.0,1.3766683741369254e-09,0.92,3.6045e-01,5.767237e-04,-3.2390,true
0.26530612244897944,-1.1410256410256412,1.0,0.0001,0.0,1.0,256,50.0,auto,auto,periodic,,success,,0,4.787515348935677e-09,47.5,3.7165333882766012e-09,1.02,4.7875e-01,7.660041e-04,-3.1158,true
0.26530612244897944,-1.076923076923077,1.0,0.0001,0.0,1.0,256,50.0,auto,auto,periodic,,success,,0,6.043870849334857e-09,49.5,5.897917439358017e-09,1.01,6.0439e-01,9.670214e-04,-3.0146,true
0.26530612244897944,-1.012820512820513,1.0,0.0001,0.0,1.0,256,50.0,auto,auto,periodic,,success,,0,7.442000949569749e-09,37.0,6.589564254876705e-09,1.05,7.4420e-01,1.190723e-03,-2.9242,true
0.26530612244897944,-0.9487179487179489,1.0,0.0001,0.0,1.0,256,50.0,auto,auto,periodic,,success,,0,9.104584176737993e-09,38.5,5.318246464219533e-09,1.08,9.1046e-01,1.456737e-03,-2.8366,true
0.26530612244897944,-0.884615384615385,1.0,0.0001,0.0,1.0,256,50.0,auto,auto,periodic,,success,,0,1.091994089249516e-08,40.0,2.9510920258322366e-09,1.19,1.0920e+00,1.747194e-03,-2.7577,true
0.26530612244897944,-0.8205128205128207,1.0,0.0001,0.0,1.0,256,50.0,auto,auto,periodic,,success,,0,1.28812476866799e-08,41.5,1.3430459328942556e-09,0.89,1.2881e+00,2.061004e-03,-2.6859,true
0.26530612244897944,-0.7564102564102564,1.0,0.0001,0.0,1.0,256,50.0,auto,auto,periodic,,success,,0,1.4982177915630977e-08,43.0,2.076927394979626e-09,0.99,1.4982e+00,2.397153e-03,-2.6203,true
0.26530612244897944,-0.6923076923076925,1.0,0.0001,0.0,1.0,256,50.0,auto,auto,periodic,,success,,0,1.721746402472459e-08,44.5,5.557462602289563e-09,0.94,1.7217e+00,2.754800e-03,-2.5599,true
0.26530612244897944,-0.6282051282051286,1.0,0.0001,0.0,1.0,256,50.0,auto,auto,periodic,,success,,0,1.958333827609473e-08,46.0,1.1071142286137562e-08,1.04,1.9583e+00,3.133341e-03,-2.5040,true
0.26530612244897944,-0.5641025641025643,1.0,0.0001,0.0,1.0,256,50.0,auto,auto,periodic,,success,,0,2.2077849633365448e-08,47.5,1.7363424925069303e-08,1.04,2.2078e+00,3.532463e-03,-2.4519,true
0.26530612244897944,-0.5,1.0,0.0001,0.0,1.0,256,50.0,auto,auto,periodic,,success,,0,2.4870559886931683e-08,29.0,2.315618316704512e-08,0.99,2.4871e+00,3.979298e-03,-2.4002,true
0.30612244897959173,-3.0,1.0,0.0001,0.0,1.0,256,50.0,auto,auto,periodic,"Simulation diverged at t=0: eigenvalue Re(λ)=5.787e+00 predicts growth factor 4.69e+125 over Δt=50.0, exceeding threshold 1e+08. The system is physically unstable.",diverged,"Simulation diverged at t=0: eigenvalue Re(λ)=5.787e+00 predicts growth factor 4.69e+125 over Δt=50.0, exceeding threshold 1e+08. The system is physically unstable.",-1,,,,,,,,false
0.30612244897959173,-2.935897435897436,1.0,0.0001,0.0,1.0,256,50.0,auto,auto,periodic,"Simulation diverged at t=0: eigenvalue Re(λ)=6.521e+00 predicts growth factor 4.06e+141 over Δt=50.0, exceeding threshold 1e+08. The system is physically unstable.",diverged,"Simulation diverged at t=0: eigenvalue Re(λ)=6.521e+00 predicts growth factor 4.06e+141 over Δt=50.0, exceeding threshold 1e+08. The system is physically unstable.",-1,,,,,,,,false
0.30612244897959173,-2.871794871794872,1.0,0.0001,0.0,1.0,256,50.0,auto,auto,periodic,"Simulation diverged at t=0: eigenvalue Re(λ)=7.667e+00 predicts growth factor 3.12e+166 over Δt=50.0, exceeding threshold 1e+08. The system is physically unstable.",diverged,"Simulation diverged at t=0: eigenvalue Re(λ)=7.667e+00 predicts growth factor 3.12e+166 over Δt=50.0, exceeding threshold 1e+08. The system is physically unstable.",-1,,,,,,,,false
0.30612244897959173,-2.8076923076923075,1.0,0.0001,0.0,1.0,256,50.0,auto,auto,periodic,"Simulation diverged at t=0: eigenvalue Re(λ)=9.811e+00 predicts growth factor 1.12e+213 over Δt=50.0, exceeding threshold 1e+08. The system is physically unstable.",diverged,"Simulation diverged at t=0: eigenvalue Re(λ)=9.811e+00 predicts growth factor 1.12e+213 over Δt=50.0, exceeding threshold 1e+08. The system is physically unstable.",-1,,,,,,,,false
0.30612244897959173,-2.7435897435897436,1.0,0.0001,0.0,1.0,256,50.0,auto,auto,periodic,"Simulation diverged at t=0: eigenvalue Re(λ)=1.638e+01 predicts growth factor 1.01e+304 over Δt=50.0, exceeding threshold 1e+08. The system is physically unstable.",diverged,"Simulation diverged at t=0: eigenvalue Re(λ)=1.638e+01 predicts growth factor 1.01e+304 over Δt=50.0, exceeding threshold 1e+08. The system is physically unstable.",-1,,,,,,,,false
0.30612244897959173,-2.6794871794871797,1.0,0.0001,0.0,1.0,256,50.0,auto,auto,periodic,"Simulation diverged at t=0: eigenvalue Re(λ)=4.819e+00 predicts growth factor 4.40e+104 over Δt=50.0, exceeding threshold 1e+08. The system is physically unstable.",diverged,"Simulation diverged at t=0: eigenvalue Re(λ)=4.819e+00 predicts growth factor 4.40e+104 over Δt=50.0, exceeding threshold 1e+08. The system is physically unstable.",-1,,,,,,,,false
0.30612244897959173,-2.6153846153846154,1.0,0.0001,0.0,1.0,256,50.0,auto,auto,periodic,"Simulation diverged at t=0: eigenvalue Re(λ)=4.948e+00 predicts growth factor 2.74e+107 over Δt=50.0, exceeding threshold 1e+08. The system is physically unstable.",diverged,"Simulation diverged at t=0: eigenvalue Re(λ)=4.948e+00 predicts growth factor 2.74e+107 over Δt=50.0, exceeding threshold 1e+08. The system is physically unstable.",-1,,,,,,,,false
0.30612244897959173,-2.551282051282051,1.0,0.0001,0.0,1.0,256,50.0,auto,auto,periodic,"Simulation diverged at t=0: eigenvalue Re(λ)=5.003e+00 predicts growth factor 4.43e+108 over Δt=50.0, exceeding threshold 1e+08. The system is physically unstable.",diverged,"Simulation diverged at t=0: eigenvalue Re(λ)=5.003e+00 predicts growth factor 4.43e+108 over Δt=50.0, exceeding threshold 1e+08. The system is physically unstable.",-1,,,,,,,,false
0.30612244897959173,-2.4871794871794872,1.0,0.0001,0.0,1.0,256,50.0,auto,auto,periodic,"Simulation diverged at t=0: eigenvalue Re(λ)=4.939e+00 predicts growth factor 1.77e+107 over Δt=50.0, exceeding threshold 1e+08. The system is physically unstable.",diverged,"Simulation diverged at t=0: eigenvalue Re(λ)=4.939e+00 predicts growth factor 1.77e+107 over Δt=50.0, exceeding threshold 1e+08. The system is physically unstable.",-1,,,,,,,,false
0.30612244897959173,-2.4230769230769234,1.0,0.0001,0.0,1.0,256,50.0,auto,auto,periodic,"Simulation diverged at t=0: eigenvalue Re(λ)=4.716e+00 predicts growth factor 2.57e+102 over Δt=50.0, exceeding threshold 1e+08. The system is physically unstable.",diverged,"Simulation diverged at t=0: eigenvalue Re(λ)=4.716e+00 predicts growth factor 2.57e+102 over Δt=50.0, exceeding threshold 1e+08. The system is physically unstable.",-1,,,,,,,,false
0.30612244897959173,-2.358974358974359,1.0,0.0001,0.0,1.0,256,50.0,auto,auto,periodic,"Simulation diverged at t=0: eigenvalue Re(λ)=4.331e+00 predicts growth factor 1.12e+94 over Δt=50.0, exceeding threshold 1e+08. The system is physically unstable.",diverged,"Simulation diverged at t=0: eigenvalue Re(λ)=4.331e+00 predicts growth factor 1.12e+94 over Δt=50.0, exceeding threshold 1e+08. The system is physically unstable.",-1,,,,,,,,false
0.30612244897959173,-2.2948717948717947,1.0,0.0001,0.0,1.0,256,50.0,auto,auto,periodic,"Simulation diverged at t=0: eigenvalue Re(λ)=3.826e+00 predicts growth factor 1.23e+83 over Δt=50.0, exceeding threshold 1e+08. The system is physically unstable.",diverged,"Simulation diverged at t=0: eigenvalue Re(λ)=3.826e+00 predicts growth factor 1.23e+83 over Δt=50.0, exceeding threshold 1e+08. The system is physically unstable.",-1,,,,,,,,false
0.30612244897959173,-2.230769230769231,1.0,0.0001,0.0,1.0,256,50.0,auto,auto,periodic,"Simulation diverged at t=0: eigenvalue Re(λ)=3.270e+00 predicts growth factor 1.03e+71 over Δt=50.0, exceeding threshold 1e+08. The system is physically unstable.",diverged,"Simulation diverged at t=0: eigenvalue Re(λ)=3.270e+00 predicts growth factor 1.03e+71 over Δt=50.0, exceeding threshold 1e+08. The system is physically unstable.",-1,,,,,,,,false
0.30612244897959173,-2.166666666666667,1.0,0.0001,0.0,1.0,256,50.0,auto,auto,periodic,"Simulation diverged at t=0: eigenvalue Re(λ)=6.361e+00 predicts growth factor 1.37e+138 over Δt=50.0, exceeding threshold 1e+08. The system is physically unstable.",diverged,"Simulation diverged at t=0: eigenvalue Re(λ)=6.361e+00 predicts growth factor 1.37e+138 over Δt=50.0, exceeding threshold 1e+08. The system is physically unstable.",-1,,,,,,,,false
0.30612244897959173,-2.1025641025641026,1.0,0.0001,0.0,1.0,256,50.0,auto,auto,periodic,"Simulation diverged at t=0: eigenvalue Re(λ)=3.672e+00 predicts growth factor 5.56e+79 over Δt=50.0, exceeding threshold 1e+08. The system is physically unstable.",diverged,"Simulation diverged at t=0: eigenvalue Re(λ)=3.672e+00 predicts growth factor 5.56e+79 over Δt=50.0, exceeding threshold 1e+08. The system is physically unstable.",-1,,,,,,,,false
0.30612244897959173,-2.0384615384615383,1.0,0.0001,0.0,1.0,256,50.0,auto,auto,periodic,"Simulation diverged at t=0: eigenvalue Re(λ)=1.271e+01 predicts growth factor 1.16e+276 over Δt=50.0, exceeding threshold 1e+08. The system is physically unstable.",diverged,"Simulation diverged at t=0: eigenvalue Re(λ)=1.271e+01 predicts growth factor 1.16e+276 over Δt=50.0, exceeding threshold 1e+08. The system is physically unstable.",-1,,,,,,,,false
0.30612244897959173,-1.9743589743589745,1.0,0.0001,0.0,1.0,256,50.0,auto,auto,periodic,"Simulation diverged at t=0: eigenvalue Re(λ)=2.727e+00 predicts growth factor 1.62e+59 over Δt=50.0, exceeding threshold 1e+08. The system is physically unstable.",diverged,"Simulation diverged at t=0: eigenvalue Re(λ)=2.727e+00 predicts growth factor 1.62e+59 over Δt=50.0, exceeding threshold 1e+08. The system is physically unstable.",-1,,,,,,,,false
0.30612244897959173,-1.9102564102564104,1.0,0.0001,0.0,1.0,256,50.0,auto,auto,periodic,"Simulation diverged at t=0: eigenvalue Re(λ)=2.561e+00 predicts growth factor 4.08e+55 over Δt=50.0, exceeding threshold 1e+08. The system is physically unstable.",diverged,"Simulation diverged at t=0: eigenvalue Re(λ)=2.561e+00 predicts growth factor 4.08e+55 over Δt=50.0, exceeding threshold 1e+08. The system is physically unstable.",-1,,,,,,,,false
0.30612244897959173,-1.8461538461538463,1.0,0.0001,0.0,1.0,256,50.0,auto,auto,periodic,"Simulation diverged at t=0: eigenvalue Re(λ)=1.737e+00 predicts growth factor 5.14e+37 over Δt=50.0, exceeding threshold 1e+08. The system is physically unstable.",diverged,"Simulation diverged at t=0: eigenvalue Re(λ)=1.737e+00 predicts growth factor 5.14e+37 over Δt=50.0, exceeding threshold 1e+08. The system is physically unstable.",-1,,,,,,,,false
0.30612244897959173,-1.7820512820512822,1.0,0.0001,0.0,1.0,256,50.0,auto,auto,periodic,"Simulation diverged at t=0: eigenvalue Re(λ)=2.003e+00 predicts growth factor 3.11e+43 over Δt=50.0, exceeding threshold 1e+08. The system is physically unstable.",diverged,"Simulation diverged at t=0: eigenvalue Re(λ)=2.003e+00 predicts growth factor 3.11e+43 over Δt=50.0, exceeding threshold 1e+08. The system is physically unstable.",-1,,,,,,,,false
0.30612244897959173,-1.717948717948718,1.0,0.0001,0.0,1.0,256,50.0,auto,auto,periodic,"Simulation diverged at t=0: eigenvalue Re(λ)=4.033e-01 predicts growth factor 5.73e+08 over Δt=50.0, exceeding threshold 1e+08. The system is physically unstable.",diverged,"Simulation diverged at t=0: eigenvalue Re(λ)=4.033e-01 predicts growth factor 5.73e+08 over Δt=50.0, exceeding threshold 1e+08. The system is physically unstable.",-1,,,,,,,,false
0.30612244897959173,-1.653846153846154,1.0,0.0001,0.0,1.0,256,50.0,auto,auto,periodic,,success,,0,0.020164926670289886,50.0,0.020164926670289886,0.92,2.0165e+06,3.226395e+03,3.5087,true
0.30612244897959173,-1.5897435897435899,1.0,0.0001,0.0,1.0,256,50.0,auto,auto,periodic,,success,,0,4.6299440564313365e-10,50.0,4.6299440564313365e-10,0.95,4.6299e-02,7.407926e-05,-4.1303,true
0.30612244897959173,-1.5256410256410258,1.0,0.0001,0.0,1.0,256,50.0,auto,auto,periodic,,success,,0,2.672164070905933e-11,43.0,1.8291608648412267e-11,0.91,2.6722e-03,4.275471e-06,-5.3690,true
0.30612244897959173,-1.4615384615384617,1.0,0.0001,0.0,1.0,256,50.0,auto,auto,periodic,,success,,0,1.6224549690397e-10,46.0,5.853661429751784e-11,1.03,1.6225e-02,2.595933e-05,-4.5857,true
0.30612244897959173,-1.3974358974358976,1.0,0.0001,0.0,1.0,256,50.0,auto,auto,periodic,,success,,0,4.089947467469493e-10,47.5,2.6791946487151707e-10,1.04,4.0899e-02,6.543930e-05,-4.1842,true
0.30612244897959173,-1.3333333333333335,1.0,0.0001,0.0,1.0,256,50.0,auto,auto,periodic,,success,,0,7.461926087783857e-10,49.0,6.971475330895211e-10,0.95,7.4619e-02,1.193911e-04,-3.9230,true
0.30612244897959173,-1.2692307692307694,1.0,0.0001,0.0,1.0,256,50.0,auto,auto,periodic,,success,,0,1.147220807083618e-09,40.0,1.0318657844038977e-09,1.13,1.1472e-01,1.835557e-04,-3.7362,true
0.30612244897959173,-1.2051282051282053,1.0,0.0001,0.0,1.0,256,50.0,auto,auto,periodic,,success,,0,1.6703900013146911e-09,41.5,9.158305301673215e-10,0.96,1.6704e-01,2.672630e-04,-3.5731,true
0.30612244897959173,-1.1410256410256412,1.0,0.0001,0.0,1.0,256,50.0,auto,auto,periodic,,success,,0,2.285317783731193e-09,43.0,4.90983409022747e-10,1.01,2.2853e-01,3.656516e-04,-3.4369,true
0.30612244897959173,-1.076923076923077,1.0,0.0001,0.0,1.0,256,50.0,auto,auto,periodic,,success,,0,2.9891661202079677e-09,44.5,5.620797885326906e-10,1.05,2.9892e-01,4.782676e-04,-3.3203,true
0.30612244897959173,-1.012820512820513,1.0,0.0001,0.0,1.0,256,50.0,auto,auto,periodic,,success,,0,3.779144767367325e-09,46.0,1.64648574403029e-09,1.05,3.7791e-01,6.046644e-04,-3.2185,true
0.30612244897959173,-0.9487179487179489,1.0,0.0001,0.0,1.0,256,50.0,auto,auto,periodic,,success,,0,4.652751466028501e-09,47.5,3.434479578949578e-09,1.01,4.6528e-01,7.444418e-04,-3.1282,true
0.30612244897959173,-0.884615384615385,1.0,0.0001,0.0,1.0,256,50.0,auto,auto,periodic,,success,,0,5.60802572490613e-09,49.0,5.228044403127934e-09,0.95,5.6080e-01,8.972860e-04,-3.0471,true
0.30612244897959173,-0.8205128205128207,1.0,0.0001,0.0,1.0,256,50.0,auto,auto,periodic,,success,,0,6.476919952769019e-09,36.5,6.3969552710992805e-09,0.95,6.4769e-01,1.036309e-03,-2.9845,true
0.30612244897959173,-0.7564102564102564,1.0,0.0001,0.0,1.0,256,50.0,auto,auto,periodic,,success,,0,7.636358145962016e-09,37.0,6.524141861424016e-09,0.95,7.6364e-01,1.221820e-03,-2.9130,true
0.30612244897959173,-0.6923076923076925,1.0,0.0001,0.0,1.0,256,50.0,auto,auto,periodic,,success,,0,8.916014538626699e-09,38.5,5.533047772730158e-09,1.17,8.9160e-01,1.426565e-03,-2.8457,true
0.30612244897959173,-0.6282051282051286,1.0,0.0001,0.0,1.0,256,50.0,auto,auto,periodic,,success,,0,1.014065899715963e-08,39.5,3.809966997362948e-09,1.42,1.0141e+00,1.622509e-03,-2.7898,true
0.30612244897959173,-0.5641025641025643,1.0,0.0001,0.0,1.0,256,50.0,auto,auto,periodic,,success,,0,1.157654412033027e-08,40.0,2.1160462365023476e-09,1.14,1.1577e+00,1.852251e-03,-2.7323,true
0.30612244897959173,-0.5,1.0,0.0001,0.0,1.0,256,50.0,auto,auto,periodic,,success,,0,1.3196155744250425e-08,41.5,1.2796114992318128e-09,1.08,1.3196e+00,2.111389e-03,-2.6754,true
0.346938775510204,-3.0,1.0,0.0001,0.0,1.0,256,50.0,auto,auto,periodic,"Simulation diverged at t=0: eigenvalue Re(λ)=8.053e+00 predicts growth factor 7.40e+174 over Δt=50.0, exceeding threshold 1e+08. The system is physically unstable.",diverged,"Simulation diverged at t=0: eigenvalue Re(λ)=8.053e+00 predicts growth factor 7.40e+174 over Δt=50.0, exceeding threshold 1e+08. The system is physically unstable.",-1,,,,,,,,false
0.346938775510204,-2.935897435897436,1.0,0.0001,0.0,1.0,256,50.0,auto,auto,periodic,"Simulation diverged at t=0: eigenvalue Re(λ)=3.149e+01 predicts growth factor 1.01e+304 over Δt=50.0, exceeding threshold 1e+08. The system is physically unstable.",diverged,"Simulation diverged at t=0: eigenvalue Re(λ)=3.149e+01 predicts growth factor 1.01e+304 over Δt=50.0, exceeding threshold 1e+08. The system is physically unstable.",-1,,,,,,,,false
0.346938775510204,-2.871794871794872,1.0,0.0001,0.0,1.0,256,50.0,auto,auto,periodic,"Simulation diverged at t=0: eigenvalue Re(λ)=5.353e+00 predicts growth factor 1.74e+116 over Δt=50.0, exceeding threshold 1e+08. The system is physically unstable.",diverged,"Simulation diverged at t=0: eigenvalue Re(λ)=5.353e+00 predicts growth factor 1.74e+116 over Δt=50.0, exceeding threshold 1e+08. The system is physically unstable.",-1,,,,,,,,false
0.346938775510204,-2.8076923076923075,1.0,0.0001,0.0,1.0,256,50.0,auto,auto,periodic,"Simulation diverged at t=0: eigenvalue Re(λ)=6.781e+00 predicts growth factor 1.76e+147 over Δt=50.0, exceeding threshold 1e+08. The system is physically unstable.",diverged,"Simulation diverged at t=0: eigenvalue Re(λ)=6.781e+00 predicts growth factor 1.76e+147 over Δt=50.0, exceeding threshold 1e+08. The system is physically unstable.",-1,,,,,,,,false
0.346938775510204,-2.7435897435897436,1.0,0.0001,0.0,1.0,256,50.0,auto,auto,periodic,"Simulation diverged at t=0: eigenvalue Re(λ)=1.133e+01 predicts growth factor 9.22e+245 over Δt=50.0, exceeding threshold 1e+08. The system is physically unstable.",diverged,"Simulation diverged at t=0: eigenvalue Re(λ)=1.133e+01 predicts growth factor 9.22e+245 over Δt=50.0, exceeding threshold 1e+08. The system is physically unstable.",-1,,,,,,,,false
0.346938775510204,-2.6794871794871797,1.0,0.0001,0.0,1.0,256,50.0,auto,auto,periodic,"Simulation diverged at t=0: eigenvalue Re(λ)=4.282e+00 predicts growth factor 9.80e+92 over Δt=50.0, exceeding threshold 1e+08. The system is physically unstable.",diverged,"Simulation diverged at t=0: eigenvalue Re(λ)=4.282e+00 predicts growth factor 9.80e+92 over Δt=50.0, exceeding threshold 1e+08. The system is physically unstable.",-1,,,,,,,,false
0.346938775510204,-2.6153846153846154,1.0,0.0001,0.0,1.0,256,50.0,auto,auto,periodic,"Simulation diverged at t=0: eigenvalue Re(λ)=4.756e+00 predicts growth factor 1.89e+103 over Δt=50.0, exceeding threshold 1e+08. The system is physically unstable.",diverged,"Simulation diverged at t=0: eigenvalue Re(λ)=4.756e+00 predicts growth factor 1.89e+103 over Δt=50.0, exceeding threshold 1e+08. The system is physically unstable.",-1,,,,,,,,false
0.346938775510204,-2.551282051282051,1.0,0.0001,0.0,1.0,256,50.0,auto,auto,periodic,"Simulation diverged at t=0: eigenvalue Re(λ)=5.418e+00 predicts growth factor 4.37e+117 over Δt=50.0, exceeding threshold 1e+08. The system is physically unstable.",diverged,"Simulation diverged at t=0: eigenvalue Re(λ)=5.418e+00 predicts growth factor 4.37e+117 over Δt=50.0, exceeding threshold 1e+08. The system is physically unstable.",-1,,,,,,,,false
0.346938775510204,-2.4871794871794872,1.0,0.0001,0.0,1.0,256,50.0,auto,auto,periodic,"Simulation diverged at t=0: eigenvalue Re(λ)=6.390e+00 predicts growth factor 5.58e+138 over Δt=50.0, exceeding threshold 1e+08. The system is physically unstable.",diverged,"Simulation diverged at t=0: eigenvalue Re(λ)=6.390e+00 predicts growth factor 5.58e+138 over Δt=50.0, exceeding threshold 1e+08. The system is physically unstable.",-1,,,,,,,,false
0.346938775510204,-2.4230769230769234,1.0,0.0001,0.0,1.0,256,50.0,auto,auto,periodic,"Simulation diverged at t=0: eigenvalue Re(λ)=7.881e+00 predicts growth factor 1.39e+171 over Δt=50.0, exceeding threshold 1e+08. The system is physically unstable.",diverged,"Simulation diverged at t=0: eigenvalue Re(λ)=7.881e+00 predicts growth factor 1.39e+171 over Δt=50.0, exceeding threshold 1e+08. The system is physically unstable.",-1,,,,,,,,false
0.346938775510204,-2.358974358974359,1.0,0.0001,0.0,1.0,256,50.0,auto,auto,periodic,"Simulation diverged at t=0: eigenvalue Re(λ)=1.004e+01 predicts growth factor 1.27e+218 over Δt=50.0, exceeding threshold 1e+08. The system is physically unstable.",diverged,"Simulation diverged at t=0: eigenvalue Re(λ)=1.004e+01 predicts growth factor 1.27e+218 over Δt=50.0, exceeding threshold 1e+08. The system is physically unstable.",-1,,,,,,,,false
0.346938775510204,-2.2948717948717947,1.0,0.0001,0.0,1.0,256,50.0,auto,auto,periodic,"Simulation diverged at t=0: eigenvalue Re(λ)=1.145e+01 predicts growth factor 4.60e+248 over Δt=50.0, exceeding threshold 1e+08. The system is physically unstable.",diverged,"Simulation diverged at t=0: eigenvalue Re(λ)=1.145e+01 predicts growth factor 4.60e+248 over Δt=50.0, exceeding threshold 1e+08. The system is physically unstable.",-1,,,,,,,,false
0.346938775510204,-2.230769230769231,1.0,0.0001,0.0,1.0,256,50.0,auto,auto,periodic,"Simulation diverged at t=0: eigenvalue Re(λ)=9.110e+00 predicts growth factor 6.67e+197 over Δt=50.0, exceeding threshold 1e+08. The system is physically unstable.",diverged,"Simulation diverged at t=0: eigenvalue Re(λ)=9.110e+00 predicts growth factor 6.67e+197 over Δt=50.0, exceeding threshold 1e+08. The system is physically unstable.",-1,,,,,,,,false
0.346938775510204,-2.166666666666667,1.0,0.0001,0.0,1.0,256,50.0,auto,auto,periodic,"Simulation diverged at t=0: eigenvalue Re(λ)=5.984e+00 predicts growth factor 8.81e+129 over Δt=50.0, exceeding threshold 1e+08. The system is physically unstable.",diverged,"Simulation diverged at t=0: eigenvalue Re(λ)=5.984e+00 predicts growth factor 8.81e+129 over Δt=50.0, exceeding threshold 1e+08. The system is physically unstable.",-1,,,,,,,,false
0.346938775510204,-2.1025641025641026,1.0,0.0001,0.0,1.0,256,50.0,auto,auto,periodic,"Simulation diverged at t=0: eigenvalue Re(λ)=3.970e+00 predicts growth factor 1.61e+86 over Δt=50.0, exceeding threshold 1e+08. The system is physically unstable.",diverged,"Simulation diverged at t=0: eigenvalue Re(λ)=3.970e+00 predicts growth factor 1.61e+86 over Δt=50.0, exceeding threshold 1e+08. The system is physically unstable.",-1,,,,,,,,false
0.346938775510204,-2.0384615384615383,1.0,0.0001,0.0,1.0,256,50.0,auto,auto,periodic,"Simulation diverged at t=0: eigenvalue Re(λ)=2.740e+00 predicts growth factor 3.08e+59 over Δt=50.0, exceeding threshold 1e+08. The system is physically unstable.",diverged,"Simulation diverged at t=0: eigenvalue Re(λ)=2.740e+00 predicts growth factor 3.08e+59 over Δt=50.0, exceeding threshold 1e+08. The system is physically unstable.",-1,,,,,,,,false
0.346938775510204,-1.9743589743589745,1.0,0.0001,0.0,1.0,256,50.0,auto,auto,periodic,"Simulation diverged at t=0: eigenvalue Re(λ)=5.449e+00 predicts growth factor 2.13e+118 over Δt=50.0, exceeding threshold 1e+08. The system is physically unstable.",diverged,"Simulation diverged at t=0: eigenvalue Re(λ)=5.449e+00 predicts growth factor 2.13e+118 over Δt=50.0, exceeding threshold 1e+08. The system is physically unstable.",-1,,,,,,,,false
0.346938775510204,-1.9102564102564104,1.0,0.0001,0.0,1.0,256,50.0,auto,auto,periodic,"Simulation diverged at t=0: eigenvalue Re(λ)=2.013e+00 predicts growth factor 5.05e+43 over Δt=50.0, exceeding threshold 1e+08. The system is physically unstable.",diverged,"Simulation diverged at t=0: eigenvalue Re(λ)=2.013e+00 predicts growth factor 5.05e+43 over Δt=50.0, exceeding threshold 1e+08. The system is physically unstable.",-1,,,,,,,,false
0.346938775510204,-1.8461538461538463,1.0,0.0001,0.0,1.0,256,50.0,auto,auto,periodic,"Simulation diverged at t=0: eigenvalue Re(λ)=1.654e+00 predicts growth factor 8.27e+35 over Δt=50.0, exceeding threshold 1e+08. The system is physically unstable.",diverged,"Simulation diverged at t=0: eigenvalue Re(λ)=1.654e+00 predicts growth factor 8.27e+35 over Δt=50.0, exceeding threshold 1e+08. The system is physically unstable.",-1,,,,,,,,false
0.346938775510204,-1.7820512820512822,1.0,0.0001,0.0,1.0,256,50.0,auto,auto,periodic,"Simulation diverged at t=0: eigenvalue Re(λ)=1.261e+00 predicts growth factor 2.36e+27 over Δt=50.0, exceeding threshold 1e+08. The system is physically unstable.",diverged,"Simulation diverged at t=0: eigenvalue Re(λ)=1.261e+00 predicts growth factor 2.36e+27 over Δt=50.0, exceeding threshold 1e+08. The system is physically unstable.",-1,,,,,,,,false
0.346938775510204,-1.717948717948718,1.0,0.0001,0.0,1.0,256,50.0,auto,auto,periodic,"Simulation diverged at t=0: eigenvalue Re(λ)=3.803e-01 predicts growth factor 1.81e+08 over Δt=50.0, exceeding threshold 1e+08. The system is physically unstable.",diverged,"Simulation diverged at t=0: eigenvalue Re(λ)=3.803e-01 predicts growth factor 1.81e+08 over Δt=50.0, exceeding threshold 1e+08. The system is physically unstable.",-1,,,,,,,,false
0.346938775510204,-1.653846153846154,1.0,0.0001,0.0,1.0,256,50.0,auto,auto,periodic,,success,,0,12.912246630332781,50.0,12.912246630332781,1.27,1.2912e+09,,,false
0.346938775510204,-1.5897435897435899,1.0,0.0001,0.0,1.0,256,50.0,auto,auto,periodic,,success,,0,5.967502851968946e-06,50.0,5.967502851968946e-06,1.09,5.9675e+02,9.548024e-01,-0.0201,true
0.346938775510204,-1.5256410256410258,1.0,0.0001,0.0,1.0,256,50.0,auto,auto,periodic,,success,,0,1.3085191056777121e-11,50.0,1.3085191056777121e-11,1.03,1.3085e-03,2.093635e-06,-5.6791,true
0.346938775510204,-1.4615384615384617,1.0,0.0001,0.0,1.0,256,50.0,auto,auto,periodic,,success,,0,2.6996396532489284e-11,43.0,1.8432883684688116e-11,1.05,2.6996e-03,4.319432e-06,-5.3646,true
0.346938775510204,-1.3974358974358976,1.0,0.0001,0.0,1.0,256,50.0,auto,auto,periodic,,success,,0,1.2564384234439264e-10,44.5,4.5583446304737394e-11,1.14,1.2564e-02,2.010306e-05,-4.6967,true
0.346938775510204,-1.3333333333333335,1.0,0.0001,0.0,1.0,256,50.0,auto,auto,periodic,,success,,0,2.8707946329427805e-10,46.0,1.3990575603802458e-10,1.02,2.8708e-02,4.593281e-05,-4.3379,true
0.346938775510204,-1.2692307692307694,1.0,0.0001,0.0,1.0,256,50.0,auto,auto,periodic,,success,,0,5.073927320740564e-10,47.5,4.0056853529451143e-10,1.04,5.0739e-02,8.118301e-05,-4.0905,true
0.346938775510204,-1.2051282051282053,1.0,0.0001,0.0,1.0,256,50.0,auto,auto,periodic,,success,,0,7.867793390475922e-10,49.5,7.49092272639193e-10,1.06,7.8678e-02,1.258850e-04,-3.9000,true
0.346938775510204,-1.1410256410256412,1.0,0.0001,0.0,1.0,256,50.0,auto,auto,periodic,,success,,0,1.097583768023383e-09,40.0,1.013463903408482e-09,1.07,1.0976e-01,1.756138e-04,-3.7554,true
0.346938775510204,-1.076923076923077,1.0,0.0001,0.0,1.0,256,50.0,auto,auto,periodic,,success,,0,1.4671792790695657e-09,41.5,1.0119677409357229e-09,1.09,1.4672e-01,2.347492e-04,-3.6294,true
0.346938775510204,-1.012820512820513,1.0,0.0001,0.0,1.0,256,50.0,auto,auto,periodic,,success,,0,1.8748491630319747e-09,41.5,7.208495392751044e-10,0.99,1.8748e-01,2.999765e-04,-3.5229,true
0.346938775510204,-0.9487179487179489,1.0,0.0001,0.0,1.0,256,50.0,auto,auto,periodic,,success,,0,2.4226651141332323e-09,43.0,4.316324660281986e-10,0.94,2.4227e-01,3.876272e-04,-3.4116,true
0.346938775510204,-0.884615384615385,1.0,0.0001,0.0,1.0,256,50.0,auto,auto,periodic,,success,,0,2.9971048017311705e-09,44.5,5.679966019968709e-10,1.14,2.9971e-01,4.795378e-04,-3.3192,true
0.346938775510204,-0.8205128205128207,1.0,0.0001,0.0,1.0,256,50.0,auto,auto,periodic,,success,,0,3.575920644692103e-09,46.0,1.3383972935027414e-09,1.06,3.5759e-01,5.721485e-04,-3.2425,true
0.346938775510204,-0.7564102564102564,1.0,0.0001,0.0,1.0,256,50.0,auto,auto,periodic,,success,,0,4.177242534541684e-09,33.5,2.6179826433059496e-09,1.02,4.1772e-01,6.683602e-04,-3.1750,true
0.346938775510204,-0.6923076923076925,1.0,0.0001,0.0,1.0,256,50.0,auto,auto,periodic,,success,,0,4.931503320173792e-09,47.5,4.090069669681304e-09,0.97,4.9315e-01,7.890422e-04,-3.1029,true
0.346938775510204,-0.6282051282051286,1.0,0.0001,0.0,1.0,256,50.0,auto,auto,periodic,,success,,0,5.735562754692557e-09,49.0,5.418617296849612e-09,1.0,5.7356e-01,9.176920e-04,-3.0373,true
0.346938775510204,-0.5641025641025643,1.0,0.0001,0.0,1.0,256,50.0,auto,auto,periodic,,success,,0,6.3382170454819105e-09,36.5,6.324657365921626e-09,0.94,6.3382e-01,1.014117e-03,-2.9939,true
0.346938775510204,-0.5,1.0,0.0001,0.0,1.0,256,50.0,auto,auto,periodic,,success,,0,7.301870614042757e-09,36.5,6.610000989263818e-09,0.98,7.3019e-01,1.168302e-03,-2.9324,true
0.3877551020408163,-3.0,1.0,0.0001,0.0,1.0,256,50.0,auto,auto,periodic,"Simulation diverged at t=0: eigenvalue Re(λ)=1.792e+01 predicts growth factor 1.01e+304 over Δt=50.0, exceeding threshold 1e+08. The system is physically unstable.",diverged,"Simulation diverged at t=0: eigenvalue Re(λ)=1.792e+01 predicts growth factor 1.01e+304 over Δt=50.0, exceeding threshold 1e+08. The system is physically unstable.",-1,,,,,,,,false
0.3877551020408163,-2.935897435897436,1.0,0.0001,0.0,1.0,256,50.0,auto,auto,periodic,"Simulation diverged at t=0: eigenvalue Re(λ)=5.057e+00 predicts growth factor 6.62e+109 over Δt=50.0, exceeding threshold 1e+08. The system is physically unstable.",diverged,"Simulation diverged at t=0: eigenvalue Re(λ)=5.057e+00 predicts growth factor 6.62e+109 over Δt=50.0, exceeding threshold 1e+08. The system is physically unstable.",-1,,,,,,,,false
0.3877551020408163,-2.871794871794872,1.0,0.0001,0.0,1.0,256,50.0,auto,auto,periodic,"Simulation diverged at t=0: eigenvalue Re(λ)=7.695e+00 predicts growth factor 1.22e+167 over Δt=50.0, exceeding threshold 1e+08. The system is physically unstable.",diverged,"Simulation diverged at t=0: eigenvalue Re(λ)=7.695e+00 predicts growth factor 1.22e+167 over Δt=50.0, exceeding threshold 1e+08. The system is physically unstable.",-1,,,,,,,,false
0.3877551020408163,-2.8076923076923075,1.0,0.0001,0.0,1.0,256,50.0,auto,auto,periodic,"Simulation diverged at t=0: eigenvalue Re(λ)=4.046e+00 predicts growth factor 7.39e+87 over Δt=50.0, exceeding threshold 1e+08. The system is physically unstable.",diverged,"Simulation diverged at t=0: eigenvalue Re(λ)=4.046e+00 predicts growth factor 7.39e+87 over Δt=50.0, exceeding threshold 1e+08. The system is physically unstable.",-1,,,,,,,,false
0.3877551020408163,-2.7435897435897436,1.0,0.0001,0.0,1.0,256,50.0,auto,auto,periodic,"Simulation diverged at t=0: eigenvalue Re(λ)=5.009e+00 predicts growth factor 6.00e+108 over Δt=50.0, exceeding threshold 1e+08. The system is physically unstable.",diverged,"Simulation diverged at t=0: eigenvalue Re(λ)=5.009e+00 predicts growth factor 6.00e+108 over Δt=50.0, exceeding threshold 1e+08. The system is physically unstable.",-1,,,,,,,,false
0.3877551020408163,-2.6794871794871797,1.0,0.0001,0.0,1.0,256,50.0,auto,auto,periodic,"Simulation diverged at t=0: eigenvalue Re(λ)=7.678e+00 predicts growth factor 5.43e+166 over Δt=50.0, exceeding threshold 1e+08. The system is physically unstable.",diverged,"Simulation diverged at t=0: eigenvalue Re(λ)=7.678e+00 predicts growth factor 5.43e+166 over Δt=50.0, exceeding threshold 1e+08. The system is physically unstable.",-1,,,,,,,,false
0.3877551020408163,-2.6153846153846154,1.0,0.0001,0.0,1.0,256,50.0,auto,auto,periodic,"Simulation diverged at t=0: eigenvalue Re(λ)=3.598e+00 predicts growth factor 1.33e+78 over Δt=50.0, exceeding threshold 1e+08. The system is physically unstable.",diverged,"Simulation diverged at t=0: eigenvalue Re(λ)=3.598e+00 predicts growth factor 1.33e+78 over Δt=50.0, exceeding threshold 1e+08. The system is physically unstable.",-1,,,,,,,,false
0.3877551020408163,-2.551282051282051,1.0,0.0001,0.0,1.0,256,50.0,auto,auto,periodic,"Simulation diverged at t=0: eigenvalue Re(λ)=4.146e+00 predicts growth factor 1.06e+90 over Δt=50.0, exceeding threshold 1e+08. The system is physically unstable.",diverged,"Simulation diverged at t=0: eigenvalue Re(λ)=4.146e+00 predicts growth factor 1.06e+90 over Δt=50.0, exceeding threshold 1e+08. The system is physically unstable.",-1,,,,,,,,false
0.3877551020408163,-2.4871794871794872,1.0,0.0001,0.0,1.0,256,50.0,auto,auto,periodic,"Simulation diverged at t=0: eigenvalue Re(λ)=5.103e+00 predicts growth factor 6.34e+110 over Δt=50.0, exceeding threshold 1e+08. The system is physically unstable.",diverged,"Simulation diverged at t=0: eigenvalue Re(λ)=5.103e+00 predicts growth factor 6.34e+110 over Δt=50.0, exceeding threshold 1e+08. The system is physically unstable.",-1,,,,,,,,false
0.3877551020408163,-2.4230769230769234,1.0,0.0001,0.0,1.0,256,50.0,auto,auto,periodic,"Simulation diverged at t=0: eigenvalue Re(λ)=7.413e+00 predicts growth factor 9.37e+160 over Δt=50.0, exceeding threshold 1e+08. The system is physically unstable.",diverged,"Simulation diverged at t=0: eigenvalue Re(λ)=7.413e+00 predicts growth factor 9.37e+160 over Δt=50.0, exceeding threshold 1e+08. The system is physically unstable.",-1,,,,,,,,false
0.3877551020408163,-2.358974358974359,1.0,0.0001,0.0,1.0,256,50.0,auto,auto,periodic,"Simulation diverged at t=0: eigenvalue Re(λ)=2.894e+00 predicts growth factor 6.88e+62 over Δt=50.0, exceeding threshold 1e+08. The system is physically unstable.",diverged,"Simulation diverged at t=0: eigenvalue Re(λ)=2.894e+00 predicts growth factor 6.88e+62 over Δt=50.0, exceeding threshold 1e+08. The system is physically unstable.",-1,,,,,,,,false
0.3877551020408163,-2.2948717948717947,1.0,0.0001,0.0,1.0,256,50.0,auto,auto,periodic,"Simulation diverged at t=0: eigenvalue Re(λ)=2.949e+00 predicts growth factor 1.09e+64 over Δt=50.0, exceeding threshold 1e+08. The system is physically unstable.",diverged,"Simulation diverged at t=0: eigenvalue Re(λ)=2.949e+00 predicts growth factor 1.09e+64 over Δt=50.0, exceeding threshold 1e+08. The system is physically unstable.",-1,,,,,,,,false
0.3877551020408163,-2.230769230769231,1.0,0.0001,0.0,1.0,256,50.0,auto,auto,periodic,"Simulation diverged at t=0: eigenvalue Re(λ)=2.924e+00 predicts growth factor 3.08e+63 over Δt=50.0, exceeding threshold 1e+08. The system is physically unstable.",diverged,"Simulation diverged at t=0: eigenvalue Re(λ)=2.924e+00 predicts growth factor 3.08e+63 over Δt=50.0, exceeding threshold 1e+08. The system is physically unstable.",-1,,,,,,,,false
0.3877551020408163,-2.166666666666667,1.0,0.0001,0.0,1.0,256,50.0,auto,auto,periodic,"Simulation diverged at t=0: eigenvalue Re(λ)=2.775e+00 predicts growth factor 1.83e+60 over Δt=50.0, exceeding threshold 1e+08. The system is physically unstable.",diverged,"Simulation diverged at t=0: eigenvalue Re(λ)=2.775e+00 predicts growth factor 1.83e+60 over Δt=50.0, exceeding threshold 1e+08. The system is physically unstable.",-1,,,,,,,,false
0.3877551020408163,-2.1025641025641026,1.0,0.0001,0.0,1.0,256,50.0,auto,auto,periodic,"Simulation diverged at t=0: eigenvalue Re(λ)=2.490e+00 predicts growth factor 1.20e+54 over Δt=50.0, exceeding threshold 1e+08. The system is physically unstable.",diverged,"Simulation diverged at t=0: eigenvalue Re(λ)=2.490e+00 predicts growth factor 1.20e+54 over Δt=50.0, exceeding threshold 1e+08. The system is physically unstable.",-1,,,,,,,,false
0.3877551020408163,-2.0384615384615383,1.0,0.0001,0.0,1.0,256,50.0,auto,auto,periodic,"Simulation diverged at t=0: eigenvalue Re(λ)=2.109e+00 predicts growth factor 6.36e+45 over Δt=50.0, exceeding threshold 1e+08. The system is physically unstable.",diverged,"Simulation diverged at t=0: eigenvalue Re(λ)=2.109e+00 predicts growth factor 6.36e+45 over Δt=50.0, exceeding threshold 1e+08. The system is physically unstable.",-1,,,,,,,,false
0.3877551020408163,-1.9743589743589745,1.0,0.0001,0.0,1.0,256,50.0,auto,auto,periodic,"Simulation diverged at t=0: eigenvalue Re(λ)=3.503e+00 predicts growth factor 1.19e+76 over Δt=50.0, exceeding threshold 1e+08. The system is physically unstable.",diverged,"Simulation diverged at t=0: eigenvalue Re(λ)=3.503e+00 predicts growth factor 1.19e+76 over Δt=50.0, exceeding threshold 1e+08. The system is physically unstable.",-1,,,,,,,,false
0.3877551020408163,-1.9102564102564104,1.0,0.0001,0.0,1.0,256,50.0,auto,auto,periodic,"Simulation diverged at t=0: eigenvalue Re(λ)=1.907e+00 predicts growth factor 2.63e+41 over Δt=50.0, exceeding threshold 1e+08. The system is physically unstable.",diverged,"Simulation diverged at t=0: eigenvalue Re(λ)=1.907e+00 predicts growth factor 2.63e+41 over Δt=50.0, exceeding threshold 1e+08. The system is physically unstable.",-1,,,,,,,,false
0.3877551020408163,-1.8461538461538463,1.0,0.0001,0.0,1.0,256,50.0,auto,auto,periodic,"Simulation diverged at t=0: eigenvalue Re(λ)=1.802e+00 predicts growth factor 1.32e+39 over Δt=50.0, exceeding threshold 1e+08. The system is physically unstable.",diverged,"Simulation diverged at t=0: eigenvalue Re(λ)=1.802e+00 predicts growth factor 1.32e+39 over Δt=50.0, exceeding threshold 1e+08. The system is physically unstable.",-1,,,,,,,,false
0.3877551020408163,-1.7820512820512822,1.0,0.0001,0.0,1.0,256,50.0,auto,auto,periodic,"Simulation diverged at t=0: eigenvalue Re(λ)=1.827e+00 predicts growth factor 4.71e+39 over Δt=50.0, exceeding threshold 1e+08. The system is physically unstable.",diverged,"Simulation diverged at t=0: eigenvalue Re(λ)=1.827e+00 predicts growth factor 4.71e+39 over Δt=50.0, exceeding threshold 1e+08. The system is physically unstable.",-1,,,,,,,,false
0.3877551020408163,-1.717948717948718,1.0,0.0001,0.0,1.0,256,50.0,auto,auto,periodic,"Simulation diverged at t=0: eigenvalue Re(λ)=4.142e-01 predicts growth factor 9.88e+08 over Δt=50.0, exceeding threshold 1e+08. The system is physically unstable.",diverged,"Simulation diverged at t=0: eigenvalue Re(λ)=4.142e-01 predicts growth factor 9.88e+08 over Δt=50.0, exceeding threshold 1e+08. The system is physically unstable.",-1,,,,,,,,false
0.3877551020408163,-1.653846153846154,1.0,0.0001,0.0,1.0,256,50.0,auto,auto,periodic,,success,,0,1668.0346601906342,50.0,1668.0346601906342,0.97,1.6680e+11,,,false
0.3877551020408163,-1.5897435897435899,1.0,0.0001,0.0,1.0,256,50.0,auto,auto,periodic,,success,,0,0.006784025857510152,50.0,0.006784025857510152,1.02,6.7840e+05,1.085446e+03,3.0356,true
0.3877551020408163,-1.5256410256410258,1.0,0.0001,0.0,1.0,256,50.0,auto,auto,periodic,,success,,0,9.853881654351913e-08,50.0,9.853881654351913e-08,0.99,9.8539e+00,1.576624e-02,-1.8023,true
0.3877551020408163,-1.4615384615384617,1.0,0.0001,0.0,1.0,256,50.0,auto,auto,periodic,,success,,0,3.0296860344392293e-12,50.0,3.0296860344392293e-12,1.06,3.0297e-04,4.847508e-07,-6.3145,true
0.3877551020408163,-1.3974358974358976,1.0,0.0001,0.0,1.0,256,50.0,auto,auto,periodic,,success,,0,2.1219177637025337e-11,43.0,1.5317438359836432e-11,1.03,2.1219e-03,3.395075e-06,-5.4692,true
0.3877551020408163,-1.3333333333333335,1.0,0.0001,0.0,1.0,256,50.0,auto,auto,periodic,,success,,0,9.136449019252995e-11,44.5,3.7136601411041565e-11,1.05,9.1364e-03,1.461835e-05,-4.8351,true
0.3877551020408163,-1.2692307692307694,1.0,0.0001,0.0,1.0,256,50.0,auto,auto,periodic,,success,,0,2.0152940064487692e-10,46.0,7.508992341744468e-11,1.13,2.0153e-02,3.224477e-05,-4.4915,true
0.3877551020408163,-1.2051282051282053,1.0,0.0001,0.0,1.0,256,50.0,auto,auto,periodic,,success,,0,3.4314837363079006e-10,47.5,2.0198202735855017e-10,1.44,3.4315e-02,5.490385e-05,-4.2604,true
0.3877551020408163,-1.1410256410256412,1.0,0.0001,0.0,1.0,256,50.0,auto,auto,periodic,,success,,0,5.269690108685036e-10,47.5,4.357509384093642e-10,1.17,5.2697e-02,8.431522e-05,-4.0741,true
0.3877551020408163,-1.076923076923077,1.0,0.0001,0.0,1.0,256,50.0,auto,auto,periodic,,success,,0,7.612830039459279e-10,49.5,7.168931859174192e-10,1.21,7.6128e-02,1.218055e-04,-3.9143,true
0.3877551020408163,-1.012820512820513,1.0,0.0001,0.0,1.0,256,50.0,auto,auto,periodic,,success,,0,9.791604693206916e-10,40.0,9.561031193637716e-10,1.06,9.7916e-02,1.566660e-04,-3.8050,true
0.3877551020408163,-0.9487179487179489,1.0,0.0001,0.0,1.0,256,50.0,auto,auto,periodic,,success,,0,1.2681782088598072e-09,40.0,1.054132258581453e-09,0.99,1.2682e-01,2.029089e-04,-3.6927,true
0.3877551020408163,-0.884615384615385,1.0,0.0001,0.0,1.0,256,50.0,auto,auto,periodic,,success,,0,1.6206050472792815e-09,41.5,9.459113497923722e-10,1.01,1.6206e-01,2.592973e-04,-3.5862,true
0.3877551020408163,-0.8205128205128207,1.0,0.0001,0.0,1.0,256,50.0,auto,auto,periodic,,success,,0,1.924778560367428e-09,43.0,6.817729919330492e-10,1.04,1.9248e-01,3.079652e-04,-3.5115,true
0.3877551020408163,-0.7564102564102564,1.0,0.0001,0.0,1.0,256,50.0,auto,auto,periodic,,success,,0,2.384110841203304e-09,43.0,4.4613713551563847e-10,1.02,2.3841e-01,3.814585e-04,-3.4186,true
0.3877551020408163,-0.6923076923076925,1.0,0.0001,0.0,1.0,256,50.0,auto,auto,periodic,,success,,0,2.807158486366275e-09,44.5,4.655462810003905e-10,1.01,2.8072e-01,4.491463e-04,-3.3476,true
0.3877551020408163,-0.6282051282051286,1.0,0.0001,0.0,1.0,256,50.0,auto,auto,periodic,,success,,0,3.2376617249050962e-09,44.5,8.823972865182456e-10,0.95,3.2377e-01,5.180270e-04,-3.2856,true
0.3877551020408163,-0.5641025641025643,1.0,0.0001,0.0,1.0,256,50.0,auto,auto,periodic,,success,,0,3.805453629488344e-09,46.0,1.6938061278749328e-09,0.97,3.8055e-01,6.088738e-04,-3.2155,true
0.3877551020408163,-0.5,1.0,0.0001,0.0,1.0,256,50.0,auto,auto,periodic,,success,,0,4.2566642416267974e-09,47.5,2.7780313670424226e-09,0.96,4.2567e-01,6.810677e-04,-3.1668,true
0.4285714285714284,-3.0,1.0,0.0001,0.0,1.0,256,50.0,auto,auto,periodic,"Simulation diverged at t=0: eigenvalue Re(λ)=7.648e+00 predicts growth factor 1.21e+166 over Δt=50.0, exceeding threshold 1e+08. The system is physically unstable.",diverged,"Simulation diverged at t=0: eigenvalue Re(λ)=7.648e+00 predicts growth factor 1.21e+166 over Δt=50.0, exceeding threshold 1e+08. The system is physically unstable.",-1,,,,,,,,false
0.4285714285714284,-2.935897435897436,1.0,0.0001,0.0,1.0,256,50.0,auto,auto,periodic,"Simulation diverged at t=0: eigenvalue Re(λ)=4.131e+00 predicts growth factor 5.12e+89 over Δt=50.0, exceeding threshold 1e+08. The system is physically unstable.",diverged,"Simulation diverged at t=0: eigenvalue Re(λ)=4.131e+00 predicts growth factor 5.12e+89 over Δt=50.0, exceeding threshold 1e+08. The system is physically unstable.",-1,,,,,,,,false
0.4285714285714284,-2.871794871794872,1.0,0.0001,0.0,1.0,256,50.0,auto,auto,periodic,"Simulation diverged at t=0: eigenvalue Re(λ)=6.115e+00 predicts growth factor 6.16e+132 over Δt=50.0, exceeding threshold 1e+08. The system is physically unstable.",diverged,"Simulation diverged at t=0: eigenvalue Re(λ)=6.115e+00 predicts growth factor 6.16e+132 over Δt=50.0, exceeding threshold 1e+08. The system is physically unstable.",-1,,,,,,,,false
0.4285714285714284,-2.8076923076923075,1.0,0.0001,0.0,1.0,256,50.0,auto,auto,periodic,"Simulation diverged at t=0: eigenvalue Re(λ)=3.608e+00 predicts growth factor 2.24e+78 over Δt=50.0, exceeding threshold 1e+08. The system is physically unstable.",diverged,"Simulation diverged at t=0: eigenvalue Re(λ)=3.608e+00 predicts growth factor 2.24e+78 over Δt=50.0, exceeding threshold 1e+08. The system is physically unstable.",-1,,,,,,,,false
0.4285714285714284,-2.7435897435897436,1.0,0.0001,0.0,1.0,256,50.0,auto,auto,periodic,"Simulation diverged at t=0: eigenvalue Re(λ)=4.724e+00 predicts growth factor 3.84e+102 over Δt=50.0, exceeding threshold 1e+08. The system is physically unstable.",diverged,"Simulation diverged at t=0: eigenvalue Re(λ)=4.724e+00 predicts growth factor 3.84e+102 over Δt=50.0, exceeding threshold 1e+08. The system is physically unstable.",-1,,,,,,,,false
0.4285714285714284,-2.6794871794871797,1.0,0.0001,0.0,1.0,256,50.0,auto,auto,periodic,"Simulation diverged at t=0: eigenvalue Re(λ)=1.015e+01 predicts growth factor 3.02e+220 over Δt=50.0, exceeding threshold 1e+08. The system is physically unstable.",diverged,"Simulation diverged at t=0: eigenvalue Re(λ)=1.015e+01 predicts growth factor 3.02e+220 over Δt=50.0, exceeding threshold 1e+08. The system is physically unstable.",-1,,,,,,,,false
0.4285714285714284,-2.6153846153846154,1.0,0.0001,0.0,1.0,256,50.0,auto,auto,periodic,"Simulation diverged at t=0: eigenvalue Re(λ)=3.622e+00 predicts growth factor 4.56e+78 over Δt=50.0, exceeding threshold 1e+08. The system is physically unstable.",diverged,"Simulation diverged at t=0: eigenvalue Re(λ)=3.622e+00 predicts growth factor 4.56e+78 over Δt=50.0, exceeding threshold 1e+08. The system is physically unstable.",-1,,,,,,,,false
0.4285714285714284,-2.551282051282051,1.0,0.0001,0.0,1.0,256,50.0,auto,auto,periodic,"Simulation diverged at t=0: eigenvalue Re(λ)=4.811e+00 predicts growth factor 2.91e+104 over Δt=50.0, exceeding threshold 1e+08. The system is physically unstable.",diverged,"Simulation diverged at t=0: eigenvalue Re(λ)=4.811e+00 predicts growth factor 2.91e+104 over Δt=50.0, exceeding threshold 1e+08. The system is physically unstable.",-1,,,,,,,,false
0.4285714285714284,-2.4871794871794872,1.0,0.0001,0.0,1.0,256,50.0,auto,auto,periodic,"Simulation diverged at t=0: eigenvalue Re(λ)=1.178e+01 predicts growth factor 7.58e+255 over Δt=50.0, exceeding threshold 1e+08. The system is physically unstable.",diverged,"Simulation diverged at t=0: eigenvalue Re(λ)=1.178e+01 predicts growth factor 7.58e+255 over Δt=50.0, exceeding threshold 1e+08. The system is physically unstable.",-1,,,,,,,,false
0.4285714285714284,-2.4230769230769234,1.0,0.0001,0.0,1.0,256,50.0,auto,auto,periodic,"Simulation diverged at t=0: eigenvalue Re(λ)=3.121e+00 predicts growth factor 5.85e+67 over Δt=50.0, exceeding threshold 1e+08. The system is physically unstable.",diverged,"Simulation diverged at t=0: eigenvalue Re(λ)=3.121e+00 predicts growth factor 5.85e+67 over Δt=50.0, exceeding threshold 1e+08. The system is physically unstable.",-1,,,,,,,,false
0.4285714285714284,-2.358974358974359,1.0,0.0001,0.0,1.0,256,50.0,auto,auto,periodic,"Simulation diverged at t=0: eigenvalue Re(λ)=3.638e+00 predicts growth factor 9.91e+78 over Δt=50.0, exceeding threshold 1e+08. The system is physically unstable.",diverged,"Simulation diverged at t=0: eigenvalue Re(λ)=3.638e+00 predicts growth factor 9.91e+78 over Δt=50.0, exceeding threshold 1e+08. The system is physically unstable.",-1,,,,,,,,false
0.4285714285714284,-2.2948717948717947,1.0,0.0001,0.0,1.0,256,50.0,auto,auto,periodic,"Simulation diverged at t=0: eigenvalue Re(λ)=4.536e+00 predicts growth factor 3.13e+98 over Δt=50.0, exceeding threshold 1e+08. The system is physically unstable.",diverged,"Simulation diverged at t=0: eigenvalue Re(λ)=4.536e+00 predicts growth factor 3.13e+98 over Δt=50.0, exceeding threshold 1e+08. The system is physically unstable.",-1,,,,,,,,false
0.4285714285714284,-2.230769230769231,1.0,0.0001,0.0,1.0,256,50.0,auto,auto,periodic,"Simulation diverged at t=0: eigenvalue Re(λ)=6.540e+00 predicts growth factor 1.01e+142 over Δt=50.0, exceeding threshold 1e+08. The system is physically unstable.",diverged,"Simulation diverged at t=0: eigenvalue Re(λ)=6.540e+00 predicts growth factor 1.01e+142 over Δt=50.0, exceeding threshold 1e+08. The system is physically unstable.",-1,,,,,,,,false
0.4285714285714284,-2.166666666666667,1.0,0.0001,0.0,1.0,256,50.0,auto,auto,periodic,"Simulation diverged at t=0: eigenvalue Re(λ)=1.809e+01 predicts growth factor 1.01e+304 over Δt=50.0, exceeding threshold 1e+08. The system is physically unstable.",diverged,"Simulation diverged at t=0: eigenvalue Re(λ)=1.809e+01 predicts growth factor 1.01e+304 over Δt=50.0, exceeding threshold 1e+08. The system is physically unstable.",-1,,,,,,,,false
0.4285714285714284,-2.1025641025641026,1.0,0.0001,0.0,1.0,256,50.0,auto,auto,periodic,"Simulation diverged at t=0: eigenvalue Re(λ)=2.113e+00 predicts growth factor 7.48e+45 over Δt=50.0, exceeding threshold 1e+08. The system is physically unstable.",diverged,"Simulation diverged at t=0: eigenvalue Re(λ)=2.113e+00 predicts growth factor 7.48e+45 over Δt=50.0, exceeding threshold 1e+08. The system is physically unstable.",-1,,,,,,,,false
0.4285714285714284,-2.0384615384615383,1.0,0.0001,0.0,1.0,256,50.0,auto,auto,periodic,"Simulation diverged at t=0: eigenvalue Re(λ)=1.128e+01 predicts growth factor 1.02e+245 over Δt=50.0, exceeding threshold 1e+08. The system is physically unstable.",diverged,"Simulation diverged at t=0: eigenvalue Re(λ)=1.128e+01 predicts growth factor 1.02e+245 over Δt=50.0, exceeding threshold 1e+08. The system is physically unstable.",-1,,,,,,,,false
0.4285714285714284,-1.9743589743589745,1.0,0.0001,0.0,1.0,256,50.0,auto,auto,periodic,"Simulation diverged at t=0: eigenvalue Re(λ)=3.786e+00 predicts growth factor 1.66e+82 over Δt=50.0, exceeding threshold 1e+08. The system is physically unstable.",diverged,"Simulation diverged at t=0: eigenvalue Re(λ)=3.786e+00 predicts growth factor 1.66e+82 over Δt=50.0, exceeding threshold 1e+08. The system is physically unstable.",-1,,,,,,,,false
0.4285714285714284,-1.9102564102564104,1.0,0.0001,0.0,1.0,256,50.0,auto,auto,periodic,"Simulation diverged at t=0: eigenvalue Re(λ)=2.081e+00 predicts growth factor 1.53e+45 over Δt=50.0, exceeding threshold 1e+08. The system is physically unstable.",diverged,"Simulation diverged at t=0: eigenvalue Re(λ)=2.081e+00 predicts growth factor 1.53e+45 over Δt=50.0, exceeding threshold 1e+08. The system is physically unstable.",-1,,,,,,,,false
0.4285714285714284,-1.8461538461538463,1.0,0.0001,0.0,1.0,256,50.0,auto,auto,periodic,"Simulation diverged at t=0: eigenvalue Re(λ)=2.660e+00 predicts growth factor 5.71e+57 over Δt=50.0, exceeding threshold 1e+08. The system is physically unstable.",diverged,"Simulation diverged at t=0: eigenvalue Re(λ)=2.660e+00 predicts growth factor 5.71e+57 over Δt=50.0, exceeding threshold 1e+08. The system is physically unstable.",-1,,,,,,,,false
0.4285714285714284,-1.7820512820512822,1.0,0.0001,0.0,1.0,256,50.0,auto,auto,periodic,"Simulation diverged at t=0: eigenvalue Re(λ)=1.287e+00 predicts growth factor 8.65e+27 over Δt=50.0, exceeding threshold 1e+08. The system is physically unstable.",diverged,"Simulation diverged at t=0: eigenvalue Re(λ)=1.287e+00 predicts growth factor 8.65e+27 over Δt=50.0, exceeding threshold 1e+08. The system is physically unstable.",-1,,,,,,,,false
0.4285714285714284,-1.717948717948718,1.0,0.0001,0.0,1.0,256,50.0,auto,auto,periodic,"Simulation diverged at t=0: eigenvalue Re(λ)=4.437e-01 predicts growth factor 4.32e+09 over Δt=50.0, exceeding threshold 1e+08. The system is physically unstable.",diverged,"Simulation diverged at t=0: eigenvalue Re(λ)=4.437e-01 predicts growth factor 4.32e+09 over Δt=50.0, exceeding threshold 1e+08. The system is physically unstable.",-1,,,,,,,,false
0.4285714285714284,-1.653846153846154,1.0,0.0001,0.0,1.0,256,50.0,auto,auto,periodic,"Simulation diverged at t=0: eigenvalue Re(λ)=3.708e-01 predicts growth factor 1.13e+08 over Δt=50.0, exceeding threshold 1e+08. The system is physically unstable.",diverged,"Simulation diverged at t=0: eigenvalue Re(λ)=3.708e-01 predicts growth factor 1.13e+08 over Δt=50.0, exceeding threshold 1e+08. The system is physically unstable.",-1,,,,,,,,false
0.4285714285714284,-1.5897435897435899,1.0,0.0001,0.0,1.0,256,50.0,auto,auto,periodic,,success,,0,1.5103384351381937,50.0,1.5103384351381937,0.94,1.5103e+08,,,false
0.4285714285714284,-1.5256410256410258,1.0,0.0001,0.0,1.0,256,50.0,auto,auto,periodic,,success,,0,0.00010500910091959051,50.0,0.00010500910091959051,1.07,1.0501e+04,1.680149e+01,1.2253,true
0.4285714285714284,-1.4615384615384617,1.0,0.0001,0.0,1.0,256,50.0,auto,auto,periodic,,success,,0,1.3883848686249415e-08,50.0,1.3883848686249415e-08,1.0,1.3884e+00,2.221420e-03,-2.6534,true
0.4285714285714284,-1.3974358974358976,1.0,0.0001,0.0,1.0,256,50.0,auto,auto,periodic,,success,,0,2.9390075490188424e-12,50.0,2.9390075490188424e-12,0.94,2.9390e-04,4.702422e-07,-6.3277,true
0.4285714285714284,-1.3333333333333335,1.0,0.0001,0.0,1.0,256,50.0,auto,auto,periodic,,success,,0,1.3644196757777487e-11,43.0,1.0703962198914901e-11,0.97,1.3644e-03,2.183076e-06,-5.6609,true
0.4285714285714284,-1.2692307692307694,1.0,0.0001,0.0,1.0,256,50.0,auto,auto,periodic,,success,,0,6.032987016767976e-11,44.5,3.0246941750575375e-11,1.03,6.0330e-03,9.652799e-06,-5.0153,true
0.4285714285714284,-1.2051282051282053,1.0,0.0001,0.0,1.0,256,50.0,auto,auto,periodic,,success,,0,1.3371572877857359e-10,44.5,4.821935945769648e-11,1.02,1.3372e-02,2.139456e-05,-4.6697,true
0.4285714285714284,-1.1410256410256412,1.0,0.0001,0.0,1.0,256,50.0,auto,auto,periodic,,success,,0,2.408916457570462e-10,46.0,9.874592132488315e-11,1.02,2.4089e-02,3.854274e-05,-4.4141,true
0.4285714285714284,-1.076923076923077,1.0,0.0001,0.0,1.0,256,50.0,auto,auto,periodic,,success,,0,3.626462879846176e-10,47.5,2.2015475452827758e-10,1.04,3.6265e-02,5.802353e-05,-4.2364,true
0.4285714285714284,-1.012820512820513,1.0,0.0001,0.0,1.0,256,50.0,auto,auto,periodic,,success,,0,5.143705727936833e-10,47.5,4.125874416064314e-10,1.19,5.1437e-02,8.229946e-05,-4.0846,true
0.4285714285714284,-0.9487179487179489,1.0,0.0001,0.0,1.0,256,50.0,auto,auto,periodic,,success,,0,7.017712036634129e-10,49.0,6.418099848246065e-10,1.06,7.0177e-02,1.122836e-04,-3.9497,true
0.4285714285714284,-0.884615384615385,1.0,0.0001,0.0,1.0,256,50.0,auto,auto,periodic,,success,,0,8.630196425820485e-10,49.5,8.602089652001625e-10,0.98,8.6302e-02,1.380834e-04,-3.8599,true
0.4285714285714284,-0.8205128205128207,1.0,0.0001,0.0,1.0,256,50.0,auto,auto,periodic,,success,,0,1.0984522940460112e-09,40.0,1.0138193271083e-09,1.11,1.0985e-01,1.757527e-04,-3.7551,true
0.4285714285714284,-0.7564102564102564,1.0,0.0001,0.0,1.0,256,50.0,auto,auto,periodic,,success,,0,1.308190726440238e-09,40.0,1.0500120350774024e-09,1.07,1.3082e-01,2.093110e-04,-3.6792,true
0.4285714285714284,-0.6923076923076925,1.0,0.0001,0.0,1.0,256,50.0,auto,auto,periodic,,success,,0,1.6231345864370276e-09,41.5,9.444983766229233e-10,1.03,1.6231e-01,2.597021e-04,-3.5855,true
0.4285714285714284,-0.6282051282051286,1.0,0.0001,0.0,1.0,256,50.0,auto,auto,periodic,,success,,0,1.866500401401321e-09,41.5,7.32332889333434e-10,1.09,1.8665e-01,2.986407e-04,-3.5249,true
0.4285714285714284,-0.5641025641025643,1.0,0.0001,0.0,1.0,256,50.0,auto,auto,periodic,,success,,0,2.243643908018636e-09,43.0,5.118758326324376e-10,0.96,2.2436e-01,3.589838e-04,-3.4449,true
0.4285714285714284,-0.5,1.0,0.0001,0.0,1.0,256,50.0,auto,auto,periodic,,success,,0,2.5190500033690805e-09,43.0,4.1164941222181114e-10,0.92,2.5191e-01,4.030488e-04,-3.3946,true
0.46938775510204067,-3.0,1.0,0.0001,0.0,1.0,256,50.0,auto,auto,periodic,"Simulation diverged at t=0: eigenvalue Re(λ)=1.588e+01 predicts growth factor 1.01e+304 over Δt=50.0, exceeding threshold 1e+08. The system is physically unstable.",diverged,"Simulation diverged at t=0: eigenvalue Re(λ)=1.588e+01 predicts growth factor 1.01e+304 over Δt=50.0, exceeding threshold 1e+08. The system is physically unstable.",-1,,,,,,,,false
0.46938775510204067,-2.935897435897436,1.0,0.0001,0.0,1.0,256,50.0,auto,auto,periodic,"Simulation diverged at t=0: eigenvalue Re(λ)=4.506e+00 predicts growth factor 6.85e+97 over Δt=50.0, exceeding threshold 1e+08. The system is physically unstable.",diverged,"Simulation diverged at t=0: eigenvalue Re(λ)=4.506e+00 predicts growth factor 6.85e+97 over Δt=50.0, exceeding threshold 1e+08. The system is physically unstable.",-1,,,,,,,,false
0.46938775510204067,-2.871794871794872,1.0,0.0001,0.0,1.0,256,50.0,auto,auto,periodic,"Simulation diverged at t=0: eigenvalue Re(λ)=1.527e+01 predicts growth factor 1.01e+304 over Δt=50.0, exceeding threshold 1e+08. The system is physically unstable.",diverged,"Simulation diverged at t=0: eigenvalue Re(λ)=1.527e+01 predicts growth factor 1.01e+304 over Δt=50.0, exceeding threshold 1e+08. The system is physically unstable.",-1,,,,,,,,false
0.46938775510204067,-2.8076923076923075,1.0,0.0001,0.0,1.0,256,50.0,auto,auto,periodic,"Simulation diverged at t=0: eigenvalue Re(λ)=4.145e+00 predicts growth factor 1.03e+90 over Δt=50.0, exceeding threshold 1e+08. The system is physically unstable.",diverged,"Simulation diverged at t=0: eigenvalue Re(λ)=4.145e+00 predicts growth factor 1.03e+90 over Δt=50.0, exceeding threshold 1e+08. The system is physically unstable.",-1,,,,,,,,false
0.46938775510204067,-2.7435897435897436,1.0,0.0001,0.0,1.0,256,50.0,auto,auto,periodic,"Simulation diverged at t=0: eigenvalue Re(λ)=9.447e+00 predicts growth factor 1.39e+205 over Δt=50.0, exceeding threshold 1e+08. The system is physically unstable.",diverged,"Simulation diverged at t=0: eigenvalue Re(λ)=9.447e+00 predicts growth factor 1.39e+205 over Δt=50.0, exceeding threshold 1e+08. The system is physically unstable.",-1,,,,,,,,false
0.46938775510204067,-2.6794871794871797,1.0,0.0001,0.0,1.0,256,50.0,auto,auto,periodic,"Simulation diverged at t=0: eigenvalue Re(λ)=3.608e+00 predicts growth factor 2.25e+78 over Δt=50.0, exceeding threshold 1e+08. The system is physically unstable.",diverged,"Simulation diverged at t=0: eigenvalue Re(λ)=3.608e+00 predicts growth factor 2.25e+78 over Δt=50.0, exceeding threshold 1e+08. The system is physically unstable.",-1,,,,,,,,false
0.46938775510204067,-2.6153846153846154,1.0,0.0001,0.0,1.0,256,50.0,auto,auto,periodic,"Simulation diverged at t=0: eigenvalue Re(λ)=5.864e+00 predicts growth factor 2.14e+127 over Δt=50.0, exceeding threshold 1e+08. The system is physically unstable.",diverged,"Simulation diverged at t=0: eigenvalue Re(λ)=5.864e+00 predicts growth factor 2.14e+127 over Δt=50.0, exceeding threshold 1e+08. The system is physically unstable.",-1,,,,,,,,false
0.46938775510204067,-2.551282051282051,1.0,0.0001,0.0,1.0,256,50.0,auto,auto,periodic,"Simulation diverged at t=0: eigenvalue Re(λ)=3.001e+00 predicts growth factor 1.46e+65 over Δt=50.0, exceeding threshold 1e+08. The system is physically unstable.",diverged,"Simulation diverged at t=0: eigenvalue Re(λ)=3.001e+00 predicts growth factor 1.46e+65 over Δt=50.0, exceeding threshold 1e+08. The system is physically unstable.",-1,,,,,,,,false
0.46938775510204067,-2.4871794871794872,1.0,0.0001,0.0,1.0,256,50.0,auto,auto,periodic,"Simulation diverged at t=0: eigenvalue Re(λ)=3.912e+00 predicts growth factor 8.83e+84 over Δt=50.0, exceeding threshold 1e+08. The system is physically unstable.",diverged,"Simulation diverged at t=0: eigenvalue Re(λ)=3.912e+00 predicts growth factor 8.83e+84 over Δt=50.0, exceeding threshold 1e+08. The system is physically unstable.",-1,,,,,,,,false
0.46938775510204067,-2.4230769230769234,1.0,0.0001,0.0,1.0,256,50.0,auto,auto,periodic,"Simulation diverged at t=0: eigenvalue Re(λ)=8.219e+00 predicts growth factor 2.93e+178 over Δt=50.0, exceeding threshold 1e+08. The system is physically unstable.",diverged,"Simulation diverged at t=0: eigenvalue Re(λ)=8.219e+00 predicts growth factor 2.93e+178 over Δt=50.0, exceeding threshold 1e+08. The system is physically unstable.",-1,,,,,,,,false
0.46938775510204067,-2.358974358974359,1.0,0.0001,0.0,1.0,256,50.0,auto,auto,periodic,"Simulation diverged at t=0: eigenvalue Re(λ)=2.742e+00 predicts growth factor 3.41e+59 over Δt=50.0, exceeding threshold 1e+08. The system is physically unstable.",diverged,"Simulation diverged at t=0: eigenvalue Re(λ)=2.742e+00 predicts growth factor 3.41e+59 over Δt=50.0, exceeding threshold 1e+08. The system is physically unstable.",-1,,,,,,,,false
0.46938775510204067,-2.2948717948717947,1.0,0.0001,0.0,1.0,256,50.0,auto,auto,periodic,"Simulation diverged at t=0: eigenvalue Re(λ)=3.271e+00 predicts growth factor 1.08e+71 over Δt=50.0, exceeding threshold 1e+08. The system is physically unstable.",diverged,"Simulation diverged at t=0: eigenvalue Re(λ)=3.271e+00 predicts growth factor 1.08e+71 over Δt=50.0, exceeding threshold 1e+08. The system is physically unstable.",-1,,,,,,,,false
0.46938775510204067,-2.230769230769231,1.0,0.0001,0.0,1.0,256,50.0,auto,auto,periodic,"Simulation diverged at t=0: eigenvalue Re(λ)=4.341e+00 predicts growth factor 1.83e+94 over Δt=50.0, exceeding threshold 1e+08. The system is physically unstable.",diverged,"Simulation diverged at t=0: eigenvalue Re(λ)=4.341e+00 predicts growth factor 1.83e+94 over Δt=50.0, exceeding threshold 1e+08. The system is physically unstable.",-1,,,,,,,,false
0.46938775510204067,-2.166666666666667,1.0,0.0001,0.0,1.0,256,50.0,auto,auto,periodic,"Simulation diverged at t=0: eigenvalue Re(λ)=8.457e+00 predicts growth factor 4.35e+183 over Δt=50.0, exceeding threshold 1e+08. The system is physically unstable.",diverged,"Simulation diverged at t=0: eigenvalue Re(λ)=8.457e+00 predicts growth factor 4.35e+183 over Δt=50.0, exceeding threshold 1e+08. The system is physically unstable.",-1,,,,,,,,false
0.46938775510204067,-2.1025641025641026,1.0,0.0001,0.0,1.0,256,50.0,auto,auto,periodic,"Simulation diverged at t=0: eigenvalue Re(λ)=2.017e+00 predicts growth factor 6.28e+43 over Δt=50.0, exceeding threshold 1e+08. The system is physically unstable.",diverged,"Simulation diverged at t=0: eigenvalue Re(λ)=2.017e+00 predicts growth factor 6.28e+43 over Δt=50.0, exceeding threshold 1e+08. The system is physically unstable.",-1,,,,,,,,false
0.46938775510204067,-2.0384615384615383,1.0,0.0001,0.0,1.0,256,50.0,auto,auto,periodic,"Simulation diverged at t=0: eigenvalue Re(λ)=1.920e+00 predicts growth factor 4.89e+41 over Δt=50.0, exceeding threshold 1e+08. The system is physically unstable.",diverged,"Simulation diverged at t=0: eigenvalue Re(λ)=1.920e+00 predicts growth factor 4.89e+41 over Δt=50.0, exceeding threshold 1e+08. The system is physically unstable.",-1,,,,,,,,false
0.46938775510204067,-1.9743589743589745,1.0,0.0001,0.0,1.0,256,50.0,auto,auto,periodic,"Simulation diverged at t=0: eigenvalue Re(λ)=1.708e+00 predicts growth factor 1.22e+37 over Δt=50.0, exceeding threshold 1e+08. The system is physically unstable.",diverged,"Simulation diverged at t=0: eigenvalue Re(λ)=1.708e+00 predicts growth factor 1.22e+37 over Δt=50.0, exceeding threshold 1e+08. The system is physically unstable.",-1,,,,,,,,false
0.46938775510204067,-1.9102564102564104,1.0,0.0001,0.0,1.0,256,50.0,auto,auto,periodic,"Simulation diverged at t=0: eigenvalue Re(λ)=3.123e+00 predicts growth factor 6.62e+67 over Δt=50.0, exceeding threshold 1e+08. The system is physically unstable.",diverged,"Simulation diverged at t=0: eigenvalue Re(λ)=3.123e+00 predicts growth factor 6.62e+67 over Δt=50.0, exceeding threshold 1e+08. The system is physically unstable.",-1,,,,,,,,false
0.46938775510204067,-1.8461538461538463,1.0,0.0001,0.0,1.0,256,50.0,auto,auto,periodic,"Simulation diverged at t=0: eigenvalue Re(λ)=1.522e+00 predicts growth factor 1.11e+33 over Δt=50.0, exceeding threshold 1e+08. The system is physically unstable.",diverged,"Simulation diverged at t=0: eigenvalue Re(λ)=1.522e+00 predicts growth factor 1.11e+33 over Δt=50.0, exceeding threshold 1e+08. The system is physically unstable.",-1,,,,,,,,false
0.46938775510204067,-1.7820512820512822,1.0,0.0001,0.0,1.0,256,50.0,auto,auto,periodic,"Simulation diverged at t=0: eigenvalue Re(λ)=1.091e+00 predicts growth factor 4.86e+23 over Δt=50.0, exceeding threshold 1e+08. The system is physically unstable.",diverged,"Simulation diverged at t=0: eigenvalue Re(λ)=1.091e+00 predicts growth factor 4.86e+23 over Δt=50.0, exceeding threshold 1e+08. The system is physically unstable.",-1,,,,,,,,false
0.46938775510204067,-1.717948717948718,1.0,0.0001,0.0,1.0,256,50.0,auto,auto,periodic,"Simulation diverged at t=0: eigenvalue Re(λ)=3.714e-01 predicts growth factor 1.16e+08 over Δt=50.0, exceeding threshold 1e+08. The system is physically unstable.",diverged,"Simulation diverged at t=0: eigenvalue Re(λ)=3.714e-01 predicts growth factor 1.16e+08 over Δt=50.0, exceeding threshold 1e+08. The system is physically unstable.",-1,,,,,,,,false
0.46938775510204067,-1.653846153846154,1.0,0.0001,0.0,1.0,256,50.0,auto,auto,periodic,"Simulation diverged at t=0: eigenvalue Re(λ)=4.028e-01 predicts growth factor 5.57e+08 over Δt=50.0, exceeding threshold 1e+08. The system is physically unstable.",diverged,"Simulation diverged at t=0: eigenvalue Re(λ)=4.028e-01 predicts growth factor 5.57e+08 over Δt=50.0, exceeding threshold 1e+08. The system is physically unstable.",-1,,,,,,,,false
0.46938775510204067,-1.5897435897435899,1.0,0.0001,0.0,1.0,256,50.0,auto,auto,periodic,,success,,0,109.68762558472395,50.0,109.68762558472395,1.14,1.0969e+10,,,false
0.46938775510204067,-1.5256410256410258,1.0,0.0001,0.0,1.0,256,50.0,auto,auto,periodic,,success,,0,0.02496851185080112,50.0,0.02496851185080112,1.34,2.4969e+06,3.994970e+03,3.6015,true
0.46938775510204067,-1.4615384615384617,1.0,0.0001,0.0,1.0,256,50.0,auto,auto,periodic,,success,,0,1.0589749519750779e-05,50.0,1.0589749519750779e-05,1.24,1.0590e+03,1.694363e+00,0.2290,true
0.46938775510204067,-1.3974358974358976,1.0,0.0001,0.0,1.0,256,50.0,auto,auto,periodic,,success,,0,6.656726590431429e-09,50.0,6.656726590431429e-09,1.09,6.6567e-01,1.065078e-03,-2.9726,true
0.46938775510204067,-1.3333333333333335,1.0,0.0001,0.0,1.0,256,50.0,auto,auto,periodic,,success,,0,6.619629939934757e-12,50.0,6.619629939934757e-12,1.01,6.6196e-04,1.059143e-06,-5.9750,true
0.46938775510204067,-1.2692307692307694,1.0,0.0001,0.0,1.0,256,50.0,auto,auto,periodic,,success,,0,6.780016703268835e-12,43.0,5.851246170140147e-12,0.91,6.7800e-04,1.084805e-06,-5.9646,true
0.46938775510204067,-1.2051282051282053,1.0,0.0001,0.0,1.0,256,50.0,auto,auto,periodic,,success,,0,3.6297723675282584e-11,43.0,2.2861843319977116e-11,1.03,3.6298e-03,5.807648e-06,-5.2360,true
0.46938775510204067,-1.1410256410256412,1.0,0.0001,0.0,1.0,256,50.0,auto,auto,periodic,,success,,0,8.982059422306808e-11,44.5,3.680779914315998e-11,0.92,8.9821e-03,1.437133e-05,-4.8425,true
0.46938775510204067,-1.076923076923077,1.0,0.0001,0.0,1.0,256,50.0,auto,auto,periodic,,success,,0,1.5483222309105133e-10,46.0,5.6030813018725886e-11,0.95,1.5483e-02,2.477321e-05,-4.6060,true
0.46938775510204067,-1.012820512820513,1.0,0.0001,0.0,1.0,256,50.0,auto,auto,periodic,,success,,0,2.50838421459361e-10,46.0,1.0617025247603974e-10,1.1,2.5084e-02,4.013423e-05,-4.3965,true
0.46938775510204067,-0.9487179487179489,1.0,0.0001,0.0,1.0,256,50.0,auto,auto,periodic,,success,,0,3.49342702898555e-10,47.5,2.076426018141997e-10,1.08,3.4934e-02,5.589495e-05,-4.2526,true
0.46938775510204067,-0.884615384615385,1.0,0.0001,0.0,1.0,256,50.0,auto,auto,periodic,,success,,0,4.817144474415242e-10,47.5,3.602217129168285e-10,1.4,4.8171e-02,7.707447e-05,-4.1131,true
0.46938775510204067,-0.8205128205128207,1.0,0.0001,0.0,1.0,256,50.0,auto,auto,periodic,,success,,0,6.159931582716077e-10,49.0,5.457913169717513e-10,1.08,6.1599e-02,9.855911e-05,-4.0063,true
0.46938775510204067,-0.7564102564102564,1.0,0.0001,0.0,1.0,256,50.0,auto,auto,periodic,,success,,0,7.782905253501032e-10,49.5,7.381787431108633e-10,1.22,7.7829e-02,1.245267e-04,-3.9047,true
0.46938775510204067,-0.6923076923076925,1.0,0.0001,0.0,1.0,256,50.0,auto,auto,periodic,,success,,0,9.078220318186583e-10,50.0,9.078220318186583e-10,0.95,9.0782e-02,1.452518e-04,-3.8379,true
0.46938775510204067,-0.6282051282051286,1.0,0.0001,0.0,1.0,256,50.0,auto,auto,periodic,,success,,0,1.1204721652580191e-09,40.0,1.0224491153625551e-09,1.23,1.1205e-01,1.792759e-04,-3.7465,true
0.46938775510204067,-0.5641025641025643,1.0,0.0001,0.0,1.0,256,50.0,auto,auto,periodic,,success,,0,1.2953126600889031e-09,40.0,1.0522664600709742e-09,0.89,1.2953e-01,2.072505e-04,-3.6835,true
0.46938775510204067,-0.5,1.0,0.0001,0.0,1.0,256,50.0,auto,auto,periodic,,success,,0,1.5460477910358735e-09,41.5,9.825721429741873e-10,0.93,1.5460e-01,2.473682e-04,-3.6067,true
0.510204081632653,-3.0,1.0,0.0001,0.0,1.0,256,50.0,auto,auto,periodic,"Simulation diverged at t=0: eigenvalue Re(λ)=4.155e+00 predicts growth factor 1.69e+90 over Δt=50.0, exceeding threshold 1e+08. The system is physically unstable.",diverged,"Simulation diverged at t=0: eigenvalue Re(λ)=4.155e+00 predicts growth factor 1.69e+90 over Δt=50.0, exceeding threshold 1e+08. The system is physically unstable.",-1,,,,,,,,false
0.510204081632653,-2.935897435897436,1.0,0.0001,0.0,1.0,256,50.0,auto,auto,periodic,"Simulation diverged at t=0: eigenvalue Re(λ)=2.475e+01 predicts growth factor 1.01e+304 over Δt=50.0, exceeding threshold 1e+08. The system is physically unstable.",diverged,"Simulation diverged at t=0: eigenvalue Re(λ)=2.475e+01 predicts growth factor 1.01e+304 over Δt=50.0, exceeding threshold 1e+08. The system is physically unstable.",-1,,,,,,,,false
0.510204081632653,-2.871794871794872,1.0,0.0001,0.0,1.0,256,50.0,auto,auto,periodic,"Simulation diverged at t=0: eigenvalue Re(λ)=4.252e+00 predicts growth factor 2.10e+92 over Δt=50.0, exceeding threshold 1e+08. The system is physically unstable.",diverged,"Simulation diverged at t=0: eigenvalue Re(λ)=4.252e+00 predicts growth factor 2.10e+92 over Δt=50.0, exceeding threshold 1e+08. The system is physically unstable.",-1,,,,,,,,false
0.510204081632653,-2.8076923076923075,1.0,0.0001,0.0,1.0,256,50.0,auto,auto,periodic,"Simulation diverged at t=0: eigenvalue Re(λ)=2.936e+00 predicts growth factor 5.69e+63 over Δt=50.0, exceeding threshold 1e+08. The system is physically unstable.",diverged,"Simulation diverged at t=0: eigenvalue Re(λ)=2.936e+00 predicts growth factor 5.69e+63 over Δt=50.0, exceeding threshold 1e+08. The system is physically unstable.",-1,,,,,,,,false
0.510204081632653,-2.7435897435897436,1.0,0.0001,0.0,1.0,256,50.0,auto,auto,periodic,"Simulation diverged at t=0: eigenvalue Re(λ)=4.123e+00 predicts growth factor 3.46e+89 over Δt=50.0, exceeding threshold 1e+08. The system is physically unstable.",diverged,"Simulation diverged at t=0: eigenvalue Re(λ)=4.123e+00 predicts growth factor 3.46e+89 over Δt=50.0, exceeding threshold 1e+08. The system is physically unstable.",-1,,,,,,,,false
0.510204081632653,-2.6794871794871797,1.0,0.0001,0.0,1.0,256,50.0,auto,auto,periodic,"Simulation diverged at t=0: eigenvalue Re(λ)=2.757e+00 predicts growth factor 7.44e+59 over Δt=50.0, exceeding threshold 1e+08. The system is physically unstable.",diverged,"Simulation diverged at t=0: eigenvalue Re(λ)=2.757e+00 predicts growth factor 7.44e+59 over Δt=50.0, exceeding threshold 1e+08. The system is physically unstable.",-1,,,,,,,,false
0.510204081632653,-2.6153846153846154,1.0,0.0001,0.0,1.0,256,50.0,auto,auto,periodic,"Simulation diverged at t=0: eigenvalue Re(λ)=3.713e+00 predicts growth factor 4.23e+80 over Δt=50.0, exceeding threshold 1e+08. The system is physically unstable.",diverged,"Simulation diverged at t=0: eigenvalue Re(λ)=3.713e+00 predicts growth factor 4.23e+80 over Δt=50.0, exceeding threshold 1e+08. The system is physically unstable.",-1,,,,,,,,false
0.510204081632653,-2.551282051282051,1.0,0.0001,0.0,1.0,256,50.0,auto,auto,periodic,"Simulation diverged at t=0: eigenvalue Re(λ)=1.271e+01 predicts growth factor 1.16e+276 over Δt=50.0, exceeding threshold 1e+08. The system is physically unstable.",diverged,"Simulation diverged at t=0: eigenvalue Re(λ)=1.271e+01 predicts growth factor 1.16e+276 over Δt=50.0, exceeding threshold 1e+08. The system is physically unstable.",-1,,,,,,,,false
0.510204081632653,-2.4871794871794872,1.0,0.0001,0.0,1.0,256,50.0,auto,auto,periodic,"Simulation diverged at t=0: eigenvalue Re(λ)=3.108e+00 predicts growth factor 3.03e+67 over Δt=50.0, exceeding threshold 1e+08. The system is physically unstable.",diverged,"Simulation diverged at t=0: eigenvalue Re(λ)=3.108e+00 predicts growth factor 3.03e+67 over Δt=50.0, exceeding threshold 1e+08. The system is physically unstable.",-1,,,,,,,,false
0.510204081632653,-2.4230769230769234,1.0,0.0001,0.0,1.0,256,50.0,auto,auto,periodic,"Simulation diverged at t=0: eigenvalue Re(λ)=5.111e+00 predicts growth factor 9.53e+110 over Δt=50.0, exceeding threshold 1e+08. The system is physically unstable.",diverged,"Simulation diverged at t=0: eigenvalue Re(λ)=5.111e+00 predicts growth factor 9.53e+110 over Δt=50.0, exceeding threshold 1e+08. The system is physically unstable.",-1,,,,,,,,false
0.510204081632653,-2.358974358974359,1.0,0.0001,0.0,1.0,256,50.0,auto,auto,periodic,"Simulation diverged at t=0: eigenvalue Re(λ)=2.467e+00 predicts growth factor 3.80e+53 over Δt=50.0, exceeding threshold 1e+08. The system is physically unstable.",diverged,"Simulation diverged at t=0: eigenvalue Re(λ)=2.467e+00 predicts growth factor 3.80e+53 over Δt=50.0, exceeding threshold 1e+08. The system is physically unstable.",-1,,,,,,,,false
0.510204081632653,-2.2948717948717947,1.0,0.0001,0.0,1.0,256,50.0,auto,auto,periodic,"Simulation diverged at t=0: eigenvalue Re(λ)=3.049e+00 predicts growth factor 1.61e+66 over Δt=50.0, exceeding threshold 1e+08. The system is physically unstable.",diverged,"Simulation diverged at t=0: eigenvalue Re(λ)=3.049e+00 predicts growth factor 1.61e+66 over Δt=50.0, exceeding threshold 1e+08. The system is physically unstable.",-1,,,,,,,,false
0.510204081632653,-2.230769230769231,1.0,0.0001,0.0,1.0,256,50.0,auto,auto,periodic,"Simulation diverged at t=0: eigenvalue Re(λ)=4.652e+00 predicts growth factor 1.03e+101 over Δt=50.0, exceeding threshold 1e+08. The system is physically unstable.",diverged,"Simulation diverged at t=0: eigenvalue Re(λ)=4.652e+00 predicts growth factor 1.03e+101 over Δt=50.0, exceeding threshold 1e+08. The system is physically unstable.",-1,,,,,,,,false
0.510204081632653,-2.166666666666667,1.0,0.0001,0.0,1.0,256,50.0,auto,auto,periodic,"Simulation diverged at t=0: eigenvalue Re(λ)=2.019e+00 predicts growth factor 6.84e+43 over Δt=50.0, exceeding threshold 1e+08. The system is physically unstable.",diverged,"Simulation diverged at t=0: eigenvalue Re(λ)=2.019e+00 predicts growth factor 6.84e+43 over Δt=50.0, exceeding threshold 1e+08. The system is physically unstable.",-1,,,,,,,,false
0.510204081632653,-2.1025641025641026,1.0,0.0001,0.0,1.0,256,50.0,auto,auto,periodic,"Simulation diverged at t=0: eigenvalue Re(λ)=2.123e+00 predicts growth factor 1.24e+46 over Δt=50.0, exceeding threshold 1e+08. The system is physically unstable.",diverged,"Simulation diverged at t=0: eigenvalue Re(λ)=2.123e+00 predicts growth factor 1.24e+46 over Δt=50.0, exceeding threshold 1e+08. The system is physically unstable.",-1,,,,,,,,false
0.510204081632653,-2.0384615384615383,1.0,0.0001,0.0,1.0,256,50.0,auto,auto,periodic,"Simulation diverged at t=0: eigenvalue Re(λ)=2.149e+00 predicts growth factor 4.60e+46 over Δt=50.0, exceeding threshold 1e+08. The system is physically unstable.",diverged,"Simulation diverged at t=0: eigenvalue Re(λ)=2.149e+00 predicts growth factor 4.60e+46 over Δt=50.0, exceeding threshold 1e+08. The system is physically unstable.",-1,,,,,,,,false
0.510204081632653,-1.9743589743589745,1.0,0.0001,0.0,1.0,256,50.0,auto,auto,periodic,"Simulation diverged at t=0: eigenvalue Re(λ)=2.001e+00 predicts growth factor 2.78e+43 over Δt=50.0, exceeding threshold 1e+08. The system is physically unstable.",diverged,"Simulation diverged at t=0: eigenvalue Re(λ)=2.001e+00 predicts growth factor 2.78e+43 over Δt=50.0, exceeding threshold 1e+08. The system is physically unstable.",-1,,,,,,,,false
0.510204081632653,-1.9102564102564104,1.0,0.0001,0.0,1.0,256,50.0,auto,auto,periodic,"Simulation diverged at t=0: eigenvalue Re(λ)=1.651e+00 predicts growth factor 7.16e+35 over Δt=50.0, exceeding threshold 1e+08. The system is physically unstable.",diverged,"Simulation diverged at t=0: eigenvalue Re(λ)=1.651e+00 predicts growth factor 7.16e+35 over Δt=50.0, exceeding threshold 1e+08. The system is physically unstable.",-1,,,,,,,,false
0.510204081632653,-1.8461538461538463,1.0,0.0001,0.0,1.0,256,50.0,auto,auto,periodic,"Simulation diverged at t=0: eigenvalue Re(λ)=2.905e+00 predicts growth factor 1.21e+63 over Δt=50.0, exceeding threshold 1e+08. The system is physically unstable.",diverged,"Simulation diverged at t=0: eigenvalue Re(λ)=2.905e+00 predicts growth factor 1.21e+63 over Δt=50.0, exceeding threshold 1e+08. The system is physically unstable.",-1,,,,,,,,false
0.510204081632653,-1.7820512820512822,1.0,0.0001,0.0,1.0,256,50.0,auto,auto,periodic,"Simulation diverged at t=0: eigenvalue Re(λ)=1.959e+00 predicts growth factor 3.50e+42 over Δt=50.0, exceeding threshold 1e+08. The system is physically unstable.",diverged,"Simulation diverged at t=0: eigenvalue Re(λ)=1.959e+00 predicts growth factor 3.50e+42 over Δt=50.0, exceeding threshold 1e+08. The system is physically unstable.",-1,,,,,,,,false
0.510204081632653,-1.717948717948718,1.0,0.0001,0.0,1.0,256,50.0,auto,auto,periodic,"Simulation diverged at t=0: eigenvalue Re(λ)=3.955e-01 predicts growth factor 3.87e+08 over Δt=50.0, exceeding threshold 1e+08. The system is physically unstable.",diverged,"Simulation diverged at t=0: eigenvalue Re(λ)=3.955e-01 predicts growth factor 3.87e+08 over Δt=50.0, exceeding threshold 1e+08. The system is physically unstable.",-1,,,,,,,,false
0.510204081632653,-1.653846153846154,1.0,0.0001,0.0,1.0,256,50.0,auto,auto,periodic,"Simulation diverged at t=0: eigenvalue Re(λ)=3.908e-01 predicts growth factor 3.07e+08 over Δt=50.0, exceeding threshold 1e+08. The system is physically unstable.",diverged,"Simulation diverged at t=0: eigenvalue Re(λ)=3.908e-01 predicts growth factor 3.07e+08 over Δt=50.0, exceeding threshold 1e+08. The system is physically unstable.",-1,,,,,,,,false
0.510204081632653,-1.5897435897435899,1.0,0.0001,0.0,1.0,256,50.0,auto,auto,periodic,"Simulation diverged at t=0: eigenvalue Re(λ)=3.727e-01 predicts growth factor 1.24e+08 over Δt=50.0, exceeding threshold 1e+08. The system is physically unstable.",diverged,"Simulation diverged at t=0: eigenvalue Re(λ)=3.727e-01 predicts growth factor 1.24e+08 over Δt=50.0, exceeding threshold 1e+08. The system is physically unstable.",-1,,,,,,,,false
0.510204081632653,-1.5256410256410258,1.0,0.0001,0.0,1.0,256,50.0,auto,auto,periodic,,success,,0,2.0504103329104706,50.0,2.0504103329104706,1.09,2.0504e+08,,,false
0.510204081632653,-1.4615384615384617,1.0,0.0001,0.0,1.0,256,50.0,auto,auto,periodic,,success,,0,0.00215550148572381,50.0,0.00215550148572381,1.13,2.1555e+05,3.448810e+02,2.5377,true
0.510204081632653,-1.3974358974358976,1.0,0.0001,0.0,1.0,256,50.0,auto,auto,periodic,,success,,0,3.2961583914628678e-06,50.0,3.2961583914628678e-06,1.01,3.2962e+02,5.273864e-01,-0.2779,true
0.510204081632653,-1.3333333333333335,1.0,0.0001,0.0,1.0,256,50.0,auto,auto,periodic,,success,,0,6.580704342894574e-09,50.0,6.580704342894574e-09,1.17,6.5807e-01,1.052915e-03,-2.9776,true
0.510204081632653,-1.2692307692307694,1.0,0.0001,0.0,1.0,256,50.0,auto,auto,periodic,,success,,0,1.9587086380615606e-11,50.0,1.9587086380615606e-11,1.11,1.9587e-03,3.133940e-06,-5.5039,true
0.510204081632653,-1.2051282051282053,1.0,0.0001,0.0,1.0,256,50.0,auto,auto,periodic,,success,,0,1.979061600827159e-12,43.0,1.8912575804421016e-12,0.95,1.9791e-04,3.166505e-07,-6.4994,true
0.510204081632653,-1.1410256410256412,1.0,0.0001,0.0,1.0,256,50.0,auto,auto,periodic,,success,,0,2.063706157618376e-11,43.0,1.4985623550966745e-11,1.25,2.0637e-03,3.301937e-06,-5.4812,true
0.510204081632653,-1.076923076923077,1.0,0.0001,0.0,1.0,256,50.0,auto,auto,periodic,,success,,0,5.448711293084725e-11,44.5,2.8733180048712228e-11,1.07,5.4487e-03,8.717956e-06,-5.0596,true
0.510204081632653,-1.012820512820513,1.0,0.0001,0.0,1.0,256,50.0,auto,auto,periodic,,success,,0,1.0446110292653521e-10,44.5,4.00241452733699e-11,0.97,1.0446e-02,1.671381e-05,-4.7769,true
0.510204081632653,-0.9487179487179489,1.0,0.0001,0.0,1.0,256,50.0,auto,auto,periodic,,success,,0,1.6224549684818536e-10,46.0,5.853661427027234e-11,0.99,1.6225e-02,2.595933e-05,-4.5857,true
0.510204081632653,-0.884615384615385,1.0,0.0001,0.0,1.0,256,50.0,auto,auto,periodic,,success,,0,2.4383327651493645e-10,46.0,1.0087222888806572e-10,0.96,2.4383e-02,3.901341e-05,-4.4088,true
0.510204081632653,-0.8205128205128207,1.0,0.0001,0.0,1.0,256,50.0,auto,auto,periodic,,success,,0,3.1766070475800816e-10,47.5,1.797396474358118e-10,0.92,3.1766e-02,5.082582e-05,-4.2939,true
0.510204081632653,-0.7564102564102564,1.0,0.0001,0.0,1.0,256,50.0,auto,auto,periodic,,success,,0,4.3411624556215253e-10,47.5,2.9697524378134743e-10,0.97,4.3412e-02,6.945874e-05,-4.1583,true
0.510204081632653,-0.6923076923076925,1.0,0.0001,0.0,1.0,256,50.0,auto,auto,periodic,,success,,0,5.31465098153922e-10,48.0,4.4401265864811935e-10,0.92,5.3147e-02,8.503459e-05,-4.0704,true
0.510204081632653,-0.6282051282051286,1.0,0.0001,0.0,1.0,256,50.0,auto,auto,periodic,,success,,0,6.712980334581949e-10,49.0,6.064113071708864e-10,0.99,6.7130e-02,1.074079e-04,-3.9690,true
0.510204081632653,-0.5641025641025643,1.0,0.0001,0.0,1.0,256,50.0,auto,auto,periodic,,success,,0,8.00631151039349e-10,49.5,7.673717177283413e-10,0.99,8.0063e-02,1.281013e-04,-3.8924,true
0.510204081632653,-0.5,1.0,0.0001,0.0,1.0,256,50.0,auto,auto,periodic,,success,,0,9.085299793921214e-10,50.0,9.085299793921214e-10,0.96,9.0853e-02,1.453651e-04,-3.8375,true
0.5510204081632653,-3.0,1.0,0.0001,0.0,1.0,256,50.0,auto,auto,periodic,"Simulation diverged at t=0: eigenvalue Re(λ)=3.130e+00 predicts growth factor 9.05e+67 over Δt=50.0, exceeding threshold 1e+08. The system is physically unstable.",diverged,"Simulation diverged at t=0: eigenvalue Re(λ)=3.130e+00 predicts growth factor 9.05e+67 over Δt=50.0, exceeding threshold 1e+08. The system is physically unstable.",-1,,,,,,,,false
0.5510204081632653,-2.935897435897436,1.0,0.0001,0.0,1.0,256,50.0,auto,auto,periodic,"Simulation diverged at t=0: eigenvalue Re(λ)=5.358e+00 predicts growth factor 2.18e+116 over Δt=50.0, exceeding threshold 1e+08. The system is physically unstable.",diverged,"Simulation diverged at t=0: eigenvalue Re(λ)=5.358e+00 predicts growth factor 2.18e+116 over Δt=50.0, exceeding threshold 1e+08. The system is physically unstable.",-1,,,,,,,,false
0.5510204081632653,-2.871794871794872,1.0,0.0001,0.0,1.0,256,50.0,auto,auto,periodic,"Simulation diverged at t=0: eigenvalue Re(λ)=3.267e+00 predicts growth factor 8.61e+70 over Δt=50.0, exceeding threshold 1e+08. The system is physically unstable.",diverged,"Simulation diverged at t=0: eigenvalue Re(λ)=3.267e+00 predicts growth factor 8.61e+70 over Δt=50.0, exceeding threshold 1e+08. The system is physically unstable.",-1,,,,,,,,false
0.5510204081632653,-2.8076923076923075,1.0,0.0001,0.0,1.0,256,50.0,auto,auto,periodic,"Simulation diverged at t=0: eigenvalue Re(λ)=6.884e+00 predicts growth factor 2.99e+149 over Δt=50.0, exceeding threshold 1e+08. The system is physically unstable.",diverged,"Simulation diverged at t=0: eigenvalue Re(λ)=6.884e+00 predicts growth factor 2.99e+149 over Δt=50.0, exceeding threshold 1e+08. The system is physically unstable.",-1,,,,,,,,false
0.5510204081632653,-2.7435897435897436,1.0,0.0001,0.0,1.0,256,50.0,auto,auto,periodic,"Simulation diverged at t=0: eigenvalue Re(λ)=3.327e+00 predicts growth factor 1.72e+72 over Δt=50.0, exceeding threshold 1e+08. The system is physically unstable.",diverged,"Simulation diverged at t=0: eigenvalue Re(λ)=3.327e+00 predicts growth factor 1.72e+72 over Δt=50.0, exceeding threshold 1e+08. The system is physically unstable.",-1,,,,,,,,false
0.5510204081632653,-2.6794871794871797,1.0,0.0001,0.0,1.0,256,50.0,auto,auto,periodic,"Simulation diverged at t=0: eigenvalue Re(λ)=8.970e+00 predicts growth factor 5.97e+194 over Δt=50.0, exceeding threshold 1e+08. The system is physically unstable.",diverged,"Simulation diverged at t=0: eigenvalue Re(λ)=8.970e+00 predicts growth factor 5.97e+194 over Δt=50.0, exceeding threshold 1e+08. The system is physically unstable.",-1,,,,,,,,false
0.5510204081632653,-2.6153846153846154,1.0,0.0001,0.0,1.0,256,50.0,auto,auto,periodic,"Simulation diverged at t=0: eigenvalue Re(λ)=3.230e+00 predicts growth factor 1.39e+70 over Δt=50.0, exceeding threshold 1e+08. The system is physically unstable.",diverged,"Simulation diverged at t=0: eigenvalue Re(λ)=3.230e+00 predicts growth factor 1.39e+70 over Δt=50.0, exceeding threshold 1e+08. The system is physically unstable.",-1,,,,,,,,false
0.5510204081632653,-2.551282051282051,1.0,0.0001,0.0,1.0,256,50.0,auto,auto,periodic,"Simulation diverged at t=0: eigenvalue Re(λ)=8.620e+00 predicts growth factor 1.48e+187 over Δt=50.0, exceeding threshold 1e+08. The system is physically unstable.",diverged,"Simulation diverged at t=0: eigenvalue Re(λ)=8.620e+00 predicts growth factor 1.48e+187 over Δt=50.0, exceeding threshold 1e+08. The system is physically unstable.",-1,,,,,,,,false
0.5510204081632653,-2.4871794871794872,1.0,0.0001,0.0,1.0,256,50.0,auto,auto,periodic,"Simulation diverged at t=0: eigenvalue Re(λ)=2.928e+00 predicts growth factor 3.75e+63 over Δt=50.0, exceeding threshold 1e+08. The system is physically unstable.",diverged,"Simulation diverged at t=0: eigenvalue Re(λ)=2.928e+00 predicts growth factor 3.75e+63 over Δt=50.0, exceeding threshold 1e+08. The system is physically unstable.",-1,,,,,,,,false
0.5510204081632653,-2.4230769230769234,1.0,0.0001,0.0,1.0,256,50.0,auto,auto,periodic,"Simulation diverged at t=0: eigenvalue Re(λ)=5.535e+00 predicts growth factor 1.58e+120 over Δt=50.0, exceeding threshold 1e+08. The system is physically unstable.",diverged,"Simulation diverged at t=0: eigenvalue Re(λ)=5.535e+00 predicts growth factor 1.58e+120 over Δt=50.0, exceeding threshold 1e+08. The system is physically unstable.",-1,,,,,,,,false
0.5510204081632653,-2.358974358974359,1.0,0.0001,0.0,1.0,256,50.0,auto,auto,periodic,"Simulation diverged at t=0: eigenvalue Re(λ)=2.466e+00 predicts growth factor 3.46e+53 over Δt=50.0, exceeding threshold 1e+08. The system is physically unstable.",diverged,"Simulation diverged at t=0: eigenvalue Re(λ)=2.466e+00 predicts growth factor 3.46e+53 over Δt=50.0, exceeding threshold 1e+08. The system is physically unstable.",-1,,,,,,,,false
0.5510204081632653,-2.2948717948717947,1.0,0.0001,0.0,1.0,256,50.0,auto,auto,periodic,"Simulation diverged at t=0: eigenvalue Re(λ)=3.417e+00 predicts growth factor 1.54e+74 over Δt=50.0, exceeding threshold 1e+08. The system is physically unstable.",diverged,"Simulation diverged at t=0: eigenvalue Re(λ)=3.417e+00 predicts growth factor 1.54e+74 over Δt=50.0, exceeding threshold 1e+08. The system is physically unstable.",-1,,,,,,,,false
0.5510204081632653,-2.230769230769231,1.0,0.0001,0.0,1.0,256,50.0,auto,auto,periodic,"Simulation diverged at t=0: eigenvalue Re(λ)=1.958e+00 predicts growth factor 3.36e+42 over Δt=50.0, exceeding threshold 1e+08. The system is physically unstable.",diverged,"Simulation diverged at t=0: eigenvalue Re(λ)=1.958e+00 predicts growth factor 3.36e+42 over Δt=50.0, exceeding threshold 1e+08. The system is physically unstable.",-1,,,,,,,,false
0.5510204081632653,-2.166666666666667,1.0,0.0001,0.0,1.0,256,50.0,auto,auto,periodic,"Simulation diverged at t=0: eigenvalue Re(λ)=2.220e+00 predicts growth factor 1.64e+48 over Δt=50.0, exceeding threshold 1e+08. The system is physically unstable.",diverged,"Simulation diverged at t=0: eigenvalue Re(λ)=2.220e+00 predicts growth factor 1.64e+48 over Δt=50.0, exceeding threshold 1e+08. The system is physically unstable.",-1,,,,,,,,false
0.5510204081632653,-2.1025641025641026,1.0,0.0001,0.0,1.0,256,50.0,auto,auto,periodic,"Simulation diverged at t=0: eigenvalue Re(λ)=2.615e+00 predicts growth factor 6.10e+56 over Δt=50.0, exceeding threshold 1e+08. The system is physically unstable.",diverged,"Simulation diverged at t=0: eigenvalue Re(λ)=2.615e+00 predicts growth factor 6.10e+56 over Δt=50.0, exceeding threshold 1e+08. The system is physically unstable.",-1,,,,,,,,false
0.5510204081632653,-2.0384615384615383,1.0,0.0001,0.0,1.0,256,50.0,auto,auto,periodic,"Simulation diverged at t=0: eigenvalue Re(λ)=3.193e+00 predicts growth factor 2.17e+69 over Δt=50.0, exceeding threshold 1e+08. The system is physically unstable.",diverged,"Simulation diverged at t=0: eigenvalue Re(λ)=3.193e+00 predicts growth factor 2.17e+69 over Δt=50.0, exceeding threshold 1e+08. The system is physically unstable.",-1,,,,,,,,false
0.5510204081632653,-1.9743589743589745,1.0,0.0001,0.0,1.0,256,50.0,auto,auto,periodic,"Simulation diverged at t=0: eigenvalue Re(λ)=3.614e+00 predicts growth factor 2.98e+78 over Δt=50.0, exceeding threshold 1e+08. The system is physically unstable.",diverged,"Simulation diverged at t=0: eigenvalue Re(λ)=3.614e+00 predicts growth factor 2.98e+78 over Δt=50.0, exceeding threshold 1e+08. The system is physically unstable.",-1,,,,,,,,false
0.5510204081632653,-1.9102564102564104,1.0,0.0001,0.0,1.0,256,50.0,auto,auto,periodic,"Simulation diverged at t=0: eigenvalue Re(λ)=2.800e+00 predicts growth factor 6.27e+60 over Δt=50.0, exceeding threshold 1e+08. The system is physically unstable.",diverged,"Simulation diverged at t=0: eigenvalue Re(λ)=2.800e+00 predicts growth factor 6.27e+60 over Δt=50.0, exceeding threshold 1e+08. The system is physically unstable.",-1,,,,,,,,false
0.5510204081632653,-1.8461538461538463,1.0,0.0001,0.0,1.0,256,50.0,auto,auto,periodic,"Simulation diverged at t=0: eigenvalue Re(λ)=1.637e+00 predicts growth factor 3.45e+35 over Δt=50.0, exceeding threshold 1e+08. The system is physically unstable.",diverged,"Simulation diverged at t=0: eigenvalue Re(λ)=1.637e+00 predicts growth factor 3.45e+35 over Δt=50.0, exceeding threshold 1e+08. The system is physically unstable.",-1,,,,,,,,false
0.5510204081632653,-1.7820512820512822,1.0,0.0001,0.0,1.0,256,50.0,auto,auto,periodic,"Simulation diverged at t=0: eigenvalue Re(λ)=1.406e+00 predicts growth factor 3.42e+30 over Δt=50.0, exceeding threshold 1e+08. The system is physically unstable.",diverged,"Simulation diverged at t=0: eigenvalue Re(λ)=1.406e+00 predicts growth factor 3.42e+30 over Δt=50.0, exceeding threshold 1e+08. The system is physically unstable.",-1,,,,,,,,false
0.5510204081632653,-1.717948717948718,1.0,0.0001,0.0,1.0,256,50.0,auto,auto,periodic,"Simulation diverged at t=0: eigenvalue Re(λ)=4.175e-01 predicts growth factor 1.17e+09 over Δt=50.0, exceeding threshold 1e+08. The system is physically unstable.",diverged,"Simulation diverged at t=0: eigenvalue Re(λ)=4.175e-01 predicts growth factor 1.17e+09 over Δt=50.0, exceeding threshold 1e+08. The system is physically unstable.",-1,,,,,,,,false
0.5510204081632653,-1.653846153846154,1.0,0.0001,0.0,1.0,256,50.0,auto,auto,periodic,"Simulation diverged at t=0: eigenvalue Re(λ)=4.156e-01 predicts growth factor 1.06e+09 over Δt=50.0, exceeding threshold 1e+08. The system is physically unstable.",diverged,"Simulation diverged at t=0: eigenvalue Re(λ)=4.156e-01 predicts growth factor 1.06e+09 over Δt=50.0, exceeding threshold 1e+08. The system is physically unstable.",-1,,,,,,,,false
0.5510204081632653,-1.5897435897435899,1.0,0.0001,0.0,1.0,256,50.0,auto,auto,periodic,"Simulation diverged at t=0: eigenvalue Re(λ)=3.693e-01 predicts growth factor 1.04e+08 over Δt=50.0, exceeding threshold 1e+08. The system is physically unstable.",diverged,"Simulation diverged at t=0: eigenvalue Re(λ)=3.693e-01 predicts growth factor 1.04e+08 over Δt=50.0, exceeding threshold 1e+08. The system is physically unstable.",-1,,,,,,,,false
0.5510204081632653,-1.5256410256410258,1.0,0.0001,0.0,1.0,256,50.0,auto,auto,periodic,,success,,0,77.24531073552033,50.0,77.24531073552033,1.08,7.7245e+09,,,false
0.5510204081632653,-1.4615384615384617,1.0,0.0001,0.0,1.0,256,50.0,auto,auto,periodic,,success,,0,0.16671491255823784,50.0,0.16671491255823784,0.91,1.6671e+07,,,false
0.5510204081632653,-1.3974358974358976,1.0,0.0001,0.0,1.0,256,50.0,auto,auto,periodic,,success,,0,0.0005196922444241273,50.0,0.0005196922444241273,1.1,5.1969e+04,8.315093e+01,1.9199,true
0.5510204081632653,-1.3333333333333335,1.0,0.0001,0.0,1.0,256,50.0,auto,auto,periodic,,success,,0,2.080023083458041e-06,50.0,2.080023083458041e-06,1.05,2.0800e+02,3.328044e-01,-0.4778,true
0.5510204081632653,-1.2692307692307694,1.0,0.0001,0.0,1.0,256,50.0,auto,auto,periodic,,success,,0,1.0075112610165665e-08,50.0,1.0075112610165665e-08,1.05,1.0075e+00,1.612021e-03,-2.7926,true
0.5510204081632653,-1.2051282051282053,1.0,0.0001,0.0,1.0,256,50.0,auto,auto,periodic,,success,,0,6.507973288960091e-11,50.0,6.507973288960091e-11,0.96,6.5080e-03,1.041278e-05,-4.9824,true
0.5510204081632653,-1.1410256410256412,1.0,0.0001,0.0,1.0,256,50.0,auto,auto,periodic,,success,,0,9.374486623032609e-15,50.0,9.374486623032609e-15,1.05,9.3745e-07,1.499921e-09,-8.8239,true
0.5510204081632653,-1.076923076923077,1.0,0.0001,0.0,1.0,256,50.0,auto,auto,periodic,,success,,0,9.297964518307156e-12,43.0,7.72092952642753e-12,1.06,9.2980e-04,1.487677e-06,-5.8275,true
0.5510204081632653,-1.012820512820513,1.0,0.0001,0.0,1.0,256,50.0,auto,auto,periodic,,success,,0,3.0722582797685965e-11,43.0,2.028665235842591e-11,1.15,3.0723e-03,4.915623e-06,-5.3084,true
0.5510204081632653,-0.9487179487179489,1.0,0.0001,0.0,1.0,256,50.0,auto,auto,periodic,,success,,0,6.441700707840591e-11,44.5,3.124190399395476e-11,1.37,6.4417e-03,1.030674e-05,-4.9869,true
0.5510204081632653,-0.884615384615385,1.0,0.0001,0.0,1.0,256,50.0,auto,auto,periodic,,success,,0,1.0843659152505216e-10,44.5,4.0959497654006965e-11,1.06,1.0844e-02,1.734989e-05,-4.7607,true
0.5510204081632653,-0.8205128205128207,1.0,0.0001,0.0,1.0,256,50.0,auto,auto,periodic,,success,,0,1.5685524849719121e-10,46.0,5.669759760349072e-11,1.12,1.5686e-02,2.509689e-05,-4.6004,true
0.5510204081632653,-0.7564102564102564,1.0,0.0001,0.0,1.0,256,50.0,auto,auto,periodic,,success,,0,2.2658772973377224e-10,46.0,8.917214661902667e-11,1.16,2.2659e-02,3.625411e-05,-4.4406,true
0.5510204081632653,-0.6923076923076925,1.0,0.0001,0.0,1.0,256,50.0,auto,auto,periodic,,success,,0,2.935232079207162e-10,46.0,1.4728043095538416e-10,1.12,2.9352e-02,4.696381e-05,-4.3282,true
0.5510204081632653,-0.6282051282051286,1.0,0.0001,0.0,1.0,256,50.0,auto,auto,periodic,,success,,0,3.770806557820372e-10,47.5,2.3430402145647256e-10,0.91,3.7708e-02,6.033303e-05,-4.2194,true
0.5510204081632653,-0.5641025641025643,1.0,0.0001,0.0,1.0,256,50.0,auto,auto,periodic,,success,,0,4.72711776698139e-10,47.5,3.4726299993615455e-10,1.01,4.7271e-02,7.563404e-05,-4.1213,true
0.5510204081632653,-0.5,1.0,0.0001,0.0,1.0,256,50.0,auto,auto,periodic,,success,,0,5.510009185012542e-10,49.0,4.786813009641017e-10,0.93,5.5100e-02,8.816033e-05,-4.0547,true
0.5918367346938773,-3.0,1.0,0.0001,0.0,1.0,256,50.0,auto,auto,periodic,"Simulation diverged at t=0: eigenvalue Re(λ)=2.750e+00 predicts growth factor 5.31e+59 over Δt=50.0, exceeding threshold 1e+08. The system is physically unstable.",diverged,"Simulation diverged at t=0: eigenvalue Re(λ)=2.750e+00 predicts growth factor 5.31e+59 over Δt=50.0, exceeding threshold 1e+08. The system is physically unstable.",-1,,,,,,,,false
0.5918367346938773,-2.935897435897436,1.0,0.0001,0.0,1.0,256,50.0,auto,auto,periodic,"Simulation diverged at t=0: eigenvalue Re(λ)=4.376e+00 predicts growth factor 1.07e+95 over Δt=50.0, exceeding threshold 1e+08. The system is physically unstable.",diverged,"Simulation diverged at t=0: eigenvalue Re(λ)=4.376e+00 predicts growth factor 1.07e+95 over Δt=50.0, exceeding threshold 1e+08. The system is physically unstable.",-1,,,,,,,,false
0.5918367346938773,-2.871794871794872,1.0,0.0001,0.0,1.0,256,50.0,auto,auto,periodic,"Simulation diverged at t=0: eigenvalue Re(λ)=2.947e+00 predicts growth factor 9.87e+63 over Δt=50.0, exceeding threshold 1e+08. The system is physically unstable.",diverged,"Simulation diverged at t=0: eigenvalue Re(λ)=2.947e+00 predicts growth factor 9.87e+63 over Δt=50.0, exceeding threshold 1e+08. The system is physically unstable.",-1,,,,,,,,false
0.5918367346938773,-2.8076923076923075,1.0,0.0001,0.0,1.0,256,50.0,auto,auto,periodic,"Simulation diverged at t=0: eigenvalue Re(λ)=5.967e+00 predicts growth factor 3.66e+129 over Δt=50.0, exceeding threshold 1e+08. The system is physically unstable.",diverged,"Simulation diverged at t=0: eigenvalue Re(λ)=5.967e+00 predicts growth factor 3.66e+129 over Δt=50.0, exceeding threshold 1e+08. The system is physically unstable.",-1,,,,,,,,false
0.5918367346938773,-2.7435897435897436,1.0,0.0001,0.0,1.0,256,50.0,auto,auto,periodic,"Simulation diverged at t=0: eigenvalue Re(λ)=3.138e+00 predicts growth factor 1.37e+68 over Δt=50.0, exceeding threshold 1e+08. The system is physically unstable.",diverged,"Simulation diverged at t=0: eigenvalue Re(λ)=3.138e+00 predicts growth factor 1.37e+68 over Δt=50.0, exceeding threshold 1e+08. The system is physically unstable.",-1,,,,,,,,false
0.5918367346938773,-2.6794871794871797,1.0,0.0001,0.0,1.0,256,50.0,auto,auto,periodic,"Simulation diverged at t=0: eigenvalue Re(λ)=1.210e+01 predicts growth factor 6.81e+262 over Δt=50.0, exceeding threshold 1e+08. The system is physically unstable.",diverged,"Simulation diverged at t=0: eigenvalue Re(λ)=1.210e+01 predicts growth factor 6.81e+262 over Δt=50.0, exceeding threshold 1e+08. The system is physically unstable.",-1,,,,,,,,false
0.5918367346938773,-2.6153846153846154,1.0,0.0001,0.0,1.0,256,50.0,auto,auto,periodic,"Simulation diverged at t=0: eigenvalue Re(λ)=3.250e+00 predicts growth factor 3.71e+70 over Δt=50.0, exceeding threshold 1e+08. The system is physically unstable.",diverged,"Simulation diverged at t=0: eigenvalue Re(λ)=3.250e+00 predicts growth factor 3.71e+70 over Δt=50.0, exceeding threshold 1e+08. The system is physically unstable.",-1,,,,,,,,false
0.5918367346938773,-2.551282051282051,1.0,0.0001,0.0,1.0,256,50.0,auto,auto,periodic,"Simulation diverged at t=0: eigenvalue Re(λ)=2.274e+00 predicts growth factor 2.36e+49 over Δt=50.0, exceeding threshold 1e+08. The system is physically unstable.",diverged,"Simulation diverged at t=0: eigenvalue Re(λ)=2.274e+00 predicts growth factor 2.36e+49 over Δt=50.0, exceeding threshold 1e+08. The system is physically unstable.",-1,,,,,,,,false
0.5918367346938773,-2.4871794871794872,1.0,0.0001,0.0,1.0,256,50.0,auto,auto,periodic,"Simulation diverged at t=0: eigenvalue Re(λ)=3.156e+00 predicts growth factor 3.43e+68 over Δt=50.0, exceeding threshold 1e+08. The system is physically unstable.",diverged,"Simulation diverged at t=0: eigenvalue Re(λ)=3.156e+00 predicts growth factor 3.43e+68 over Δt=50.0, exceeding threshold 1e+08. The system is physically unstable.",-1,,,,,,,,false
0.5918367346938773,-2.4230769230769234,1.0,0.0001,0.0,1.0,256,50.0,auto,auto,periodic,"Simulation diverged at t=0: eigenvalue Re(λ)=2.120e+00 predicts growth factor 1.06e+46 over Δt=50.0, exceeding threshold 1e+08. The system is physically unstable.",diverged,"Simulation diverged at t=0: eigenvalue Re(λ)=2.120e+00 predicts growth factor 1.06e+46 over Δt=50.0, exceeding threshold 1e+08. The system is physically unstable.",-1,,,,,,,,false
0.5918367346938773,-2.358974358974359,1.0,0.0001,0.0,1.0,256,50.0,auto,auto,periodic,"Simulation diverged at t=0: eigenvalue Re(λ)=2.779e+00 predicts growth factor 2.20e+60 over Δt=50.0, exceeding threshold 1e+08. The system is physically unstable.",diverged,"Simulation diverged at t=0: eigenvalue Re(λ)=2.779e+00 predicts growth factor 2.20e+60 over Δt=50.0, exceeding threshold 1e+08. The system is physically unstable.",-1,,,,,,,,false
0.5918367346938773,-2.2948717948717947,1.0,0.0001,0.0,1.0,256,50.0,auto,auto,periodic,"Simulation diverged at t=0: eigenvalue Re(λ)=6.808e+00 predicts growth factor 6.65e+147 over Δt=50.0, exceeding threshold 1e+08. The system is physically unstable.",diverged,"Simulation diverged at t=0: eigenvalue Re(λ)=6.808e+00 predicts growth factor 6.65e+147 over Δt=50.0, exceeding threshold 1e+08. The system is physically unstable.",-1,,,,,,,,false
0.5918367346938773,-2.230769230769231,1.0,0.0001,0.0,1.0,256,50.0,auto,auto,periodic,"Simulation diverged at t=0: eigenvalue Re(λ)=2.222e+00 predicts growth factor 1.76e+48 over Δt=50.0, exceeding threshold 1e+08. The system is physically unstable.",diverged,"Simulation diverged at t=0: eigenvalue Re(λ)=2.222e+00 predicts growth factor 1.76e+48 over Δt=50.0, exceeding threshold 1e+08. The system is physically unstable.",-1,,,,,,,,false
0.5918367346938773,-2.166666666666667,1.0,0.0001,0.0,1.0,256,50.0,auto,auto,periodic,"Simulation diverged at t=0: eigenvalue Re(λ)=3.018e+00 predicts growth factor 3.37e+65 over Δt=50.0, exceeding threshold 1e+08. The system is physically unstable.",diverged,"Simulation diverged at t=0: eigenvalue Re(λ)=3.018e+00 predicts growth factor 3.37e+65 over Δt=50.0, exceeding threshold 1e+08. The system is physically unstable.",-1,,,,,,,,false
0.5918367346938773,-2.1025641025641026,1.0,0.0001,0.0,1.0,256,50.0,auto,auto,periodic,"Simulation diverged at t=0: eigenvalue Re(λ)=1.242e+01 predicts growth factor 3.91e+269 over Δt=50.0, exceeding threshold 1e+08. The system is physically unstable.",diverged,"Simulation diverged at t=0: eigenvalue Re(λ)=1.242e+01 predicts growth factor 3.91e+269 over Δt=50.0, exceeding threshold 1e+08. The system is physically unstable.",-1,,,,,,,,false
0.5918367346938773,-2.0384615384615383,1.0,0.0001,0.0,1.0,256,50.0,auto,auto,periodic,"Simulation diverged at t=0: eigenvalue Re(λ)=1.769e+00 predicts growth factor 2.63e+38 over Δt=50.0, exceeding threshold 1e+08. The system is physically unstable.",diverged,"Simulation diverged at t=0: eigenvalue Re(λ)=1.769e+00 predicts growth factor 2.63e+38 over Δt=50.0, exceeding threshold 1e+08. The system is physically unstable.",-1,,,,,,,,false
0.5918367346938773,-1.9743589743589745,1.0,0.0001,0.0,1.0,256,50.0,auto,auto,periodic,"Simulation diverged at t=0: eigenvalue Re(λ)=1.809e+00 predicts growth factor 1.90e+39 over Δt=50.0, exceeding threshold 1e+08. The system is physically unstable.",diverged,"Simulation diverged at t=0: eigenvalue Re(λ)=1.809e+00 predicts growth factor 1.90e+39 over Δt=50.0, exceeding threshold 1e+08. The system is physically unstable.",-1,,,,,,,,false
0.5918367346938773,-1.9102564102564104,1.0,0.0001,0.0,1.0,256,50.0,auto,auto,periodic,"Simulation diverged at t=0: eigenvalue Re(λ)=1.668e+00 predicts growth factor 1.69e+36 over Δt=50.0, exceeding threshold 1e+08. The system is physically unstable.",diverged,"Simulation diverged at t=0: eigenvalue Re(λ)=1.668e+00 predicts growth factor 1.69e+36 over Δt=50.0, exceeding threshold 1e+08. The system is physically unstable.",-1,,,,,,,,false
0.5918367346938773,-1.8461538461538463,1.0,0.0001,0.0,1.0,256,50.0,auto,auto,periodic,"Simulation diverged at t=0: eigenvalue Re(λ)=1.306e+00 predicts growth factor 2.24e+28 over Δt=50.0, exceeding threshold 1e+08. The system is physically unstable.",diverged,"Simulation diverged at t=0: eigenvalue Re(λ)=1.306e+00 predicts growth factor 2.24e+28 over Δt=50.0, exceeding threshold 1e+08. The system is physically unstable.",-1,,,,,,,,false
0.5918367346938773,-1.7820512820512822,1.0,0.0001,0.0,1.0,256,50.0,auto,auto,periodic,"Simulation diverged at t=0: eigenvalue Re(λ)=1.191e+00 predicts growth factor 7.24e+25 over Δt=50.0, exceeding threshold 1e+08. The system is physically unstable.",diverged,"Simulation diverged at t=0: eigenvalue Re(λ)=1.191e+00 predicts growth factor 7.24e+25 over Δt=50.0, exceeding threshold 1e+08. The system is physically unstable.",-1,,,,,,,,false
0.5918367346938773,-1.717948717948718,1.0,0.0001,0.0,1.0,256,50.0,auto,auto,periodic,"Simulation diverged at t=0: eigenvalue Re(λ)=4.378e-01 predicts growth factor 3.20e+09 over Δt=50.0, exceeding threshold 1e+08. The system is physically unstable.",diverged,"Simulation diverged at t=0: eigenvalue Re(λ)=4.378e-01 predicts growth factor 3.20e+09 over Δt=50.0, exceeding threshold 1e+08. The system is physically unstable.",-1,,,,,,,,false
0.5918367346938773,-1.653846153846154,1.0,0.0001,0.0,1.0,256,50.0,auto,auto,periodic,"Simulation diverged at t=0: eigenvalue Re(λ)=3.756e-01 predicts growth factor 1.43e+08 over Δt=50.0, exceeding threshold 1e+08. The system is physically unstable.",diverged,"Simulation diverged at t=0: eigenvalue Re(λ)=3.756e-01 predicts growth factor 1.43e+08 over Δt=50.0, exceeding threshold 1e+08. The system is physically unstable.",-1,,,,,,,,false
0.5918367346938773,-1.5897435897435899,1.0,0.0001,0.0,1.0,256,50.0,auto,auto,periodic,"Simulation diverged at t=0: eigenvalue Re(λ)=3.947e-01 predicts growth factor 3.72e+08 over Δt=50.0, exceeding threshold 1e+08. The system is physically unstable.",diverged,"Simulation diverged at t=0: eigenvalue Re(λ)=3.947e-01 predicts growth factor 3.72e+08 over Δt=50.0, exceeding threshold 1e+08. The system is physically unstable.",-1,,,,,,,,false
0.5918367346938773,-1.5256410256410258,1.0,0.0001,0.0,1.0,256,50.0,auto,auto,periodic,,success,,0,1615.386563221923,50.0,1615.386563221923,0.94,1.6154e+11,,,false
0.5918367346938773,-1.4615384615384617,1.0,0.0001,0.0,1.0,256,50.0,auto,auto,periodic,,success,,0,6.2497716718677445,50.0,6.2497716718677445,0.98,6.2498e+08,,,false
0.5918367346938773,-1.3974358974358976,1.0,0.0001,0.0,1.0,256,50.0,auto,auto,periodic,,success,,0,0.03454869249992165,50.0,0.03454869249992165,0.93,3.4549e+06,5.527802e+03,3.7426,true
0.5918367346938773,-1.3333333333333335,1.0,0.0001,0.0,1.0,256,50.0,auto,auto,periodic,,success,,0,0.0002443982686715928,50.0,0.0002443982686715928,0.98,2.4440e+04,3.910380e+01,1.5922,true
0.5918367346938773,-1.2692307692307694,1.0,0.0001,0.0,1.0,256,50.0,auto,auto,periodic,,success,,0,2.0666583322780162e-06,50.0,2.0666583322780162e-06,0.98,2.0667e+02,3.306660e-01,-0.4806,true
0.5918367346938773,-1.2051282051282053,1.0,0.0001,0.0,1.0,256,50.0,auto,auto,periodic,,success,,0,2.0133985868464666e-08,50.0,2.0133985868464666e-08,1.08,2.0134e+00,3.221444e-03,-2.4919,true
0.5918367346938773,-1.1410256410256412,1.0,0.0001,0.0,1.0,256,50.0,auto,auto,periodic,,success,,0,2.3679290553711963e-10,50.0,2.3679290553711963e-10,0.99,2.3679e-02,3.788694e-05,-4.4215,true
0.5918367346938773,-1.076923076923077,1.0,0.0001,0.0,1.0,256,50.0,auto,auto,periodic,,success,,0,2.7511032420013906e-12,50.0,2.7511032420013906e-12,0.97,2.7511e-04,4.401774e-07,-6.3564,true
0.5918367346938773,-1.012820512820513,1.0,0.0001,0.0,1.0,256,50.0,auto,auto,periodic,,success,,0,2.45281673435155e-12,43.0,2.312487125415589e-12,1.03,2.4528e-04,3.924515e-07,-6.4062,true
0.5918367346938773,-0.9487179487179489,1.0,0.0001,0.0,1.0,256,50.0,auto,auto,periodic,,success,,0,1.541609423594816e-11,43.0,1.1844168092931168e-11,1.13,1.5416e-03,2.466580e-06,-5.6079,true
0.5918367346938773,-0.884615384615385,1.0,0.0001,0.0,1.0,256,50.0,auto,auto,periodic,,success,,0,3.5992560051612905e-11,43.0,2.272654756238815e-11,1.27,3.5993e-03,5.758822e-06,-5.2397,true
0.5918367346938773,-0.8205128205128207,1.0,0.0001,0.0,1.0,256,50.0,auto,auto,periodic,,success,,0,6.723585006265971e-11,44.5,3.190312913815483e-11,1.06,6.7236e-03,1.075776e-05,-4.9683,true
0.5918367346938773,-0.7564102564102564,1.0,0.0001,0.0,1.0,256,50.0,auto,auto,periodic,,success,,0,1.0548105946570916e-10,44.5,4.0260674541982883e-11,1.17,1.0548e-02,1.687700e-05,-4.7727,true
0.5918367346938773,-0.6923076923076925,1.0,0.0001,0.0,1.0,256,50.0,auto,auto,periodic,,success,,0,1.4492912519779844e-10,44.5,5.261102864324495e-11,1.18,1.4493e-02,2.318871e-05,-4.6347,true
0.5918367346938773,-0.6282051282051286,1.0,0.0001,0.0,1.0,256,50.0,auto,auto,periodic,,success,,0,2.0322558629241262e-10,46.0,7.594657203338342e-11,1.02,2.0323e-02,3.251616e-05,-4.4879,true
0.5918367346938773,-0.5641025641025643,1.0,0.0001,0.0,1.0,256,50.0,auto,auto,periodic,,success,,0,2.636448286479984e-10,46.0,1.1678316396866066e-10,1.15,2.6364e-02,4.218326e-05,-4.3749,true
0.5918367346938773,-0.5,1.0,0.0001,0.0,1.0,256,50.0,auto,auto,periodic,,success,,0,3.1686597820602257e-10,46.0,1.789191806409867e-10,1.14,3.1687e-02,5.069866e-05,-4.2950,true
0.6326530612244896,-3.0,1.0,0.0001,0.0,1.0,256,50.0,auto,auto,periodic,"Simulation diverged at t=0: eigenvalue Re(λ)=2.629e+00 predicts growth factor 1.24e+57 over Δt=50.0, exceeding threshold 1e+08. The system is physically unstable.",diverged,"Simulation diverged at t=0: eigenvalue Re(λ)=2.629e+00 predicts growth factor 1.24e+57 over Δt=50.0, exceeding threshold 1e+08. The system is physically unstable.",-1,,,,,,,,false
0.6326530612244896,-2.935897435897436,1.0,0.0001,0.0,1.0,256,50.0,auto,auto,periodic,"Simulation diverged at t=0: eigenvalue Re(λ)=4.471e+00 predicts growth factor 1.21e+97 over Δt=50.0, exceeding threshold 1e+08. The system is physically unstable.",diverged,"Simulation diverged at t=0: eigenvalue Re(λ)=4.471e+00 predicts growth factor 1.21e+97 over Δt=50.0, exceeding threshold 1e+08. The system is physically unstable.",-1,,,,,,,,false
0.6326530612244896,-2.871794871794872,1.0,0.0001,0.0,1.0,256,50.0,auto,auto,periodic,"Simulation diverged at t=0: eigenvalue Re(λ)=2.935e+00 predicts growth factor 5.44e+63 over Δt=50.0, exceeding threshold 1e+08. The system is physically unstable.",diverged,"Simulation diverged at t=0: eigenvalue Re(λ)=2.935e+00 predicts growth factor 5.44e+63 over Δt=50.0, exceeding threshold 1e+08. The system is physically unstable.",-1,,,,,,,,false
0.6326530612244896,-2.8076923076923075,1.0,0.0001,0.0,1.0,256,50.0,auto,auto,periodic,"Simulation diverged at t=0: eigenvalue Re(λ)=9.185e+00 predicts growth factor 2.85e+199 over Δt=50.0, exceeding threshold 1e+08. The system is physically unstable.",diverged,"Simulation diverged at t=0: eigenvalue Re(λ)=9.185e+00 predicts growth factor 2.85e+199 over Δt=50.0, exceeding threshold 1e+08. The system is physically unstable.",-1,,,,,,,,false
0.6326530612244896,-2.7435897435897436,1.0,0.0001,0.0,1.0,256,50.0,auto,auto,periodic,"Simulation diverged at t=0: eigenvalue Re(λ)=3.358e+00 predicts growth factor 8.08e+72 over Δt=50.0, exceeding threshold 1e+08. The system is physically unstable.",diverged,"Simulation diverged at t=0: eigenvalue Re(λ)=3.358e+00 predicts growth factor 8.08e+72 over Δt=50.0, exceeding threshold 1e+08. The system is physically unstable.",-1,,,,,,,,false
0.6326530612244896,-2.6794871794871797,1.0,0.0001,0.0,1.0,256,50.0,auto,auto,periodic,"Simulation diverged at t=0: eigenvalue Re(λ)=2.399e+00 predicts growth factor 1.22e+52 over Δt=50.0, exceeding threshold 1e+08. The system is physically unstable.",diverged,"Simulation diverged at t=0: eigenvalue Re(λ)=2.399e+00 predicts growth factor 1.22e+52 over Δt=50.0, exceeding threshold 1e+08. The system is physically unstable.",-1,,,,,,,,false
0.6326530612244896,-2.6153846153846154,1.0,0.0001,0.0,1.0,256,50.0,auto,auto,periodic,"Simulation diverged at t=0: eigenvalue Re(λ)=3.921e+00 predicts growth factor 1.41e+85 over Δt=50.0, exceeding threshold 1e+08. The system is physically unstable.",diverged,"Simulation diverged at t=0: eigenvalue Re(λ)=3.921e+00 predicts growth factor 1.41e+85 over Δt=50.0, exceeding threshold 1e+08. The system is physically unstable.",-1,,,,,,,,false
0.6326530612244896,-2.551282051282051,1.0,0.0001,0.0,1.0,256,50.0,auto,auto,periodic,"Simulation diverged at t=0: eigenvalue Re(λ)=2.447e+00 predicts growth factor 1.37e+53 over Δt=50.0, exceeding threshold 1e+08. The system is physically unstable.",diverged,"Simulation diverged at t=0: eigenvalue Re(λ)=2.447e+00 predicts growth factor 1.37e+53 over Δt=50.0, exceeding threshold 1e+08. The system is physically unstable.",-1,,,,,,,,false
0.6326530612244896,-2.4871794871794872,1.0,0.0001,0.0,1.0,256,50.0,auto,auto,periodic,"Simulation diverged at t=0: eigenvalue Re(λ)=4.472e+00 predicts growth factor 1.26e+97 over Δt=50.0, exceeding threshold 1e+08. The system is physically unstable.",diverged,"Simulation diverged at t=0: eigenvalue Re(λ)=4.472e+00 predicts growth factor 1.26e+97 over Δt=50.0, exceeding threshold 1e+08. The system is physically unstable.",-1,,,,,,,,false
0.6326530612244896,-2.4230769230769234,1.0,0.0001,0.0,1.0,256,50.0,auto,auto,periodic,"Simulation diverged at t=0: eigenvalue Re(λ)=2.384e+00 predicts growth factor 5.90e+51 over Δt=50.0, exceeding threshold 1e+08. The system is physically unstable.",diverged,"Simulation diverged at t=0: eigenvalue Re(λ)=2.384e+00 predicts growth factor 5.90e+51 over Δt=50.0, exceeding threshold 1e+08. The system is physically unstable.",-1,,,,,,,,false
0.6326530612244896,-2.358974358974359,1.0,0.0001,0.0,1.0,256,50.0,auto,auto,periodic,"Simulation diverged at t=0: eigenvalue Re(λ)=4.325e+00 predicts growth factor 8.34e+93 over Δt=50.0, exceeding threshold 1e+08. The system is physically unstable.",diverged,"Simulation diverged at t=0: eigenvalue Re(λ)=4.325e+00 predicts growth factor 8.34e+93 over Δt=50.0, exceeding threshold 1e+08. The system is physically unstable.",-1,,,,,,,,false
0.6326530612244896,-2.2948717948717947,1.0,0.0001,0.0,1.0,256,50.0,auto,auto,periodic,"Simulation diverged at t=0: eigenvalue Re(λ)=2.159e+00 predicts growth factor 7.63e+46 over Δt=50.0, exceeding threshold 1e+08. The system is physically unstable.",diverged,"Simulation diverged at t=0: eigenvalue Re(λ)=2.159e+00 predicts growth factor 7.63e+46 over Δt=50.0, exceeding threshold 1e+08. The system is physically unstable.",-1,,,,,,,,false
0.6326530612244896,-2.230769230769231,1.0,0.0001,0.0,1.0,256,50.0,auto,auto,periodic,"Simulation diverged at t=0: eigenvalue Re(λ)=3.242e+00 predicts growth factor 2.53e+70 over Δt=50.0, exceeding threshold 1e+08. The system is physically unstable.",diverged,"Simulation diverged at t=0: eigenvalue Re(λ)=3.242e+00 predicts growth factor 2.53e+70 over Δt=50.0, exceeding threshold 1e+08. The system is physically unstable.",-1,,,,,,,,false
0.6326530612244896,-2.166666666666667,1.0,0.0001,0.0,1.0,256,50.0,auto,auto,periodic,"Simulation diverged at t=0: eigenvalue Re(λ)=1.796e+00 predicts growth factor 9.97e+38 over Δt=50.0, exceeding threshold 1e+08. The system is physically unstable.",diverged,"Simulation diverged at t=0: eigenvalue Re(λ)=1.796e+00 predicts growth factor 9.97e+38 over Δt=50.0, exceeding threshold 1e+08. The system is physically unstable.",-1,,,,,,,,false
0.6326530612244896,-2.1025641025641026,1.0,0.0001,0.0,1.0,256,50.0,auto,auto,periodic,"Simulation diverged at t=0: eigenvalue Re(λ)=2.150e+00 predicts growth factor 4.98e+46 over Δt=50.0, exceeding threshold 1e+08. The system is physically unstable.",diverged,"Simulation diverged at t=0: eigenvalue Re(λ)=2.150e+00 predicts growth factor 4.98e+46 over Δt=50.0, exceeding threshold 1e+08. The system is physically unstable.",-1,,,,,,,,false
0.6326530612244896,-2.0384615384615383,1.0,0.0001,0.0,1.0,256,50.0,auto,auto,periodic,"Simulation diverged at t=0: eigenvalue Re(λ)=2.917e+00 predicts growth factor 2.15e+63 over Δt=50.0, exceeding threshold 1e+08. The system is physically unstable.",diverged,"Simulation diverged at t=0: eigenvalue Re(λ)=2.917e+00 predicts growth factor 2.15e+63 over Δt=50.0, exceeding threshold 1e+08. The system is physically unstable.",-1,,,,,,,,false
0.6326530612244896,-1.9743589743589745,1.0,0.0001,0.0,1.0,256,50.0,auto,auto,periodic,"Simulation diverged at t=0: eigenvalue Re(λ)=6.382e+00 predicts growth factor 3.90e+138 over Δt=50.0, exceeding threshold 1e+08. The system is physically unstable.",diverged,"Simulation diverged at t=0: eigenvalue Re(λ)=6.382e+00 predicts growth factor 3.90e+138 over Δt=50.0, exceeding threshold 1e+08. The system is physically unstable.",-1,,,,,,,,false
0.6326530612244896,-1.9102564102564104,1.0,0.0001,0.0,1.0,256,50.0,auto,auto,periodic,"Simulation diverged at t=0: eigenvalue Re(λ)=1.338e+00 predicts growth factor 1.11e+29 over Δt=50.0, exceeding threshold 1e+08. The system is physically unstable.",diverged,"Simulation diverged at t=0: eigenvalue Re(λ)=1.338e+00 predicts growth factor 1.11e+29 over Δt=50.0, exceeding threshold 1e+08. The system is physically unstable.",-1,,,,,,,,false
0.6326530612244896,-1.8461538461538463,1.0,0.0001,0.0,1.0,256,50.0,auto,auto,periodic,"Simulation diverged at t=0: eigenvalue Re(λ)=3.278e+00 predicts growth factor 1.51e+71 over Δt=50.0, exceeding threshold 1e+08. The system is physically unstable.",diverged,"Simulation diverged at t=0: eigenvalue Re(λ)=3.278e+00 predicts growth factor 1.51e+71 over Δt=50.0, exceeding threshold 1e+08. The system is physically unstable.",-1,,,,,,,,false
0.6326530612244896,-1.7820512820512822,1.0,0.0001,0.0,1.0,256,50.0,auto,auto,periodic,"Simulation diverged at t=0: eigenvalue Re(λ)=1.073e+00 predicts growth factor 1.96e+23 over Δt=50.0, exceeding threshold 1e+08. The system is physically unstable.",diverged,"Simulation diverged at t=0: eigenvalue Re(λ)=1.073e+00 predicts growth factor 1.96e+23 over Δt=50.0, exceeding threshold 1e+08. The system is physically unstable.",-1,,,,,,,,false
0.6326530612244896,-1.717948717948718,1.0,0.0001,0.0,1.0,256,50.0,auto,auto,periodic,"Simulation diverged at t=0: eigenvalue Re(λ)=4.563e-01 predicts growth factor 8.08e+09 over Δt=50.0, exceeding threshold 1e+08. The system is physically unstable.",diverged,"Simulation diverged at t=0: eigenvalue Re(λ)=4.563e-01 predicts growth factor 8.08e+09 over Δt=50.0, exceeding threshold 1e+08. The system is physically unstable.",-1,,,,,,,,false
0.6326530612244896,-1.653846153846154,1.0,0.0001,0.0,1.0,256,50.0,auto,auto,periodic,"Simulation diverged at t=0: eigenvalue Re(λ)=3.961e-01 predicts growth factor 4.00e+08 over Δt=50.0, exceeding threshold 1e+08. The system is physically unstable.",diverged,"Simulation diverged at t=0: eigenvalue Re(λ)=3.961e-01 predicts growth factor 4.00e+08 over Δt=50.0, exceeding threshold 1e+08. The system is physically unstable.",-1,,,,,,,,false
0.6326530612244896,-1.5897435897435899,1.0,0.0001,0.0,1.0,256,50.0,auto,auto,periodic,"Simulation diverged at t=0: eigenvalue Re(λ)=3.775e-01 predicts growth factor 1.57e+08 over Δt=50.0, exceeding threshold 1e+08. The system is physically unstable.",diverged,"Simulation diverged at t=0: eigenvalue Re(λ)=3.775e-01 predicts growth factor 1.57e+08 over Δt=50.0, exceeding threshold 1e+08. The system is physically unstable.",-1,,,,,,,,false
0.6326530612244896,-1.5256410256410258,1.0,0.0001,0.0,1.0,256,50.0,auto,auto,periodic,"Simulation diverged at t=0: eigenvalue Re(λ)=3.813e-01 predicts growth factor 1.91e+08 over Δt=50.0, exceeding threshold 1e+08. The system is physically unstable.",diverged,"Simulation diverged at t=0: eigenvalue Re(λ)=3.813e-01 predicts growth factor 1.91e+08 over Δt=50.0, exceeding threshold 1e+08. The system is physically unstable.",-1,,,,,,,,false
0.6326530612244896,-1.4615384615384617,1.0,0.0001,0.0,1.0,256,50.0,auto,auto,periodic,,success,,0,134.3183500109254,50.0,134.3183500109254,0.93,1.3432e+10,,,false
0.6326530612244896,-1.3974358974358976,1.0,0.0001,0.0,1.0,256,50.0,auto,auto,periodic,,success,,0,1.188159694045337,50.0,1.188159694045337,1.08,1.1882e+08,,,false
0.6326530612244896,-1.3333333333333335,1.0,0.0001,0.0,1.0,256,50.0,auto,auto,periodic,,success,,0,0.013376006374942875,50.0,0.013376006374942875,0.92,1.3376e+06,2.140165e+03,3.3304,true
0.6326530612244896,-1.2692307692307694,1.0,0.0001,0.0,1.0,256,50.0,auto,auto,periodic,,success,,0,0.00017966416394368754,50.0,0.00017966416394368754,0.94,1.7966e+04,2.874633e+01,1.4586,true
0.6326530612244896,-1.2051282051282053,1.0,0.0001,0.0,1.0,256,50.0,auto,auto,periodic,,success,,0,2.7585021716984183e-06,50.0,2.7585021716984183e-06,0.97,2.7585e+02,4.413613e-01,-0.3552,true
0.6326530612244896,-1.1410256410256412,1.0,0.0001,0.0,1.0,256,50.0,auto,auto,periodic,,success,,0,4.720372086066231e-08,50.0,4.720372086066231e-08,0.94,4.7204e+00,7.552611e-03,-2.1219,true
0.6326530612244896,-1.076923076923077,1.0,0.0001,0.0,1.0,256,50.0,auto,auto,periodic,,success,,0,9.138726014497705e-10,50.0,9.138726014497705e-10,0.97,9.1387e-02,1.462199e-04,-3.8350,true
0.6326530612244896,-1.012820512820513,1.0,0.0001,0.0,1.0,256,50.0,auto,auto,periodic,,success,,0,2.206761957254861e-11,50.0,2.206761957254861e-11,1.0,2.2068e-03,3.530826e-06,-5.4521,true
0.6326530612244896,-0.9487179487179489,1.0,0.0001,0.0,1.0,256,50.0,auto,auto,periodic,,success,,0,1.1231383298815482e-15,50.0,1.1231383298815482e-15,1.08,1.1231e-07,1.797025e-10,-9.7454,true
0.6326530612244896,-0.884615384615385,1.0,0.0001,0.0,1.0,256,50.0,auto,auto,periodic,,success,,0,5.487464122026702e-12,43.0,4.842999972203266e-12,1.02,5.4875e-04,8.779961e-07,-6.0565,true
0.6326530612244896,-0.8205128205128207,1.0,0.0001,0.0,1.0,256,50.0,auto,auto,periodic,,success,,0,1.884446151219728e-11,43.0,1.3941466604501687e-11,0.95,1.8844e-03,3.015120e-06,-5.5207,true
0.6326530612244896,-0.7564102564102564,1.0,0.0001,0.0,1.0,256,50.0,auto,auto,periodic,,success,,0,3.7485852295316017e-11,43.0,2.3382751869860656e-11,0.95,3.7486e-03,5.997749e-06,-5.2220,true
0.6326530612244896,-0.6923076923076925,1.0,0.0001,0.0,1.0,256,50.0,auto,auto,periodic,,success,,0,6.509346168693743e-11,44.5,3.140229141660033e-11,0.97,6.5093e-03,1.041498e-05,-4.9823,true
0.6326530612244896,-0.6282051282051286,1.0,0.0001,0.0,1.0,256,50.0,auto,auto,periodic,,success,,0,9.812631371673875e-11,44.5,3.859882636878346e-11,0.92,9.8126e-03,1.570024e-05,-4.8041,true
0.6326530612244896,-0.5641025641025643,1.0,0.0001,0.0,1.0,256,50.0,auto,auto,periodic,,success,,0,1.329376429546162e-10,44.5,4.794843757904858e-11,0.96,1.3294e-02,2.127007e-05,-4.6722,true
0.6326530612244896,-0.5,1.0,0.0001,0.0,1.0,256,50.0,auto,auto,periodic,,success,,0,1.7679928969778056e-10,46.0,6.398646808006151e-11,0.96,1.7680e-02,2.828795e-05,-4.5484,true
0.6734693877551019,-3.0,1.0,0.0001,0.0,1.0,256,50.0,auto,auto,periodic,"Simulation diverged at t=0: eigenvalue Re(λ)=2.706e+00 predicts growth factor 5.64e+58 over Δt=50.0, exceeding threshold 1e+08. The system is physically unstable.",diverged,"Simulation diverged at t=0: eigenvalue Re(λ)=2.706e+00 predicts growth factor 5.64e+58 over Δt=50.0, exceeding threshold 1e+08. The system is physically unstable.",-1,,,,,,,,false
0.6734693877551019,-2.935897435897436,1.0,0.0001,0.0,1.0,256,50.0,auto,auto,periodic,"Simulation diverged at t=0: eigenvalue Re(λ)=6.360e+00 predicts growth factor 1.28e+138 over Δt=50.0, exceeding threshold 1e+08. The system is physically unstable.",diverged,"Simulation diverged at t=0: eigenvalue Re(λ)=6.360e+00 predicts growth factor 1.28e+138 over Δt=50.0, exceeding threshold 1e+08. The system is physically unstable.",-1,,,,,,,,false
0.6734693877551019,-2.871794871794872,1.0,0.0001,0.0,1.0,256,50.0,auto,auto,periodic,"Simulation diverged at t=0: eigenvalue Re(λ)=3.274e+00 predicts growth factor 1.21e+71 over Δt=50.0, exceeding threshold 1e+08. The system is physically unstable.",diverged,"Simulation diverged at t=0: eigenvalue Re(λ)=3.274e+00 predicts growth factor 1.21e+71 over Δt=50.0, exceeding threshold 1e+08. The system is physically unstable.",-1,,,,,,,,false
0.6734693877551019,-2.8076923076923075,1.0,0.0001,0.0,1.0,256,50.0,auto,auto,periodic,"Simulation diverged at t=0: eigenvalue Re(λ)=2.437e+00 predicts growth factor 8.27e+52 over Δt=50.0, exceeding threshold 1e+08. The system is physically unstable.",diverged,"Simulation diverged at t=0: eigenvalue Re(λ)=2.437e+00 predicts growth factor 8.27e+52 over Δt=50.0, exceeding threshold 1e+08. The system is physically unstable.",-1,,,,,,,,false
0.6734693877551019,-2.7435897435897436,1.0,0.0001,0.0,1.0,256,50.0,auto,auto,periodic,"Simulation diverged at t=0: eigenvalue Re(λ)=4.565e+00 predicts growth factor 1.32e+99 over Δt=50.0, exceeding threshold 1e+08. The system is physically unstable.",diverged,"Simulation diverged at t=0: eigenvalue Re(λ)=4.565e+00 predicts growth factor 1.32e+99 over Δt=50.0, exceeding threshold 1e+08. The system is physically unstable.",-1,,,,,,,,false
0.6734693877551019,-2.6794871794871797,1.0,0.0001,0.0,1.0,256,50.0,auto,auto,periodic,"Simulation diverged at t=0: eigenvalue Re(λ)=2.715e+00 predicts growth factor 8.92e+58 over Δt=50.0, exceeding threshold 1e+08. The system is physically unstable.",diverged,"Simulation diverged at t=0: eigenvalue Re(λ)=2.715e+00 predicts growth factor 8.92e+58 over Δt=50.0, exceeding threshold 1e+08. The system is physically unstable.",-1,,,,,,,,false
0.6734693877551019,-2.6153846153846154,1.0,0.0001,0.0,1.0,256,50.0,auto,auto,periodic,"Simulation diverged at t=0: eigenvalue Re(λ)=2.254e+01 predicts growth factor 1.01e+304 over Δt=50.0, exceeding threshold 1e+08. The system is physically unstable.",diverged,"Simulation diverged at t=0: eigenvalue Re(λ)=2.254e+01 predicts growth factor 1.01e+304 over Δt=50.0, exceeding threshold 1e+08. The system is physically unstable.",-1,,,,,,,,false
0.6734693877551019,-2.551282051282051,1.0,0.0001,0.0,1.0,256,50.0,auto,auto,periodic,"Simulation diverged at t=0: eigenvalue Re(λ)=3.053e+00 predicts growth factor 1.94e+66 over Δt=50.0, exceeding threshold 1e+08. The system is physically unstable.",diverged,"Simulation diverged at t=0: eigenvalue Re(λ)=3.053e+00 predicts growth factor 1.94e+66 over Δt=50.0, exceeding threshold 1e+08. The system is physically unstable.",-1,,,,,,,,false
0.6734693877551019,-2.4871794871794872,1.0,0.0001,0.0,1.0,256,50.0,auto,auto,periodic,"Simulation diverged at t=0: eigenvalue Re(λ)=2.114e+00 predicts growth factor 7.96e+45 over Δt=50.0, exceeding threshold 1e+08. The system is physically unstable.",diverged,"Simulation diverged at t=0: eigenvalue Re(λ)=2.114e+00 predicts growth factor 7.96e+45 over Δt=50.0, exceeding threshold 1e+08. The system is physically unstable.",-1,,,,,,,,false
0.6734693877551019,-2.4230769230769234,1.0,0.0001,0.0,1.0,256,50.0,auto,auto,periodic,"Simulation diverged at t=0: eigenvalue Re(λ)=3.343e+00 predicts growth factor 4.01e+72 over Δt=50.0, exceeding threshold 1e+08. The system is physically unstable.",diverged,"Simulation diverged at t=0: eigenvalue Re(λ)=3.343e+00 predicts growth factor 4.01e+72 over Δt=50.0, exceeding threshold 1e+08. The system is physically unstable.",-1,,,,,,,,false
0.6734693877551019,-2.358974358974359,1.0,0.0001,0.0,1.0,256,50.0,auto,auto,periodic,"Simulation diverged at t=0: eigenvalue Re(λ)=2.064e+00 predicts growth factor 6.75e+44 over Δt=50.0, exceeding threshold 1e+08. The system is physically unstable.",diverged,"Simulation diverged at t=0: eigenvalue Re(λ)=2.064e+00 predicts growth factor 6.75e+44 over Δt=50.0, exceeding threshold 1e+08. The system is physically unstable.",-1,,,,,,,,false
0.6734693877551019,-2.2948717948717947,1.0,0.0001,0.0,1.0,256,50.0,auto,auto,periodic,"Simulation diverged at t=0: eigenvalue Re(λ)=3.245e+00 predicts growth factor 2.96e+70 over Δt=50.0, exceeding threshold 1e+08. The system is physically unstable.",diverged,"Simulation diverged at t=0: eigenvalue Re(λ)=3.245e+00 predicts growth factor 2.96e+70 over Δt=50.0, exceeding threshold 1e+08. The system is physically unstable.",-1,,,,,,,,false
0.6734693877551019,-2.230769230769231,1.0,0.0001,0.0,1.0,256,50.0,auto,auto,periodic,"Simulation diverged at t=0: eigenvalue Re(λ)=1.879e+00 predicts growth factor 6.49e+40 over Δt=50.0, exceeding threshold 1e+08. The system is physically unstable.",diverged,"Simulation diverged at t=0: eigenvalue Re(λ)=1.879e+00 predicts growth factor 6.49e+40 over Δt=50.0, exceeding threshold 1e+08. The system is physically unstable.",-1,,,,,,,,false
0.6734693877551019,-2.166666666666667,1.0,0.0001,0.0,1.0,256,50.0,auto,auto,periodic,"Simulation diverged at t=0: eigenvalue Re(λ)=2.575e+00 predicts growth factor 8.06e+55 over Δt=50.0, exceeding threshold 1e+08. The system is physically unstable.",diverged,"Simulation diverged at t=0: eigenvalue Re(λ)=2.575e+00 predicts growth factor 8.06e+55 over Δt=50.0, exceeding threshold 1e+08. The system is physically unstable.",-1,,,,,,,,false
0.6734693877551019,-2.1025641025641026,1.0,0.0001,0.0,1.0,256,50.0,auto,auto,periodic,"Simulation diverged at t=0: eigenvalue Re(λ)=1.569e+00 predicts growth factor 1.15e+34 over Δt=50.0, exceeding threshold 1e+08. The system is physically unstable.",diverged,"Simulation diverged at t=0: eigenvalue Re(λ)=1.569e+00 predicts growth factor 1.15e+34 over Δt=50.0, exceeding threshold 1e+08. The system is physically unstable.",-1,,,,,,,,false
0.6734693877551019,-2.0384615384615383,1.0,0.0001,0.0,1.0,256,50.0,auto,auto,periodic,"Simulation diverged at t=0: eigenvalue Re(λ)=1.777e+00 predicts growth factor 3.86e+38 over Δt=50.0, exceeding threshold 1e+08. The system is physically unstable.",diverged,"Simulation diverged at t=0: eigenvalue Re(λ)=1.777e+00 predicts growth factor 3.86e+38 over Δt=50.0, exceeding threshold 1e+08. The system is physically unstable.",-1,,,,,,,,false
0.6734693877551019,-1.9743589743589745,1.0,0.0001,0.0,1.0,256,50.0,auto,auto,periodic,"Simulation diverged at t=0: eigenvalue Re(λ)=2.063e+00 predicts growth factor 6.21e+44 over Δt=50.0, exceeding threshold 1e+08. The system is physically unstable.",diverged,"Simulation diverged at t=0: eigenvalue Re(λ)=2.063e+00 predicts growth factor 6.21e+44 over Δt=50.0, exceeding threshold 1e+08. The system is physically unstable.",-1,,,,,,,,false
0.6734693877551019,-1.9102564102564104,1.0,0.0001,0.0,1.0,256,50.0,auto,auto,periodic,"Simulation diverged at t=0: eigenvalue Re(λ)=2.266e+00 predicts growth factor 1.57e+49 over Δt=50.0, exceeding threshold 1e+08. The system is physically unstable.",diverged,"Simulation diverged at t=0: eigenvalue Re(λ)=2.266e+00 predicts growth factor 1.57e+49 over Δt=50.0, exceeding threshold 1e+08. The system is physically unstable.",-1,,,,,,,,false
0.6734693877551019,-1.8461538461538463,1.0,0.0001,0.0,1.0,256,50.0,auto,auto,periodic,"Simulation diverged at t=0: eigenvalue Re(λ)=1.800e+00 predicts growth factor 1.22e+39 over Δt=50.0, exceeding threshold 1e+08. The system is physically unstable.",diverged,"Simulation diverged at t=0: eigenvalue Re(λ)=1.800e+00 predicts growth factor 1.22e+39 over Δt=50.0, exceeding threshold 1e+08. The system is physically unstable.",-1,,,,,,,,false
0.6734693877551019,-1.7820512820512822,1.0,0.0001,0.0,1.0,256,50.0,auto,auto,periodic,"Simulation diverged at t=0: eigenvalue Re(λ)=9.971e-01 predicts growth factor 4.49e+21 over Δt=50.0, exceeding threshold 1e+08. The system is physically unstable.",diverged,"Simulation diverged at t=0: eigenvalue Re(λ)=9.971e-01 predicts growth factor 4.49e+21 over Δt=50.0, exceeding threshold 1e+08. The system is physically unstable.",-1,,,,,,,,false
0.6734693877551019,-1.717948717948718,1.0,0.0001,0.0,1.0,256,50.0,auto,auto,periodic,"Simulation diverged at t=0: eigenvalue Re(λ)=4.732e-01 predicts growth factor 1.89e+10 over Δt=50.0, exceeding threshold 1e+08. The system is physically unstable.",diverged,"Simulation diverged at t=0: eigenvalue Re(λ)=4.732e-01 predicts growth factor 1.89e+10 over Δt=50.0, exceeding threshold 1e+08. The system is physically unstable.",-1,,,,,,,,false
0.6734693877551019,-1.653846153846154,1.0,0.0001,0.0,1.0,256,50.0,auto,auto,periodic,"Simulation diverged at t=0: eigenvalue Re(λ)=4.151e-01 predicts growth factor 1.03e+09 over Δt=50.0, exceeding threshold 1e+08. The system is physically unstable.",diverged,"Simulation diverged at t=0: eigenvalue Re(λ)=4.151e-01 predicts growth factor 1.03e+09 over Δt=50.0, exceeding threshold 1e+08. The system is physically unstable.",-1,,,,,,,,false
0.6734693877551019,-1.5897435897435899,1.0,0.0001,0.0,1.0,256,50.0,auto,auto,periodic,"Simulation diverged at t=0: eigenvalue Re(λ)=3.981e-01 predicts growth factor 4.41e+08 over Δt=50.0, exceeding threshold 1e+08. The system is physically unstable.",diverged,"Simulation diverged at t=0: eigenvalue Re(λ)=3.981e-01 predicts growth factor 4.41e+08 over Δt=50.0, exceeding threshold 1e+08. The system is physically unstable.",-1,,,,,,,,false
0.6734693877551019,-1.5256410256410258,1.0,0.0001,0.0,1.0,256,50.0,auto,auto,periodic,"Simulation diverged at t=0: eigenvalue Re(λ)=3.810e-01 predicts growth factor 1.87e+08 over Δt=50.0, exceeding threshold 1e+08. The system is physically unstable.",diverged,"Simulation diverged at t=0: eigenvalue Re(λ)=3.810e-01 predicts growth factor 1.87e+08 over Δt=50.0, exceeding threshold 1e+08. The system is physically unstable.",-1,,,,,,,,false
0.6734693877551019,-1.4615384615384617,1.0,0.0001,0.0,1.0,256,50.0,auto,auto,periodic,,success,,0,1864.9442961526547,50.0,1864.9442961526547,0.93,1.8649e+11,,,false
0.6734693877551019,-1.3974358974358976,1.0,0.0001,0.0,1.0,256,50.0,auto,auto,periodic,,success,,0,24.43161524568839,50.0,24.43161524568839,0.93,2.4432e+09,,,false
0.6734693877551019,-1.3333333333333335,1.0,0.0001,0.0,1.0,256,50.0,auto,auto,periodic,,success,,0,0.40441138478143523,50.0,0.40441138478143523,0.94,4.0441e+07,,,false
0.6734693877551019,-1.2692307692307694,1.0,0.0001,0.0,1.0,256,50.0,auto,auto,periodic,,success,,0,0.007961941738516661,50.0,0.007961941738516661,0.95,7.9619e+05,1.273913e+03,3.1051,true
0.6734693877551019,-1.2051282051282053,1.0,0.0001,0.0,1.0,256,50.0,auto,auto,periodic,,success,,0,0.00017896642164036918,50.0,0.00017896642164036918,0.91,1.7897e+04,2.863469e+01,1.4569,true
0.6734693877551019,-1.1410256410256412,1.0,0.0001,0.0,1.0,256,50.0,auto,auto,periodic,,success,,0,4.463152318823078e-06,50.0,4.463152318823078e-06,1.35,4.4632e+02,7.141059e-01,-0.1462,true
0.6734693877551019,-1.076923076923077,1.0,0.0001,0.0,1.0,256,50.0,auto,auto,periodic,,success,,0,1.2123649066886056e-07,50.0,1.2123649066886056e-07,0.99,1.2124e+01,1.939788e-02,-1.7122,true
0.6734693877551019,-1.012820512820513,1.0,0.0001,0.0,1.0,256,50.0,auto,auto,periodic,,success,,0,3.589234986922158e-09,50.0,3.589234986922158e-09,1.02,3.5892e-01,5.742788e-04,-3.2409,true
0.6734693877551019,-0.9487179487179489,1.0,0.0001,0.0,1.0,256,50.0,auto,auto,periodic,,success,,0,1.2343362882184882e-10,50.0,1.2343362882184882e-10,0.96,1.2343e-02,1.974942e-05,-4.7044,true
0.6734693877551019,-0.884615384615385,1.0,0.0001,0.0,1.0,256,50.0,auto,auto,periodic,,success,,0,4.1630816210450906e-12,50.0,4.1630816210450906e-12,0.96,4.1631e-04,6.660944e-07,-6.1765,true
0.6734693877551019,-0.8205128205128207,1.0,0.0001,0.0,1.0,256,50.0,auto,auto,periodic,,success,,0,6.024033487320293e-13,50.0,6.024033487320293e-13,0.93,6.0240e-05,9.638474e-08,-7.0160,true
0.6734693877551019,-0.7564102564102564,1.0,0.0001,0.0,1.0,256,50.0,auto,auto,periodic,,success,,0,7.368540433651343e-12,43.0,6.298856707032239e-12,0.94,7.3685e-04,1.178969e-06,-5.9285,true
0.6734693877551019,-0.6923076923076925,1.0,0.0001,0.0,1.0,256,50.0,auto,auto,periodic,,success,,0,1.9850583243024748e-11,43.0,1.4531729566802268e-11,0.92,1.9851e-03,3.176100e-06,-5.4981,true
0.6734693877551019,-0.6282051282051286,1.0,0.0001,0.0,1.0,256,50.0,auto,auto,periodic,,success,,0,3.63314266919064e-11,43.0,2.2876747636110055e-11,0.93,3.6331e-03,5.813040e-06,-5.2356,true
0.6734693877551019,-0.5641025641025643,1.0,0.0001,0.0,1.0,256,50.0,auto,auto,periodic,,success,,0,5.979056038381145e-11,44.5,3.011203580965892e-11,0.93,5.9791e-03,9.566510e-06,-5.0192,true
0.6734693877551019,-0.5,1.0,0.0001,0.0,1.0,256,50.0,auto,auto,periodic,,success,,0,8.81212603281152e-11,44.5,3.6447055746365125e-11,0.98,8.8121e-03,1.409943e-05,-4.8508,true
0.7142857142857142,-3.0,1.0,0.0001,0.0,1.0,256,50.0,auto,auto,periodic,"Simulation diverged at t=0: eigenvalue Re(λ)=3.083e+00 predicts growth factor 8.71e+66 over Δt=50.0, exceeding threshold 1e+08. The system is physically unstable.",diverged,"Simulation diverged at t=0: eigenvalue Re(λ)=3.083e+00 predicts growth factor 8.71e+66 over Δt=50.0, exceeding threshold 1e+08. The system is physically unstable.",-1,,,,,,,,false
0.7142857142857142,-2.935897435897436,1.0,0.0001,0.0,1.0,256,50.0,auto,auto,periodic,"Simulation diverged at t=0: eigenvalue Re(λ)=2.407e+00 predicts growth factor 1.83e+52 over Δt=50.0, exceeding threshold 1e+08. The system is physically unstable.",diverged,"Simulation diverged at t=0: eigenvalue Re(λ)=2.407e+00 predicts growth factor 1.83e+52 over Δt=50.0, exceeding threshold 1e+08. The system is physically unstable.",-1,,,,,,,,false
0.7142857142857142,-2.871794871794872,1.0,0.0001,0.0,1.0,256,50.0,auto,auto,periodic,"Simulation diverged at t=0: eigenvalue Re(λ)=4.810e+00 predicts growth factor 2.77e+104 over Δt=50.0, exceeding threshold 1e+08. The system is physically unstable.",diverged,"Simulation diverged at t=0: eigenvalue Re(λ)=4.810e+00 predicts growth factor 2.77e+104 over Δt=50.0, exceeding threshold 1e+08. The system is physically unstable.",-1,,,,,,,,false
0.7142857142857142,-2.8076923076923075,1.0,0.0001,0.0,1.0,256,50.0,auto,auto,periodic,"Simulation diverged at t=0: eigenvalue Re(λ)=2.883e+00 predicts growth factor 3.93e+62 over Δt=50.0, exceeding threshold 1e+08. The system is physically unstable.",diverged,"Simulation diverged at t=0: eigenvalue Re(λ)=2.883e+00 predicts growth factor 3.93e+62 over Δt=50.0, exceeding threshold 1e+08. The system is physically unstable.",-1,,,,,,,,false
0.7142857142857142,-2.7435897435897436,1.0,0.0001,0.0,1.0,256,50.0,auto,auto,periodic,"Simulation diverged at t=0: eigenvalue Re(λ)=2.212e+00 predicts growth factor 1.08e+48 over Δt=50.0, exceeding threshold 1e+08. The system is physically unstable.",diverged,"Simulation diverged at t=0: eigenvalue Re(λ)=2.212e+00 predicts growth factor 1.08e+48 over Δt=50.0, exceeding threshold 1e+08. The system is physically unstable.",-1,,,,,,,,false
0.7142857142857142,-2.6794871794871797,1.0,0.0001,0.0,1.0,256,50.0,auto,auto,periodic,"Simulation diverged at t=0: eigenvalue Re(λ)=3.923e+00 predicts growth factor 1.56e+85 over Δt=50.0, exceeding threshold 1e+08. The system is physically unstable.",diverged,"Simulation diverged at t=0: eigenvalue Re(λ)=3.923e+00 predicts growth factor 1.56e+85 over Δt=50.0, exceeding threshold 1e+08. The system is physically unstable.",-1,,,,,,,,false
0.7142857142857142,-2.6153846153846154,1.0,0.0001,0.0,1.0,256,50.0,auto,auto,periodic,"Simulation diverged at t=0: eigenvalue Re(λ)=2.470e+00 predicts growth factor 4.31e+53 over Δt=50.0, exceeding threshold 1e+08. The system is physically unstable.",diverged,"Simulation diverged at t=0: eigenvalue Re(λ)=2.470e+00 predicts growth factor 4.31e+53 over Δt=50.0, exceeding threshold 1e+08. The system is physically unstable.",-1,,,,,,,,false
0.7142857142857142,-2.551282051282051,1.0,0.0001,0.0,1.0,256,50.0,auto,auto,periodic,"Simulation diverged at t=0: eigenvalue Re(λ)=1.128e+01 predicts growth factor 1.02e+245 over Δt=50.0, exceeding threshold 1e+08. The system is physically unstable.",diverged,"Simulation diverged at t=0: eigenvalue Re(λ)=1.128e+01 predicts growth factor 1.02e+245 over Δt=50.0, exceeding threshold 1e+08. The system is physically unstable.",-1,,,,,,,,false
0.7142857142857142,-2.4871794871794872,1.0,0.0001,0.0,1.0,256,50.0,auto,auto,periodic,"Simulation diverged at t=0: eigenvalue Re(λ)=2.794e+00 predicts growth factor 4.73e+60 over Δt=50.0, exceeding threshold 1e+08. The system is physically unstable.",diverged,"Simulation diverged at t=0: eigenvalue Re(λ)=2.794e+00 predicts growth factor 4.73e+60 over Δt=50.0, exceeding threshold 1e+08. The system is physically unstable.",-1,,,,,,,,false
0.7142857142857142,-2.4230769230769234,1.0,0.0001,0.0,1.0,256,50.0,auto,auto,periodic,"Simulation diverged at t=0: eigenvalue Re(λ)=1.960e+00 predicts growth factor 3.68e+42 over Δt=50.0, exceeding threshold 1e+08. The system is physically unstable.",diverged,"Simulation diverged at t=0: eigenvalue Re(λ)=1.960e+00 predicts growth factor 3.68e+42 over Δt=50.0, exceeding threshold 1e+08. The system is physically unstable.",-1,,,,,,,,false
0.7142857142857142,-2.358974358974359,1.0,0.0001,0.0,1.0,256,50.0,auto,auto,periodic,"Simulation diverged at t=0: eigenvalue Re(λ)=3.090e+00 predicts growth factor 1.28e+67 over Δt=50.0, exceeding threshold 1e+08. The system is physically unstable.",diverged,"Simulation diverged at t=0: eigenvalue Re(λ)=3.090e+00 predicts growth factor 1.28e+67 over Δt=50.0, exceeding threshold 1e+08. The system is physically unstable.",-1,,,,,,,,false
0.7142857142857142,-2.2948717948717947,1.0,0.0001,0.0,1.0,256,50.0,auto,auto,periodic,"Simulation diverged at t=0: eigenvalue Re(λ)=1.918e+00 predicts growth factor 4.39e+41 over Δt=50.0, exceeding threshold 1e+08. The system is physically unstable.",diverged,"Simulation diverged at t=0: eigenvalue Re(λ)=1.918e+00 predicts growth factor 4.39e+41 over Δt=50.0, exceeding threshold 1e+08. The system is physically unstable.",-1,,,,,,,,false
0.7142857142857142,-2.230769230769231,1.0,0.0001,0.0,1.0,256,50.0,auto,auto,periodic,"Simulation diverged at t=0: eigenvalue Re(λ)=3.002e+00 predicts growth factor 1.51e+65 over Δt=50.0, exceeding threshold 1e+08. The system is physically unstable.",diverged,"Simulation diverged at t=0: eigenvalue Re(λ)=3.002e+00 predicts growth factor 1.51e+65 over Δt=50.0, exceeding threshold 1e+08. The system is physically unstable.",-1,,,,,,,,false
0.7142857142857142,-2.166666666666667,1.0,0.0001,0.0,1.0,256,50.0,auto,auto,periodic,"Simulation diverged at t=0: eigenvalue Re(λ)=1.735e+00 predicts growth factor 4.75e+37 over Δt=50.0, exceeding threshold 1e+08. The system is physically unstable.",diverged,"Simulation diverged at t=0: eigenvalue Re(λ)=1.735e+00 predicts growth factor 4.75e+37 over Δt=50.0, exceeding threshold 1e+08. The system is physically unstable.",-1,,,,,,,,false
0.7142857142857142,-2.1025641025641026,1.0,0.0001,0.0,1.0,256,50.0,auto,auto,periodic,"Simulation diverged at t=0: eigenvalue Re(λ)=2.321e+00 predicts growth factor 2.49e+50 over Δt=50.0, exceeding threshold 1e+08. The system is physically unstable.",diverged,"Simulation diverged at t=0: eigenvalue Re(λ)=2.321e+00 predicts growth factor 2.49e+50 over Δt=50.0, exceeding threshold 1e+08. The system is physically unstable.",-1,,,,,,,,false
0.7142857142857142,-2.0384615384615383,1.0,0.0001,0.0,1.0,256,50.0,auto,auto,periodic,"Simulation diverged at t=0: eigenvalue Re(λ)=1.022e+01 predicts growth factor 7.96e+221 over Δt=50.0, exceeding threshold 1e+08. The system is physically unstable.",diverged,"Simulation diverged at t=0: eigenvalue Re(λ)=1.022e+01 predicts growth factor 7.96e+221 over Δt=50.0, exceeding threshold 1e+08. The system is physically unstable.",-1,,,,,,,,false
0.7142857142857142,-1.9743589743589745,1.0,0.0001,0.0,1.0,256,50.0,auto,auto,periodic,"Simulation diverged at t=0: eigenvalue Re(λ)=1.543e+00 predicts growth factor 3.13e+33 over Δt=50.0, exceeding threshold 1e+08. The system is physically unstable.",diverged,"Simulation diverged at t=0: eigenvalue Re(λ)=1.543e+00 predicts growth factor 3.13e+33 over Δt=50.0, exceeding threshold 1e+08. The system is physically unstable.",-1,,,,,,,,false
0.7142857142857142,-1.9102564102564104,1.0,0.0001,0.0,1.0,256,50.0,auto,auto,periodic,"Simulation diverged at t=0: eigenvalue Re(λ)=1.609e+00 predicts growth factor 8.75e+34 over Δt=50.0, exceeding threshold 1e+08. The system is physically unstable.",diverged,"Simulation diverged at t=0: eigenvalue Re(λ)=1.609e+00 predicts growth factor 8.75e+34 over Δt=50.0, exceeding threshold 1e+08. The system is physically unstable.",-1,,,,,,,,false
0.7142857142857142,-1.8461538461538463,1.0,0.0001,0.0,1.0,256,50.0,auto,auto,periodic,"Simulation diverged at t=0: eigenvalue Re(λ)=1.424e+00 predicts growth factor 8.52e+30 over Δt=50.0, exceeding threshold 1e+08. The system is physically unstable.",diverged,"Simulation diverged at t=0: eigenvalue Re(λ)=1.424e+00 predicts growth factor 8.52e+30 over Δt=50.0, exceeding threshold 1e+08. The system is physically unstable.",-1,,,,,,,,false
0.7142857142857142,-1.7820512820512822,1.0,0.0001,0.0,1.0,256,50.0,auto,auto,periodic,"Simulation diverged at t=0: eigenvalue Re(λ)=9.643e+00 predicts growth factor 2.47e+209 over Δt=50.0, exceeding threshold 1e+08. The system is physically unstable.",diverged,"Simulation diverged at t=0: eigenvalue Re(λ)=9.643e+00 predicts growth factor 2.47e+209 over Δt=50.0, exceeding threshold 1e+08. The system is physically unstable.",-1,,,,,,,,false
0.7142857142857142,-1.717948717948718,1.0,0.0001,0.0,1.0,256,50.0,auto,auto,periodic,"Simulation diverged at t=0: eigenvalue Re(λ)=4.887e-01 predicts growth factor 4.10e+10 over Δt=50.0, exceeding threshold 1e+08. The system is physically unstable.",diverged,"Simulation diverged at t=0: eigenvalue Re(λ)=4.887e-01 predicts growth factor 4.10e+10 over Δt=50.0, exceeding threshold 1e+08. The system is physically unstable.",-1,,,,,,,,false
0.7142857142857142,-1.653846153846154,1.0,0.0001,0.0,1.0,256,50.0,auto,auto,periodic,"Simulation diverged at t=0: eigenvalue Re(λ)=4.325e-01 predicts growth factor 2.46e+09 over Δt=50.0, exceeding threshold 1e+08. The system is physically unstable.",diverged,"Simulation diverged at t=0: eigenvalue Re(λ)=4.325e-01 predicts growth factor 2.46e+09 over Δt=50.0, exceeding threshold 1e+08. The system is physically unstable.",-1,,,,,,,,false
0.7142857142857142,-1.5897435897435899,1.0,0.0001,0.0,1.0,256,50.0,auto,auto,periodic,"Simulation diverged at t=0: eigenvalue Re(λ)=4.169e-01 predicts growth factor 1.13e+09 over Δt=50.0, exceeding threshold 1e+08. The system is physically unstable.",diverged,"Simulation diverged at t=0: eigenvalue Re(λ)=4.169e-01 predicts growth factor 1.13e+09 over Δt=50.0, exceeding threshold 1e+08. The system is physically unstable.",-1,,,,,,,,false
0.7142857142857142,-1.5256410256410258,1.0,0.0001,0.0,1.0,256,50.0,auto,auto,periodic,"Simulation diverged at t=0: eigenvalue Re(λ)=4.015e-01 predicts growth factor 5.22e+08 over Δt=50.0, exceeding threshold 1e+08. The system is physically unstable.",diverged,"Simulation diverged at t=0: eigenvalue Re(λ)=4.015e-01 predicts growth factor 5.22e+08 over Δt=50.0, exceeding threshold 1e+08. The system is physically unstable.",-1,,,,,,,,false
0.7142857142857142,-1.4615384615384617,1.0,0.0001,0.0,1.0,256,50.0,auto,auto,periodic,"Simulation diverged at t=0: eigenvalue Re(λ)=3.797e-01 predicts growth factor 1.76e+08 over Δt=50.0, exceeding threshold 1e+08. The system is physically unstable.",diverged,"Simulation diverged at t=0: eigenvalue Re(λ)=3.797e-01 predicts growth factor 1.76e+08 over Δt=50.0, exceeding threshold 1e+08. The system is physically unstable.",-1,,,,,,,,false
0.7142857142857142,-1.3974358974358976,1.0,0.0001,0.0,1.0,256,50.0,auto,auto,periodic,,success,,0,333.6461125506738,50.0,333.6461125506738,0.97,3.3365e+10,,,false
0.7142857142857142,-1.3333333333333335,1.0,0.0001,0.0,1.0,256,50.0,auto,auto,periodic,,success,,0,7.643117254437108,50.0,7.643117254437108,0.9,7.6431e+08,,,false
0.7142857142857142,-1.2692307692307694,1.0,0.0001,0.0,1.0,256,50.0,auto,auto,periodic,,success,,0,0.20733752895011598,50.0,0.20733752895011598,0.91,2.0734e+07,,,false
0.7142857142857142,-1.2051282051282053,1.0,0.0001,0.0,1.0,256,50.0,auto,auto,periodic,,success,,0,0.006408940470902874,50.0,0.006408940470902874,0.93,6.4089e+05,1.025433e+03,3.0109,true
0.7142857142857142,-1.1410256410256412,1.0,0.0001,0.0,1.0,256,50.0,auto,auto,periodic,,success,,0,0.0002196141839446998,50.0,0.0002196141839446998,0.91,2.1961e+04,3.513834e+01,1.5458,true
0.7142857142857142,-1.076923076923077,1.0,0.0001,0.0,1.0,256,50.0,auto,auto,periodic,,success,,0,8.176782725665676e-06,50.0,8.176782725665676e-06,0.96,8.1768e+02,1.308288e+00,0.1167,true
0.7142857142857142,-1.012820512820513,1.0,0.0001,0.0,1.0,256,50.0,auto,auto,periodic,,success,,0,3.2623270943182805e-07,50.0,3.2623270943182805e-07,0.91,3.2623e+01,5.219734e-02,-1.2824,true
0.7142857142857142,-0.9487179487179489,1.0,0.0001,0.0,1.0,256,50.0,auto,auto,periodic,,success,,0,1.3883848684762418e-08,50.0,1.3883848684762418e-08,1.01,1.3884e+00,2.221420e-03,-2.6534,true
0.7142857142857142,-0.884615384615385,1.0,0.0001,0.0,1.0,256,50.0,auto,auto,periodic,,success,,0,6.454889510916562e-10,50.0,6.454889510916562e-10,0.89,6.4549e-02,1.032784e-04,-3.9860,true
0.7142857142857142,-0.8205128205128207,1.0,0.0001,0.0,1.0,256,50.0,auto,auto,periodic,,success,,0,3.49615355473524e-11,50.0,3.49615355473524e-11,0.99,3.4962e-03,5.593857e-06,-5.2523,true
0.7142857142857142,-0.7564102564102564,1.0,0.0001,0.0,1.0,256,50.0,auto,auto,periodic,,success,,0,1.0555942212055082e-12,50.0,1.0555942212055082e-12,0.92,1.0556e-04,1.688954e-07,-6.7724,true
0.7142857142857142,-0.6923076923076925,1.0,0.0001,0.0,1.0,256,50.0,auto,auto,periodic,,success,,0,1.2566242485332821e-12,43.0,1.2304506512238398e-12,0.91,1.2566e-04,2.010603e-07,-6.6967,true
0.7142857142857142,-0.6282051282051286,1.0,0.0001,0.0,1.0,256,50.0,auto,auto,periodic,,success,,0,7.943577811963792e-12,43.0,6.729749731013874e-12,0.97,7.9436e-04,1.270975e-06,-5.8959,true
0.7142857142857142,-0.5641025641025643,1.0,0.0001,0.0,1.0,256,50.0,auto,auto,periodic,,success,,0,1.9059652056798592e-11,43.0,1.4068635188374985e-11,0.95,1.9060e-03,3.049551e-06,-5.5158,true
0.7142857142857142,-0.5,1.0,0.0001,0.0,1.0,256,50.0,auto,auto,periodic,,success,,0,3.3419895283025194e-11,43.0,2.1560541690177014e-11,0.98,3.3420e-03,5.347194e-06,-5.2719,true
0.7551020408163265,-3.0,1.0,0.0001,0.0,1.0,256,50.0,auto,auto,periodic,"Simulation diverged at t=0: eigenvalue Re(λ)=4.612e+00 predicts growth factor 1.40e+100 over Δt=50.0, exceeding threshold 1e+08. The system is physically unstable.",diverged,"Simulation diverged at t=0: eigenvalue Re(λ)=4.612e+00 predicts growth factor 1.40e+100 over Δt=50.0, exceeding threshold 1e+08. The system is physically unstable.",-1,,,,,,,,false
0.7551020408163265,-2.935897435897436,1.0,0.0001,0.0,1.0,256,50.0,auto,auto,periodic,"Simulation diverged at t=0: eigenvalue Re(λ)=2.936e+00 predicts growth factor 5.67e+63 over Δt=50.0, exceeding threshold 1e+08. The system is physically unstable.",diverged,"Simulation diverged at t=0: eigenvalue Re(λ)=2.936e+00 predicts growth factor 5.67e+63 over Δt=50.0, exceeding threshold 1e+08. The system is physically unstable.",-1,,,,,,,,false
0.7551020408163265,-2.871794871794872,1.0,0.0001,0.0,1.0,256,50.0,auto,auto,periodic,"Simulation diverged at t=0: eigenvalue Re(λ)=2.291e+00 predicts growth factor 5.66e+49 over Δt=50.0, exceeding threshold 1e+08. The system is physically unstable.",diverged,"Simulation diverged at t=0: eigenvalue Re(λ)=2.291e+00 predicts growth factor 5.66e+49 over Δt=50.0, exceeding threshold 1e+08. The system is physically unstable.",-1,,,,,,,,false
0.7551020408163265,-2.8076923076923075,1.0,0.0001,0.0,1.0,256,50.0,auto,auto,periodic,"Simulation diverged at t=0: eigenvalue Re(λ)=4.985e+00 predicts growth factor 1.77e+108 over Δt=50.0, exceeding threshold 1e+08. The system is physically unstable.",diverged,"Simulation diverged at t=0: eigenvalue Re(λ)=4.985e+00 predicts growth factor 1.77e+108 over Δt=50.0, exceeding threshold 1e+08. The system is physically unstable.",-1,,,,,,,,false
0.7551020408163265,-2.7435897435897436,1.0,0.0001,0.0,1.0,256,50.0,auto,auto,periodic,"Simulation diverged at t=0: eigenvalue Re(λ)=2.814e+00 predicts growth factor 1.26e+61 over Δt=50.0, exceeding threshold 1e+08. The system is physically unstable.",diverged,"Simulation diverged at t=0: eigenvalue Re(λ)=2.814e+00 predicts growth factor 1.26e+61 over Δt=50.0, exceeding threshold 1e+08. The system is physically unstable.",-1,,,,,,,,false
0.7551020408163265,-2.6794871794871797,1.0,0.0001,0.0,1.0,256,50.0,auto,auto,periodic,"Simulation diverged at t=0: eigenvalue Re(λ)=2.134e+00 predicts growth factor 2.18e+46 over Δt=50.0, exceeding threshold 1e+08. The system is physically unstable.",diverged,"Simulation diverged at t=0: eigenvalue Re(λ)=2.134e+00 predicts growth factor 2.18e+46 over Δt=50.0, exceeding threshold 1e+08. The system is physically unstable.",-1,,,,,,,,false
0.7551020408163265,-2.6153846153846154,1.0,0.0001,0.0,1.0,256,50.0,auto,auto,periodic,"Simulation diverged at t=0: eigenvalue Re(λ)=4.188e+00 predicts growth factor 8.92e+90 over Δt=50.0, exceeding threshold 1e+08. The system is physically unstable.",diverged,"Simulation diverged at t=0: eigenvalue Re(λ)=4.188e+00 predicts growth factor 8.92e+90 over Δt=50.0, exceeding threshold 1e+08. The system is physically unstable.",-1,,,,,,,,false
0.7551020408163265,-2.551282051282051,1.0,0.0001,0.0,1.0,256,50.0,auto,auto,periodic,"Simulation diverged at t=0: eigenvalue Re(λ)=2.437e+00 predicts growth factor 8.46e+52 over Δt=50.0, exceeding threshold 1e+08. The system is physically unstable.",diverged,"Simulation diverged at t=0: eigenvalue Re(λ)=2.437e+00 predicts growth factor 8.46e+52 over Δt=50.0, exceeding threshold 1e+08. The system is physically unstable.",-1,,,,,,,,false
0.7551020408163265,-2.4871794871794872,1.0,0.0001,0.0,1.0,256,50.0,auto,auto,periodic,"Simulation diverged at t=0: eigenvalue Re(λ)=1.858e+00 predicts growth factor 2.23e+40 over Δt=50.0, exceeding threshold 1e+08. The system is physically unstable.",diverged,"Simulation diverged at t=0: eigenvalue Re(λ)=1.858e+00 predicts growth factor 2.23e+40 over Δt=50.0, exceeding threshold 1e+08. The system is physically unstable.",-1,,,,,,,,false
0.7551020408163265,-2.4230769230769234,1.0,0.0001,0.0,1.0,256,50.0,auto,auto,periodic,"Simulation diverged at t=0: eigenvalue Re(λ)=2.870e+00 predicts growth factor 2.11e+62 over Δt=50.0, exceeding threshold 1e+08. The system is physically unstable.",diverged,"Simulation diverged at t=0: eigenvalue Re(λ)=2.870e+00 predicts growth factor 2.11e+62 over Δt=50.0, exceeding threshold 1e+08. The system is physically unstable.",-1,,,,,,,,false
0.7551020408163265,-2.358974358974359,1.0,0.0001,0.0,1.0,256,50.0,auto,auto,periodic,"Simulation diverged at t=0: eigenvalue Re(λ)=1.918e+00 predicts growth factor 4.49e+41 over Δt=50.0, exceeding threshold 1e+08. The system is physically unstable.",diverged,"Simulation diverged at t=0: eigenvalue Re(λ)=1.918e+00 predicts growth factor 4.49e+41 over Δt=50.0, exceeding threshold 1e+08. The system is physically unstable.",-1,,,,,,,,false
0.7551020408163265,-2.2948717948717947,1.0,0.0001,0.0,1.0,256,50.0,auto,auto,periodic,"Simulation diverged at t=0: eigenvalue Re(λ)=3.354e+00 predicts growth factor 6.80e+72 over Δt=50.0, exceeding threshold 1e+08. The system is physically unstable.",diverged,"Simulation diverged at t=0: eigenvalue Re(λ)=3.354e+00 predicts growth factor 6.80e+72 over Δt=50.0, exceeding threshold 1e+08. The system is physically unstable.",-1,,,,,,,,false
0.7551020408163265,-2.230769230769231,1.0,0.0001,0.0,1.0,256,50.0,auto,auto,periodic,"Simulation diverged at t=0: eigenvalue Re(λ)=1.878e+00 predicts growth factor 6.07e+40 over Δt=50.0, exceeding threshold 1e+08. The system is physically unstable.",diverged,"Simulation diverged at t=0: eigenvalue Re(λ)=1.878e+00 predicts growth factor 6.07e+40 over Δt=50.0, exceeding threshold 1e+08. The system is physically unstable.",-1,,,,,,,,false
0.7551020408163265,-2.166666666666667,1.0,0.0001,0.0,1.0,256,50.0,auto,auto,periodic,"Simulation diverged at t=0: eigenvalue Re(λ)=3.247e+00 predicts growth factor 3.18e+70 over Δt=50.0, exceeding threshold 1e+08. The system is physically unstable.",diverged,"Simulation diverged at t=0: eigenvalue Re(λ)=3.247e+00 predicts growth factor 3.18e+70 over Δt=50.0, exceeding threshold 1e+08. The system is physically unstable.",-1,,,,,,,,false
0.7551020408163265,-2.1025641025641026,1.0,0.0001,0.0,1.0,256,50.0,auto,auto,periodic,"Simulation diverged at t=0: eigenvalue Re(λ)=1.666e+00 predicts growth factor 1.54e+36 over Δt=50.0, exceeding threshold 1e+08. The system is physically unstable.",diverged,"Simulation diverged at t=0: eigenvalue Re(λ)=1.666e+00 predicts growth factor 1.54e+36 over Δt=50.0, exceeding threshold 1e+08. The system is physically unstable.",-1,,,,,,,,false
0.7551020408163265,-2.0384615384615383,1.0,0.0001,0.0,1.0,256,50.0,auto,auto,periodic,"Simulation diverged at t=0: eigenvalue Re(λ)=2.246e+00 predicts growth factor 6.00e+48 over Δt=50.0, exceeding threshold 1e+08. The system is physically unstable.",diverged,"Simulation diverged at t=0: eigenvalue Re(λ)=2.246e+00 predicts growth factor 6.00e+48 over Δt=50.0, exceeding threshold 1e+08. The system is physically unstable.",-1,,,,,,,,false
0.7551020408163265,-1.9743589743589745,1.0,0.0001,0.0,1.0,256,50.0,auto,auto,periodic,"Simulation diverged at t=0: eigenvalue Re(λ)=1.293e+01 predicts growth factor 7.34e+280 over Δt=50.0, exceeding threshold 1e+08. The system is physically unstable.",diverged,"Simulation diverged at t=0: eigenvalue Re(λ)=1.293e+01 predicts growth factor 7.34e+280 over Δt=50.0, exceeding threshold 1e+08. The system is physically unstable.",-1,,,,,,,,false
0.7551020408163265,-1.9102564102564104,1.0,0.0001,0.0,1.0,256,50.0,auto,auto,periodic,"Simulation diverged at t=0: eigenvalue Re(λ)=1.345e+00 predicts growth factor 1.59e+29 over Δt=50.0, exceeding threshold 1e+08. The system is physically unstable.",diverged,"Simulation diverged at t=0: eigenvalue Re(λ)=1.345e+00 predicts growth factor 1.59e+29 over Δt=50.0, exceeding threshold 1e+08. The system is physically unstable.",-1,,,,,,,,false
0.7551020408163265,-1.8461538461538463,1.0,0.0001,0.0,1.0,256,50.0,auto,auto,periodic,"Simulation diverged at t=0: eigenvalue Re(λ)=1.239e+00 predicts growth factor 8.06e+26 over Δt=50.0, exceeding threshold 1e+08. The system is physically unstable.",diverged,"Simulation diverged at t=0: eigenvalue Re(λ)=1.239e+00 predicts growth factor 8.06e+26 over Δt=50.0, exceeding threshold 1e+08. The system is physically unstable.",-1,,,,,,,,false
0.7551020408163265,-1.7820512820512822,1.0,0.0001,0.0,1.0,256,50.0,auto,auto,periodic,"Simulation diverged at t=0: eigenvalue Re(λ)=2.144e+00 predicts growth factor 3.67e+46 over Δt=50.0, exceeding threshold 1e+08. The system is physically unstable.",diverged,"Simulation diverged at t=0: eigenvalue Re(λ)=2.144e+00 predicts growth factor 3.67e+46 over Δt=50.0, exceeding threshold 1e+08. The system is physically unstable.",-1,,,,,,,,false
0.7551020408163265,-1.717948717948718,1.0,0.0001,0.0,1.0,256,50.0,auto,auto,periodic,"Simulation diverged at t=0: eigenvalue Re(λ)=5.029e-01 predicts growth factor 8.34e+10 over Δt=50.0, exceeding threshold 1e+08. The system is physically unstable.",diverged,"Simulation diverged at t=0: eigenvalue Re(λ)=5.029e-01 predicts growth factor 8.34e+10 over Δt=50.0, exceeding threshold 1e+08. The system is physically unstable.",-1,,,,,,,,false
0.7551020408163265,-1.653846153846154,1.0,0.0001,0.0,1.0,256,50.0,auto,auto,periodic,"Simulation diverged at t=0: eigenvalue Re(λ)=4.486e-01 predicts growth factor 5.52e+09 over Δt=50.0, exceeding threshold 1e+08. The system is physically unstable.",diverged,"Simulation diverged at t=0: eigenvalue Re(λ)=4.486e-01 predicts growth factor 5.52e+09 over Δt=50.0, exceeding threshold 1e+08. The system is physically unstable.",-1,,,,,,,,false
0.7551020408163265,-1.5897435897435899,1.0,0.0001,0.0,1.0,256,50.0,auto,auto,periodic,"Simulation diverged at t=0: eigenvalue Re(λ)=3.720e-01 predicts growth factor 1.19e+08 over Δt=50.0, exceeding threshold 1e+08. The system is physically unstable.",diverged,"Simulation diverged at t=0: eigenvalue Re(λ)=3.720e-01 predicts growth factor 1.19e+08 over Δt=50.0, exceeding threshold 1e+08. The system is physically unstable.",-1,,,,,,,,false
0.7551020408163265,-1.5256410256410258,1.0,0.0001,0.0,1.0,256,50.0,auto,auto,periodic,"Simulation diverged at t=0: eigenvalue Re(λ)=3.804e-01 predicts growth factor 1.82e+08 over Δt=50.0, exceeding threshold 1e+08. The system is physically unstable.",diverged,"Simulation diverged at t=0: eigenvalue Re(λ)=3.804e-01 predicts growth factor 1.82e+08 over Δt=50.0, exceeding threshold 1e+08. The system is physically unstable.",-1,,,,,,,,false
0.7551020408163265,-1.4615384615384617,1.0,0.0001,0.0,1.0,256,50.0,auto,auto,periodic,"Simulation diverged at t=0: eigenvalue Re(λ)=3.769e-01 predicts growth factor 1.53e+08 over Δt=50.0, exceeding threshold 1e+08. The system is physically unstable.",diverged,"Simulation diverged at t=0: eigenvalue Re(λ)=3.769e-01 predicts growth factor 1.53e+08 over Δt=50.0, exceeding threshold 1e+08. The system is physically unstable.",-1,,,,,,,,false
0.7551020408163265,-1.3974358974358976,1.0,0.0001,0.0,1.0,256,50.0,auto,auto,periodic,"Simulation diverged at t=0: eigenvalue Re(λ)=3.718e-01 predicts growth factor 1.18e+08 over Δt=50.0, exceeding threshold 1e+08. The system is physically unstable.",diverged,"Simulation diverged at t=0: eigenvalue Re(λ)=3.718e-01 predicts growth factor 1.18e+08 over Δt=50.0, exceeding threshold 1e+08. The system is physically unstable.",-1,,,,,,,,false
0.7551020408163265,-1.3333333333333335,1.0,0.0001,0.0,1.0,256,50.0,auto,auto,periodic,,success,,0,98.93258991405989,50.0,98.93258991405989,1.04,9.8933e+09,,,false
0.7551020408163265,-1.2692307692307694,1.0,0.0001,0.0,1.0,256,50.0,auto,auto,periodic,,success,,0,3.5245045409806854,50.0,3.5245045409806854,1.13,3.5245e+08,,,false
0.7551020408163265,-1.2051282051282053,1.0,0.0001,0.0,1.0,256,50.0,auto,auto,periodic,,success,,0,0.14266284596676465,50.0,0.14266284596676465,1.09,1.4266e+07,,,false
0.7551020408163265,-1.1410256410256412,1.0,0.0001,0.0,1.0,256,50.0,auto,auto,periodic,,success,,0,0.006392944229009581,50.0,0.006392944229009581,1.08,6.3929e+05,1.022873e+03,3.0098,true
0.7551020408163265,-1.076923076923077,1.0,0.0001,0.0,1.0,256,50.0,auto,auto,periodic,,success,,0,0.0003110907848716231,50.0,0.0003110907848716231,0.96,3.1109e+04,4.977463e+01,1.6970,true
0.7551020408163265,-1.012820512820513,1.0,0.0001,0.0,1.0,256,50.0,auto,auto,periodic,,success,,0,1.6200587017572044e-05,50.0,1.6200587017572044e-05,0.91,1.6201e+03,2.592099e+00,0.4137,true
0.7551020408163265,-0.9487179487179489,1.0,0.0001,0.0,1.0,256,50.0,auto,auto,periodic,,success,,0,8.932880855460459e-07,50.0,8.932880855460459e-07,0.91,8.9329e+01,1.429264e-01,-0.8449,true
0.7551020408163265,-0.884615384615385,1.0,0.0001,0.0,1.0,256,50.0,auto,auto,periodic,,success,,0,5.185057606414773e-08,50.0,5.185057606414773e-08,0.9,5.1851e+00,8.296109e-03,-2.0811,true
0.7551020408163265,-0.8205128205128207,1.0,0.0001,0.0,1.0,256,50.0,auto,auto,periodic,,success,,0,3.1870273545086665e-09,50.0,3.1870273545086665e-09,0.91,3.1870e-01,5.099254e-04,-3.2925,true
0.7551020408163265,-0.7564102564102564,1.0,0.0001,0.0,1.0,256,50.0,auto,auto,periodic,,success,,0,2.156198220859747e-10,50.0,2.156198220859747e-10,0.9,2.1562e-02,3.449924e-05,-4.4622,true
0.7551020408163265,-0.6923076923076925,1.0,0.0001,0.0,1.0,256,50.0,auto,auto,periodic,,success,,0,1.6196526643705698e-11,50.0,1.6196526643705698e-11,0.92,1.6197e-03,2.591450e-06,-5.5865,true
0.7551020408163265,-0.6282051282051286,1.0,0.0001,0.0,1.0,256,50.0,auto,auto,periodic,,success,,0,3.641867954817194e-13,50.0,3.641867954817194e-13,0.91,3.6419e-05,5.827001e-08,-7.2346,true
0.7551020408163265,-0.5641025641025643,1.0,0.0001,0.0,1.0,256,50.0,auto,auto,periodic,,success,,0,1.4843940321152986e-12,43.0,1.4414598276792238e-12,0.97,1.4844e-04,2.375035e-07,-6.6243,true
0.7551020408163265,-0.5,1.0,0.0001,0.0,1.0,256,50.0,auto,auto,periodic,,success,,0,7.484652930548789e-12,43.0,6.386368318195264e-12,0.96,7.4847e-04,1.197547e-06,-5.9217,true
0.7959183673469385,-3.0,1.0,0.0001,0.0,1.0,256,50.0,auto,auto,periodic,"Simulation diverged at t=0: eigenvalue Re(λ)=2.315e+00 predicts growth factor 1.90e+50 over Δt=50.0, exceeding threshold 1e+08. The system is physically unstable.",diverged,"Simulation diverged at t=0: eigenvalue Re(λ)=2.315e+00 predicts growth factor 1.90e+50 over Δt=50.0, exceeding threshold 1e+08. The system is physically unstable.",-1,,,,,,,,false
0.7959183673469385,-2.935897435897436,1.0,0.0001,0.0,1.0,256,50.0,auto,auto,periodic,"Simulation diverged at t=0: eigenvalue Re(λ)=5.997e+00 predicts growth factor 1.69e+130 over Δt=50.0, exceeding threshold 1e+08. The system is physically unstable.",diverged,"Simulation diverged at t=0: eigenvalue Re(λ)=5.997e+00 predicts growth factor 1.69e+130 over Δt=50.0, exceeding threshold 1e+08. The system is physically unstable.",-1,,,,,,,,false
0.7959183673469385,-2.871794871794872,1.0,0.0001,0.0,1.0,256,50.0,auto,auto,periodic,"Simulation diverged at t=0: eigenvalue Re(λ)=3.100e+00 predicts growth factor 2.09e+67 over Δt=50.0, exceeding threshold 1e+08. The system is physically unstable.",diverged,"Simulation diverged at t=0: eigenvalue Re(λ)=3.100e+00 predicts growth factor 2.09e+67 over Δt=50.0, exceeding threshold 1e+08. The system is physically unstable.",-1,,,,,,,,false
0.7959183673469385,-2.8076923076923075,1.0,0.0001,0.0,1.0,256,50.0,auto,auto,periodic,"Simulation diverged at t=0: eigenvalue Re(λ)=2.319e+00 predicts growth factor 2.26e+50 over Δt=50.0, exceeding threshold 1e+08. The system is physically unstable.",diverged,"Simulation diverged at t=0: eigenvalue Re(λ)=2.319e+00 predicts growth factor 2.26e+50 over Δt=50.0, exceeding threshold 1e+08. The system is physically unstable.",-1,,,,,,,,false
0.7959183673469385,-2.7435897435897436,1.0,0.0001,0.0,1.0,256,50.0,auto,auto,periodic,"Simulation diverged at t=0: eigenvalue Re(λ)=1.013e+01 predicts growth factor 9.75e+219 over Δt=50.0, exceeding threshold 1e+08. The system is physically unstable.",diverged,"Simulation diverged at t=0: eigenvalue Re(λ)=1.013e+01 predicts growth factor 9.75e+219 over Δt=50.0, exceeding threshold 1e+08. The system is physically unstable.",-1,,,,,,,,false
0.7959183673469385,-2.6794871794871797,1.0,0.0001,0.0,1.0,256,50.0,auto,auto,periodic,"Simulation diverged at t=0: eigenvalue Re(λ)=3.074e+00 predicts growth factor 5.60e+66 over Δt=50.0, exceeding threshold 1e+08. The system is physically unstable.",diverged,"Simulation diverged at t=0: eigenvalue Re(λ)=3.074e+00 predicts growth factor 5.60e+66 over Δt=50.0, exceeding threshold 1e+08. The system is physically unstable.",-1,,,,,,,,false
0.7959183673469385,-2.6153846153846154,1.0,0.0001,0.0,1.0,256,50.0,auto,auto,periodic,"Simulation diverged at t=0: eigenvalue Re(λ)=2.185e+00 predicts growth factor 2.78e+47 over Δt=50.0, exceeding threshold 1e+08. The system is physically unstable.",diverged,"Simulation diverged at t=0: eigenvalue Re(λ)=2.185e+00 predicts growth factor 2.78e+47 over Δt=50.0, exceeding threshold 1e+08. The system is physically unstable.",-1,,,,,,,,false
0.7959183673469385,-2.551282051282051,1.0,0.0001,0.0,1.0,256,50.0,auto,auto,periodic,"Simulation diverged at t=0: eigenvalue Re(λ)=7.683e+00 predicts growth factor 6.70e+166 over Δt=50.0, exceeding threshold 1e+08. The system is physically unstable.",diverged,"Simulation diverged at t=0: eigenvalue Re(λ)=7.683e+00 predicts growth factor 6.70e+166 over Δt=50.0, exceeding threshold 1e+08. The system is physically unstable.",-1,,,,,,,,false
0.7959183673469385,-2.4871794871794872,1.0,0.0001,0.0,1.0,256,50.0,auto,auto,periodic,"Simulation diverged at t=0: eigenvalue Re(λ)=2.645e+00 predicts growth factor 2.66e+57 over Δt=50.0, exceeding threshold 1e+08. The system is physically unstable.",diverged,"Simulation diverged at t=0: eigenvalue Re(λ)=2.645e+00 predicts growth factor 2.66e+57 over Δt=50.0, exceeding threshold 1e+08. The system is physically unstable.",-1,,,,,,,,false
0.7959183673469385,-2.4230769230769234,1.0,0.0001,0.0,1.0,256,50.0,auto,auto,periodic,"Simulation diverged at t=0: eigenvalue Re(λ)=1.891e+00 predicts growth factor 1.17e+41 over Δt=50.0, exceeding threshold 1e+08. The system is physically unstable.",diverged,"Simulation diverged at t=0: eigenvalue Re(λ)=1.891e+00 predicts growth factor 1.17e+41 over Δt=50.0, exceeding threshold 1e+08. The system is physically unstable.",-1,,,,,,,,false
0.7959183673469385,-2.358974358974359,1.0,0.0001,0.0,1.0,256,50.0,auto,auto,periodic,"Simulation diverged at t=0: eigenvalue Re(λ)=3.546e+00 predicts growth factor 1.02e+77 over Δt=50.0, exceeding threshold 1e+08. The system is physically unstable.",diverged,"Simulation diverged at t=0: eigenvalue Re(λ)=3.546e+00 predicts growth factor 1.02e+77 over Δt=50.0, exceeding threshold 1e+08. The system is physically unstable.",-1,,,,,,,,false
0.7959183673469385,-2.2948717948717947,1.0,0.0001,0.0,1.0,256,50.0,auto,auto,periodic,"Simulation diverged at t=0: eigenvalue Re(λ)=1.988e+00 predicts growth factor 1.48e+43 over Δt=50.0, exceeding threshold 1e+08. The system is physically unstable.",diverged,"Simulation diverged at t=0: eigenvalue Re(λ)=1.988e+00 predicts growth factor 1.48e+43 over Δt=50.0, exceeding threshold 1e+08. The system is physically unstable.",-1,,,,,,,,false
0.7959183673469385,-2.230769230769231,1.0,0.0001,0.0,1.0,256,50.0,auto,auto,periodic,"Simulation diverged at t=0: eigenvalue Re(λ)=5.559e+00 predicts growth factor 5.05e+120 over Δt=50.0, exceeding threshold 1e+08. The system is physically unstable.",diverged,"Simulation diverged at t=0: eigenvalue Re(λ)=5.559e+00 predicts growth factor 5.05e+120 over Δt=50.0, exceeding threshold 1e+08. The system is physically unstable.",-1,,,,,,,,false
0.7959183673469385,-2.166666666666667,1.0,0.0001,0.0,1.0,256,50.0,auto,auto,periodic,"Simulation diverged at t=0: eigenvalue Re(λ)=1.946e+00 predicts growth factor 1.78e+42 over Δt=50.0, exceeding threshold 1e+08. The system is physically unstable.",diverged,"Simulation diverged at t=0: eigenvalue Re(λ)=1.946e+00 predicts growth factor 1.78e+42 over Δt=50.0, exceeding threshold 1e+08. The system is physically unstable.",-1,,,,,,,,false
0.7959183673469385,-2.1025641025641026,1.0,0.0001,0.0,1.0,256,50.0,auto,auto,periodic,"Simulation diverged at t=0: eigenvalue Re(λ)=5.200e+00 predicts growth factor 8.25e+112 over Δt=50.0, exceeding threshold 1e+08. The system is physically unstable.",diverged,"Simulation diverged at t=0: eigenvalue Re(λ)=5.200e+00 predicts growth factor 8.25e+112 over Δt=50.0, exceeding threshold 1e+08. The system is physically unstable.",-1,,,,,,,,false
0.7959183673469385,-2.0384615384615383,1.0,0.0001,0.0,1.0,256,50.0,auto,auto,periodic,"Simulation diverged at t=0: eigenvalue Re(λ)=1.651e+00 predicts growth factor 7.27e+35 over Δt=50.0, exceeding threshold 1e+08. The system is physically unstable.",diverged,"Simulation diverged at t=0: eigenvalue Re(λ)=1.651e+00 predicts growth factor 7.27e+35 over Δt=50.0, exceeding threshold 1e+08. The system is physically unstable.",-1,,,,,,,,false
0.7959183673469385,-1.9743589743589745,1.0,0.0001,0.0,1.0,256,50.0,auto,auto,periodic,"Simulation diverged at t=0: eigenvalue Re(λ)=2.289e+00 predicts growth factor 5.13e+49 over Δt=50.0, exceeding threshold 1e+08. The system is physically unstable.",diverged,"Simulation diverged at t=0: eigenvalue Re(λ)=2.289e+00 predicts growth factor 5.13e+49 over Δt=50.0, exceeding threshold 1e+08. The system is physically unstable.",-1,,,,,,,,false
0.7959183673469385,-1.9102564102564104,1.0,0.0001,0.0,1.0,256,50.0,auto,auto,periodic,"Simulation diverged at t=0: eigenvalue Re(λ)=1.196e+00 predicts growth factor 9.39e+25 over Δt=50.0, exceeding threshold 1e+08. The system is physically unstable.",diverged,"Simulation diverged at t=0: eigenvalue Re(λ)=1.196e+00 predicts growth factor 9.39e+25 over Δt=50.0, exceeding threshold 1e+08. The system is physically unstable.",-1,,,,,,,,false
0.7959183673469385,-1.8461538461538463,1.0,0.0001,0.0,1.0,256,50.0,auto,auto,periodic,"Simulation diverged at t=0: eigenvalue Re(λ)=1.126e+00 predicts growth factor 2.85e+24 over Δt=50.0, exceeding threshold 1e+08. The system is physically unstable.",diverged,"Simulation diverged at t=0: eigenvalue Re(λ)=1.126e+00 predicts growth factor 2.85e+24 over Δt=50.0, exceeding threshold 1e+08. The system is physically unstable.",-1,,,,,,,,false
0.7959183673469385,-1.7820512820512822,1.0,0.0001,0.0,1.0,256,50.0,auto,auto,periodic,"Simulation diverged at t=0: eigenvalue Re(λ)=1.593e+00 predicts growth factor 3.83e+34 over Δt=50.0, exceeding threshold 1e+08. The system is physically unstable.",diverged,"Simulation diverged at t=0: eigenvalue Re(λ)=1.593e+00 predicts growth factor 3.83e+34 over Δt=50.0, exceeding threshold 1e+08. The system is physically unstable.",-1,,,,,,,,false
0.7959183673469385,-1.717948717948718,1.0,0.0001,0.0,1.0,256,50.0,auto,auto,periodic,"Simulation diverged at t=0: eigenvalue Re(λ)=5.160e-01 predicts growth factor 1.60e+11 over Δt=50.0, exceeding threshold 1e+08. The system is physically unstable.",diverged,"Simulation diverged at t=0: eigenvalue Re(λ)=5.160e-01 predicts growth factor 1.60e+11 over Δt=50.0, exceeding threshold 1e+08. The system is physically unstable.",-1,,,,,,,,false
0.7959183673469385,-1.653846153846154,1.0,0.0001,0.0,1.0,256,50.0,auto,auto,periodic,"Simulation diverged at t=0: eigenvalue Re(λ)=4.635e-01 predicts growth factor 1.16e+10 over Δt=50.0, exceeding threshold 1e+08. The system is physically unstable.",diverged,"Simulation diverged at t=0: eigenvalue Re(λ)=4.635e-01 predicts growth factor 1.16e+10 over Δt=50.0, exceeding threshold 1e+08. The system is physically unstable.",-1,,,,,,,,false
0.7959183673469385,-1.5897435897435899,1.0,0.0001,0.0,1.0,256,50.0,auto,auto,periodic,"Simulation diverged at t=0: eigenvalue Re(λ)=3.882e-01 predicts growth factor 2.69e+08 over Δt=50.0, exceeding threshold 1e+08. The system is physically unstable.",diverged,"Simulation diverged at t=0: eigenvalue Re(λ)=3.882e-01 predicts growth factor 2.69e+08 over Δt=50.0, exceeding threshold 1e+08. The system is physically unstable.",-1,,,,,,,,false
0.7959183673469385,-1.5256410256410258,1.0,0.0001,0.0,1.0,256,50.0,auto,auto,periodic,"Simulation diverged at t=0: eigenvalue Re(λ)=3.977e-01 predicts growth factor 4.33e+08 over Δt=50.0, exceeding threshold 1e+08. The system is physically unstable.",diverged,"Simulation diverged at t=0: eigenvalue Re(λ)=3.977e-01 predicts growth factor 4.33e+08 over Δt=50.0, exceeding threshold 1e+08. The system is physically unstable.",-1,,,,,,,,false
0.7959183673469385,-1.4615384615384617,1.0,0.0001,0.0,1.0,256,50.0,auto,auto,periodic,"Simulation diverged at t=0: eigenvalue Re(λ)=3.955e-01 predicts growth factor 3.87e+08 over Δt=50.0, exceeding threshold 1e+08. The system is physically unstable.",diverged,"Simulation diverged at t=0: eigenvalue Re(λ)=3.955e-01 predicts growth factor 3.87e+08 over Δt=50.0, exceeding threshold 1e+08. The system is physically unstable.",-1,,,,,,,,false
0.7959183673469385,-1.3974358974358976,1.0,0.0001,0.0,1.0,256,50.0,auto,auto,periodic,"Simulation diverged at t=0: eigenvalue Re(λ)=3.827e-01 predicts growth factor 2.04e+08 over Δt=50.0, exceeding threshold 1e+08. The system is physically unstable.",diverged,"Simulation diverged at t=0: eigenvalue Re(λ)=3.827e-01 predicts growth factor 2.04e+08 over Δt=50.0, exceeding threshold 1e+08. The system is physically unstable.",-1,,,,,,,,false
0.7959183673469385,-1.3333333333333335,1.0,0.0001,0.0,1.0,256,50.0,auto,auto,periodic,,success,,0,939.6906901306094,50.0,939.6906901306094,0.91,9.3969e+10,,,false
0.7959183673469385,-1.2692307692307694,1.0,0.0001,0.0,1.0,256,50.0,auto,auto,periodic,,success,,0,42.32474887306436,50.0,42.32474887306436,0.9,4.2325e+09,,,false
0.7959183673469385,-1.2051282051282053,1.0,0.0001,0.0,1.0,256,50.0,auto,auto,periodic,,success,,0,2.1586041512632583,50.0,2.1586041512632583,0.89,2.1586e+08,,,false
0.7959183673469385,-1.1410256410256412,1.0,0.0001,0.0,1.0,256,50.0,auto,auto,periodic,,success,,0,0.12163454922517558,50.0,0.12163454922517558,0.92,1.2163e+07,,,false
0.7959183673469385,-1.076923076923077,1.0,0.0001,0.0,1.0,256,50.0,auto,auto,periodic,,success,,0,0.007435356790281475,50.0,0.007435356790281475,1.02,7.4354e+05,1.189660e+03,3.0754,true
0.7959183673469385,-1.012820512820513,1.0,0.0001,0.0,1.0,256,50.0,auto,auto,periodic,,success,,0,0.0004861966630083162,50.0,0.0004861966630083162,0.93,4.8620e+04,7.779163e+01,1.8909,true
0.7959183673469385,-0.9487179487179489,1.0,0.0001,0.0,1.0,256,50.0,auto,auto,periodic,,success,,0,3.3638899951209704e-05,50.0,3.3638899951209704e-05,0.99,3.3639e+03,5.382235e+00,0.7310,true
0.7959183673469385,-0.884615384615385,1.0,0.0001,0.0,1.0,256,50.0,auto,auto,periodic,,success,,0,2.4420794537512875e-06,50.0,2.4420794537512875e-06,0.96,2.4421e+02,3.907335e-01,-0.4081,true
0.7959183673469385,-0.8205128205128207,1.0,0.0001,0.0,1.0,256,50.0,auto,auto,periodic,,success,,0,1.8498992201350043e-07,50.0,1.8498992201350043e-07,1.22,1.8499e+01,2.959845e-02,-1.5287,true
0.7959183673469385,-0.7564102564102564,1.0,0.0001,0.0,1.0,256,50.0,auto,auto,periodic,,success,,0,1.4614836837821386e-08,50.0,1.4614836837821386e-08,1.32,1.4615e+00,2.338379e-03,-2.6311,true
0.7959183673469385,-0.6923076923076925,1.0,0.0001,0.0,1.0,256,50.0,auto,auto,periodic,,success,,0,1.220349526056572e-09,50.0,1.220349526056572e-09,1.19,1.2203e-01,1.952563e-04,-3.7094,true
0.7959183673469385,-0.6282051282051286,1.0,0.0001,0.0,1.0,256,50.0,auto,auto,periodic,,success,,0,1.121006005888694e-10,50.0,1.121006005888694e-10,1.12,1.1210e-02,1.793613e-05,-4.7463,true
0.7959183673469385,-0.5641025641025643,1.0,0.0001,0.0,1.0,256,50.0,auto,auto,periodic,,success,,0,1.0758583564212868e-11,50.0,1.0758583564212868e-11,0.96,1.0759e-03,1.721377e-06,-5.7641,true
0.7959183673469385,-0.5,1.0,0.0001,0.0,1.0,256,50.0,auto,auto,periodic,,success,,0,2.3975116783985735e-13,50.0,2.3975116783985735e-13,1.09,2.3975e-05,3.836027e-08,-7.4161,true
0.8367346938775508,-3.0,1.0,0.0001,0.0,1.0,256,50.0,auto,auto,periodic,"Simulation diverged at t=0: eigenvalue Re(λ)=3.284e+00 predicts growth factor 2.04e+71 over Δt=50.0, exceeding threshold 1e+08. The system is physically unstable.",diverged,"Simulation diverged at t=0: eigenvalue Re(λ)=3.284e+00 predicts growth factor 2.04e+71 over Δt=50.0, exceeding threshold 1e+08. The system is physically unstable.",-1,,,,,,,,false
0.8367346938775508,-2.935897435897436,1.0,0.0001,0.0,1.0,256,50.0,auto,auto,periodic,"Simulation diverged at t=0: eigenvalue Re(λ)=2.456e+00 predicts growth factor 2.11e+53 over Δt=50.0, exceeding threshold 1e+08. The system is physically unstable.",diverged,"Simulation diverged at t=0: eigenvalue Re(λ)=2.456e+00 predicts growth factor 2.11e+53 over Δt=50.0, exceeding threshold 1e+08. The system is physically unstable.",-1,,,,,,,,false
0.8367346938775508,-2.871794871794872,1.0,0.0001,0.0,1.0,256,50.0,auto,auto,periodic,"Simulation diverged at t=0: eigenvalue Re(λ)=2.025e+00 predicts growth factor 9.18e+43 over Δt=50.0, exceeding threshold 1e+08. The system is physically unstable.",diverged,"Simulation diverged at t=0: eigenvalue Re(λ)=2.025e+00 predicts growth factor 9.18e+43 over Δt=50.0, exceeding threshold 1e+08. The system is physically unstable.",-1,,,,,,,,false
0.8367346938775508,-2.8076923076923075,1.0,0.0001,0.0,1.0,256,50.0,auto,auto,periodic,"Simulation diverged at t=0: eigenvalue Re(λ)=3.963e+00 predicts growth factor 1.11e+86 over Δt=50.0, exceeding threshold 1e+08. The system is physically unstable.",diverged,"Simulation diverged at t=0: eigenvalue Re(λ)=3.963e+00 predicts growth factor 1.11e+86 over Δt=50.0, exceeding threshold 1e+08. The system is physically unstable.",-1,,,,,,,,false
0.8367346938775508,-2.7435897435897436,1.0,0.0001,0.0,1.0,256,50.0,auto,auto,periodic,"Simulation diverged at t=0: eigenvalue Re(λ)=2.547e+00 predicts growth factor 2.07e+55 over Δt=50.0, exceeding threshold 1e+08. The system is physically unstable.",diverged,"Simulation diverged at t=0: eigenvalue Re(λ)=2.547e+00 predicts growth factor 2.07e+55 over Δt=50.0, exceeding threshold 1e+08. The system is physically unstable.",-1,,,,,,,,false
0.8367346938775508,-2.6794871794871797,1.0,0.0001,0.0,1.0,256,50.0,auto,auto,periodic,"Simulation diverged at t=0: eigenvalue Re(λ)=1.996e+00 predicts growth factor 2.19e+43 over Δt=50.0, exceeding threshold 1e+08. The system is physically unstable.",diverged,"Simulation diverged at t=0: eigenvalue Re(λ)=1.996e+00 predicts growth factor 2.19e+43 over Δt=50.0, exceeding threshold 1e+08. The system is physically unstable.",-1,,,,,,,,false
0.8367346938775508,-2.6153846153846154,1.0,0.0001,0.0,1.0,256,50.0,auto,auto,periodic,"Simulation diverged at t=0: eigenvalue Re(λ)=4.391e+00 predicts growth factor 2.27e+95 over Δt=50.0, exceeding threshold 1e+08. The system is physically unstable.",diverged,"Simulation diverged at t=0: eigenvalue Re(λ)=4.391e+00 predicts growth factor 2.27e+95 over Δt=50.0, exceeding threshold 1e+08. The system is physically unstable.",-1,,,,,,,,false
0.8367346938775508,-2.551282051282051,1.0,0.0001,0.0,1.0,256,50.0,auto,auto,periodic,"Simulation diverged at t=0: eigenvalue Re(λ)=2.439e+00 predicts growth factor 9.32e+52 over Δt=50.0, exceeding threshold 1e+08. The system is physically unstable.",diverged,"Simulation diverged at t=0: eigenvalue Re(λ)=2.439e+00 predicts growth factor 9.32e+52 over Δt=50.0, exceeding threshold 1e+08. The system is physically unstable.",-1,,,,,,,,false
0.8367346938775508,-2.4871794871794872,1.0,0.0001,0.0,1.0,256,50.0,auto,auto,periodic,"Simulation diverged at t=0: eigenvalue Re(λ)=1.847e+00 predicts growth factor 1.29e+40 over Δt=50.0, exceeding threshold 1e+08. The system is physically unstable.",diverged,"Simulation diverged at t=0: eigenvalue Re(λ)=1.847e+00 predicts growth factor 1.29e+40 over Δt=50.0, exceeding threshold 1e+08. The system is physically unstable.",-1,,,,,,,,false
0.8367346938775508,-2.4230769230769234,1.0,0.0001,0.0,1.0,256,50.0,auto,auto,periodic,"Simulation diverged at t=0: eigenvalue Re(λ)=3.549e+00 predicts growth factor 1.14e+77 over Δt=50.0, exceeding threshold 1e+08. The system is physically unstable.",diverged,"Simulation diverged at t=0: eigenvalue Re(λ)=3.549e+00 predicts growth factor 1.14e+77 over Δt=50.0, exceeding threshold 1e+08. The system is physically unstable.",-1,,,,,,,,false
0.8367346938775508,-2.358974358974359,1.0,0.0001,0.0,1.0,256,50.0,auto,auto,periodic,"Simulation diverged at t=0: eigenvalue Re(λ)=2.060e+00 predicts growth factor 5.28e+44 over Δt=50.0, exceeding threshold 1e+08. The system is physically unstable.",diverged,"Simulation diverged at t=0: eigenvalue Re(λ)=2.060e+00 predicts growth factor 5.28e+44 over Δt=50.0, exceeding threshold 1e+08. The system is physically unstable.",-1,,,,,,,,false
0.8367346938775508,-2.2948717948717947,1.0,0.0001,0.0,1.0,256,50.0,auto,auto,periodic,"Simulation diverged at t=0: eigenvalue Re(λ)=1.572e+00 predicts growth factor 1.36e+34 over Δt=50.0, exceeding threshold 1e+08. The system is physically unstable.",diverged,"Simulation diverged at t=0: eigenvalue Re(λ)=1.572e+00 predicts growth factor 1.36e+34 over Δt=50.0, exceeding threshold 1e+08. The system is physically unstable.",-1,,,,,,,,false
0.8367346938775508,-2.230769230769231,1.0,0.0001,0.0,1.0,256,50.0,auto,auto,periodic,"Simulation diverged at t=0: eigenvalue Re(λ)=2.260e+00 predicts growth factor 1.20e+49 over Δt=50.0, exceeding threshold 1e+08. The system is physically unstable.",diverged,"Simulation diverged at t=0: eigenvalue Re(λ)=2.260e+00 predicts growth factor 1.20e+49 over Δt=50.0, exceeding threshold 1e+08. The system is physically unstable.",-1,,,,,,,,false
0.8367346938775508,-2.166666666666667,1.0,0.0001,0.0,1.0,256,50.0,auto,auto,periodic,"Simulation diverged at t=0: eigenvalue Re(λ)=1.546e+00 predicts growth factor 3.79e+33 over Δt=50.0, exceeding threshold 1e+08. The system is physically unstable.",diverged,"Simulation diverged at t=0: eigenvalue Re(λ)=1.546e+00 predicts growth factor 3.79e+33 over Δt=50.0, exceeding threshold 1e+08. The system is physically unstable.",-1,,,,,,,,false
0.8367346938775508,-2.1025641025641026,1.0,0.0001,0.0,1.0,256,50.0,auto,auto,periodic,"Simulation diverged at t=0: eigenvalue Re(λ)=2.204e+00 predicts growth factor 7.33e+47 over Δt=50.0, exceeding threshold 1e+08. The system is physically unstable.",diverged,"Simulation diverged at t=0: eigenvalue Re(λ)=2.204e+00 predicts growth factor 7.33e+47 over Δt=50.0, exceeding threshold 1e+08. The system is physically unstable.",-1,,,,,,,,false
0.8367346938775508,-2.0384615384615383,1.0,0.0001,0.0,1.0,256,50.0,auto,auto,periodic,"Simulation diverged at t=0: eigenvalue Re(λ)=1.390e+00 predicts growth factor 1.54e+30 over Δt=50.0, exceeding threshold 1e+08. The system is physically unstable.",diverged,"Simulation diverged at t=0: eigenvalue Re(λ)=1.390e+00 predicts growth factor 1.54e+30 over Δt=50.0, exceeding threshold 1e+08. The system is physically unstable.",-1,,,,,,,,false
0.8367346938775508,-1.9743589743589745,1.0,0.0001,0.0,1.0,256,50.0,auto,auto,periodic,"Simulation diverged at t=0: eigenvalue Re(λ)=1.679e+00 predicts growth factor 2.88e+36 over Δt=50.0, exceeding threshold 1e+08. The system is physically unstable.",diverged,"Simulation diverged at t=0: eigenvalue Re(λ)=1.679e+00 predicts growth factor 2.88e+36 over Δt=50.0, exceeding threshold 1e+08. The system is physically unstable.",-1,,,,,,,,false
0.8367346938775508,-1.9102564102564104,1.0,0.0001,0.0,1.0,256,50.0,auto,auto,periodic,"Simulation diverged at t=0: eigenvalue Re(λ)=2.364e+00 predicts growth factor 2.15e+51 over Δt=50.0, exceeding threshold 1e+08. The system is physically unstable.",diverged,"Simulation diverged at t=0: eigenvalue Re(λ)=2.364e+00 predicts growth factor 2.15e+51 over Δt=50.0, exceeding threshold 1e+08. The system is physically unstable.",-1,,,,,,,,false
0.8367346938775508,-1.8461538461538463,1.0,0.0001,0.0,1.0,256,50.0,auto,auto,periodic,"Simulation diverged at t=0: eigenvalue Re(λ)=3.917e+00 predicts growth factor 1.16e+85 over Δt=50.0, exceeding threshold 1e+08. The system is physically unstable.",diverged,"Simulation diverged at t=0: eigenvalue Re(λ)=3.917e+00 predicts growth factor 1.16e+85 over Δt=50.0, exceeding threshold 1e+08. The system is physically unstable.",-1,,,,,,,,false
0.8367346938775508,-1.7820512820512822,1.0,0.0001,0.0,1.0,256,50.0,auto,auto,periodic,"Simulation diverged at t=0: eigenvalue Re(λ)=1.353e+00 predicts growth factor 2.35e+29 over Δt=50.0, exceeding threshold 1e+08. The system is physically unstable.",diverged,"Simulation diverged at t=0: eigenvalue Re(λ)=1.353e+00 predicts growth factor 2.35e+29 over Δt=50.0, exceeding threshold 1e+08. The system is physically unstable.",-1,,,,,,,,false
0.8367346938775508,-1.717948717948718,1.0,0.0001,0.0,1.0,256,50.0,auto,auto,periodic,"Simulation diverged at t=0: eigenvalue Re(λ)=5.279e-01 predicts growth factor 2.91e+11 over Δt=50.0, exceeding threshold 1e+08. The system is physically unstable.",diverged,"Simulation diverged at t=0: eigenvalue Re(λ)=5.279e-01 predicts growth factor 2.91e+11 over Δt=50.0, exceeding threshold 1e+08. The system is physically unstable.",-1,,,,,,,,false
0.8367346938775508,-1.653846153846154,1.0,0.0001,0.0,1.0,256,50.0,auto,auto,periodic,"Simulation diverged at t=0: eigenvalue Re(λ)=3.798e-01 predicts growth factor 1.76e+08 over Δt=50.0, exceeding threshold 1e+08. The system is physically unstable.",diverged,"Simulation diverged at t=0: eigenvalue Re(λ)=3.798e-01 predicts growth factor 1.76e+08 over Δt=50.0, exceeding threshold 1e+08. The system is physically unstable.",-1,,,,,,,,false
0.8367346938775508,-1.5897435897435899,1.0,0.0001,0.0,1.0,256,50.0,auto,auto,periodic,"Simulation diverged at t=0: eigenvalue Re(λ)=4.035e-01 predicts growth factor 5.78e+08 over Δt=50.0, exceeding threshold 1e+08. The system is physically unstable.",diverged,"Simulation diverged at t=0: eigenvalue Re(λ)=4.035e-01 predicts growth factor 5.78e+08 over Δt=50.0, exceeding threshold 1e+08. The system is physically unstable.",-1,,,,,,,,false
0.8367346938775508,-1.5256410256410258,1.0,0.0001,0.0,1.0,256,50.0,auto,auto,periodic,"Simulation diverged at t=0: eigenvalue Re(λ)=4.137e-01 predicts growth factor 9.65e+08 over Δt=50.0, exceeding threshold 1e+08. The system is physically unstable.",diverged,"Simulation diverged at t=0: eigenvalue Re(λ)=4.137e-01 predicts growth factor 9.65e+08 over Δt=50.0, exceeding threshold 1e+08. The system is physically unstable.",-1,,,,,,,,false
0.8367346938775508,-1.4615384615384617,1.0,0.0001,0.0,1.0,256,50.0,auto,auto,periodic,"Simulation diverged at t=0: eigenvalue Re(λ)=3.727e-01 predicts growth factor 1.24e+08 over Δt=50.0, exceeding threshold 1e+08. The system is physically unstable.",diverged,"Simulation diverged at t=0: eigenvalue Re(λ)=3.727e-01 predicts growth factor 1.24e+08 over Δt=50.0, exceeding threshold 1e+08. The system is physically unstable.",-1,,,,,,,,false
0.8367346938775508,-1.3974358974358976,1.0,0.0001,0.0,1.0,256,50.0,auto,auto,periodic,"Simulation diverged at t=0: eigenvalue Re(λ)=3.778e-01 predicts growth factor 1.60e+08 over Δt=50.0, exceeding threshold 1e+08. The system is physically unstable.",diverged,"Simulation diverged at t=0: eigenvalue Re(λ)=3.778e-01 predicts growth factor 1.60e+08 over Δt=50.0, exceeding threshold 1e+08. The system is physically unstable.",-1,,,,,,,,false
0.8367346938775508,-1.3333333333333335,1.0,0.0001,0.0,1.0,256,50.0,auto,auto,periodic,"Simulation diverged at t=0: eigenvalue Re(λ)=3.700e-01 predicts growth factor 1.08e+08 over Δt=50.0, exceeding threshold 1e+08. The system is physically unstable.",diverged,"Simulation diverged at t=0: eigenvalue Re(λ)=3.700e-01 predicts growth factor 1.08e+08 over Δt=50.0, exceeding threshold 1e+08. The system is physically unstable.",-1,,,,,,,,false
0.8367346938775508,-1.2692307692307694,1.0,0.0001,0.0,1.0,256,50.0,auto,auto,periodic,,success,,0,381.46008029246127,50.0,381.46008029246127,1.07,3.8146e+10,,,false
0.8367346938775508,-1.2051282051282053,1.0,0.0001,0.0,1.0,256,50.0,auto,auto,periodic,,success,,0,23.76849481871815,50.0,23.76849481871815,1.44,2.3768e+09,,,false
0.8367346938775508,-1.1410256410256412,1.0,0.0001,0.0,1.0,256,50.0,auto,auto,periodic,,success,,0,1.632317788629447,50.0,1.632317788629447,1.37,1.6323e+08,,,false
0.8367346938775508,-1.076923076923077,1.0,0.0001,0.0,1.0,256,50.0,auto,auto,periodic,,success,,0,0.12142974361179278,50.0,0.12142974361179278,1.23,1.2143e+07,,,false
0.8367346938775508,-1.012820512820513,1.0,0.0001,0.0,1.0,256,50.0,auto,auto,periodic,,success,,0,0.009655383687074286,50.0,0.009655383687074286,1.23,9.6554e+05,1.544865e+03,3.1889,true
0.8367346938775508,-0.9487179487179489,1.0,0.0001,0.0,1.0,256,50.0,auto,auto,periodic,,success,,0,0.0008120384833212807,50.0,0.0008120384833212807,1.32,8.1204e+04,1.299264e+02,2.1137,true
0.8367346938775508,-0.884615384615385,1.0,0.0001,0.0,1.0,256,50.0,auto,auto,periodic,,success,,0,7.16321927679837e-05,50.0,7.16321927679837e-05,1.17,7.1632e+03,1.146117e+01,1.0592,true
0.8367346938775508,-0.8205128205128207,1.0,0.0001,0.0,1.0,256,50.0,auto,auto,periodic,,success,,0,6.583916195851468e-06,50.0,6.583916195851468e-06,1.46,6.5839e+02,1.053429e+00,0.0226,true
0.8367346938775508,-0.7564102564102564,1.0,0.0001,0.0,1.0,256,50.0,auto,auto,periodic,,success,,0,6.274427972941344e-07,50.0,6.274427972941344e-07,1.71,6.2744e+01,1.003911e-01,-0.9983,true
0.8367346938775508,-0.6923076923076925,1.0,0.0001,0.0,1.0,256,50.0,auto,auto,periodic,,success,,0,6.184662391978937e-08,50.0,6.184662391978937e-08,1.39,6.1847e+00,9.895480e-03,-2.0046,true
0.8367346938775508,-0.6282051282051286,1.0,0.0001,0.0,1.0,256,50.0,auto,auto,periodic,,success,,0,6.32424965115048e-09,50.0,6.32424965115048e-09,1.12,6.3242e-01,1.011882e-03,-2.9949,true
0.8367346938775508,-0.5641025641025643,1.0,0.0001,0.0,1.0,256,50.0,auto,auto,periodic,,success,,0,6.822316257881438e-10,50.0,6.822316257881438e-10,1.03,6.8223e-02,1.091573e-04,-3.9619,true
0.8367346938775508,-0.5,1.0,0.0001,0.0,1.0,256,50.0,auto,auto,periodic,,success,,0,8.025095844273399e-11,50.0,8.025095844273399e-11,0.98,8.0251e-03,1.284018e-05,-4.8914,true
0.8775510204081631,-3.0,1.0,0.0001,0.0,1.0,256,50.0,auto,auto,periodic,"Simulation diverged at t=0: eigenvalue Re(λ)=2.105e+00 predicts growth factor 5.14e+45 over Δt=50.0, exceeding threshold 1e+08. The system is physically unstable.",diverged,"Simulation diverged at t=0: eigenvalue Re(λ)=2.105e+00 predicts growth factor 5.14e+45 over Δt=50.0, exceeding threshold 1e+08. The system is physically unstable.",-1,,,,,,,,false
0.8775510204081631,-2.935897435897436,1.0,0.0001,0.0,1.0,256,50.0,auto,auto,periodic,"Simulation diverged at t=0: eigenvalue Re(λ)=5.263e+00 predicts growth factor 1.91e+114 over Δt=50.0, exceeding threshold 1e+08. The system is physically unstable.",diverged,"Simulation diverged at t=0: eigenvalue Re(λ)=5.263e+00 predicts growth factor 1.91e+114 over Δt=50.0, exceeding threshold 1e+08. The system is physically unstable.",-1,,,,,,,,false
0.8775510204081631,-2.871794871794872,1.0,0.0001,0.0,1.0,256,50.0,auto,auto,periodic,"Simulation diverged at t=0: eigenvalue Re(λ)=2.932e+00 predicts growth factor 4.77e+63 over Δt=50.0, exceeding threshold 1e+08. The system is physically unstable.",diverged,"Simulation diverged at t=0: eigenvalue Re(λ)=2.932e+00 predicts growth factor 4.77e+63 over Δt=50.0, exceeding threshold 1e+08. The system is physically unstable.",-1,,,,,,,,false
0.8775510204081631,-2.8076923076923075,1.0,0.0001,0.0,1.0,256,50.0,auto,auto,periodic,"Simulation diverged at t=0: eigenvalue Re(λ)=2.227e+00 predicts growth factor 2.28e+48 over Δt=50.0, exceeding threshold 1e+08. The system is physically unstable.",diverged,"Simulation diverged at t=0: eigenvalue Re(λ)=2.227e+00 predicts growth factor 2.28e+48 over Δt=50.0, exceeding threshold 1e+08. The system is physically unstable.",-1,,,,,,,,false
0.8775510204081631,-2.7435897435897436,1.0,0.0001,0.0,1.0,256,50.0,auto,auto,periodic,"Simulation diverged at t=0: eigenvalue Re(λ)=1.848e+00 predicts growth factor 1.38e+40 over Δt=50.0, exceeding threshold 1e+08. The system is physically unstable.",diverged,"Simulation diverged at t=0: eigenvalue Re(λ)=1.848e+00 predicts growth factor 1.38e+40 over Δt=50.0, exceeding threshold 1e+08. The system is physically unstable.",-1,,,,,,,,false
0.8775510204081631,-2.6794871794871797,1.0,0.0001,0.0,1.0,256,50.0,auto,auto,periodic,"Simulation diverged at t=0: eigenvalue Re(λ)=3.374e+00 predicts growth factor 1.83e+73 over Δt=50.0, exceeding threshold 1e+08. The system is physically unstable.",diverged,"Simulation diverged at t=0: eigenvalue Re(λ)=3.374e+00 predicts growth factor 1.83e+73 over Δt=50.0, exceeding threshold 1e+08. The system is physically unstable.",-1,,,,,,,,false
0.8775510204081631,-2.6153846153846154,1.0,0.0001,0.0,1.0,256,50.0,auto,auto,periodic,"Simulation diverged at t=0: eigenvalue Re(λ)=2.261e+00 predicts growth factor 1.26e+49 over Δt=50.0, exceeding threshold 1e+08. The system is physically unstable.",diverged,"Simulation diverged at t=0: eigenvalue Re(λ)=2.261e+00 predicts growth factor 1.26e+49 over Δt=50.0, exceeding threshold 1e+08. The system is physically unstable.",-1,,,,,,,,false
0.8775510204081631,-2.551282051282051,1.0,0.0001,0.0,1.0,256,50.0,auto,auto,periodic,"Simulation diverged at t=0: eigenvalue Re(λ)=1.794e+00 predicts growth factor 8.95e+38 over Δt=50.0, exceeding threshold 1e+08. The system is physically unstable.",diverged,"Simulation diverged at t=0: eigenvalue Re(λ)=1.794e+00 predicts growth factor 8.95e+38 over Δt=50.0, exceeding threshold 1e+08. The system is physically unstable.",-1,,,,,,,,false
0.8775510204081631,-2.4871794871794872,1.0,0.0001,0.0,1.0,256,50.0,auto,auto,periodic,"Simulation diverged at t=0: eigenvalue Re(λ)=3.406e+00 predicts growth factor 9.30e+73 over Δt=50.0, exceeding threshold 1e+08. The system is physically unstable.",diverged,"Simulation diverged at t=0: eigenvalue Re(λ)=3.406e+00 predicts growth factor 9.30e+73 over Δt=50.0, exceeding threshold 1e+08. The system is physically unstable.",-1,,,,,,,,false
0.8775510204081631,-2.4230769230769234,1.0,0.0001,0.0,1.0,256,50.0,auto,auto,periodic,"Simulation diverged at t=0: eigenvalue Re(λ)=2.093e+00 predicts growth factor 2.80e+45 over Δt=50.0, exceeding threshold 1e+08. The system is physically unstable.",diverged,"Simulation diverged at t=0: eigenvalue Re(λ)=2.093e+00 predicts growth factor 2.80e+45 over Δt=50.0, exceeding threshold 1e+08. The system is physically unstable.",-1,,,,,,,,false
0.8775510204081631,-2.358974358974359,1.0,0.0001,0.0,1.0,256,50.0,auto,auto,periodic,"Simulation diverged at t=0: eigenvalue Re(λ)=1.621e+00 predicts growth factor 1.55e+35 over Δt=50.0, exceeding threshold 1e+08. The system is physically unstable.",diverged,"Simulation diverged at t=0: eigenvalue Re(λ)=1.621e+00 predicts growth factor 1.55e+35 over Δt=50.0, exceeding threshold 1e+08. The system is physically unstable.",-1,,,,,,,,false
0.8775510204081631,-2.2948717948717947,1.0,0.0001,0.0,1.0,256,50.0,auto,auto,periodic,"Simulation diverged at t=0: eigenvalue Re(λ)=2.603e+00 predicts growth factor 3.39e+56 over Δt=50.0, exceeding threshold 1e+08. The system is physically unstable.",diverged,"Simulation diverged at t=0: eigenvalue Re(λ)=2.603e+00 predicts growth factor 3.39e+56 over Δt=50.0, exceeding threshold 1e+08. The system is physically unstable.",-1,,,,,,,,false
0.8775510204081631,-2.230769230769231,1.0,0.0001,0.0,1.0,256,50.0,auto,auto,periodic,"Simulation diverged at t=0: eigenvalue Re(λ)=1.702e+00 predicts growth factor 8.91e+36 over Δt=50.0, exceeding threshold 1e+08. The system is physically unstable.",diverged,"Simulation diverged at t=0: eigenvalue Re(λ)=1.702e+00 predicts growth factor 8.91e+36 over Δt=50.0, exceeding threshold 1e+08. The system is physically unstable.",-1,,,,,,,,false
0.8775510204081631,-2.166666666666667,1.0,0.0001,0.0,1.0,256,50.0,auto,auto,periodic,"Simulation diverged at t=0: eigenvalue Re(λ)=3.419e+00 predicts growth factor 1.79e+74 over Δt=50.0, exceeding threshold 1e+08. The system is physically unstable.",diverged,"Simulation diverged at t=0: eigenvalue Re(λ)=3.419e+00 predicts growth factor 1.79e+74 over Δt=50.0, exceeding threshold 1e+08. The system is physically unstable.",-1,,,,,,,,false
0.8775510204081631,-2.1025641025641026,1.0,0.0001,0.0,1.0,256,50.0,auto,auto,periodic,"Simulation diverged at t=0: eigenvalue Re(λ)=1.671e+00 predicts growth factor 1.90e+36 over Δt=50.0, exceeding threshold 1e+08. The system is physically unstable.",diverged,"Simulation diverged at t=0: eigenvalue Re(λ)=1.671e+00 predicts growth factor 1.90e+36 over Δt=50.0, exceeding threshold 1e+08. The system is physically unstable.",-1,,,,,,,,false
0.8775510204081631,-2.0384615384615383,1.0,0.0001,0.0,1.0,256,50.0,auto,auto,periodic,"Simulation diverged at t=0: eigenvalue Re(λ)=3.261e+00 predicts growth factor 6.51e+70 over Δt=50.0, exceeding threshold 1e+08. The system is physically unstable.",diverged,"Simulation diverged at t=0: eigenvalue Re(λ)=3.261e+00 predicts growth factor 6.51e+70 over Δt=50.0, exceeding threshold 1e+08. The system is physically unstable.",-1,,,,,,,,false
0.8775510204081631,-1.9743589743589745,1.0,0.0001,0.0,1.0,256,50.0,auto,auto,periodic,"Simulation diverged at t=0: eigenvalue Re(λ)=1.413e+00 predicts growth factor 4.93e+30 over Δt=50.0, exceeding threshold 1e+08. The system is physically unstable.",diverged,"Simulation diverged at t=0: eigenvalue Re(λ)=1.413e+00 predicts growth factor 4.93e+30 over Δt=50.0, exceeding threshold 1e+08. The system is physically unstable.",-1,,,,,,,,false
0.8775510204081631,-1.9102564102564104,1.0,0.0001,0.0,1.0,256,50.0,auto,auto,periodic,"Simulation diverged at t=0: eigenvalue Re(λ)=1.718e+00 predicts growth factor 2.00e+37 over Δt=50.0, exceeding threshold 1e+08. The system is physically unstable.",diverged,"Simulation diverged at t=0: eigenvalue Re(λ)=1.718e+00 predicts growth factor 2.00e+37 over Δt=50.0, exceeding threshold 1e+08. The system is physically unstable.",-1,,,,,,,,false
0.8775510204081631,-1.8461538461538463,1.0,0.0001,0.0,1.0,256,50.0,auto,auto,periodic,"Simulation diverged at t=0: eigenvalue Re(λ)=2.056e+00 predicts growth factor 4.42e+44 over Δt=50.0, exceeding threshold 1e+08. The system is physically unstable.",diverged,"Simulation diverged at t=0: eigenvalue Re(λ)=2.056e+00 predicts growth factor 4.42e+44 over Δt=50.0, exceeding threshold 1e+08. The system is physically unstable.",-1,,,,,,,,false
0.8775510204081631,-1.7820512820512822,1.0,0.0001,0.0,1.0,256,50.0,auto,auto,periodic,"Simulation diverged at t=0: eigenvalue Re(λ)=1.214e+00 predicts growth factor 2.27e+26 over Δt=50.0, exceeding threshold 1e+08. The system is physically unstable.",diverged,"Simulation diverged at t=0: eigenvalue Re(λ)=1.214e+00 predicts growth factor 2.27e+26 over Δt=50.0, exceeding threshold 1e+08. The system is physically unstable.",-1,,,,,,,,false
0.8775510204081631,-1.717948717948718,1.0,0.0001,0.0,1.0,256,50.0,auto,auto,periodic,"Simulation diverged at t=0: eigenvalue Re(λ)=5.389e-01 predicts growth factor 5.03e+11 over Δt=50.0, exceeding threshold 1e+08. The system is physically unstable.",diverged,"Simulation diverged at t=0: eigenvalue Re(λ)=5.389e-01 predicts growth factor 5.03e+11 over Δt=50.0, exceeding threshold 1e+08. The system is physically unstable.",-1,,,,,,,,false
0.8775510204081631,-1.653846153846154,1.0,0.0001,0.0,1.0,256,50.0,auto,auto,periodic,"Simulation diverged at t=0: eigenvalue Re(λ)=3.935e-01 predicts growth factor 3.50e+08 over Δt=50.0, exceeding threshold 1e+08. The system is physically unstable.",diverged,"Simulation diverged at t=0: eigenvalue Re(λ)=3.935e-01 predicts growth factor 3.50e+08 over Δt=50.0, exceeding threshold 1e+08. The system is physically unstable.",-1,,,,,,,,false
0.8775510204081631,-1.5897435897435899,1.0,0.0001,0.0,1.0,256,50.0,auto,auto,periodic,"Simulation diverged at t=0: eigenvalue Re(λ)=4.178e-01 predicts growth factor 1.18e+09 over Δt=50.0, exceeding threshold 1e+08. The system is physically unstable.",diverged,"Simulation diverged at t=0: eigenvalue Re(λ)=4.178e-01 predicts growth factor 1.18e+09 over Δt=50.0, exceeding threshold 1e+08. The system is physically unstable.",-1,,,,,,,,false
0.8775510204081631,-1.5256410256410258,1.0,0.0001,0.0,1.0,256,50.0,auto,auto,periodic,"Simulation diverged at t=0: eigenvalue Re(λ)=4.286e-01 predicts growth factor 2.03e+09 over Δt=50.0, exceeding threshold 1e+08. The system is physically unstable.",diverged,"Simulation diverged at t=0: eigenvalue Re(λ)=4.286e-01 predicts growth factor 2.03e+09 over Δt=50.0, exceeding threshold 1e+08. The system is physically unstable.",-1,,,,,,,,false
0.8775510204081631,-1.4615384615384617,1.0,0.0001,0.0,1.0,256,50.0,auto,auto,periodic,"Simulation diverged at t=0: eigenvalue Re(λ)=3.885e-01 predicts growth factor 2.74e+08 over Δt=50.0, exceeding threshold 1e+08. The system is physically unstable.",diverged,"Simulation diverged at t=0: eigenvalue Re(λ)=3.885e-01 predicts growth factor 2.74e+08 over Δt=50.0, exceeding threshold 1e+08. The system is physically unstable.",-1,,,,,,,,false
0.8775510204081631,-1.3974358974358976,1.0,0.0001,0.0,1.0,256,50.0,auto,auto,periodic,"Simulation diverged at t=0: eigenvalue Re(λ)=3.946e-01 predicts growth factor 3.69e+08 over Δt=50.0, exceeding threshold 1e+08. The system is physically unstable.",diverged,"Simulation diverged at t=0: eigenvalue Re(λ)=3.946e-01 predicts growth factor 3.69e+08 over Δt=50.0, exceeding threshold 1e+08. The system is physically unstable.",-1,,,,,,,,false
0.8775510204081631,-1.3333333333333335,1.0,0.0001,0.0,1.0,256,50.0,auto,auto,periodic,"Simulation diverged at t=0: eigenvalue Re(λ)=3.879e-01 predicts growth factor 2.65e+08 over Δt=50.0, exceeding threshold 1e+08. The system is physically unstable.",diverged,"Simulation diverged at t=0: eigenvalue Re(λ)=3.879e-01 predicts growth factor 2.65e+08 over Δt=50.0, exceeding threshold 1e+08. The system is physically unstable.",-1,,,,,,,,false
0.8775510204081631,-1.2692307692307694,1.0,0.0001,0.0,1.0,256,50.0,auto,auto,periodic,"Simulation diverged at t=0: eigenvalue Re(λ)=3.699e-01 predicts growth factor 1.08e+08 over Δt=50.0, exceeding threshold 1e+08. The system is physically unstable.",diverged,"Simulation diverged at t=0: eigenvalue Re(λ)=3.699e-01 predicts growth factor 1.08e+08 over Δt=50.0, exceeding threshold 1e+08. The system is physically unstable.",-1,,,,,,,,false
0.8775510204081631,-1.2051282051282053,1.0,0.0001,0.0,1.0,256,50.0,auto,auto,periodic,,success,,0,200.81262984218284,50.0,200.81262984218284,0.95,2.0081e+10,,,false
0.8775510204081631,-1.1410256410256412,1.0,0.0001,0.0,1.0,256,50.0,auto,auto,periodic,,success,,0,16.38839197087771,50.0,16.38839197087771,1.17,1.6388e+09,,,false
0.8775510204081631,-1.076923076923077,1.0,0.0001,0.0,1.0,256,50.0,auto,auto,periodic,,success,,0,1.4461592603834743,50.0,1.4461592603834743,1.06,1.4462e+08,,,false
0.8775510204081631,-1.012820512820513,1.0,0.0001,0.0,1.0,256,50.0,auto,auto,periodic,,success,,0,0.13624586246785042,50.0,0.13624586246785042,1.09,1.3625e+07,,,false
0.8775510204081631,-0.9487179487179489,1.0,0.0001,0.0,1.0,256,50.0,auto,auto,periodic,,success,,0,0.01356792165636505,50.0,0.01356792165636505,1.02,1.3568e+06,2.170872e+03,3.3366,true
0.8775510204081631,-0.884615384615385,1.0,0.0001,0.0,1.0,256,50.0,auto,auto,periodic,,success,,0,0.0014167438855607294,50.0,0.0014167438855607294,1.0,1.4167e+05,2.266795e+02,2.3554,true
0.8775510204081631,-0.8205128205128207,1.0,0.0001,0.0,1.0,256,50.0,auto,auto,periodic,,success,,0,0.00015410371818398006,50.0,0.00015410371818398006,1.06,1.5410e+04,2.465665e+01,1.3919,true
0.8775510204081631,-0.7564102564102564,1.0,0.0001,0.0,1.0,256,50.0,auto,auto,periodic,,success,,0,1.736868862290925e-05,50.0,1.736868862290925e-05,1.0,1.7369e+03,2.778996e+00,0.4439,true
0.8775510204081631,-0.6923076923076925,1.0,0.0001,0.0,1.0,256,50.0,auto,auto,periodic,,success,,0,2.01992819191932e-06,50.0,2.01992819191932e-06,1.02,2.0199e+02,3.231892e-01,-0.4905,true
0.8775510204081631,-0.6282051282051286,1.0,0.0001,0.0,1.0,256,50.0,auto,auto,periodic,,success,,0,2.417072359732999e-07,50.0,2.417072359732999e-07,1.03,2.4171e+01,3.867324e-02,-1.4126,true
0.8775510204081631,-0.5641025641025643,1.0,0.0001,0.0,1.0,256,50.0,auto,auto,periodic,,success,,0,2.9744494136148e-08,50.0,2.9744494136148e-08,0.98,2.9744e+00,4.759129e-03,-2.3225,true
0.8775510204081631,-0.5,1.0,0.0001,0.0,1.0,256,50.0,auto,auto,periodic,,success,,0,3.782615728472025e-09,50.0,3.782615728472025e-09,1.07,3.7826e-01,6.052198e-04,-3.2181,true
0.9183673469387754,-3.0,1.0,0.0001,0.0,1.0,256,50.0,auto,auto,periodic,"Simulation diverged at t=0: eigenvalue Re(λ)=3.310e+00 predicts growth factor 7.40e+71 over Δt=50.0, exceeding threshold 1e+08. The system is physically unstable.",diverged,"Simulation diverged at t=0: eigenvalue Re(λ)=3.310e+00 predicts growth factor 7.40e+71 over Δt=50.0, exceeding threshold 1e+08. The system is physically unstable.",-1,,,,,,,,false
0.9183673469387754,-2.935897435897436,1.0,0.0001,0.0,1.0,256,50.0,auto,auto,periodic,"Simulation diverged at t=0: eigenvalue Re(λ)=2.443e+00 predicts growth factor 1.13e+53 over Δt=50.0, exceeding threshold 1e+08. The system is physically unstable.",diverged,"Simulation diverged at t=0: eigenvalue Re(λ)=2.443e+00 predicts growth factor 1.13e+53 over Δt=50.0, exceeding threshold 1e+08. The system is physically unstable.",-1,,,,,,,,false
0.9183673469387754,-2.871794871794872,1.0,0.0001,0.0,1.0,256,50.0,auto,auto,periodic,"Simulation diverged at t=0: eigenvalue Re(λ)=2.007e+00 predicts growth factor 3.77e+43 over Δt=50.0, exceeding threshold 1e+08. The system is physically unstable.",diverged,"Simulation diverged at t=0: eigenvalue Re(λ)=2.007e+00 predicts growth factor 3.77e+43 over Δt=50.0, exceeding threshold 1e+08. The system is physically unstable.",-1,,,,,,,,false
0.9183673469387754,-2.8076923076923075,1.0,0.0001,0.0,1.0,256,50.0,auto,auto,periodic,"Simulation diverged at t=0: eigenvalue Re(λ)=5.781e+00 predicts growth factor 3.40e+125 over Δt=50.0, exceeding threshold 1e+08. The system is physically unstable.",diverged,"Simulation diverged at t=0: eigenvalue Re(λ)=5.781e+00 predicts growth factor 3.40e+125 over Δt=50.0, exceeding threshold 1e+08. The system is physically unstable.",-1,,,,,,,,false
0.9183673469387754,-2.7435897435897436,1.0,0.0001,0.0,1.0,256,50.0,auto,auto,periodic,"Simulation diverged at t=0: eigenvalue Re(λ)=2.835e+00 predicts growth factor 3.58e+61 over Δt=50.0, exceeding threshold 1e+08. The system is physically unstable.",diverged,"Simulation diverged at t=0: eigenvalue Re(λ)=2.835e+00 predicts growth factor 3.58e+61 over Δt=50.0, exceeding threshold 1e+08. The system is physically unstable.",-1,,,,,,,,false
0.9183673469387754,-2.6794871794871797,1.0,0.0001,0.0,1.0,256,50.0,auto,auto,periodic,"Simulation diverged at t=0: eigenvalue Re(λ)=2.109e+00 predicts growth factor 6.28e+45 over Δt=50.0, exceeding threshold 1e+08. The system is physically unstable.",diverged,"Simulation diverged at t=0: eigenvalue Re(λ)=2.109e+00 predicts growth factor 6.28e+45 over Δt=50.0, exceeding threshold 1e+08. The system is physically unstable.",-1,,,,,,,,false
0.9183673469387754,-2.6153846153846154,1.0,0.0001,0.0,1.0,256,50.0,auto,auto,periodic,"Simulation diverged at t=0: eigenvalue Re(λ)=1.737e+00 predicts growth factor 5.14e+37 over Δt=50.0, exceeding threshold 1e+08. The system is physically unstable.",diverged,"Simulation diverged at t=0: eigenvalue Re(λ)=1.737e+00 predicts growth factor 5.14e+37 over Δt=50.0, exceeding threshold 1e+08. The system is physically unstable.",-1,,,,,,,,false
0.9183673469387754,-2.551282051282051,1.0,0.0001,0.0,1.0,256,50.0,auto,auto,periodic,"Simulation diverged at t=0: eigenvalue Re(λ)=3.193e+00 predicts growth factor 2.17e+69 over Δt=50.0, exceeding threshold 1e+08. The system is physically unstable.",diverged,"Simulation diverged at t=0: eigenvalue Re(λ)=3.193e+00 predicts growth factor 2.17e+69 over Δt=50.0, exceeding threshold 1e+08. The system is physically unstable.",-1,,,,,,,,false
0.9183673469387754,-2.4871794871794872,1.0,0.0001,0.0,1.0,256,50.0,auto,auto,periodic,"Simulation diverged at t=0: eigenvalue Re(λ)=2.093e+00 predicts growth factor 2.85e+45 over Δt=50.0, exceeding threshold 1e+08. The system is physically unstable.",diverged,"Simulation diverged at t=0: eigenvalue Re(λ)=2.093e+00 predicts growth factor 2.85e+45 over Δt=50.0, exceeding threshold 1e+08. The system is physically unstable.",-1,,,,,,,,false
0.9183673469387754,-2.4230769230769234,1.0,0.0001,0.0,1.0,256,50.0,auto,auto,periodic,"Simulation diverged at t=0: eigenvalue Re(λ)=1.651e+00 predicts growth factor 6.99e+35 over Δt=50.0, exceeding threshold 1e+08. The system is physically unstable.",diverged,"Simulation diverged at t=0: eigenvalue Re(λ)=1.651e+00 predicts growth factor 6.99e+35 over Δt=50.0, exceeding threshold 1e+08. The system is physically unstable.",-1,,,,,,,,false
0.9183673469387754,-2.358974358974359,1.0,0.0001,0.0,1.0,256,50.0,auto,auto,periodic,"Simulation diverged at t=0: eigenvalue Re(λ)=2.955e+00 predicts growth factor 1.48e+64 over Δt=50.0, exceeding threshold 1e+08. The system is physically unstable.",diverged,"Simulation diverged at t=0: eigenvalue Re(λ)=2.955e+00 predicts growth factor 1.48e+64 over Δt=50.0, exceeding threshold 1e+08. The system is physically unstable.",-1,,,,,,,,false
0.9183673469387754,-2.2948717948717947,1.0,0.0001,0.0,1.0,256,50.0,auto,auto,periodic,"Simulation diverged at t=0: eigenvalue Re(λ)=1.850e+00 predicts growth factor 1.46e+40 over Δt=50.0, exceeding threshold 1e+08. The system is physically unstable.",diverged,"Simulation diverged at t=0: eigenvalue Re(λ)=1.850e+00 predicts growth factor 1.46e+40 over Δt=50.0, exceeding threshold 1e+08. The system is physically unstable.",-1,,,,,,,,false
0.9183673469387754,-2.230769230769231,1.0,0.0001,0.0,1.0,256,50.0,auto,auto,periodic,"Simulation diverged at t=0: eigenvalue Re(λ)=1.440e+00 predicts growth factor 1.83e+31 over Δt=50.0, exceeding threshold 1e+08. The system is physically unstable.",diverged,"Simulation diverged at t=0: eigenvalue Re(λ)=1.440e+00 predicts growth factor 1.83e+31 over Δt=50.0, exceeding threshold 1e+08. The system is physically unstable.",-1,,,,,,,,false
0.9183673469387754,-2.166666666666667,1.0,0.0001,0.0,1.0,256,50.0,auto,auto,periodic,"Simulation diverged at t=0: eigenvalue Re(λ)=2.054e+00 predicts growth factor 3.96e+44 over Δt=50.0, exceeding threshold 1e+08. The system is physically unstable.",diverged,"Simulation diverged at t=0: eigenvalue Re(λ)=2.054e+00 predicts growth factor 3.96e+44 over Δt=50.0, exceeding threshold 1e+08. The system is physically unstable.",-1,,,,,,,,false
0.9183673469387754,-2.1025641025641026,1.0,0.0001,0.0,1.0,256,50.0,auto,auto,periodic,"Simulation diverged at t=0: eigenvalue Re(λ)=1.420e+00 predicts growth factor 6.73e+30 over Δt=50.0, exceeding threshold 1e+08. The system is physically unstable.",diverged,"Simulation diverged at t=0: eigenvalue Re(λ)=1.420e+00 predicts growth factor 6.73e+30 over Δt=50.0, exceeding threshold 1e+08. The system is physically unstable.",-1,,,,,,,,false
0.9183673469387754,-2.0384615384615383,1.0,0.0001,0.0,1.0,256,50.0,auto,auto,periodic,"Simulation diverged at t=0: eigenvalue Re(λ)=2.003e+00 predicts growth factor 3.11e+43 over Δt=50.0, exceeding threshold 1e+08. The system is physically unstable.",diverged,"Simulation diverged at t=0: eigenvalue Re(λ)=2.003e+00 predicts growth factor 3.11e+43 over Δt=50.0, exceeding threshold 1e+08. The system is physically unstable.",-1,,,,,,,,false
0.9183673469387754,-1.9743589743589745,1.0,0.0001,0.0,1.0,256,50.0,auto,auto,periodic,"Simulation diverged at t=0: eigenvalue Re(λ)=1.259e+00 predicts growth factor 2.20e+27 over Δt=50.0, exceeding threshold 1e+08. The system is physically unstable.",diverged,"Simulation diverged at t=0: eigenvalue Re(λ)=1.259e+00 predicts growth factor 2.20e+27 over Δt=50.0, exceeding threshold 1e+08. The system is physically unstable.",-1,,,,,,,,false
0.9183673469387754,-1.9102564102564104,1.0,0.0001,0.0,1.0,256,50.0,auto,auto,periodic,"Simulation diverged at t=0: eigenvalue Re(λ)=1.442e+00 predicts growth factor 2.10e+31 over Δt=50.0, exceeding threshold 1e+08. The system is physically unstable.",diverged,"Simulation diverged at t=0: eigenvalue Re(λ)=1.442e+00 predicts growth factor 2.10e+31 over Δt=50.0, exceeding threshold 1e+08. The system is physically unstable.",-1,,,,,,,,false
0.9183673469387754,-1.8461538461538463,1.0,0.0001,0.0,1.0,256,50.0,auto,auto,periodic,"Simulation diverged at t=0: eigenvalue Re(λ)=1.607e+00 predicts growth factor 7.79e+34 over Δt=50.0, exceeding threshold 1e+08. The system is physically unstable.",diverged,"Simulation diverged at t=0: eigenvalue Re(λ)=1.607e+00 predicts growth factor 7.79e+34 over Δt=50.0, exceeding threshold 1e+08. The system is physically unstable.",-1,,,,,,,,false
0.9183673469387754,-1.7820512820512822,1.0,0.0001,0.0,1.0,256,50.0,auto,auto,periodic,"Simulation diverged at t=0: eigenvalue Re(λ)=1.122e+00 predicts growth factor 2.33e+24 over Δt=50.0, exceeding threshold 1e+08. The system is physically unstable.",diverged,"Simulation diverged at t=0: eigenvalue Re(λ)=1.122e+00 predicts growth factor 2.33e+24 over Δt=50.0, exceeding threshold 1e+08. The system is physically unstable.",-1,,,,,,,,false
0.9183673469387754,-1.717948717948718,1.0,0.0001,0.0,1.0,256,50.0,auto,auto,periodic,"Simulation diverged at t=0: eigenvalue Re(λ)=3.787e-01 predicts growth factor 1.67e+08 over Δt=50.0, exceeding threshold 1e+08. The system is physically unstable.",diverged,"Simulation diverged at t=0: eigenvalue Re(λ)=3.787e-01 predicts growth factor 1.67e+08 over Δt=50.0, exceeding threshold 1e+08. The system is physically unstable.",-1,,,,,,,,false
0.9183673469387754,-1.653846153846154,1.0,0.0001,0.0,1.0,256,50.0,auto,auto,periodic,"Simulation diverged at t=0: eigenvalue Re(λ)=4.065e-01 predicts growth factor 6.73e+08 over Δt=50.0, exceeding threshold 1e+08. The system is physically unstable.",diverged,"Simulation diverged at t=0: eigenvalue Re(λ)=4.065e-01 predicts growth factor 6.73e+08 over Δt=50.0, exceeding threshold 1e+08. The system is physically unstable.",-1,,,,,,,,false
0.9183673469387754,-1.5897435897435899,1.0,0.0001,0.0,1.0,256,50.0,auto,auto,periodic,"Simulation diverged at t=0: eigenvalue Re(λ)=4.313e-01 predicts growth factor 2.32e+09 over Δt=50.0, exceeding threshold 1e+08. The system is physically unstable.",diverged,"Simulation diverged at t=0: eigenvalue Re(λ)=4.313e-01 predicts growth factor 2.32e+09 over Δt=50.0, exceeding threshold 1e+08. The system is physically unstable.",-1,,,,,,,,false
0.9183673469387754,-1.5256410256410258,1.0,0.0001,0.0,1.0,256,50.0,auto,auto,periodic,"Simulation diverged at t=0: eigenvalue Re(λ)=3.805e-01 predicts growth factor 1.83e+08 over Δt=50.0, exceeding threshold 1e+08. The system is physically unstable.",diverged,"Simulation diverged at t=0: eigenvalue Re(λ)=3.805e-01 predicts growth factor 1.83e+08 over Δt=50.0, exceeding threshold 1e+08. The system is physically unstable.",-1,,,,,,,,false
0.9183673469387754,-1.4615384615384617,1.0,0.0001,0.0,1.0,256,50.0,auto,auto,periodic,"Simulation diverged at t=0: eigenvalue Re(λ)=4.033e-01 predicts growth factor 5.73e+08 over Δt=50.0, exceeding threshold 1e+08. The system is physically unstable.",diverged,"Simulation diverged at t=0: eigenvalue Re(λ)=4.033e-01 predicts growth factor 5.73e+08 over Δt=50.0, exceeding threshold 1e+08. The system is physically unstable.",-1,,,,,,,,false
0.9183673469387754,-1.3974358974358976,1.0,0.0001,0.0,1.0,256,50.0,auto,auto,periodic,"Simulation diverged at t=0: eigenvalue Re(λ)=3.703e-01 predicts growth factor 1.10e+08 over Δt=50.0, exceeding threshold 1e+08. The system is physically unstable.",diverged,"Simulation diverged at t=0: eigenvalue Re(λ)=3.703e-01 predicts growth factor 1.10e+08 over Δt=50.0, exceeding threshold 1e+08. The system is physically unstable.",-1,,,,,,,,false
0.9183673469387754,-1.3333333333333335,1.0,0.0001,0.0,1.0,256,50.0,auto,auto,periodic,"Simulation diverged at t=0: eigenvalue Re(λ)=3.812e-01 predicts growth factor 1.89e+08 over Δt=50.0, exceeding threshold 1e+08. The system is physically unstable.",diverged,"Simulation diverged at t=0: eigenvalue Re(λ)=3.812e-01 predicts growth factor 1.89e+08 over Δt=50.0, exceeding threshold 1e+08. The system is physically unstable.",-1,,,,,,,,false
0.9183673469387754,-1.2692307692307694,1.0,0.0001,0.0,1.0,256,50.0,auto,auto,periodic,"Simulation diverged at t=0: eigenvalue Re(λ)=3.782e-01 predicts growth factor 1.63e+08 over Δt=50.0, exceeding threshold 1e+08. The system is physically unstable.",diverged,"Simulation diverged at t=0: eigenvalue Re(λ)=3.782e-01 predicts growth factor 1.63e+08 over Δt=50.0, exceeding threshold 1e+08. The system is physically unstable.",-1,,,,,,,,false
0.9183673469387754,-1.2051282051282053,1.0,0.0001,0.0,1.0,256,50.0,auto,auto,periodic,,success,,0,1357.2744265368322,50.0,1357.2744265368322,1.48,1.3573e+11,,,false
0.9183673469387754,-1.1410256410256412,1.0,0.0001,0.0,1.0,256,50.0,auto,auto,periodic,,success,,0,128.9304737409555,50.0,128.9304737409555,1.29,1.2893e+10,,,false
0.9183673469387754,-1.076923076923077,1.0,0.0001,0.0,1.0,256,50.0,auto,auto,periodic,,success,,0,13.216510980712668,50.0,13.216510980712668,1.28,1.3217e+09,,,false
0.9183673469387754,-1.012820512820513,1.0,0.0001,0.0,1.0,256,50.0,auto,auto,periodic,,success,,0,1.4444512615483287,50.0,1.4444512615483287,1.12,1.4445e+08,,,false
0.9183673469387754,-0.9487179487179489,1.0,0.0001,0.0,1.0,256,50.0,auto,auto,periodic,,success,,0,0.16671491239421815,50.0,0.16671491239421815,1.02,1.6671e+07,,,false
0.9183673469387754,-0.884615384615385,1.0,0.0001,0.0,1.0,256,50.0,auto,auto,periodic,,success,,0,0.02016492664772907,50.0,0.02016492664772907,0.99,2.0165e+06,3.226395e+03,3.5087,true
0.9183673469387754,-0.8205128205128207,1.0,0.0001,0.0,1.0,256,50.0,auto,auto,periodic,,success,,0,0.0025400271879658857,50.0,0.0025400271879658857,0.92,2.5400e+05,4.064052e+02,2.6090,true
0.9183673469387754,-0.7564102564102564,1.0,0.0001,0.0,1.0,256,50.0,auto,auto,periodic,,success,,0,0.00033146576356913145,50.0,0.00033146576356913145,0.97,3.3147e+04,5.303463e+01,1.7246,true
0.9183673469387754,-0.6923076923076925,1.0,0.0001,0.0,1.0,256,50.0,auto,auto,periodic,,success,,0,4.461920874004212e-05,50.0,4.461920874004212e-05,1.14,4.4619e+03,7.139088e+00,0.8536,true
0.9183673469387754,-0.6282051282051286,1.0,0.0001,0.0,1.0,256,50.0,auto,auto,periodic,,success,,0,6.173848787737744e-06,50.0,6.173848787737744e-06,0.97,6.1738e+02,9.878179e-01,-0.0053,true
0.9183673469387754,-0.5641025641025643,1.0,0.0001,0.0,1.0,256,50.0,auto,auto,periodic,,success,,0,8.75728191598198e-07,50.0,8.75728191598198e-07,1.0,8.7573e+01,1.401168e-01,-0.8535,true
0.9183673469387754,-0.5,1.0,0.0001,0.0,1.0,256,50.0,auto,auto,periodic,,success,,0,1.271407523019124e-07,50.0,1.271407523019124e-07,1.04,1.2714e+01,2.034256e-02,-1.6916,true
0.9591836734693877,-3.0,1.0,0.0001,0.0,1.0,256,50.0,auto,auto,periodic,"Simulation diverged at t=0: eigenvalue Re(λ)=2.145e+00 predicts growth factor 3.74e+46 over Δt=50.0, exceeding threshold 1e+08. The system is physically unstable.",diverged,"Simulation diverged at t=0: eigenvalue Re(λ)=2.145e+00 predicts growth factor 3.74e+46 over Δt=50.0, exceeding threshold 1e+08. The system is physically unstable.",-1,,,,,,,,false
0.9591836734693877,-2.935897435897436,1.0,0.0001,0.0,1.0,256,50.0,auto,auto,periodic,"Simulation diverged at t=0: eigenvalue Re(λ)=1.844e+00 predicts growth factor 1.10e+40 over Δt=50.0, exceeding threshold 1e+08. The system is physically unstable.",diverged,"Simulation diverged at t=0: eigenvalue Re(λ)=1.844e+00 predicts growth factor 1.10e+40 over Δt=50.0, exceeding threshold 1e+08. The system is physically unstable.",-1,,,,,,,,false
0.9591836734693877,-2.871794871794872,1.0,0.0001,0.0,1.0,256,50.0,auto,auto,periodic,"Simulation diverged at t=0: eigenvalue Re(λ)=3.714e+00 predicts growth factor 4.47e+80 over Δt=50.0, exceeding threshold 1e+08. The system is physically unstable.",diverged,"Simulation diverged at t=0: eigenvalue Re(λ)=3.714e+00 predicts growth factor 4.47e+80 over Δt=50.0, exceeding threshold 1e+08. The system is physically unstable.",-1,,,,,,,,false
0.9591836734693877,-2.8076923076923075,1.0,0.0001,0.0,1.0,256,50.0,auto,auto,periodic,"Simulation diverged at t=0: eigenvalue Re(λ)=2.490e+00 predicts growth factor 1.16e+54 over Δt=50.0, exceeding threshold 1e+08. The system is physically unstable.",diverged,"Simulation diverged at t=0: eigenvalue Re(λ)=2.490e+00 predicts growth factor 1.16e+54 over Δt=50.0, exceeding threshold 1e+08. The system is physically unstable.",-1,,,,,,,,false
0.9591836734693877,-2.7435897435897436,1.0,0.0001,0.0,1.0,256,50.0,auto,auto,periodic,"Simulation diverged at t=0: eigenvalue Re(λ)=1.980e+00 predicts growth factor 9.66e+42 over Δt=50.0, exceeding threshold 1e+08. The system is physically unstable.",diverged,"Simulation diverged at t=0: eigenvalue Re(λ)=1.980e+00 predicts growth factor 9.66e+42 over Δt=50.0, exceeding threshold 1e+08. The system is physically unstable.",-1,,,,,,,,false
0.9591836734693877,-2.6794871794871797,1.0,0.0001,0.0,1.0,256,50.0,auto,auto,periodic,"Simulation diverged at t=0: eigenvalue Re(λ)=4.125e+01 predicts growth factor 1.01e+304 over Δt=50.0, exceeding threshold 1e+08. The system is physically unstable.",diverged,"Simulation diverged at t=0: eigenvalue Re(λ)=4.125e+01 predicts growth factor 1.01e+304 over Δt=50.0, exceeding threshold 1e+08. The system is physically unstable.",-1,,,,,,,,false
0.9591836734693877,-2.6153846153846154,1.0,0.0001,0.0,1.0,256,50.0,auto,auto,periodic,"Simulation diverged at t=0: eigenvalue Re(λ)=2.964e+00 predicts growth factor 2.28e+64 over Δt=50.0, exceeding threshold 1e+08. The system is physically unstable.",diverged,"Simulation diverged at t=0: eigenvalue Re(λ)=2.964e+00 predicts growth factor 2.28e+64 over Δt=50.0, exceeding threshold 1e+08. The system is physically unstable.",-1,,,,,,,,false
0.9591836734693877,-2.551282051282051,1.0,0.0001,0.0,1.0,256,50.0,auto,auto,periodic,"Simulation diverged at t=0: eigenvalue Re(λ)=2.068e+00 predicts growth factor 8.17e+44 over Δt=50.0, exceeding threshold 1e+08. The system is physically unstable.",diverged,"Simulation diverged at t=0: eigenvalue Re(λ)=2.068e+00 predicts growth factor 8.17e+44 over Δt=50.0, exceeding threshold 1e+08. The system is physically unstable.",-1,,,,,,,,false
0.9591836734693877,-2.4871794871794872,1.0,0.0001,0.0,1.0,256,50.0,auto,auto,periodic,"Simulation diverged at t=0: eigenvalue Re(λ)=1.664e+00 predicts growth factor 1.39e+36 over Δt=50.0, exceeding threshold 1e+08. The system is physically unstable.",diverged,"Simulation diverged at t=0: eigenvalue Re(λ)=1.664e+00 predicts growth factor 1.39e+36 over Δt=50.0, exceeding threshold 1e+08. The system is physically unstable.",-1,,,,,,,,false
0.9591836734693877,-2.4230769230769234,1.0,0.0001,0.0,1.0,256,50.0,auto,auto,periodic,"Simulation diverged at t=0: eigenvalue Re(λ)=3.278e+00 predicts growth factor 1.55e+71 over Δt=50.0, exceeding threshold 1e+08. The system is physically unstable.",diverged,"Simulation diverged at t=0: eigenvalue Re(λ)=3.278e+00 predicts growth factor 1.55e+71 over Δt=50.0, exceeding threshold 1e+08. The system is physically unstable.",-1,,,,,,,,false
0.9591836734693877,-2.358974358974359,1.0,0.0001,0.0,1.0,256,50.0,auto,auto,periodic,"Simulation diverged at t=0: eigenvalue Re(λ)=1.983e+00 predicts growth factor 1.17e+43 over Δt=50.0, exceeding threshold 1e+08. The system is physically unstable.",diverged,"Simulation diverged at t=0: eigenvalue Re(λ)=1.983e+00 predicts growth factor 1.17e+43 over Δt=50.0, exceeding threshold 1e+08. The system is physically unstable.",-1,,,,,,,,false
0.9591836734693877,-2.2948717948717947,1.0,0.0001,0.0,1.0,256,50.0,auto,auto,periodic,"Simulation diverged at t=0: eigenvalue Re(λ)=1.533e+00 predicts growth factor 1.94e+33 over Δt=50.0, exceeding threshold 1e+08. The system is physically unstable.",diverged,"Simulation diverged at t=0: eigenvalue Re(λ)=1.533e+00 predicts growth factor 1.94e+33 over Δt=50.0, exceeding threshold 1e+08. The system is physically unstable.",-1,,,,,,,,false
0.9591836734693877,-2.230769230769231,1.0,0.0001,0.0,1.0,256,50.0,auto,auto,periodic,"Simulation diverged at t=0: eigenvalue Re(λ)=2.632e+00 predicts growth factor 1.40e+57 over Δt=50.0, exceeding threshold 1e+08. The system is physically unstable.",diverged,"Simulation diverged at t=0: eigenvalue Re(λ)=2.632e+00 predicts growth factor 1.40e+57 over Δt=50.0, exceeding threshold 1e+08. The system is physically unstable.",-1,,,,,,,,false
0.9591836734693877,-2.166666666666667,1.0,0.0001,0.0,1.0,256,50.0,auto,auto,periodic,"Simulation diverged at t=0: eigenvalue Re(λ)=1.633e+00 predicts growth factor 2.86e+35 over Δt=50.0, exceeding threshold 1e+08. The system is physically unstable.",diverged,"Simulation diverged at t=0: eigenvalue Re(λ)=1.633e+00 predicts growth factor 2.86e+35 over Δt=50.0, exceeding threshold 1e+08. The system is physically unstable.",-1,,,,,,,,false
0.9591836734693877,-2.1025641025641026,1.0,0.0001,0.0,1.0,256,50.0,auto,auto,periodic,"Simulation diverged at t=0: eigenvalue Re(λ)=4.317e+00 predicts growth factor 5.50e+93 over Δt=50.0, exceeding threshold 1e+08. The system is physically unstable.",diverged,"Simulation diverged at t=0: eigenvalue Re(λ)=4.317e+00 predicts growth factor 5.50e+93 over Δt=50.0, exceeding threshold 1e+08. The system is physically unstable.",-1,,,,,,,,false
0.9591836734693877,-2.0384615384615383,1.0,0.0001,0.0,1.0,256,50.0,auto,auto,periodic,"Simulation diverged at t=0: eigenvalue Re(λ)=1.603e+00 predicts growth factor 6.53e+34 over Δt=50.0, exceeding threshold 1e+08. The system is physically unstable.",diverged,"Simulation diverged at t=0: eigenvalue Re(λ)=1.603e+00 predicts growth factor 6.53e+34 over Δt=50.0, exceeding threshold 1e+08. The system is physically unstable.",-1,,,,,,,,false
0.9591836734693877,-1.9743589743589745,1.0,0.0001,0.0,1.0,256,50.0,auto,auto,periodic,"Simulation diverged at t=0: eigenvalue Re(λ)=3.898e+00 predicts growth factor 4.44e+84 over Δt=50.0, exceeding threshold 1e+08. The system is physically unstable.",diverged,"Simulation diverged at t=0: eigenvalue Re(λ)=3.898e+00 predicts growth factor 4.44e+84 over Δt=50.0, exceeding threshold 1e+08. The system is physically unstable.",-1,,,,,,,,false
0.9591836734693877,-1.9102564102564104,1.0,0.0001,0.0,1.0,256,50.0,auto,auto,periodic,"Simulation diverged at t=0: eigenvalue Re(λ)=1.284e+00 predicts growth factor 7.56e+27 over Δt=50.0, exceeding threshold 1e+08. The system is physically unstable.",diverged,"Simulation diverged at t=0: eigenvalue Re(λ)=1.284e+00 predicts growth factor 7.56e+27 over Δt=50.0, exceeding threshold 1e+08. The system is physically unstable.",-1,,,,,,,,false
0.9591836734693877,-1.8461538461538463,1.0,0.0001,0.0,1.0,256,50.0,auto,auto,periodic,"Simulation diverged at t=0: eigenvalue Re(λ)=1.386e+00 predicts growth factor 1.25e+30 over Δt=50.0, exceeding threshold 1e+08. The system is physically unstable.",diverged,"Simulation diverged at t=0: eigenvalue Re(λ)=1.386e+00 predicts growth factor 1.25e+30 over Δt=50.0, exceeding threshold 1e+08. The system is physically unstable.",-1,,,,,,,,false
0.9591836734693877,-1.7820512820512822,1.0,0.0001,0.0,1.0,256,50.0,auto,auto,periodic,"Simulation diverged at t=0: eigenvalue Re(λ)=1.057e+00 predicts growth factor 8.85e+22 over Δt=50.0, exceeding threshold 1e+08. The system is physically unstable.",diverged,"Simulation diverged at t=0: eigenvalue Re(λ)=1.057e+00 predicts growth factor 8.85e+22 over Δt=50.0, exceeding threshold 1e+08. The system is physically unstable.",-1,,,,,,,,false
0.9591836734693877,-1.717948717948718,1.0,0.0001,0.0,1.0,256,50.0,auto,auto,periodic,"Simulation diverged at t=0: eigenvalue Re(λ)=3.907e-01 predicts growth factor 3.04e+08 over Δt=50.0, exceeding threshold 1e+08. The system is physically unstable.",diverged,"Simulation diverged at t=0: eigenvalue Re(λ)=3.907e-01 predicts growth factor 3.04e+08 over Δt=50.0, exceeding threshold 1e+08. The system is physically unstable.",-1,,,,,,,,false
0.9591836734693877,-1.653846153846154,1.0,0.0001,0.0,1.0,256,50.0,auto,auto,periodic,"Simulation diverged at t=0: eigenvalue Re(λ)=4.190e-01 predicts growth factor 1.25e+09 over Δt=50.0, exceeding threshold 1e+08. The system is physically unstable.",diverged,"Simulation diverged at t=0: eigenvalue Re(λ)=4.190e-01 predicts growth factor 1.25e+09 over Δt=50.0, exceeding threshold 1e+08. The system is physically unstable.",-1,,,,,,,,false
0.9591836734693877,-1.5897435897435899,1.0,0.0001,0.0,1.0,256,50.0,auto,auto,periodic,"Simulation diverged at t=0: eigenvalue Re(λ)=4.440e-01 predicts growth factor 4.37e+09 over Δt=50.0, exceeding threshold 1e+08. The system is physically unstable.",diverged,"Simulation diverged at t=0: eigenvalue Re(λ)=4.440e-01 predicts growth factor 4.37e+09 over Δt=50.0, exceeding threshold 1e+08. The system is physically unstable.",-1,,,,,,,,false
0.9591836734693877,-1.5256410256410258,1.0,0.0001,0.0,1.0,256,50.0,auto,auto,periodic,"Simulation diverged at t=0: eigenvalue Re(λ)=3.938e-01 predicts growth factor 3.57e+08 over Δt=50.0, exceeding threshold 1e+08. The system is physically unstable.",diverged,"Simulation diverged at t=0: eigenvalue Re(λ)=3.938e-01 predicts growth factor 3.57e+08 over Δt=50.0, exceeding threshold 1e+08. The system is physically unstable.",-1,,,,,,,,false
0.9591836734693877,-1.4615384615384617,1.0,0.0001,0.0,1.0,256,50.0,auto,auto,periodic,"Simulation diverged at t=0: eigenvalue Re(λ)=4.172e-01 predicts growth factor 1.15e+09 over Δt=50.0, exceeding threshold 1e+08. The system is physically unstable.",diverged,"Simulation diverged at t=0: eigenvalue Re(λ)=4.172e-01 predicts growth factor 1.15e+09 over Δt=50.0, exceeding threshold 1e+08. The system is physically unstable.",-1,,,,,,,,false
0.9591836734693877,-1.3974358974358976,1.0,0.0001,0.0,1.0,256,50.0,auto,auto,periodic,"Simulation diverged at t=0: eigenvalue Re(λ)=3.848e-01 predicts growth factor 2.27e+08 over Δt=50.0, exceeding threshold 1e+08. The system is physically unstable.",diverged,"Simulation diverged at t=0: eigenvalue Re(λ)=3.848e-01 predicts growth factor 2.27e+08 over Δt=50.0, exceeding threshold 1e+08. The system is physically unstable.",-1,,,,,,,,false
0.9591836734693877,-1.3333333333333335,1.0,0.0001,0.0,1.0,256,50.0,auto,auto,periodic,"Simulation diverged at t=0: eigenvalue Re(λ)=3.964e-01 predicts growth factor 4.06e+08 over Δt=50.0, exceeding threshold 1e+08. The system is physically unstable.",diverged,"Simulation diverged at t=0: eigenvalue Re(λ)=3.964e-01 predicts growth factor 4.06e+08 over Δt=50.0, exceeding threshold 1e+08. The system is physically unstable.",-1,,,,,,,,false
0.9591836734693877,-1.2692307692307694,1.0,0.0001,0.0,1.0,256,50.0,auto,auto,periodic,"Simulation diverged at t=0: eigenvalue Re(λ)=3.711e-01 predicts growth factor 1.14e+08 over Δt=50.0, exceeding threshold 1e+08. The system is physically unstable.",diverged,"Simulation diverged at t=0: eigenvalue Re(λ)=3.711e-01 predicts growth factor 1.14e+08 over Δt=50.0, exceeding threshold 1e+08. The system is physically unstable.",-1,,,,,,,,false
0.9591836734693877,-1.2051282051282053,1.0,0.0001,0.0,1.0,256,50.0,auto,auto,periodic,"Simulation diverged at t=0: eigenvalue Re(λ)=3.709e-01 predicts growth factor 1.13e+08 over Δt=50.0, exceeding threshold 1e+08. The system is physically unstable.",diverged,"Simulation diverged at t=0: eigenvalue Re(λ)=3.709e-01 predicts growth factor 1.13e+08 over Δt=50.0, exceeding threshold 1e+08. The system is physically unstable.",-1,,,,,,,,false
0.9591836734693877,-1.1410256410256412,1.0,0.0001,0.0,1.0,256,50.0,auto,auto,periodic,,success,,0,824.6708897802381,50.0,824.6708897802381,1.1,8.2467e+10,,,false
0.9591836734693877,-1.076923076923077,1.0,0.0001,0.0,1.0,256,50.0,auto,auto,periodic,,success,,0,96.51973912751043,50.0,96.51973912751043,1.12,9.6520e+09,,,false
0.9591836734693877,-1.012820512820513,1.0,0.0001,0.0,1.0,256,50.0,auto,auto,periodic,,success,,0,12.025746169256486,50.0,12.025746169256486,1.1,1.2026e+09,,,false
0.9591836734693877,-0.9487179487179489,1.0,0.0001,0.0,1.0,256,50.0,auto,auto,periodic,,success,,0,1.580575849702744,50.0,1.580575849702744,0.94,1.5806e+08,,,false
0.9591836734693877,-0.884615384615385,1.0,0.0001,0.0,1.0,256,50.0,auto,auto,periodic,,success,,0,0.21754155363017944,50.0,0.21754155363017944,0.97,2.1754e+07,,,false
0.9591836734693877,-0.8205128205128207,1.0,0.0001,0.0,1.0,256,50.0,auto,auto,periodic,,success,,0,0.03116608279546892,50.0,0.03116608279546892,0.95,3.1166e+06,4.986584e+03,3.6978,true
0.9591836734693877,-0.7564102564102564,1.0,0.0001,0.0,1.0,256,50.0,auto,auto,periodic,,success,,0,0.004624497903448398,50.0,0.004624497903448398,1.07,4.6245e+05,7.399212e+02,2.8692,true
0.9591836734693877,-0.6923076923076925,1.0,0.0001,0.0,1.0,256,50.0,auto,auto,periodic,,success,,0,0.0007077276698653161,50.0,0.0007077276698653161,1.0,7.0773e+04,1.132367e+02,2.0540,true
0.9591836734693877,-0.6282051282051286,1.0,0.0001,0.0,1.0,256,50.0,auto,auto,periodic,,success,,0,0.00011131390122851201,50.0,0.00011131390122851201,0.99,1.1131e+04,1.781026e+01,1.2507,true
0.9591836734693877,-0.5641025641025643,1.0,0.0001,0.0,1.0,256,50.0,auto,auto,periodic,,success,,0,1.7940135257028235e-05,50.0,1.7940135257028235e-05,0.99,1.7940e+03,2.870428e+00,0.4579,true
0.9591836734693877,-0.5,1.0,0.0001,0.0,1.0,256,50.0,auto,auto,periodic,,success,,0,2.9556131841888474e-06,50.0,2.9556131841888474e-06,1.0,2.9556e+02,4.728991e-01,-0.3252,true
1.0,-3.0,1.0,0.0001,0.0,1.0,256,50.0,auto,auto,periodic,"Simulation diverged at t=0: eigenvalue Re(λ)=5.356e+00 predicts growth factor 2.00e+116 over Δt=50.0, exceeding threshold 1e+08. The system is physically unstable.",diverged,"Simulation diverged at t=0: eigenvalue Re(λ)=5.356e+00 predicts growth factor 2.00e+116 over Δt=50.0, exceeding threshold 1e+08. The system is physically unstable.",-1,,,,,,,,false
1.0,-2.935897435897436,1.0,0.0001,0.0,1.0,256,50.0,auto,auto,periodic,"Simulation diverged at t=0: eigenvalue Re(λ)=2.956e+00 predicts growth factor 1.52e+64 over Δt=50.0, exceeding threshold 1e+08. The system is physically unstable.",diverged,"Simulation diverged at t=0: eigenvalue Re(λ)=2.956e+00 predicts growth factor 1.52e+64 over Δt=50.0, exceeding threshold 1e+08. The system is physically unstable.",-1,,,,,,,,false
1.0,-2.871794871794872,1.0,0.0001,0.0,1.0,256,50.0,auto,auto,periodic,"Simulation diverged at t=0: eigenvalue Re(λ)=2.246e+00 predicts growth factor 6.00e+48 over Δt=50.0, exceeding threshold 1e+08. The system is physically unstable.",diverged,"Simulation diverged at t=0: eigenvalue Re(λ)=2.246e+00 predicts growth factor 6.00e+48 over Δt=50.0, exceeding threshold 1e+08. The system is physically unstable.",-1,,,,,,,,false
1.0,-2.8076923076923075,1.0,0.0001,0.0,1.0,256,50.0,auto,auto,periodic,"Simulation diverged at t=0: eigenvalue Re(λ)=1.869e+00 predicts growth factor 3.81e+40 over Δt=50.0, exceeding threshold 1e+08. The system is physically unstable.",diverged,"Simulation diverged at t=0: eigenvalue Re(λ)=1.869e+00 predicts growth factor 3.81e+40 over Δt=50.0, exceeding threshold 1e+08. The system is physically unstable.",-1,,,,,,,,false
1.0,-2.7435897435897436,1.0,0.0001,0.0,1.0,256,50.0,auto,auto,periodic,"Simulation diverged at t=0: eigenvalue Re(λ)=6.071e+00 predicts growth factor 6.75e+131 over Δt=50.0, exceeding threshold 1e+08. The system is physically unstable.",diverged,"Simulation diverged at t=0: eigenvalue Re(λ)=6.071e+00 predicts growth factor 6.75e+131 over Δt=50.0, exceeding threshold 1e+08. The system is physically unstable.",-1,,,,,,,,false
1.0,-2.6794871794871797,1.0,0.0001,0.0,1.0,256,50.0,auto,auto,periodic,"Simulation diverged at t=0: eigenvalue Re(λ)=2.747e+00 predicts growth factor 4.50e+59 over Δt=50.0, exceeding threshold 1e+08. The system is physically unstable.",diverged,"Simulation diverged at t=0: eigenvalue Re(λ)=2.747e+00 predicts growth factor 4.50e+59 over Δt=50.0, exceeding threshold 1e+08. The system is physically unstable.",-1,,,,,,,,false
1.0,-2.6153846153846154,1.0,0.0001,0.0,1.0,256,50.0,auto,auto,periodic,"Simulation diverged at t=0: eigenvalue Re(λ)=2.026e+00 predicts growth factor 9.90e+43 over Δt=50.0, exceeding threshold 1e+08. The system is physically unstable.",diverged,"Simulation diverged at t=0: eigenvalue Re(λ)=2.026e+00 predicts growth factor 9.90e+43 over Δt=50.0, exceeding threshold 1e+08. The system is physically unstable.",-1,,,,,,,,false
1.0,-2.551282051282051,1.0,0.0001,0.0,1.0,256,50.0,auto,auto,periodic,"Simulation diverged at t=0: eigenvalue Re(λ)=1.665e+00 predicts growth factor 1.40e+36 over Δt=50.0, exceeding threshold 1e+08. The system is physically unstable.",diverged,"Simulation diverged at t=0: eigenvalue Re(λ)=1.665e+00 predicts growth factor 1.40e+36 over Δt=50.0, exceeding threshold 1e+08. The system is physically unstable.",-1,,,,,,,,false
1.0,-2.4871794871794872,1.0,0.0001,0.0,1.0,256,50.0,auto,auto,periodic,"Simulation diverged at t=0: eigenvalue Re(λ)=3.525e+00 predicts growth factor 3.44e+76 over Δt=50.0, exceeding threshold 1e+08. The system is physically unstable.",diverged,"Simulation diverged at t=0: eigenvalue Re(λ)=3.525e+00 predicts growth factor 3.44e+76 over Δt=50.0, exceeding threshold 1e+08. The system is physically unstable.",-1,,,,,,,,false
1.0,-2.4230769230769234,1.0,0.0001,0.0,1.0,256,50.0,auto,auto,periodic,"Simulation diverged at t=0: eigenvalue Re(λ)=2.096e+00 predicts growth factor 3.21e+45 over Δt=50.0, exceeding threshold 1e+08. The system is physically unstable.",diverged,"Simulation diverged at t=0: eigenvalue Re(λ)=2.096e+00 predicts growth factor 3.21e+45 over Δt=50.0, exceeding threshold 1e+08. The system is physically unstable.",-1,,,,,,,,false
1.0,-2.358974358974359,1.0,0.0001,0.0,1.0,256,50.0,auto,auto,periodic,"Simulation diverged at t=0: eigenvalue Re(λ)=1.615e+00 predicts growth factor 1.17e+35 over Δt=50.0, exceeding threshold 1e+08. The system is physically unstable.",diverged,"Simulation diverged at t=0: eigenvalue Re(λ)=1.615e+00 predicts growth factor 1.17e+35 over Δt=50.0, exceeding threshold 1e+08. The system is physically unstable.",-1,,,,,,,,false
1.0,-2.2948717948717947,1.0,0.0001,0.0,1.0,256,50.0,auto,auto,periodic,"Simulation diverged at t=0: eigenvalue Re(λ)=3.688e+00 predicts growth factor 1.23e+80 over Δt=50.0, exceeding threshold 1e+08. The system is physically unstable.",diverged,"Simulation diverged at t=0: eigenvalue Re(λ)=3.688e+00 predicts growth factor 1.23e+80 over Δt=50.0, exceeding threshold 1e+08. The system is physically unstable.",-1,,,,,,,,false
1.0,-2.230769230769231,1.0,0.0001,0.0,1.0,256,50.0,auto,auto,periodic,"Simulation diverged at t=0: eigenvalue Re(λ)=1.886e+00 predicts growth factor 9.21e+40 over Δt=50.0, exceeding threshold 1e+08. The system is physically unstable.",diverged,"Simulation diverged at t=0: eigenvalue Re(λ)=1.886e+00 predicts growth factor 9.21e+40 over Δt=50.0, exceeding threshold 1e+08. The system is physically unstable.",-1,,,,,,,,false
1.0,-2.166666666666667,1.0,0.0001,0.0,1.0,256,50.0,auto,auto,periodic,"Simulation diverged at t=0: eigenvalue Re(λ)=1.413e+00 predicts growth factor 4.79e+30 over Δt=50.0, exceeding threshold 1e+08. The system is physically unstable.",diverged,"Simulation diverged at t=0: eigenvalue Re(λ)=1.413e+00 predicts growth factor 4.79e+30 over Δt=50.0, exceeding threshold 1e+08. The system is physically unstable.",-1,,,,,,,,false
1.0,-2.1025641025641026,1.0,0.0001,0.0,1.0,256,50.0,auto,auto,periodic,"Simulation diverged at t=0: eigenvalue Re(λ)=2.245e+00 predicts growth factor 5.50e+48 over Δt=50.0, exceeding threshold 1e+08. The system is physically unstable.",diverged,"Simulation diverged at t=0: eigenvalue Re(λ)=2.245e+00 predicts growth factor 5.50e+48 over Δt=50.0, exceeding threshold 1e+08. The system is physically unstable.",-1,,,,,,,,false
1.0,-2.0384615384615383,1.0,0.0001,0.0,1.0,256,50.0,auto,auto,periodic,"Simulation diverged at t=0: eigenvalue Re(λ)=1.393e+00 predicts growth factor 1.79e+30 over Δt=50.0, exceeding threshold 1e+08. The system is physically unstable.",diverged,"Simulation diverged at t=0: eigenvalue Re(λ)=1.393e+00 predicts growth factor 1.79e+30 over Δt=50.0, exceeding threshold 1e+08. The system is physically unstable.",-1,,,,,,,,false
1.0,-1.9743589743589745,1.0,0.0001,0.0,1.0,256,50.0,auto,auto,periodic,"Simulation diverged at t=0: eigenvalue Re(λ)=2.164e+00 predicts growth factor 9.72e+46 over Δt=50.0, exceeding threshold 1e+08. The system is physically unstable.",diverged,"Simulation diverged at t=0: eigenvalue Re(λ)=2.164e+00 predicts growth factor 9.72e+46 over Δt=50.0, exceeding threshold 1e+08. The system is physically unstable.",-1,,,,,,,,false
1.0,-1.9102564102564104,1.0,0.0001,0.0,1.0,256,50.0,auto,auto,periodic,"Simulation diverged at t=0: eigenvalue Re(λ)=1.179e+00 predicts growth factor 4.02e+25 over Δt=50.0, exceeding threshold 1e+08. The system is physically unstable.",diverged,"Simulation diverged at t=0: eigenvalue Re(λ)=1.179e+00 predicts growth factor 4.02e+25 over Δt=50.0, exceeding threshold 1e+08. The system is physically unstable.",-1,,,,,,,,false
1.0,-1.8461538461538463,1.0,0.0001,0.0,1.0,256,50.0,auto,auto,periodic,"Simulation diverged at t=0: eigenvalue Re(λ)=1.251e+00 predicts growth factor 1.47e+27 over Δt=50.0, exceeding threshold 1e+08. The system is physically unstable.",diverged,"Simulation diverged at t=0: eigenvalue Re(λ)=1.251e+00 predicts growth factor 1.47e+27 over Δt=50.0, exceeding threshold 1e+08. The system is physically unstable.",-1,,,,,,,,false
1.0,-1.7820512820512822,1.0,0.0001,0.0,1.0,256,50.0,auto,auto,periodic,"Simulation diverged at t=0: eigenvalue Re(λ)=1.008e+00 predicts growth factor 7.59e+21 over Δt=50.0, exceeding threshold 1e+08. The system is physically unstable.",diverged,"Simulation diverged at t=0: eigenvalue Re(λ)=1.008e+00 predicts growth factor 7.59e+21 over Δt=50.0, exceeding threshold 1e+08. The system is physically unstable.",-1,,,,,,,,false
1.0,-1.717948717948718,1.0,0.0001,0.0,1.0,256,50.0,auto,auto,periodic,"Simulation diverged at t=0: eigenvalue Re(λ)=4.022e-01 predicts growth factor 5.41e+08 over Δt=50.0, exceeding threshold 1e+08. The system is physically unstable.",diverged,"Simulation diverged at t=0: eigenvalue Re(λ)=4.022e-01 predicts growth factor 5.41e+08 over Δt=50.0, exceeding threshold 1e+08. The system is physically unstable.",-1,,,,,,,,false
1.0,-1.653846153846154,1.0,0.0001,0.0,1.0,256,50.0,auto,auto,periodic,"Simulation diverged at t=0: eigenvalue Re(λ)=4.308e-01 predicts growth factor 2.26e+09 over Δt=50.0, exceeding threshold 1e+08. The system is physically unstable.",diverged,"Simulation diverged at t=0: eigenvalue Re(λ)=4.308e-01 predicts growth factor 2.26e+09 over Δt=50.0, exceeding threshold 1e+08. The system is physically unstable.",-1,,,,,,,,false
1.0,-1.5897435897435899,1.0,0.0001,0.0,1.0,256,50.0,auto,auto,periodic,"Simulation diverged at t=0: eigenvalue Re(λ)=4.559e-01 predicts growth factor 7.93e+09 over Δt=50.0, exceeding threshold 1e+08. The system is physically unstable.",diverged,"Simulation diverged at t=0: eigenvalue Re(λ)=4.559e-01 predicts growth factor 7.93e+09 over Δt=50.0, exceeding threshold 1e+08. The system is physically unstable.",-1,,,,,,,,false
1.0,-1.5256410256410258,1.0,0.0001,0.0,1.0,256,50.0,auto,auto,periodic,"Simulation diverged at t=0: eigenvalue Re(λ)=4.065e-01 predicts growth factor 6.72e+08 over Δt=50.0, exceeding threshold 1e+08. The system is physically unstable.",diverged,"Simulation diverged at t=0: eigenvalue Re(λ)=4.065e-01 predicts growth factor 6.72e+08 over Δt=50.0, exceeding threshold 1e+08. The system is physically unstable.",-1,,,,,,,,false
1.0,-1.4615384615384617,1.0,0.0001,0.0,1.0,256,50.0,auto,auto,periodic,"Simulation diverged at t=0: eigenvalue Re(λ)=4.302e-01 predicts growth factor 2.19e+09 over Δt=50.0, exceeding threshold 1e+08. The system is physically unstable.",diverged,"Simulation diverged at t=0: eigenvalue Re(λ)=4.302e-01 predicts growth factor 2.19e+09 over Δt=50.0, exceeding threshold 1e+08. The system is physically unstable.",-1,,,,,,,,false
1.0,-1.3974358974358976,1.0,0.0001,0.0,1.0,256,50.0,auto,auto,periodic,"Simulation diverged at t=0: eigenvalue Re(λ)=3.984e-01 predicts growth factor 4.49e+08 over Δt=50.0, exceeding threshold 1e+08. The system is physically unstable.",diverged,"Simulation diverged at t=0: eigenvalue Re(λ)=3.984e-01 predicts growth factor 4.49e+08 over Δt=50.0, exceeding threshold 1e+08. The system is physically unstable.",-1,,,,,,,,false
1.0,-1.3333333333333335,1.0,0.0001,0.0,1.0,256,50.0,auto,auto,periodic,"Simulation diverged at t=0: eigenvalue Re(λ)=3.708e-01 predicts growth factor 1.13e+08 over Δt=50.0, exceeding threshold 1e+08. The system is physically unstable.",diverged,"Simulation diverged at t=0: eigenvalue Re(λ)=3.708e-01 predicts growth factor 1.13e+08 over Δt=50.0, exceeding threshold 1e+08. The system is physically unstable.",-1,,,,,,,,false
1.0,-1.2692307692307694,1.0,0.0001,0.0,1.0,256,50.0,auto,auto,periodic,"Simulation diverged at t=0: eigenvalue Re(λ)=3.860e-01 predicts growth factor 2.41e+08 over Δt=50.0, exceeding threshold 1e+08. The system is physically unstable.",diverged,"Simulation diverged at t=0: eigenvalue Re(λ)=3.860e-01 predicts growth factor 2.41e+08 over Δt=50.0, exceeding threshold 1e+08. The system is physically unstable.",-1,,,,,,,,false
1.0,-1.2051282051282053,1.0,0.0001,0.0,1.0,256,50.0,auto,auto,periodic,"Simulation diverged at t=0: eigenvalue Re(λ)=3.866e-01 predicts growth factor 2.48e+08 over Δt=50.0, exceeding threshold 1e+08. The system is physically unstable.",diverged,"Simulation diverged at t=0: eigenvalue Re(λ)=3.866e-01 predicts growth factor 2.48e+08 over Δt=50.0, exceeding threshold 1e+08. The system is physically unstable.",-1,,,,,,,,false
1.0,-1.1410256410256412,1.0,0.0001,0.0,1.0,256,50.0,auto,auto,periodic,"Simulation diverged at t=0: eigenvalue Re(λ)=3.748e-01 predicts growth factor 1.38e+08 over Δt=50.0, exceeding threshold 1e+08. The system is physically unstable.",diverged,"Simulation diverged at t=0: eigenvalue Re(λ)=3.748e-01 predicts growth factor 1.38e+08 over Δt=50.0, exceeding threshold 1e+08. The system is physically unstable.",-1,,,,,,,,false
1.0,-1.076923076923077,1.0,0.0001,0.0,1.0,256,50.0,auto,auto,periodic,,success,,0,581.9266246767077,50.0,581.9266246767077,0.95,5.8193e+10,,,false
1.0,-1.012820512820513,1.0,0.0001,0.0,1.0,256,50.0,auto,auto,periodic,,success,,0,81.463641650196,50.0,81.463641650196,0.94,8.1464e+09,,,false
1.0,-0.9487179487179489,1.0,0.0001,0.0,1.0,256,50.0,auto,auto,periodic,,success,,0,12.015459731552374,50.0,12.015459731552374,0.96,1.2015e+09,,,false
1.0,-0.884615384615385,1.0,0.0001,0.0,1.0,256,50.0,auto,auto,periodic,,success,,0,1.8541790846993929,50.0,1.8541790846993929,0.95,1.8542e+08,,,false
1.0,-0.8205128205128207,1.0,0.0001,0.0,1.0,256,50.0,auto,auto,periodic,,success,,0,0.2976464404865329,50.0,0.2976464404865329,1.06,2.9765e+07,,,false
1.0,-0.7564102564102564,1.0,0.0001,0.0,1.0,256,50.0,auto,auto,periodic,,success,,0,0.04946629730626697,50.0,0.04946629730626697,1.0,4.9466e+06,7.914624e+03,3.8984,true
1.0,-0.6923076923076925,1.0,0.0001,0.0,1.0,256,50.0,auto,auto,periodic,,success,,0,0.008476704435840827,50.0,0.008476704435840827,1.08,8.4767e+05,1.356276e+03,3.1323,true
1.0,-0.6282051282051286,1.0,0.0001,0.0,1.0,256,50.0,auto,auto,periodic,,success,,0,0.0014926738625689806,50.0,0.0014926738625689806,0.99,1.4927e+05,2.388283e+02,2.3781,true
1.0,-0.5641025641025643,1.0,0.0001,0.0,1.0,256,50.0,auto,auto,periodic,,success,,0,0.0002693088809728908,50.0,0.0002693088809728908,1.15,2.6931e+04,4.308951e+01,1.6344,true
1.0,-0.5,1.0,0.0001,0.0,1.0,256,50.0,auto,auto,periodic,,success,,0,4.965901924632012e-05,50.0,4.965901924632012e-05,1.04,4.9659e+03,7.945460e+00,0.9001,true
