sample,beta1,beta2,beta3,xi,delta1,chi,zeta1,zeta2,zeta3,beta_constraint_pass,max_excess,probe_pass
0,-0.0752005,-1.98531,-0.715601,0.0557554,0.0238995,0.00381703,0.00603405,0.00424556,0.00232888,1,3.37277,0
1,0.26376,-2.57885,-0.316274,0.0397274,-0.0248809,0.00144378,0.0156925,0.00454349,0.0152456,1,inf,0
2,-1.15765,-1.84791,0.764666,0.240228,-0.00737834,-0.00303995,0.0138429,0.014469,0.0321901,1,4.09784,0
3,-0.527486,-1.67214,-0.785769,5.00374,0.00588921,-0.0087446,0.0448012,-0.0172162,-0.0499605,1,0.454277,0
4,-0.669484,-2.34579,-0.0907804,2.93341,-0.0170187,-0.00120666,0.00883715,0.0202717,-0.0147804,1,0.657704,0
5,0.0287711,-2.08995,-0.558563,0.0140612,-0.0204204,-0.00780153,-0.034336,0.0124165,0.0307164,1,inf,0
6,-1.35231,-1.32462,-0.533614,0.423413,-0.0102548,0.00684764,0.00955661,-0.0183995,-0.00581716,0,inf,0
7,0.959476,-2.7619,0.140954,0.0101898,0.0131796,0.00855443,0.0130772,-0.0116488,0.0268541,1,10.1533,0
8,0.424486,-2.24633,0.781663,6.41523,0.00922579,0.00447913,-0.0107198,0.0191258,-0.0213284,1,0.100769,1
9,-0.538053,-2.51615,-0.313414,1.00158,0.0048106,-0.00461897,-0.0140849,0.00400932,-0.0107327,1,1.39408,0
10,0.130417,-1.03075,0.863818,0.139322,0.003115,0.00467504,-0.0249072,0.00322915,0.0220815,1,0.101034,1
11,-1.01377,-2.6811,0.489222,0.098764,0.0163457,-0.00710213,-0.0334269,-0.00943742,0.0203931,1,7.34519,0
12,-0.364311,-1.58189,-0.0756581,0.32955,-0.0060531,-0.00271616,0.0326183,0.0183482,-0.0227975,1,1.41304,0
13,0.236145,-0.611129,-0.358134,0.50667,0.0190664,-0.00633604,-0.0461755,-0.016443,-0.0382845,0,inf,0
14,0.0265394,-2.87413,0.980379,0.145167,-0.0168412,-0.00412192,0.0234438,0.0150815,-0.0324329,1,3.45007,0
15,0.301115,-2.47617,0.76838,3.44865,0.0120067,-0.0012214,-0.011887,0.00990137,0.00694117,1,0.100738,1
16,-0.802373,-2.57886,0.523774,4.98888,-0.0211738,-0.0014646,0.0213862,0.0105779,-0.0427176,1,0.421272,0
17,-0.398599,-2.00551,0.804884,0.762398,-0.00013379,-0.00276849,0.00900224,-0.00837745,0.0409244,1,1.18723,0
18,0.733669,-1.79343,0.819703,0.0321991,0.0130755,0.0033221,-0.0324925,-0.0141753,0.0274997,1,1.06499,0
19,0.627306,-1.65848,0.658476,0.0374677,0.0184793,-0.000849023,0.0227794,-0.00345994,-0.0265226,1,1.63186,0
20,-1.29083,-2.97868,0.356888,0.0203186,0.00431782,-0.00321471,-0.0103651,0.0155286,0.0320259,1,inf,0
21,-0.0773282,-2.15177,-0.664073,0.0187662,-0.0192533,-0.00355018,-0.0287861,-0.0103761,0.0407404,1,7.4063,0
22,-0.0735365,-0.372392,-0.624095,0.510235,0.0226949,-0.00347142,0.0171093,0.0123334,0.0197929,0,inf,0
23,0.931235,-2.84232,-0.0122947,0.037404,-0.0165375,0.00183838,-0.0482194,0.0105815,-0.0209094,1,0.729002,0
24,0.0175043,-2.01657,0.0764472,1.27541,0.0194998,-0.00140386,0.0456586,-0.018819,-0.0173363,1,inf,0
25,-0.710448,-0.861282,0.361693,0.106641,-0.0187418,0.00239311,-0.0097501,-0.00376629,-0.0243972,0,inf,0
26,0.90996,-0.564355,0.805111,4.11464,0.0162946,0.00789721,0.0430701,0.012616,-0.00467963,0,inf,0
27,-0.40479,-2.84157,-0.158024,5.88824,0.0138332,0.00371884,0.0381956,0.0204928,-0.025557,1,0.208146,1
28,0.428617,-1.73809,-0.605396,7.45842,-0.0105098,-0.00776114,-0.0312725,0.0200822,0.0447324,1,0.100986,1
29,0.633577,-0.931631,-0.1255,0.0791349,-0.0221015,0.00829498,-0.013778,-0.0188335,-0.0013795,0,inf,0
30,0.909186,-1.63158,0.577498,1.40074,-0.0019058,-0.00848344,0.0369485,-0.0122393,0.048559,1,0.101031,1
31,0.566704,-1.15955,-0.897687,0.0113212,0.0218516,0.0012222,0.0127886,-0.00655581,-0.0273614,1,0.101005,1
32,-1.30938,-0.698641,0.28867,7.19683,0.00522915,-0.00211369,0.0454361,0.00782746,0.0227597,0,inf,0
33,0.37219,-0.600798,0.802296,2.26636,-0.0168879,0.00803385,-0.0249119,-0.000776157,0.0426825,0,inf,0
34,-0.919129,-1.02478,-0.549578,0.0689657,-0.00735155,0.00893229,0.0149472,-0.000539144,0.0458644,0,inf,0
35,-0.621804,-1.7883,0.768484,0.188231,0.00582001,0.000177623,0.00251837,0.0181297,0.0106058,1,3.29409,0
36,0.57564,-2.53354,0.670786,1.08975,0.0195293,-6.18347e-05,-0.012957,0.0125695,-0.0137763,1,0.100997,1
37,0.32509,-1.37526,-0.48021,0.320447,-0.0141763,-0.00202852,-0.0257709,0.0139814,0.0366239,1,0.13601,1
38,-0.523476,-0.821982,0.954003,0.604655,0.0117339,0.00218262,0.0246903,0.0144698,0.0396901,1,inf,0
39,0.240313,-1.66691,0.83584,0.861738,-0.001732,0.00643241,0.00852101,-0.0129173,-0.0435519,1,0.100988,1
40,0.567659,-0.951258,0.786256,9.15882,-0.0198376,0.00584022,-0.0394026,0.00200029,-0.0396591,0,inf,0
41,0.576322,-2.21313,0.462342,0.0487474,-0.0222773,0.0050028,-0.0209454,0.00159525,-0.0369902,1,0.140137,1
42,-0.46037,-1.74066,0.870575,0.024554,0.00034555,-0.00604678,-0.025229,-0.00771796,0.0403114,1,8.26006,0
43,-0.699857,-1.52436,0.680449,1.29603,0.0141591,-0.00687266,-0.0274866,-0.020235,-0.0339226,1,0.918039,0
44,0.979988,-2.64013,0.37631,0.619012,0.0219863,-0.00538656,-0.0473568,0.00280994,0.0290442,1,0.100824,1
45,0.787545,-1.60087,-0.492179,0.202481,0.00508882,-0.00125995,0.0115155,0.00325717,-0.0136125,1,0.100947,1
46,-0.41784,-1.66982,-0.0273345,0.448913,-0.00444587,0.00553378,-0.00166276,-0.0083747,0.0118473,1,1.2949,0
47,0.305775,-1.70931,-0.135058,3.84866,-0.00861962,-0.00688572,-0.0203696,0.017743,-0.0227143,1,0.10101,1
48,-0.369279,-1.87634,0.818286,0.834172,0.0228479,0.000128937,0.0261062,-0.000900364,-0.0123382,1,1.00687,0
49,-0.744226,-2.4395,-0.190561,0.300721,-0.0243474,-0.00659569,0.0493531,-0.00986081,-0.0242323,1,3.28918,0
50,0.553743,-2.08797,0.935648,1.52024,0.0194203,0.00143532,-0.0402515,-0.0204357,-0.0413372,1,0.100985,1
51,0.923441,-1.41462,0.918049,0.645014,-0.0225564,0.00032058,0.0204018,-0.0194777,-0.0329716,0,inf,0
52,0.872556,-2.61883,0.302018,0.264909,-0.0217311,0.00241743,-0.00520939,0.00482468,0.00725314,1,0.10099,1
53,0.52793,-1.05772,-0.37672,0.0212,-0.02105,0.00527738,0.000244366,0.00955939,-0.00847621,1,2.88205,0
54,-0.341125,-1.01755,-0.585494,0.333427,-0.0207681,-0.00732228,-0.0276448,0.0144423,-0.0142976,1,0.100985,1
55,-0.846159,-1.03207,-0.575001,0.0410419,0.0151701,-0.00441412,-0.0153058,0.0130344,-0.0248474,0,inf,0
56,-0.360299,-2.1355,0.429825,0.4551,0.00427669,-0.0025144,-0.00443694,-0.0064911,-0.0249087,1,1.78325,0
57,-0.998651,-2.32121,-0.685913,8.97305,0.024587,-0.00584938,-0.0143463,0.0167032,0.0224203,1,0.111671,1
58,0.405369,-1.33715,-0.873215,1.84481,0.00332032,0.00682842,0.0183578,-0.00908587,-0.0123556,1,0.101009,1
59,0.223913,-1.06018,-0.141138,3.22555,0.0166225,0.00399115,0.00207623,-0.00517659,-0.0114933,1,0.100995,1
60,0.774654,-0.87724,0.322246,9.85355,0.0138308,0.000724625,-0.0205973,0.0168372,-0.0321364,0,inf,0
61,-0.229386,-2.3743,0.368031,0.0308033,-0.0152126,0.00656281,-0.0327414,-0.00311749,-0.0128333,1,7.98227,0
62,0.604955,-1.42898,-0.878272,1.06048,0.00149285,0.00532564,0.0179484,0.000712946,-0.0457757,1,0.101001,1
63,-1.03161,-0.98033,-0.372065,6.0673,-0.0159687,0.00871855,0.0179793,0.0134291,-0.0245426,0,inf,0
64,-0.583855,-2.16076,0.27014,4.45096,-0.0131138,-0.00430113,-0.00879452,-0.000394902,-0.0363517,1,0.253608,1
65,-0.632782,-2.51634,0.864732,8.35622,0.00205221,-0.00717918,0.010473,-0.0155202,0.0121311,1,0.120671,1
66,-0.984414,-0.409267,0.0649961,0.0273904,0.0203866,0.00624238,-0.00972139,0.0106932,0.0336993,0,inf,0
67,-1.27771,-2.30372,-0.326543,0.090259,-0.0153599,0.0046047,0.0148645,-0.0120179,-0.00939993,1,7.80434,0
68,0.729984,-1.65019,0.129149,0.765019,0.0201269,0.00454106,0.0165463,-0.00539978,-0.0202862,1,0.100992,1
69,-1.1427,-0.94131,-0.848439,0.890165,-0.00202981,-0.0082985,-0.0362443,-0.000179355,0.00871145,0,inf,0
70,-0.544172,-0.80578,-0.840143,0.0161026,-0.00367958,0.00160774,-0.0365592,0.0178765,-0.00911171,1,3.92146,0
71,-1.12048,-2.6234,-0.203465,3.22108,-0.0210137,-0.00143968,-0.0296402,-0.00795554,0.0443054,1,0.899426,0
72,-0.710401,-2.25403,0.580938,0.194065,-0.00204224,-0.00601276,-0.0350527,-0.0101172,0.00646097,1,3.99247,0
73,-1.21943,-0.731537,-0.946591,0.0199636,0.0161325,-0.00104688,0.0117549,-0.00364591,-0.0183011,0,inf,0
74,0.660095,-1.46381,-0.109307,1.199,-0.00662636,0.00220741,-0.0164465,-0.00713914,0.0309082,1,0.101036,1
75,0.199596,-1.23547,0.400759,0.381317,-0.00517767,0.00417992,-0.0409341,-0.00939297,-0.0185825,1,0.10101,1
76,0.675353,-2.7515,-0.306026,0.303642,0.0139963,0.00819042,-0.0339821,0.000817546,-0.0109899,1,0.100992,1
77,-1.41252,-0.461502,0.31683,0.208453,-0.00804952,0.00121771,-0.00123159,0.0105869,-0.0208964,0,inf,0
78,-0.00505131,-2.79177,0.53911,8.14184,-0.000402151,0.00212231,0.0449362,0.0153719,-0.0259281,1,0.100752,1
79,-0.975678,-1.74124,-0.509005,0.0211016,-0.0187096,-0.00885865,0.0392291,0.00858525,0.00785464,1,13.2225,0
80,-0.0863,-0.943125,-0.830932,0.013249,-0.0196257,0.000817712,-0.0158862,-0.00981377,0.0365016,1,1.93836,0
81,0.746438,-1.93424,0.72968,0.0622552,-0.00955174,0.00746802,-0.0145159,-0.0179278,-0.0161476,1,0.712268,0
82,-1.44104,-0.792488,0.444202,0.194758,0.0109078,-0.00441485,0.045075,0.0189084,-0.0168205,0,inf,0
83,-0.179652,-2.34105,0.453546,0.301963,0.00316645,0.00016766,0.0321437,0.00780512,0.0279912,1,2.09575,0
84,-1.44257,-1.61358,-0.0833256,0.447332,-0.0105995,0.000831197,0.0491925,-0.0174997,-0.0404617,0,inf,0
85,-1.1899,-0.8099,-0.294484,0.0333031,0.0147793,-0.0019063,0.0400574,0.0187371,-0.0263329,0,inf,0
86,0.670757,-0.848549,0.408382,0.0257384,0.0239959,-0.00543615,0.00666437,-0.00638283,-0.043886,0,inf,0
87,-1.05752,-2.61076,-0.909934,0.17662,0.0108761,0.00393113,-0.0189546,-0.012378,0.00162435,1,5.41495,0
88,-1.40376,-2.69387,0.94926,0.0125169,0.0188469,0.000178214,0.00586372,-0.0163928,-0.0486131,1,inf,0
89,-0.613558,-0.731256,0.646554,0.178417,0.0177384,0.00658099,0.00366565,-0.0117702,0.0198663,0,inf,0
90,-0.119283,-2.7616,-0.856857,1.69871,0.0228132,-0.0049285,0.0303675,0.0116667,-0.0199751,1,0.731241,0
91,-1.07681,-0.455376,0.884448,5.66593,-0.0211873,0.00261662,-0.0496314,0.0112396,-0.00246447,0,inf,0
92,0.997031,-2.93267,-0.242669,0.234339,-0.00819633,-0.00111472,-0.0396862,-0.00254932,-0.00637037,1,0.100784,1
93,-0.395976,-0.877072,0.711137,0.0125209,-0.0144495,0.00192125,0.0186815,0.0161467,-0.0132575,1,1.74365,0
94,0.509739,-2.49354,0.234403,0.0401007,-0.015059,-0.00570664,0.0144869,0.00175033,-0.00171402,1,0.33851,0
95,0.305843,-0.432637,-0.290632,0.106624,0.0120985,-0.0032649,-0.0121276,0.00111765,0.0245252,0,inf,0
96,-0.626706,-0.313047,-0.493741,0.027435,-0.00941026,0.00121442,-0.0235352,-0.0174859,0.0277622,0,inf,0
97,0.0599134,-0.534984,0.395422,0.0123362,-0.0162243,0.00280792,0.0379253,-0.018647,0.0406901,0,inf,0
98,-0.187032,-0.904762,-0.0702792,0.0435115,0.00428337,-0.00278728,-0.0333515,-0.000223664,-0.0352422,1,0.635113,0
99,-1.3883,-1.94619,0.455317,8.41655,0.0227322,-0.00606554,0.0425882,-0.0190767,-0.014195,1,0.329625,0
100,0.491808,-0.409208,0.938387,6.36628,-0.0143612,-0.00396886,-0.0159935,-0.0166693,0.0498419,0,inf,0
101,-0.636626,-2.60851,0.727349,0.302461,-0.0154844,0.0089944,0.0424243,-0.0128553,0.0419513,1,3.34676,0
102,-0.877443,-0.324211,-0.0457929,8.90398,0.0231502,0.00583717,-0.00279547,-0.00522522,-0.0294497,0,inf,0
103,-1.36029,-0.42812,-0.726407,0.196562,-0.0208341,-0.00474137,0.0215305,-0.000729231,0.0478527,0,inf,0
104,0.898562,-2.3195,0.146093,0.980201,-0.0132217,0.00393634,-0.00226731,-0.00885893,0.0295587,1,0.10101,1
105,-0.504874,-1.33182,-0.996752,0.109317,0.0181657,0.00343332,0.0106555,-0.00744977,-0.0252091,1,2.93711,0
106,-1.40517,-0.41849,-0.286625,0.366449,-0.00361434,0.00306797,-0.0411398,-0.0159665,-0.00609046,0,inf,0
107,-0.0336131,-2.02569,0.340397,0.340064,-0.0222447,-0.00835284,-0.000814447,-0.0169024,-0.00531388,1,0.912638,0
108,-0.648405,-1.0116,-0.366822,1.80427,0.00611118,-0.00888208,0.0133199,-0.0205432,0.0323329,1,0.277979,1
109,0.375271,-1.37002,-0.817469,0.930382,0.0119133,0.00474129,0.0355274,0.00969263,-0.0418122,1,0.100998,1
110,-1.4749,-0.393895,-0.0924238,0.0840502,0.00705346,-0.0004702,0.00887083,-0.0121788,0.0187241,0,inf,0
111,0.557538,-2.01859,0.174882,2.57928,0.0156525,0.00753911,0.00429443,-0.00693379,-0.0334595,1,0.100988,1
112,0.426701,-1.65894,-0.674325,0.985536,0.0119244,0.00815391,-0.0402037,0.0116359,0.0114176,1,0.100856,1
113,-0.0405927,-2.2822,0.485117,0.467358,-0.00320267,-0.00715286,-0.0161995,0.0152672,-0.0289979,1,1.11433,0
114,0.847189,-2.11107,-0.320562,1.81985,0.00855168,0.0013424,0.031964,0.00407911,-0.0488555,1,0.100995,1
115,0.944755,-2.00035,0.848543,0.0136469,-0.0123386,-0.0082791,-0.0245142,-0.000496272,-0.0263978,1,3.82111,0
116,-0.235493,-2.7222,-0.530754,0.0103797,0.0131553,0.00827346,-0.0312808,0.00898005,-0.0248418,1,16.3024,0
117,0.924184,-1.13639,-0.497798,0.191256,0.0194252,-0.00249928,-0.00272031,0.00469449,-0.0210528,0,inf,0
118,-1.21543,-2.72241,-0.778141,5.88006,0.010532,0.00424562,0.0315105,-0.0164766,0.0458382,1,0.452512,0
119,0.300846,-0.730486,0.931339,0.0683216,0.013739,0.0012335,0.0325934,-0.00495506,-0.00335742,0,inf,0
120,0.781307,-1.27114,0.141154,0.281011,0.0239836,-0.00367232,-0.0250108,0.00864449,0.0312106,0,inf,0
121,0.621232,-1.0709,0.301942,0.264602,-0.0118467,0.0061216,0.0478249,-0.0136363,-0.0383876,0,inf,0
122,-0.913583,-0.710433,-0.026985,1.35371,-0.0025675,-0.00523219,-0.0115077,-0.014909,0.031765,0,inf,0
123,-0.566864,-0.795314,-0.640824,1.32377,-0.00270033,-0.00315302,0.0474432,0.0118971,-0.0430892,0,inf,0
124,0.417079,-0.680803,0.724108,7.82403,0.0201365,0.00869671,-0.041519,0.0174529,-0.0482011,0,inf,0
125,-0.651116,-2.90687,0.125012,7.23467,-0.0245304,0.00326579,0.0369448,0.00119154,0.0196552,1,0.305898,0
126,0.23509,-2.63197,0.616639,0.0379724,-0.0182558,0.00610327,-0.00594526,0.00765109,0.0262456,1,5.97723,0
127,-0.731652,-1.54531,0.266034,0.169574,0.0153398,0.0055395,-0.00564752,-0.0097675,-0.0271085,1,3.48269,0
128,0.818142,-1.83187,0.988054,0.0539168,0.0150013,0.00195754,-0.0477967,-0.0196524,0.0425987,1,0.543005,0
129,0.866538,-0.807092,0.512334,0.398618,0.00700206,-0.00558881,0.0492508,-0.00368,0.0437872,0,inf,0
130,-1.12483,-1.4192,-0.251298,8.10111,-0.0121219,-0.00564524,0.0123241,-0.0122533,-0.0447413,1,0.146964,1
131,-0.351394,-1.83574,0.665563,0.114254,0.0076643,-0.00518908,0.0208905,-0.0168231,0.00328954,1,3.34719,0
132,0.387096,-0.942821,0.797237,0.0132881,-0.0012164,-0.00890159,-0.037328,-0.00930335,0.0330851,1,4.046,0
133,0.670286,-1.93762,0.952704,0.165678,0.0219188,0.000677772,-0.0168177,-0.000899588,0.0454451,1,0.100765,1
134,-0.216302,-2.57335,-0.507376,1.71124,-0.0193414,0.00232434,0.0387786,-0.0103044,0.0491361,1,0.752054,0
135,-0.244695,-2.77225,0.142852,0.182883,0.0055071,0.00305908,0.0375825,0.00590838,-0.0243404,1,3.65186,0
136,-0.486549,-1.49687,-0.912185,7.49449,0.00260031,0.000172936,0.0121336,-0.00540218,-0.0452391,1,0.100978,1
137,0.11334,-2.30151,-0.864713,0.0636081,-0.0140095,-0.00393535,0.00675645,0.00409596,-0.0115788,1,2.83387,0
138,0.831088,-0.772833,-0.202382,0.652189,-0.0141855,0.00557029,0.0270408,0.0105843,-0.00959587,0,inf,0
139,-0.275568,-0.804286,-0.667999,8.49701,0.021139,-0.0055773,-0.011411,-0.00700887,0.00749861,1,0.100989,1
140,-1.24826,-1.40314,0.796783,0.664742,-0.00841174,0.0071084,0.0252221,-0.0201327,0.000596053,0,inf,0
141,0.621205,-1.0905,-0.843883,0.0556317,-0.00781993,0.000411559,0.0148512,-0.0159454,-0.0229308,0,inf,0
142,0.51866,-1.01731,-0.216749,0.0313659,0.0240379,0.00140892,-0.0417033,-0.00181578,0.0478854,0,inf,0
143,-1.22927,-0.826225,0.194804,0.339882,-0.0176902,0.0059613,-0.0304713,0.0147122,-0.000782671,0,inf,0
144,-1.35853,-1.26761,-0.671332,0.0156532,0.0157084,0.00521571,0.0293911,-0.00890341,-0.0308485,0,inf,0
145,-0.205651,-1.94888,-0.202627,0.497544,-0.0112125,-0.00465625,0.0161413,0.00978808,-0.0329979,1,1.06399,0
146,-1.42319,-1.7243,-0.709399,0.438262,0.0186695,0.00552082,-0.0409853,0.0094947,-0.0358327,1,3.17052,0
147,-1.41048,-2.28466,0.749729,0.434546,-0.0141395,0.00769136,-0.0311909,-0.000219368,0.0460894,1,3.5233,0
148,-0.11694,-1.81129,-0.573301,9.34128,0.0200705,0.00283522,0.0144484,0.0181133,0.0187896,1,0.100943,1
149,-1.31019,-1.04915,0.582343,0.0295523,0.00453976,-0.00220257,0.00824346,-0.00829254,-0.00545486,0,inf,0
150,0.822229,-0.467427,0.220026,0.0550465,0.0198635,0.00646876,0.0360186,0.0103706,0.029288,0,inf,0
151,0.25624,-1.35923,-0.211703,0.0135767,0.0018716,0.00501042,-0.0253058,-0.0204219,-0.0200243,1,1.75111,0
152,-0.123426,-2.3188,0.728914,8.8833,-0.00447537,0.00538381,0.0220046,-0.0137028,0.0212277,1,0.100761,1
153,0.199404,-0.747083,-0.0194081,0.903099,0.0142733,0.00198015,-0.0209845,0.0039606,-0.00387046,1,0.101035,1
154,-0.443629,-1.49604,-0.891373,0.0215947,0.016841,0.00130887,0.0396208,0.0187114,-0.0404322,1,7.33488,0
155,-0.0111874,-2.63771,-0.633447,0.186103,-0.0194422,7.32672e-05,-0.0164325,0.0165684,0.0152326,1,2.76123,0
156,0.715155,-1.39031,-0.109207,0.266207,0.0127906,0.00468417,-0.00720123,0.01438,0.0379723,1,0.10101,1
157,0.954586,-1.66053,0.334842,0.0291615,-0.017298,-0.00199248,-0.0258316,-0.00016093,-0.0384243,1,0.744323,0
158,-0.724267,-0.353933,0.728647,0.124456,-0.0189357,0.00486987,-0.0383356,0.0193811,0.0126768,0,inf,0
159,-0.603651,-0.838912,0.573284,0.0376879,0.00562473,-0.00139765,-0.0466027,0.00151286,0.0216126,0,inf,0
160,0.620043,-2.52659,0.998276,4.73661,-0.0155974,-0.000390211,-0.0209179,-0.0152604,-0.0165996,1,0.101038,1
161,0.590831,-2.5115,0.304804,0.128534,-0.00238411,0.00300418,0.0378169,0.0155205,0.0164231,1,0.131785,1
162,-1.20048,-2.32235,-0.972638,0.254931,0.0207654,0.00152275,-0.0283391,-0.00756425,-0.0326533,1,4.4453,0
163,-0.368208,-0.438996,-0.249737,0.0806155,0.0170818,-0.0074123,-0.0250276,-0.00460158,0.0291653,0,inf,0
164,0.463145,-2.33261,0.808003,0.418322,-0.015751,-0.00553925,0.0139692,-0.0195804,0.0316186,1,0.101,1
165,0.831329,-2.43734,0.614777,0.0336867,-0.0133599,-0.0051743,0.00151017,0.00853135,0.0475149,1,2.35358,0
166,0.167388,-2.91764,0.632719,4.65077,-0.0135865,1.516e-05,0.0269413,-0.0111604,-0.0201432,1,0.100801,1
167,0.885011,-2.92937,0.914248,0.0188951,-0.00725511,-0.00782224,-0.00552308,0.00127073,-0.0333928,1,3.17607,0
168,0.740186,-2.16848,0.937724,0.041187,0.00864431,-0.00165038,0.00138733,-0.0113493,0.0492696,1,0.19587,1
169,-0.163657,-0.310387,-0.214619,5.20512,0.0133479,-0.00184408,0.0396438,5.24542e-05,-0.0480754,0,inf,0
170,0.652119,-0.775848,0.284305,0.240392,0.00213418,0.00110497,0.00921403,-0.0173268,-0.0133678,0,inf,0
171,0.828463,-0.411742,-0.569934,3.77135,-0.00466456,0.00352953,-0.0492099,0.016647,-0.0139894,0,inf,0
172,0.906258,-1.70689,-0.925735,0.0792109,0.0102965,-0.00451631,-0.0251354,-0.0108415,0.0195712,1,0.311384,0
173,0.515964,-1.23948,0.878508,6.18145,-0.00487134,0.000527511,0.0177671,-0.0195471,-0.0178059,1,0.101003,1
174,-0.78586,-2.66378,-0.42943,0.0130096,-0.00784504,-0.00898412,0.0184115,-0.00755937,-0.0415424,1,inf,0
175,0.308606,-1.70451,-0.510402,0.130322,0.00997407,-0.00195839,-0.0198762,-0.012089,-0.0332655,1,0.352701,0
176,-0.169492,-1.48617,0.0247866,1.01378,0.0146547,-0.00679037,-0.00599093,-0.0148347,-0.0428932,1,12.6476,0
177,0.0730431,-1.8215,0.272263,1.66065,-0.00205776,-0.00163293,0.0363384,-0.00652349,0.0314581,1,0.100988,1
178,-1.18486,-1.43358,-0.112366,0.0682316,6.59198e-05,0.00360691,-0.0387632,-0.00184192,0.0481471,0,inf,0
179,0.0480183,-1.35709,-0.412401,0.0375676,-0.0093623,-0.00660791,0.015364,0.00214671,0.0106547,1,0.621325,0
180,0.527333,-2.18527,0.0900739,0.515788,-0.00256247,-0.000681054,-0.0400881,-0.00711098,0.0121041,1,0.100773,1
181,0.887557,-1.56172,0.101661,1.81855,0.0082122,0.00602133,0.01903,0.0120308,-0.0259289,1,0.100898,1
182,-0.632131,-1.33092,0.0338485,1.71,0.00999529,-0.00529106,0.00887205,0.00981291,0.0323948,1,0.502685,0
183,0.355453,-2.28517,-0.567107,0.0203025,-0.0246872,-0.000690326,-0.0355723,-0.00779305,-0.0372938,1,0.100846,1
184,0.86994,-0.336461,-0.697948,0.991605,0.0136297,-0.00365898,0.0135455,-0.00885883,0.0068823,0,inf,0
185,-0.186293,-1.56896,-0.0324145,1.68444,0.00713482,-0.00429672,0.0102592,-0.0203174,-0.00320034,1,inf,0
186,0.502285,-2.40644,0.107903,4.52085,-0.0234521,0.00266259,0.0365085,0.00632406,-0.0479356,1,0.101017,1
187,-1.2011,-1.39248,0.154457,2.30132,-0.00954667,0.00424327,-0.0206402,0.00157661,-0.00991882,0,inf,0
188,-0.0923709,-1.02348,-0.985325,8.66764,0.000343597,0.00276613,-0.0293254,0.0158258,-0.00544599,1,0.10101,1
189,0.532521,-2.14456,-0.764363,3.56929,0.00482999,0.00846122,-0.0187393,0.00561899,-0.0272136,1,0.101009,1
190,-1.19792,-1.56389,0.752979,0.164135,-0.0193618,0.00494754,0.0267723,0.019036,-0.00895331,1,4.81209,0
191,-0.523802,-2.38401,-0.94401,0.0157239,0.00396294,-0.0074961,-0.00750934,-0.0188502,0.0247307,1,14.2253,0
192,0.708374,-1.31007,-0.493415,0.0190433,-0.00890227,0.00664372,0.0273211,-0.0166171,0.0255347,1,6.21897,0
193,-0.205898,-2.90679,0.687324,3.42893,0.0160937,-0.0026577,0.0368122,0.0129542,0.0233809,1,0.399883,0
194,0.309665,-2.02635,-0.972096,0.043897,-0.0157273,-0.00865126,0.00163762,0.0164493,-0.017676,1,0.593023,0
195,-0.592758,-0.452347,-0.380374,0.0759047,-0.00559558,0.00191804,0.037055,-0.0204909,0.0443018,0,inf,0
196,0.574579,-1.70433,-0.424466,0.294043,-0.00120792,-0.0041279,0.0232446,0.00821218,0.0494271,1,0.10968,1
197,-0.258773,-0.63019,-0.355826,0.0125233,0.0230413,-0.00181742,0.0049154,0.0189369,-0.0441583,1,1.81572,0
198,-0.687798,-1.43422,0.985255,0.0162504,-0.00573898,-0.00748998,0.0276507,-0.00820855,0.0161596,1,11.0192,0
199,-0.139102,-0.786057,0.723643,3.66964,0.0154647,0.000808516,0.00488977,0.00893893,0.0441079,1,0.101005,1
200,0.627544,-2.56261,0.920128,0.0192256,-0.00872054,-0.00023926,-0.0333905,0.0150521,-0.0458056,1,0.100787,1
201,-0.900784,-1.94001,0.461034,0.324431,-0.00299948,-0.00529541,-0.00208293,-0.0191187,-0.00977346,1,3.08958,0
202,-1.38215,-1.06856,0.867075,4.17957,0.0110581,-0.00675692,-0.0165336,0.0157973,0.0391784,0,inf,0
203,-0.923578,-1.46913,0.923607,0.0263518,0.0229873,-0.00834629,0.0203289,0.00793145,0.0260013,1,10.4324,0
204,0.695309,-1.29744,0.980465,0.368584,0.0138893,0.00223245,0.00674375,-0.00843032,-0.0106405,1,0.100999,1
205,0.197405,-0.546412,-0.1024,0.145692,-0.0182204,0.00545991,-0.00122951,-0.0189531,-0.0472243,0,inf,0
206,-0.0227543,-0.454202,-0.155848,0.853448,0.0179166,0.00496276,-0.0464872,-0.0171958,-0.0198183,0,inf,0
207,-0.335507,-2.97685,0.990901,0.0715589,0.0127938,-0.00831523,-0.00401542,0.00856615,0.0234833,1,6.86166,0
208,-0.34773,-2.23416,-0.692292,0.0118535,-0.0223483,0.00544985,-0.00445583,0.00818391,0.00194347,1,13.7893,0
209,0.899824,-1.45366,0.174129,4.43699,0.0120237,-0.00646631,0.0389817,0.00763884,0.0476615,1,0.101014,1
210,-0.746653,-0.471235,0.128065,1.4715,-0.0175032,-0.0061066,-0.00484483,-0.0154817,-0.00931484,0,inf,0
211,0.900318,-0.561093,0.816717,0.108024,0.0202281,0.00864003,0.0421272,-0.00510092,0.0409405,0,inf,0
212,-0.841484,-2.06789,0.459276,0.0649525,0.00948539,-0.00355843,0.0186619,-0.0125706,-0.0433775,1,7.51276,0
213,-1.20016,-2.45441,0.781402,1.47043,0.000904465,0.000207881,-0.00314466,0.00315868,-0.0498736,1,1.5758,0
214,-0.374162,-2.37566,-0.417075,0.0288445,-0.015018,0.00351163,0.0354401,-0.00709869,0.0117128,1,9.39781,0
215,-0.958192,-2.83111,-0.227447,0.454529,0.0100937,-0.0032221,-0.00192006,-0.0167421,0.0137747,1,3.19943,0
216,0.457912,-1.09247,-0.613827,0.463413,-3.40007e-06,0.00359287,0.0128327,-0.00977354,0.01925,1,0.100765,1
217,-1.42439,-1.55361,-0.953041,7.65001,-0.00900946,-0.00288,-0.0442297,0.0162343,-0.0328428,0,inf,0
218,-1.4717,-2.04991,0.96266,0.0385034,-0.00565086,0.00145199,0.0295673,0.0082341,0.0136865,1,12.5944,0
219,0.431681,-0.409995,-0.0937273,0.0132976,0.0018347,0.00893491,0.0484334,-0.0133102,0.00210855,0,inf,0
220,-0.29199,-2.98733,0.0951557,0.0170363,0.0236439,0.00296105,0.0145932,-0.00684132,0.0304789,1,14.2387,0
221,-0.12186,-2.09462,-0.125394,0.0381907,-0.021598,-0.00303114,0.0274082,0.0204761,-0.0353542,1,5.21455,0
222,-1.28321,-2.5857,-0.0273216,0.25748,0.00526342,0.00545901,-0.000757839,-0.00853377,-0.0153152,1,4.73431,0
223,0.871998,-0.813396,0.237821,0.322947,-0.00525445,-0.00385215,-0.0474634,-0.00583857,0.0129817,0,inf,0
224,-0.538074,-1.25164,-0.92908,0.0363876,-0.013139,-0.00711479,0.00328075,0.00679718,-0.0309169,1,5.22545,0
225,-1.02508,-2.87709,0.222423,0.0660729,-0.0241059,-0.00223006,-0.00775558,-0.0188196,0.0179411,1,9.43377,0
226,-0.22876,-1.46647,0.37885,0.0647211,-0.0228466,0.00585315,0.0469719,0.0183407,-0.0111798,1,inf,0
227,-1.00323,-1.32624,-0.926119,0.0105553,0.0186815,-0.000382283,0.0463614,0.0146154,0.0448137,1,16.9442,0
228,-0.0122347,-2.60542,-0.654496,0.0725048,0.00917353,0.00866749,-0.0324875,0.020992,0.0123254,1,4.5532,0
229,-0.35635,-1.29426,0.712575,0.468667,0.00541532,0.00237823,-0.0205515,-0.0183603,0.0237886,1,0.603987,0
230,0.351329,-1.9019,0.651651,0.577519,0.0188943,-0.00273322,0.0283601,0.0011723,0.00702638,1,0.101003,1
231,0.506797,-1.38843,0.737703,0.0376225,-0.0233427,-0.00560692,-0.0426146,0.000700007,-0.0458807,1,1.28239,0
232,-1.30635,-0.894915,0.162319,0.0180384,-0.00345393,-0.00298201,0.0135488,-0.0175341,-0.0426765,0,inf,0
233,-1.24104,-1.01923,0.246606,0.074405,-0.0105647,0.00661613,0.030645,-0.00218533,-0.028657,0,inf,0
234,-0.203772,-2.52639,-0.635454,6.78658,-0.00286341,-0.0042087,-0.0119295,0.0120058,-0.0225445,1,0.100747,1
235,0.286026,-0.360439,-0.669205,3.0161,-0.0138349,0.00589346,-0.0150108,-0.0117664,0.0380649,0,inf,0
236,-0.429907,-2.17887,0.101933,0.0823778,-0.0140406,-0.00413705,0.0270381,0.0138536,0.027956,1,5.24413,0
237,0.828394,-1.47869,-0.0954264,0.0529878,-0.0176693,-0.00703249,0.00849707,0.00790975,-0.00388848,1,1.02351,0
238,-0.744953,-2.09501,-0.692636,0.512109,-0.00985297,-0.00781542,-0.0351686,0.0054997,0.0414624,1,2.26702,0
239,0.834761,-0.404168,-0.705907,0.268213,0.0211987,-0.00728056,0.032322,-0.0203147,-0.0456299,0,inf,0
240,-0.866852,-2.87876,-0.897526,0.0816813,0.0152075,-0.00769554,-0.0466809,0.015958,-0.0391902,1,7.98629,0
241,-1.44753,-1.45126,0.117349,0.0373841,0.0164068,0.00428739,0.0156167,0.0192306,0.0388928,0,inf,0
242,-0.0584858,-2.96989,0.699091,0.0153614,-0.00817559,0.0016449,0.00169123,-0.00353222,0.0338039,1,12.8471,0
243,0.042919,-0.537498,0.39968,2.23012,0.0115416,0.0031882,-0.0205063,-0.0147198,-0.0102541,0,inf,0
244,0.408732,-1.71094,-0.696316,0.0159044,0.0111966,-0.00350138,-0.0354419,0.00593137,0.00551785,1,0.100756,1
245,-0.286339,-2.34476,0.0010181,0.052225,-0.00495697,0.00857844,0.0213031,-0.018705,0.0486197,1,6.29581,0
246,0.766248,-1.37705,0.195385,0.100761,0.00997073,-0.00301946,0.00244647,0.012047,-0.040872,1,0.397755,0
247,0.884773,-0.525685,-0.261073,1.46892,-0.0240062,0.00141104,0.0202378,-0.0149708,-0.0251911,0,inf,0
248,0.551788,-2.5109,0.281281,4.51248,0.020103,-0.00368083,0.00124774,0.00774513,-0.0377362,1,0.100986,1
249,-1.43623,-0.598138,-0.753618,0.202301,0.0160523,0.00857078,-0.0446573,-0.00832337,0.0224769,0,inf,0
250,-0.173332,-0.503715,0.3984,1.4597,0.00320835,-0.00515495,-0.00721645,-0.0141614,0.0186431,1,0.100974,1
251,-0.861146,-1.47602,-0.114127,1.14827,0.0159808,0.00188197,-0.0419428,-0.0191476,-0.0434451,1,1.16752,0
252,0.751704,-2.09729,0.0856058,0.0637029,-0.00257089,-0.00475081,0.0375457,-0.0162115,-0.0460763,1,1.30203,0
253,-1.12679,-2.50939,-0.759416,0.0676366,-0.0227538,-0.000192606,-0.0137876,-0.0118655,0.00534531,1,9.06701,0
254,-0.561,-1.0053,0.430338,0.215031,-0.00614985,0.00227254,0.0476462,-0.0138045,-0.0354462,1,1.49297,0
255,0.697791,-2.00892,0.750558,0.211116,-0.019092,0.000299537,-0.0391228,0.0182707,0.00863605,1,0.275047,1
256,0.631148,-0.323745,0.87793,0.862979,0.0197853,0.00406572,-0.0123117,0.0118559,0.0356414,0,inf,0
257,-0.760305,-0.884733,0.849093,0.0961235,0.00111936,0.00446448,-0.0333867,-0.000404056,-0.0133307,0,inf,0
258,-1.12097,-1.93633,-0.280461,0.688484,0.0239437,0.0054129,0.00049571,-0.0024339,0.0460955,1,2.11722,0
259,-1.22071,-2.90725,0.788513,0.0406903,-0.0158128,0.0063404,0.010433,0.0170511,0.0257603,1,12.9435,0
260,0.948486,-2.0423,-0.793954,0.0572139,-0.0230085,0.00541128,-0.0312105,0.0146899,0.00936119,1,1.74709,0
261,-0.598453,-0.635706,-0.770695,0.228531,-0.0180969,0.00854448,-0.0320041,-0.00554325,0.0487266,0,inf,0
262,-0.517305,-2.37364,0.227316,2.1729,-0.00152788,-0.00430155,-0.0289307,0.0156265,-0.0450589,1,0.672574,0
263,-0.666333,-1.01417,-0.279995,0.653203,0.0238285,-0.00396453,0.0112007,-0.00178748,-0.0327409,1,0.94722,0
264,-0.200084,-1.15119,0.0787258,0.177761,-0.00398065,-0.00799333,0.0141621,-0.0194339,0.00953275,1,0.101,1
265,0.687201,-0.348899,-0.0232167,0.400455,-0.0223506,0.00459296,0.0341766,-0.00621336,-0.0182538,0,inf,0
266,-0.358723,-1.66402,-0.97533,0.0116504,-0.0193936,0.00366801,-0.0426485,9.22905e-05,0.0244713,1,10.1362,0
267,0.847817,-2.42063,-0.442515,0.119789,-0.0238336,0.0056283,-0.0496065,0.00519277,0.00768401,1,0.445738,0
268,-0.776135,-1.80711,0.0368975,9.73179,-0.0226139,0.00859444,0.04362,-0.00890334,0.013609,1,0.100966,1
269,0.556706,-2.07227,0.303943,3.39928,-0.0203726,0.00679295,-0.0315567,0.0134939,-0.0445443,1,0.101023,1
270,-0.648185,-2.86181,0.898262,0.011318,0.00706129,0.00713477,0.0260698,-0.0202636,-0.0373434,1,inf,0
271,-1.08758,-1.25235,0.228364,0.389021,-0.0221551,0.00432368,0.043797,0.0119995,-0.0375013,0,inf,0
272,-0.0981215,-2.85994,-0.256859,1.45504,0.00899699,0.0058069,0.0115866,-0.0025277,0.0381585,1,0.812572,0
273,-0.746306,-1.6519,-0.666211,1.2091,-0.0187053,-0.00371123,-0.0256503,0.000125601,0.0318242,1,1.07376,0
274,-0.642256,-2.52248,0.251687,0.0197939,-0.004938,-0.00897033,-0.0140216,0.0143398,-0.0267801,1,13.9782,0
275,0.364325,-2.49989,-0.476789,0.0531077,0.00695051,-0.00218142,-0.0321465,0.0025695,-0.0344591,1,inf,0
276,-0.501862,-1.88275,0.320664,1.46203,0.00897509,-0.00807288,-0.0414805,-0.0185035,0.00698004,1,0.778018,0
277,-0.643846,-0.936734,0.441473,8.47489,0.0213869,-0.00491277,-0.0335345,-0.0202415,-0.0485117,1,inf,0
278,0.942495,-1.92976,0.421646,0.0261821,-0.0247108,-0.00320728,-0.0245117,0.0192478,-0.0142173,1,1.21456,0
279,0.89747,-2.60397,0.720205,0.455175,-0.0117384,0.00097095,0.0115242,0.0135125,0.043869,1,0.100986,1
280,0.664556,-2.1175,0.588535,0.0673033,-0.0108956,-0.00441106,0.0207342,-0.00202245,0.0431012,1,0.901819,0
281,-1.05326,-0.944055,0.848302,0.643637,0.0147128,-0.00517973,-0.0159539,-7.39583e-05,-0.0187053,0,inf,0
282,-1.15944,-1.80076,-0.139925,0.066543,-0.00745517,0.00124722,0.0443221,-0.0057865,-0.0486789,1,8.07691,0
283,0.278179,-1.85977,0.975681,3.7139,0.0249168,0.00751487,0.0466419,0.00862516,0.0340135,1,0.100762,1
284,-0.782024,-1.50093,0.397084,6.20952,-0.00316532,-0.00436594,-0.0385201,-0.00865494,-0.0211411,1,0.107844,1
285,-1.06884,-0.887002,0.717851,0.0364706,0.0147712,0.00233619,0.0142447,0.0182349,-0.0333528,0,inf,0
286,0.249093,-1.06369,-0.235061,0.583221,-0.0169984,0.00666042,0.0451296,0.0171491,-0.0379554,1,0.101014,1
287,0.657009,-2.97664,0.718914,0.209182,-0.00740249,0.00318796,0.0151698,0.0118804,0.0114529,1,0.100985,1
288,-1.04337,-0.3839,0.815204,0.23917,0.0216931,-0.00502999,-0.0191023,0.000854856,-0.0331662,0,inf,0
289,0.575273,-1.43769,0.0737538,0.027328,0.00901072,-0.00812346,0.0191983,-0.000235646,0.00370826,1,2.6442,0
290,-0.158505,-1.62018,0.261184,3.99568,0.0144663,-0.00323609,0.0225453,0.0173623,-0.0354082,1,0.379072,0
291,-0.231763,-2.32164,-0.399535,0.087145,-0.00912945,-0.0089567,-0.0432947,-0.00288354,0.0195182,1,4.49474,0
292,-1.08423,-2.17355,-0.278634,0.385037,0.0224883,0.00273777,0.0346188,-0.00721986,-0.0271689,1,3.27393,0
293,-0.628621,-2.02823,0.232994,2.34916,0.0108172,0.00842048,0.018762,-0.00987581,-0.0362615,1,0.676485,0
294,-0.592655,-1.33253,0.117388,0.0151339,0.0220569,-0.00298464,0.027138,0.00637227,-0.0333971,1,9.78626,0
295,-0.226269,-1.49632,-0.218683,0.0232466,0.00678668,0.00666057,0.0274457,-0.0027537,0.00190022,1,3.77733,0
296,-0.405372,-2.47528,-0.639696,1.17972,0.00264608,0.00145103,0.00425848,0.00571725,0.0304744,1,1.13784,0
297,-1.21359,-2.36105,0.710877,0.339368,0.00151012,0.00786477,-0.0215531,-0.0108221,-0.0272624,1,3.82188,0
298,-0.855598,-0.444579,-0.129461,1.13754,-0.00563345,-0.00870117,-0.0414823,0.0189792,0.00113777,0,inf,0
299,0.720866,-1.22061,0.590635,0.0557146,-0.0202116,0.00707339,-0.0454432,-0.0182327,-0.0404226,0,inf,0
300,0.557095,-0.53546,-0.99693,0.0178709,0.015642,0.00551943,-0.0060757,-0.0188291,0.00194616,0,inf,0
301,-1.34972,-1.7334,0.84485,0.819599,-0.00582136,-0.00522312,-0.013346,-0.0198978,-0.0065671,1,2.09333,0
302,-1.41777,-1.53685,-0.694866,0.0876278,0.0156846,0.00201631,-0.00620432,0.0178127,0.00282859,0,inf,0
303,-0.794525,-2.82788,0.497079,2.08871,0.0011727,-0.00446601,-0.0187573,-0.00680863,0.0152414,1,0.897696,0
304,0.52918,-2.4938,0.0445189,0.127348,-0.00119929,-0.00607266,-0.0272447,-0.0114025,-0.0494497,1,0.167049,1
305,-1.006,-2.10439,0.684824,0.090954,0.017128,-0.000931605,-0.0381958,0.0192481,0.0181613,1,6.82658,0
306,0.0288355,-2.23868,0.928921,0.727166,0.0246715,-0.00843807,0.00863155,-0.0118382,-0.0167671,1,inf,0
307,-0.74233,-0.406431,-0.577875,3.47811,-0.0161844,-0.00203188,0.00635637,0.00293103,-0.0272138,0,inf,0
308,0.474202,-1.92209,0.0364789,0.13713,0.00136512,0.00395297,0.0338609,-0.0194254,-0.0284274,1,0.316753,0
309,0.847645,-0.655504,-0.927746,0.100491,-0.0102357,0.00597577,0.0438057,0.0180323,-0.00959765,0,inf,0
310,0.152836,-0.724936,-0.489758,0.126792,-0.0103066,-0.00310273,0.0241116,-0.00216725,-0.0401752,1,0.120263,1
311,-0.638644,-0.394082,0.100924,0.175218,0.00666266,-0.0038704,-0.00686824,-0.000554519,-0.0485512,0,inf,0
312,-1.06928,-1.77804,0.0669888,2.13585,0.0218893,0.00743931,-0.0165255,0.0186549,0.032935,1,0.90474,0
313,-0.665251,-2.35313,0.880435,0.019286,0.0203121,0.0011496,0.0379767,0.0135181,-0.00870705,1,13.7599,0
314,-0.574674,-0.390725,-0.00563242,6.74022,0.0225148,-0.00642835,-0.0229453,-0.0208615,0.0307044,0,inf,0
315,-0.934433,-2.44736,0.766612,0.118309,0.00831733,-9.40547e-05,0.0299438,0.00601303,-0.00198898,1,6.13228,0
316,0.119471,-2.05464,0.312771,0.425933,-0.000347568,0.00401814,0.018088,0.00224807,0.0172593,1,1.37955,0
317,0.863991,-2.83087,-0.765471,2.47025,0.0129949,0.00154303,0.0149323,-0.0195344,0.00616536,1,0.100989,1
318,-1.23539,-2.54257,-0.243495,0.166701,0.0130552,-0.00369153,-0.0330108,0.0197355,-0.0126952,1,5.67003,0
319,-1.2993,-0.383346,0.336575,0.0629845,-0.011378,-0.00608233,0.0328087,0.00642759,0.0311076,0,inf,0
320,-0.59275,-0.875178,-0.46032,0.508141,-0.0245177,-0.00631306,-0.00692812,-0.0121904,-0.0213651,1,0.558723,0
321,0.385425,-1.15423,-0.478909,0.0388507,0.00370062,0.00288718,0.0154202,0.0139344,-0.0128882,1,0.1009,1
322,0.0570742,-0.938681,-0.326697,0.104515,0.0116188,0.00887312,-0.0242679,-0.0154629,-0.00418272,1,0.432711,0
323,-0.194739,-1.37605,0.613619,0.316109,0.0087914,-0.00418305,0.0044455,0.00635067,0.0389142,1,inf,0
324,0.964405,-2.31351,-0.581073,0.0155567,0.021348,-0.00262203,0.00588302,0.0206739,0.0349587,1,1.82156,0
325,-0.909881,-1.38051,0.488456,0.0553758,0.0018232,0.00478896,0.0275627,0.0183164,-0.0152191,1,6.84432,0
326,-1.43964,-0.573772,-0.750383,1.2981,0.000550298,-0.00143515,-0.0135494,-0.000855388,0.0473249,0,inf,0
327,0.366158,-1.60712,-0.475617,0.0226883,-0.0164291,0.00428529,0.0213262,0.000461331,0.0444322,1,2.20504,0
328,-0.604709,-2.62923,-0.748165,0.0155613,0.0201649,0.00723543,0.00291589,-0.00266786,0.00918239,1,15.9981,0
329,0.985631,-1.14694,0.207578,0.0996715,0.0179361,-0.00193543,-0.0428101,0.00593047,-0.0427,0,inf,0
330,-1.07658,-0.82402,0.780409,0.0172635,-0.019101,0.00446583,-0.00995045,0.0063796,-0.039048,0,inf,0
331,-0.0520406,-2.59777,-0.683733,0.26861,0.0198579,0.00564292,-0.0180926,0.00450448,0.024484,1,2.16685,0
332,-0.26853,-0.716084,-0.0318393,1.62333,0.00193115,0.00540347,0.014392,-0.00581526,-0.0364411,1,0.100989,1
333,0.95699,-0.422943,-0.844488,0.0906913,-0.00380323,-0.00187881,0.0463322,-0.00296102,0.0315784,0,inf,0
334,0.094461,-0.663456,0.561761,0.0200985,0.0248634,0.00425219,0.00946071,-0.0162608,0.00369684,1,2.70547,0
335,-1.27379,-1.44044,-0.71844,0.0318042,0.0166273,0.00113289,-0.0482299,-0.0142926,-0.00676465,0,inf,0
336,0.0135657,-1.18396,0.0129184,0.738943,-0.00523496,-0.00372834,0.0131579,-0.0180649,0.0211526,1,0.100785,1
337,-1.22006,-1.91307,-0.142131,0.68641,0.00961896,0.00541271,-0.0324136,-0.00531655,0.00937363,1,2.27122,0
338,0.71032,-0.331997,0.187786,0.428052,-0.00720482,-0.00328972,-0.0213353,-0.0161879,0.0435622,0,inf,0
339,-0.810267,-2.48787,0.890987,0.712027,0.00471258,-0.00437859,-0.037263,-0.0177176,0.0324962,1,2.06448,0
340,0.858528,-1.41531,0.332443,2.20721,-0.00139254,0.00621474,0.00228759,0.00966419,0.035553,1,0.100999,1
341,-1.14295,-0.556431,0.263362,0.138948,-0.00115055,-0.00762651,-0.0134293,0.00566092,0.0138908,0,inf,0
342,0.328008,-1.85934,-0.391904,7.89799,-0.00958184,-0.000761562,0.0139718,-0.00338911,0.0354744,1,0.10099,1
343,-0.663632,-1.06769,-0.679518,1.0376,-0.0209818,-0.0030427,-0.0104449,0.0198169,0.00154616,1,0.692013,0
344,-0.00393321,-2.68667,-0.939518,0.294301,0.0137887,0.000149394,-0.0427207,-0.00464463,-0.0413444,1,2.15134,0
345,-0.957384,-0.681441,0.584218,0.0152645,0.000315472,0.000207224,-0.0150061,0.0015172,-0.0271165,0,inf,0
346,-0.957289,-2.26941,0.571026,0.018287,0.0194097,0.00225813,-0.0254519,-0.012533,0.0455064,1,15.8874,0
347,-0.746719,-1.93232,-0.770169,0.315737,-0.00835392,0.00384129,-0.0404905,-0.00836986,0.0463437,1,2.84995,0
348,-0.314143,-2.33014,0.678654,0.331614,-0.0176235,-0.00331475,0.0140139,0.015976,0.0218723,1,2.31551,0
349,-0.316489,-2.34556,0.251454,1.3653,0.00740765,-0.00687746,0.0264339,0.00797943,-0.0481034,1,0.873631,0
350,-1.26045,-2.86821,0.621045,0.465275,0.0149397,-0.00461263,0.0349535,-0.00789089,0.0361611,1,3.45173,0
351,-0.0954831,-2.95627,-0.752407,0.0901656,0.0230707,0.00166197,-0.0180837,-0.0170081,-0.00647119,1,5.21505,0
352,-0.576518,-0.457203,0.156281,0.0140539,-0.0055074,-0.00828815,-0.0399638,-0.00328014,0.0413355,0,inf,0
353,-0.65618,-2.80607,0.676537,2.56463,-0.00168696,0.00397113,0.0316602,0.0170186,0.0166852,1,0.866608,0
354,0.553083,-2.4397,-0.565932,0.0123117,-0.0136029,0.00878948,-0.0420787,0.0106273,-0.000107252,1,3.45694,0
355,-1.16453,-1.88978,0.752001,0.0672258,-0.0104474,0.00151855,0.0447332,0.0100958,-0.0196936,1,8.19211,0
356,-1.37085,-1.81128,-0.713227,0.018081,-0.0155674,-0.00434243,0.0147957,-0.0075401,-1.32527e-05,1,17.1629,0
357,-0.164685,-0.340777,-0.608884,1.25746,-0.00992944,0.00831281,0.00485287,0.00854374,-0.0266789,0,inf,0
358,-0.276571,-1.35919,-0.836274,5.84191,-0.0223398,0.00130484,0.046489,0.0106013,-0.0270266,1,0.10098,1
359,0.598083,-2.51628,-0.380424,0.624472,-0.00117841,0.000255363,0.00718738,-0.0181904,-0.0447094,1,0.100985,1
360,0.972326,-0.845799,-0.777431,6.32549,0.00440583,0.00257906,0.0427992,0.00631512,0.0342863,0,inf,0
361,-1.02294,-0.6846,0.0223231,2.33349,-0.0228099,0.000501621,0.0353582,0.01731,-0.0116729,0,inf,0
362,-1.4618,-2.60042,0.0751934,0.0434613,0.00142024,-0.00328882,-0.0397582,-0.00383464,0.0259462,1,12.7722,0
363,0.716832,-1.38357,0.72626,0.0405013,0.00467121,-0.00333081,0.0452553,0.000960281,0.00249196,1,0.724544,0
364,0.440153,-2.88558,0.747128,5.55758,-0.0152023,0.00360949,-0.0271371,-0.00149308,0.0408951,1,inf,0
365,0.0859757,-0.41009,0.75077,0.0235374,0.00481394,-0.00743034,-0.00360479,0.0123554,-0.0474529,0,inf,0
366,-0.483315,-1.71197,-0.263843,0.385267,0.0148586,0.000956206,0.0274182,0.012315,-0.0387852,1,1.77952,0
367,-1.21738,-0.657234,-0.721443,7.53551,-0.00883155,0.00109064,0.0435619,-0.0173302,-0.00793875,0,inf,0
368,-0.666239,-2.25038,0.361784,0.0470387,0.016261,-0.00379142,0.00510649,0.0209439,0.0246976,1,8.46024,0
369,-0.319775,-1.54224,0.163314,0.0230181,-0.0142477,-0.000563849,-0.00665031,0.00869823,0.00111137,1,5.80998,0
370,0.159921,-2.49733,0.532611,0.0180095,-0.00638066,-0.003621,0.0241814,-0.00333608,-0.0367086,1,6.56846,0
371,-0.213697,-2.40158,-0.84093,0.183334,-0.00709506,-0.00493769,-0.0265213,-0.000700663,0.0399974,1,3.05084,0
372,-1.05149,-1.58075,-0.832032,0.0136647,4.31485e-05,-0.000563833,0.00881017,-0.0156671,-0.0118316,1,16.4499,0
373,0.369631,-0.6684,-0.878692,0.197803,0.012584,-0.000434248,0.00795422,-0.00484185,-0.0308527,0,inf,0
374,0.841479,-0.320647,0.532694,0.0565928,-0.01382,-0.00368388,0.0307679,0.00785855,-0.0133719,0,inf,0
375,0.623294,-1.99476,0.997046,0.0967359,0.0117599,-0.00320839,0.0193077,-0.019081,-0.0435688,1,1.31831,0
376,0.596672,-2.17677,0.883785,1.9436,-0.00733259,-0.00119747,0.0365557,0.00270912,0.023581,1,0.100995,1
377,-0.220344,-1.59944,-0.246522,1.76873,-0.00795716,0.00875012,-0.00702744,-0.0106379,-0.0143951,1,0.209136,1
378,-0.640937,-2.511,-0.595123,0.338427,0.0247096,-0.00687733,0.0244699,-0.00193176,-0.0469203,1,3.08836,0
379,-0.687622,-1.32166,-0.61944,0.22508,0.00423131,0.00196709,-0.00122395,-0.0146019,0.0383741,1,2.30531,0
380,0.121789,-1.17147,-0.725694,1.57328,-0.0218059,0.00728493,0.0132903,0.015211,0.047233,1,0.100985,1
381,-1.42449,-1.28153,0.0754258,0.0199439,0.0202011,-0.00154959,-0.0363357,0.0102913,0.00538233,0,inf,0
382,0.0676368,-2.65983,-0.851626,0.0298019,0.0180623,0.00384114,-0.0496055,-0.00653449,-0.0151488,1,6.89721,0
383,-1.24246,-0.780025,0.724633,0.0681872,0.00264774,0.00899052,0.00299223,-0.0175614,0.000120659,0,inf,0
384,0.350722,-0.66768,0.84196,0.124537,0.0103378,-0.00533365,0.00104751,-0.00563383,-0.0240758,0,inf,0
385,-0.0650369,-2.20362,-0.373474,0.231119,0.0176603,0.00853734,0.035827,-0.0179953,-0.0060426,1,1.9104,0
386,-0.833692,-2.50342,0.465245,9.56102,0.00504977,-0.00594185,-0.0159409,-0.00870308,-0.0148527,1,0.157909,1
387,0.729725,-0.972272,0.343638,1.83503,0.0172591,-0.000890565,-0.0410784,-0.0147606,0.0426007,0,inf,0
388,-0.279062,-1.96753,-0.546159,0.0211829,0.0118538,-0.00507757,0.0090375,-0.0031713,-0.010937,1,8.23645,0
389,-1.2585,-2.3756,-0.786621,7.76869,0.000742693,0.00383143,-0.0353303,-0.0203035,0.0152574,1,0.326142,0
390,0.462573,-2.94217,0.871471,0.576972,0.0184577,0.000892491,-0.0222844,0.0175431,0.00297872,1,0.359431,0
391,-1.06223,-1.55077,-0.332988,2.37038,0.0214249,0.00792598,0.0449521,0.00173413,0.0273635,1,0.712246,0
392,0.684108,-1.4807,-0.0976268,0.908834,-0.00898365,0.00825738,-0.0281889,-0.00480106,0.0195535,1,0.10104,1
393,0.964924,-2.04619,0.504186,0.0106411,-0.0226103,-0.00576844,-0.031841,-0.010026,-0.0107362,1,4.27835,0
394,-0.743226,-1.03397,-0.490671,0.0340926,-0.0130597,0.0058181,0.0471992,0.0160408,-0.0236074,1,6.37634,0
395,0.952429,-1.34077,-0.364742,0.123538,-0.0107956,0.00138599,-0.0245029,0.0030725,-0.043726,0,inf,0
396,0.245078,-1.90027,-0.159609,1.70894,-0.0137447,-0.0079898,0.0398201,0.0155839,-0.00698241,1,0.100988,1
397,0.885855,-0.629338,0.0455324,3.36556,0.0142748,-0.00294585,-0.0255898,-0.00761449,0.0210876,0,inf,0
398,-0.484211,-1.81582,-0.59452,2.71551,0.00543988,0.00641386,0.0352833,-0.0191387,0.013696,1,0.366639,0
399,-0.899438,-2.4062,0.0913773,1.79191,0.00371945,0.00217006,-0.0185561,0.00843795,0.0177906,1,1.14365,0
400,0.272493,-1.53131,-0.0501233,0.674777,-0.000659049,-0.00514806,-0.0442757,0.0163552,-0.0181358,1,0.100986,1
401,0.889745,-2.11191,0.331123,0.0103199,-0.00444028,-0.00602701,0.00340007,-0.0159092,0.0475304,1,4.50689,0
402,-0.803144,-1.97258,0.0347578,3.37403,0.000106441,0.00109454,0.00133028,0.0142005,0.00715543,1,0.519516,0
403,0.856951,-1.70196,-0.551226,2.07741,0.0121689,-0.00598136,-0.0138549,0.0162298,-0.0303604,1,0.100971,1
404,0.45751,-1.92431,0.910719,0.954479,-0.0102717,-0.00235239,0.0303693,-0.00654096,-0.0208756,1,0.100946,1
405,0.0450845,-2.59449,-0.601086,0.0463512,0.0230067,-0.00782626,0.0130903,0.00345591,0.00310682,1,5.34714,0
406,0.881183,-1.26317,0.61173,3.92602,0.00362956,0.000589757,-0.00610323,-0.0101734,0.0202319,0,inf,0
407,0.912705,-1.16404,0.17903,1.42325,0.00802026,-0.00290998,0.0426396,0.019514,-0.0266482,0,inf,0
408,-0.448571,-1.20899,-0.0339079,7.37474,-5.31152e-07,0.000206201,-0.015484,0.0118051,0.038854,1,0.10098,1
409,-0.096598,-2.42992,0.845564,3.87924,0.0103396,-0.00163636,0.020993,-0.00160026,-0.0261807,1,0.172453,1
410,-0.311559,-1.33858,0.101271,0.0740221,-0.0233082,0.00536607,0.0476692,0.00919015,-0.0246225,1,2.04458,0
411,-0.691916,-2.46313,-0.653529,0.476838,0.00281539,0.00599884,0.0208784,-0.0201528,0.00472232,1,2.53375,0
412,0.121006,-2.4413,0.657662,0.104461,0.00445469,0.00668664,0.00789232,0.0070658,0.0230613,1,2.5528,0
413,-0.377323,-1.27368,-0.312782,0.0425165,-0.024707,0.00248333,0.04554,-0.000664609,-0.04544,1,3.16963,0
414,-0.239836,-2.18747,-0.483534,4.45626,0.0108657,-0.00150866,-0.0314271,-0.00411655,0.00888388,1,0.101244,1
415,-0.35397,-0.756386,0.401333,1.02785,0.00990102,0.00665324,-0.0166329,0.0202484,0.0260031,1,0.100988,1
416,-1.30285,-1.95368,-0.420819,4.9005,-0.000513824,-0.00626107,0.0240048,-0.00836975,-0.0334448,1,0.5462,0
417,-1.20032,-1.01552,0.491494,2.6515,0.0182302,0.00562789,0.0219419,-0.000892058,0.0335126,0,inf,0
418,0.446363,-1.39912,-0.722884,3.86049,-0.0120766,0.00540522,0.0128094,-0.0169204,-0.00841716,1,0.100952,1
419,-0.586105,-2.14013,-0.638855,0.035145,0.00337946,-0.0063597,-0.0493811,-0.000601019,-0.0193487,1,9.05458,0
420,0.925009,-0.455345,-0.269839,0.114608,0.0107523,-0.0022573,-0.0262404,0.00796205,0.0283651,0,inf,0
421,0.624439,-1.52982,-0.210141,6.77137,0.0169268,0.00132634,0.00311638,0.0207056,-0.0398926,1,0.101019,1
422,0.51134,-0.576939,-0.434933,0.376854,0.00587737,0.00258182,-0.0032627,-0.0164798,-0.046376,0,inf,0
423,-0.88137,-2.1666,0.42963,1.93158,0.0237572,-0.00194793,0.0170001,-0.00651813,0.0222916,1,1.00502,0
424,0.878074,-0.660553,-0.228769,0.0287307,-0.0139675,-0.00635063,0.00253677,-0.00289608,0.00966175,0,inf,0
425,0.480617,-2.39606,-0.290978,0.305816,-0.000781334,0.00193964,-0.0279304,-0.0176752,0.0493071,1,0.101011,1
426,-0.330018,-2.55568,-0.418396,4.80615,-0.0227704,0.00512371,-0.0151172,-0.0176389,-0.01748,1,0.170125,1
427,0.187026,-1.04156,-0.266042,0.0843012,-0.00508546,-0.00144668,0.000617709,0.0154219,0.0115615,1,0.537636,0
428,-0.934132,-0.935477,-0.133476,0.14686,0.0174258,0.00282914,0.037981,-0.0159063,0.0481163,0,inf,0
429,-0.466614,-1.63745,0.648174,7.64131,-0.0193879,-0.00715424,-0.0352375,0.0204045,0.0338828,1,0.100984,1
430,0.0331978,-1.97115,0.887225,0.519107,-0.0236402,0.00836949,0.0154593,0.00358086,-0.0296374,1,1.05534,0
431,-0.307361,-2.49053,0.432548,0.417271,0.0137147,0.00481775,-0.0436931,-0.0141402,-0.0110891,1,2.14548,0
432,0.00827138,-2.03397,0.849724,5.19462,0.0136881,0.00497703,0.0071586,0.00993748,0.00647809,1,0.100761,1
433,-1.43408,-1.29468,-0.743874,0.0342007,0.000652506,0.00561191,0.0406418,-0.0180019,-0.0106042,0,inf,0
434,-0.478112,-2.5105,-0.464874,0.0336677,0.00182188,0.00829766,-0.0061984,-0.00672572,-0.000110015,1,9.69581,0
435,-0.452647,-2.54518,0.614417,0.274689,0.0125179,0.00267342,-0.0310823,0.00912438,0.037543,1,3.09868,0
436,-0.15242,-0.69458,-0.364525,0.0119886,-0.00453243,0.00570678,0.0251511,-0.00949271,0.0280043,1,0.79161,0
437,0.13303,-1.51131,-0.243025,0.0363293,0.00649609,0.00760048,0.000247191,0.0100127,-0.0107053,1,0.100824,1
438,0.737665,-0.651229,0.65493,0.133153,-0.0241672,0.00791191,-0.0253206,-0.00860657,-0.0137427,0,inf,0
439,-1.25991,-0.784522,-0.590665,0.0200549,-0.0193072,0.00233341,0.03494,0.0204765,0.0134846,0,inf,0
440,0.637753,-2.16121,-0.348982,6.70438,-0.0100725,0.00443404,-0.0497406,0.00889755,-0.0400943,1,0.100766,1
441,-0.101986,-1.88635,-0.669975,0.0401319,-0.0165243,-0.0006123,0.0358802,0.0105522,0.00402358,1,3.78892,0
442,-1.08323,-0.404713,0.965103,0.0789737,0.00892397,-0.00831055,-0.011695,-0.00460174,-0.0214852,0,inf,0
443,0.0300073,-2.29064,0.373985,0.0881346,0.0113357,0.00822638,0.00482917,-0.0196907,-0.0462514,1,inf,0
444,0.237933,-2.54218,-0.461795,4.56349,0.0166477,0.00261622,-0.0318812,-0.0166132,-0.0213621,1,inf,0
445,-1.49391,-1.95865,-0.786673,0.0355771,-0.00238404,0.00511271,0.0151528,-0.0040028,-0.047207,1,13.0215,0
446,-1.35601,-2.1987,-0.919222,1.07471,0.0148368,0.0042975,0.0389711,0.00890314,0.0300605,1,1.91511,0
447,-0.934683,-2.37558,0.166157,4.51134,-0.00932605,0.00755777,0.0469781,-0.0131048,-0.0293377,1,0.517412,0
448,-1.07164,-0.700843,-0.0972443,1.49958,0.0231817,0.00733883,-0.0179231,-0.0108738,-0.0283812,0,inf,0
449,0.216347,-2.00895,-0.890305,0.0639238,-0.000689406,0.000665852,-0.0240476,0.00250256,0.0252968,1,0.100988,1
450,-0.285623,-0.388298,-0.510933,0.0222438,0.00832112,-0.00696485,-0.0137699,0.0162744,-0.0312019,0,inf,0
451,-1.07983,-2.14524,-0.016174,0.464473,-0.0174109,-0.00705787,0.0206257,-0.0132663,-0.0485093,1,2.88408,0
452,-1.05944,-1.47308,0.630147,0.890642,0.0222889,-0.00414751,-0.0395316,0.0121223,0.0143227,1,1.47923,0
453,-0.867934,-0.921674,0.513541,0.145914,0.00918367,0.00892638,-0.028089,-0.00416554,-0.0289559,0,inf,0
454,0.139387,-0.73595,-0.785443,0.320912,0.00992868,0.00111177,0.0468879,-0.0157618,-0.0389113,1,0.163929,1
455,-0.866816,-1.70779,-0.162,2.54411,-0.00882143,0.00543186,0.0141014,-0.00260336,0.0210051,1,0.640432,0
456,-1.02789,-2.89658,0.644101,0.0402222,0.00425119,-0.00190356,-0.0453909,0.0124144,0.0341826,1,12.2385,0
457,-0.385262,-2.39672,-0.304657,1.00462,-0.0207606,0.00158603,-0.0129336,0.0187808,0.0277801,1,1.26157,0
458,-0.589748,-2.97101,0.554224,6.54861,0.0107199,-0.00414965,0.0381646,-0.0174933,0.0121926,1,0.317769,0
459,-1.07427,-2.57286,0.130578,0.256846,0.012751,0.00848574,-0.00827615,-0.00176879,0.0450784,1,4.35882,0
460,0.388186,-2.15462,0.979657,0.0118881,0.00270592,-0.0025223,0.0361135,0.00919552,0.0222647,1,2.19934,0
461,0.945241,-2.67878,-0.331736,0.0169964,-0.00654803,0.00092513,-0.0428375,-0.0139685,0.0496293,1,0.222857,1
462,-0.580906,-2.58475,-0.148808,0.403211,-0.0158691,0.00269679,0.0165447,0.0105918,0.018355,1,2.74547,0
463,0.970489,-2.00689,-0.174284,0.0180503,-0.0162245,-0.00884616,-0.0142057,-0.00385236,0.0209138,1,3.86011,0
464,0.74572,-2.92678,-0.922685,0.69658,-0.0196549,-0.00525301,0.0277398,0.0125639,0.00493293,1,0.100986,1
465,-0.597307,-1.48,-0.388153,0.012144,9.9357e-06,0.00795267,-0.0060599,0.0183825,-0.0155669,1,11.9756,0
466,0.488439,-1.10057,0.998558,0.0222953,0.0145669,-0.0087503,0.0477408,0.0175383,-0.0194189,1,3.13015,0
467,-0.709377,-1.01731,-0.4711,1.72508,-0.00350824,-0.00658067,-0.0224972,-0.0127047,-0.0490878,1,0.744763,0
468,0.743225,-2.88447,-0.247342,0.0571694,0.0116227,-0.00506957,0.0288157,0.0110941,0.0277379,1,0.179473,1
469,-0.490646,-1.51081,-0.908836,0.0294663,-0.0155035,0.00651739,-0.0264907,0.015427,0.045224,1,14.5182,0
470,0.268401,-2.8203,-0.354357,0.0140616,-0.0110087,0.00459104,-0.0399955,-0.00494017,0.036296,1,8.41905,0
471,-0.95622,-0.758409,-0.43161,0.010761,-0.0138016,-0.00873369,0.0152698,-0.0139664,0.00645278,0,inf,0
472,-0.986422,-0.893802,0.220869,0.394477,-0.0164018,0.00203633,0.0345017,0.0200264,-0.00686386,0,inf,0
473,-0.589237,-1.99588,0.749086,0.864731,0.015967,-0.00370365,0.00821872,-0.0200529,0.0170759,1,1.37262,0
474,-0.931738,-1.23436,0.100369,0.119148,-0.0196382,-0.00272851,0.0372675,0.0146745,0.00465528,1,4.39243,0
475,0.727664,-1.16768,-0.155475,0.380352,0.00146724,-0.00139743,-0.0429398,-0.0144958,-0.00884427,0,inf,0
476,-0.257257,-0.824295,0.515365,0.328734,0.0239362,-0.00301756,-0.037565,0.0167255,0.0374832,1,0.101008,1
477,-1.00094,-1.56041,0.287929,5.76605,0.002617,0.00400464,0.0452252,-0.00441017,-0.0221493,1,0.253046,1
478,0.342193,-2.7906,0.0674166,1.80366,0.0245809,0.00876342,0.0243072,0.00585108,0.019202,1,0.120396,1
479,-0.838225,-1.39183,-0.683451,0.507123,-0.00927312,-0.00410861,-0.018105,0.017305,-0.0103429,1,1.84931,0
480,-0.846883,-2.70231,-0.276607,0.464503,0.0185127,-0.00891055,0.00341991,-0.00816168,0.0445378,1,2.86856,0
481,-0.559377,-0.974402,-0.945195,0.0129833,-0.00550035,0.00824073,-0.0385057,-0.0165119,0.0411531,1,6.94346,0
482,0.58041,-1.10874,0.538396,0.0688507,0.0148333,0.00811507,0.0015571,-0.00982918,-0.0185451,1,1.49968,0
483,-0.437939,-1.56638,0.536338,0.18391,-0.0247933,0.00161834,0.0445486,0.00914806,-0.0280699,1,2.35587,0
484,0.918723,-1.14145,0.312509,0.0143179,0.0058349,0.00136841,0.0388593,0.00404955,0.0399548,0,inf,0
485,0.147513,-1.32977,-0.114764,0.579992,-0.0189822,-0.00488946,-0.0428143,0.000582344,0.0256908,1,0.100988,1
486,0.904489,-0.73551,0.558493,0.0294578,0.00672612,-0.00163269,-0.0487305,-0.0151401,-0.0250253,0,inf,0
487,0.288429,-2.03422,0.146908,4.51024,-0.0222123,-0.00365741,-0.0148727,0.0100138,-0.025714,1,0.100989,1
488,-0.0486342,-1.43916,0.314638,2.2567,-0.00757971,0.00575769,-0.0390093,0.00165906,-0.00591422,1,0.101024,1
489,-1.16978,-2.4589,0.846556,0.771679,-0.00373948,-0.00562865,-0.0147685,-0.0153261,-0.0394954,1,2.37545,0
490,0.456922,-0.937621,0.880576,0.156858,0.00879642,0.000892648,-0.000237041,-0.00631998,-0.0255704,0,inf,0
491,0.83289,-1.69598,-0.270465,1.22113,0.0233127,-0.00864445,-0.0104569,0.0127791,0.0450665,1,0.101008,1
492,0.677873,-2.96032,-0.978683,0.0564178,0.00197421,-0.0018787,0.0208044,0.00523885,0.0301092,1,0.131191,1
493,-0.942626,-1.69763,-0.00155875,1.00067,0.00659867,0.000673289,0.00910209,-0.00817399,-0.0354404,1,1.47172,0
494,-1.3032,-2.75861,-0.374691,0.0910297,0.00777629,-0.00264407,-0.00541341,0.0179282,0.0426404,1,8.54193,0
495,0.457721,-0.514162,0.407912,0.962629,0.00593169,-0.00568353,-0.045431,0.000473791,-0.0430059,0,inf,0
496,0.805956,-1.01816,-0.711653,0.0257254,0.0237729,0.00888082,0.0285613,-0.00124075,0.0463317,0,inf,0
497,-0.652072,-1.65493,0.857876,0.0167339,0.0249345,0.00393553,-0.0234351,0.00840974,0.034091,1,11.4935,0
498,-1.34111,-1.00656,0.531105,0.0742282,-0.0210326,0.000143405,-0.0183202,0.0105081,0.0199406,0,inf,0
499,-0.584075,-0.92249,0.837288,1.12475,0.00997303,0.0085864,-0.000795798,0.00444602,-0.0211487,1,0.634822,0
500,-0.587696,-0.754744,0.297629,0.0151215,0.00234311,-0.00180541,-0.0362386,0.000836052,-0.00146798,0,inf,0
501,-0.865751,-1.21435,-0.891331,0.0171685,0.0140108,-0.00825759,-0.0357207,0.0177277,-0.027718,1,11.4245,0
502,-0.455934,-0.642204,0.00546194,0.506984,-0.0122815,-0.00888204,-0.0162767,-0.00327485,-0.00552767,0,inf,0
503,-1.04412,-0.801135,0.501755,0.0158475,-0.0177732,0.0079057,-0.0314734,-0.0171443,0.0239262,0,inf,0
504,-0.891062,-1.288,0.720292,0.0110417,-0.0170153,-0.0019286,-0.0010055,0.0143503,0.046287,1,15.1884,0
505,0.232267,-1.38656,-0.656209,3.7474,-0.014236,0.00027672,0.0111097,-0.00271561,-0.0286678,1,0.100789,1
506,0.682205,-1.70943,0.119857,0.483956,-0.00521243,-0.00857388,-0.0142803,0.0201245,-0.0074733,1,0.101005,1
507,-1.45532,-2.17294,0.223814,0.782163,-0.023118,-0.00488234,0.0371112,0.00887891,0.0297219,1,2.50016,0
508,-0.00884679,-1.78297,-0.960612,0.540297,-0.0244353,-0.00733738,0.00151893,-0.00165128,-0.00100967,1,inf,0
509,0.356949,-0.834432,0.680868,0.0101022,-0.0118765,0.00720477,0.0267361,-0.0138109,-0.0209418,0,inf,0
510,-1.25051,-2.1386,-0.53283,0.105455,0.00136944,-0.000803951,0.0432904,0.00133224,0.0193854,1,7.00328,0
511,0.342743,-0.41454,0.911692,9.72411,0.0114922,-0.00226566,0.0119288,0.0147533,-0.0304994,0,inf,0
512,-0.0165408,-0.700918,0.705132,0.0479111,-0.0170852,-0.00139522,-0.00806114,0.0167133,0.0369177,1,2.05068,0
513,-0.61759,-2.29644,0.0454402,1.95057,-0.0122497,0.00454873,0.0149279,-0.00701747,-0.0223517,1,0.797448,0
514,-0.158577,-2.97692,-0.60346,5.4747,0.0120908,0.00138526,-0.0207739,-0.0122829,0.032289,1,0.176143,1
515,-0.238657,-1.49435,0.181591,0.0600968,0.0183603,-0.00802022,-0.0198499,0.0187501,0.0493708,1,3.07207,0
516,0.641149,-2.49012,0.76975,0.0334062,0.0178817,6.78119e-05,-0.0169538,0.0113529,0.0354014,1,0.404619,0
517,-0.9544,-2.29619,0.715738,0.0390481,6.7069e-05,-0.00596311,0.00392613,-0.0107148,-0.0460518,1,10.8637,0
518,-0.22887,-2.41055,0.308435,0.359841,0.00829559,0.00355388,-0.0254292,-0.0168403,-0.0246436,1,2.10113,0
519,0.720416,-1.79876,0.447414,3.56784,-0.0183348,0.00648794,0.0306747,0.0059193,0.0434466,1,0.100988,1
520,-0.457076,-0.591903,-0.918742,4.0532,-0.0228972,-0.00557306,-0.0434128,-0.00101765,-0.00175243,0,inf,0
521,-0.0907804,-2.04006,0.0888139,0.0105387,-0.00203323,0.00163745,-0.00327079,-0.00717592,0.0477466,1,9.16444,0
522,-0.3114,-2.25854,-0.132586,0.150777,0.0144367,0.000822178,-0.049227,-0.00977702,0.00839133,1,3.49177,0
523,-0.846609,-2.27674,-0.351326,5.45683,-0.00601652,0.00459923,0.0479725,0.0125974,-0.0244094,1,0.309352,0
524,-0.0832712,-1.71565,-0.568918,0.326802,0.0144318,0.00108049,-0.0120339,0.0205263,0.0427625,1,inf,0
525,0.313724,-2.92171,-0.855665,1.84352,0.00846221,-0.00093736,0.0367123,-0.0170232,-0.019351,1,0.31931,0
526,0.743636,-1.93784,-0.269587,0.0267154,-0.0240154,-0.00107791,0.0311093,-0.00257922,0.0083353,1,1.08686,0
527,0.207847,-0.311667,-0.656407,0.0260057,0.00381338,-0.00603368,0.0458868,-0.00461696,-0.0262755,0,inf,0
528,-0.645793,-0.351825,0.94065,0.0622614,0.0148499,-0.00231145,-0.0217842,0.0173243,-0.0087973,0,inf,0
529,-1.47493,-1.88795,-0.919652,0.013059,0.0184989,-0.00194427,0.00461142,0.000177533,-0.0371976,1,inf,0
530,-0.736156,-0.315895,-0.281312,8.26535,-0.0239798,0.00733045,-0.0428497,-0.00416924,-0.006093,0,inf,0
531,-1.46299,-2.71564,-0.482992,0.0145597,-0.00584101,-0.00745878,-0.0328371,0.0156915,0.0243412,1,inf,0
532,-1.46841,-2.04865,0.958949,0.0264804,0.0160395,0.00459883,-0.0427458,0.0079516,-0.0258678,1,15.2335,0
533,-1.47152,-1.65737,0.915485,0.244129,-0.0119251,-0.00646078,-0.0214596,-0.0121311,0.032601,0,inf,0
534,-0.544921,-1.52566,-0.358616,0.0949292,0.00215228,0.00205726,-0.0162727,0.0198529,-0.0413015,1,3.82178,0
535,-0.475975,-2.98732,-0.697741,1.07209,-0.020039,0.00734028,0.0342432,0.00649279,0.0468487,1,1.59413,0
536,-0.575361,-0.621174,0.768399,0.0192281,0.0181907,0.00833222,0.0200924,-0.00253091,-0.0174629,0,inf,0
537,0.578564,-1.39675,0.774255,0.0136972,0.0068743,-0.0026011,0.0133501,-0.0117887,-0.0104521,1,1.58594,0
538,-0.150272,-2.34678,0.459089,2.91418,0.0109512,0.00876416,-0.0283919,0.00474527,0.0185268,1,0.190481,1
539,-0.689692,-1.15316,0.335436,3.28573,-0.0152377,-0.00301322,-0.00759068,-0.000395773,0.0478232,1,0.220802,1
540,-0.783841,-0.994309,-0.126688,7.15078,0.0141047,-0.0063948,0.0421379,-0.000474031,-0.0196704,0,inf,0
541,0.00894695,-1.21634,0.572431,0.0217402,-0.00402665,-0.00582502,4.77258e-05,-0.0172521,-0.0487518,1,2.69519,0
542,-0.348049,-2.77902,-0.577555,0.166067,0.00156165,0.00718982,0.0233118,0.0108247,0.0382148,1,4.17896,0
543,0.788691,-2.23284,0.649349,0.936034,-0.00418969,0.00881439,-0.0197312,0.0150246,-0.0494792,1,0.100827,1
544,0.632796,-1.7686,0.621721,0.130825,0.00202054,0.00824831,-0.0308092,-0.019976,-0.013154,1,0.380101,0
545,-0.589507,-1.59489,-0.757505,0.283287,0.0212652,0.00842574,0.0185381,0.011939,0.0235064,1,2.17786,0
546,-0.44459,-0.914211,-0.387369,8.44867,-0.0158026,0.00524877,0.000912546,0.0148994,-0.0191968,1,inf,0
547,0.533068,-1.16818,-0.421998,4.78129,-0.0168895,3.13096e-05,-0.0151631,0.00766239,-0.0420993,1,0.100783,1
548,0.169036,-0.391605,0.88018,1.65622,-0.00752146,0.00414055,0.0393719,0.0111782,-0.0475949,0,inf,0
549,-0.513981,-1.8839,-0.171971,0.0259582,-0.00513168,0.00446553,-0.0403798,0.0162134,-0.00463358,1,9.11887,0
550,-0.450324,-2.45726,0.243729,0.0147781,0.00895773,-0.00741284,-0.0381427,0.00839177,0.0203601,1,14.3494,0
551,-0.353268,-2.68547,-0.44241,1.02632,0.0213578,-0.00222635,0.0405556,2.84312e-05,0.0190574,1,1.29676,0
552,0.833266,-0.949004,0.674965,0.108758,-0.0231198,0.00331034,-0.00843671,0.00161215,0.0319153,0,inf,0
553,-1.41046,-2.44482,-0.181031,0.704066,0.000859645,-0.00510419,0.00352766,0.00779573,0.0422881,1,2.72341,0
554,0.669023,-0.48481,0.549832,0.0304731,0.00740319,0.00766425,-0.0386157,-0.0055121,0.0356427,0,inf,0
555,0.771639,-2.36351,0.124408,1.23985,-0.00331643,-0.00864318,0.0479214,0.00126826,-0.00814722,1,0.100767,1
556,0.913419,-2.25916,-0.955326,0.0179867,-0.00808715,0.00503465,0.0145667,-0.0172691,0.0279778,1,0.100747,1
557,-0.564244,-2.82561,0.901967,0.303257,-0.00641982,-0.00257342,-0.0402537,0.0174134,0.0161004,1,3.41721,0
558,-0.474983,-1.02165,-0.428631,0.0792184,0.0227315,-0.000234131,0.0163644,-0.0129251,0.0262292,1,2.02034,0
559,-0.234581,-1.21849,-0.662257,4.69566,-0.00118262,-0.00149239,-0.0199828,-0.0200218,-0.00249603,1,0.100985,1
560,-0.523318,-2.61843,-0.821433,0.0129827,0.0148578,-0.00859128,-0.00832862,-0.00421797,-0.0442255,1,16.8395,0
561,0.636384,-2.32471,0.540817,4.41729,0.0145267,0.00688891,-0.0421154,-0.0137947,0.0379918,1,0.101035,1
562,0.331672,-1.50833,-0.796012,0.160957,0.00484143,-0.00871105,-0.0480124,-0.000257756,0.0194377,1,0.100828,1
563,-0.381101,-1.04111,0.82568,3.77264,-0.00326136,-0.00721032,-0.0268596,-0.0128648,0.0446215,1,2.11723,0
564,-1.07306,-0.428027,-0.688124,0.0403675,-0.00200419,-0.0058121,-0.0475965,0.0128242,-0.0108341,0,inf,0
565,-0.810128,-0.565887,-0.998225,0.0684262,-0.00920628,-0.00482674,-0.0238226,0.00567869,0.0257944,0,inf,0
566,-0.21297,-2.10609,-0.520155,0.621609,0.00164869,-0.00185836,0.031913,-0.00379955,-0.0469251,1,1.16415,0
567,0.0530261,-1.66186,-0.666784,0.051845,0.0169879,0.0015323,-0.03164,0.0098048,-0.0211511,1,0.186838,1
568,0.878661,-0.605159,-0.254417,0.433222,0.01452,0.00140984,0.0484382,0.0115673,0.0165593,0,inf,0
569,-0.104136,-2.42863,0.509272,0.0242053,-0.00119184,0.00450526,-0.0104062,-0.0117155,0.00830785,1,8.17366,0
570,0.107645,-0.745341,-0.1095,0.0308581,-0.0153554,0.00520758,-0.0324512,0.0160628,0.0491678,1,2.61794,0
571,0.655164,-1.69792,0.863,0.0998755,-0.0241631,-0.000155881,-0.0425302,0.0141482,0.0364822,1,1.46009,0
572,-0.752936,-2.03245,0.766709,0.0614909,-0.00120416,-0.00213405,0.0119984,-0.0172566,0.000807959,1,7.26092,0
573,0.665367,-2.32826,-0.956408,8.6728,0.0154787,-0.00517074,0.0367823,7.4449e-05,0.0151521,1,0.10097,1
574,-1.44226,-0.685723,0.259595,0.185398,0.00869717,0.00374132,0.00944265,-0.00815104,-0.00789024,0,inf,0
575,0.0425285,-1.60534,0.578445,6.1211,-0.00769414,-0.000825247,0.0210056,-0.00850673,0.0102331,1,0.100994,1
576,-0.898658,-0.944005,-0.435757,0.166259,-0.00106171,-0.00857938,-0.0047716,0.00105596,9.03e-05,0,inf,0
577,-0.707232,-1.0712,-0.872675,0.0138951,0.000418725,0.00100975,-0.00687279,0.000690488,0.0158791,1,9.95204,0
578,0.926454,-1.04225,0.149725,5.69004,-7.52009e-05,-0.00853555,-0.0268172,-0.0177988,-0.0342897,0,inf,0
579,0.652923,-2.4029,-0.874867,0.0792683,0.0228317,0.00825496,-0.0116768,0.00829511,-0.0110697,1,0.306987,0
580,-0.979632,-0.585121,0.600839,0.141801,0.0247134,-0.0018325,0.0142206,-0.0135047,-0.00933364,0,inf,0
581,-0.538698,-1.36827,0.101954,0.0216135,-0.00989091,0.00222515,-0.0431399,0.000199198,0.0405159,1,7.72366,0
582,-0.751536,-1.89059,-0.709236,1.13584,0.0176706,-0.0062163,0.00980645,-0.00725196,-0.0493893,1,1.27389,0
583,-0.846665,-0.541077,-0.195066,3.99087,0.000600768,0.00323909,0.0298951,-0.0102754,0.0143592,0,inf,0
584,-0.83915,-0.893428,0.351459,2.41505,0.00202698,0.00470493,-0.0229731,-0.0153241,-0.00936413,0,inf,0
585,0.471261,-1.10433,-0.797192,0.852705,0.0172376,-0.00166227,0.00696134,-0.0139831,0.00179847,1,0.100995,1
586,0.425443,-0.41105,-0.79765,2.94927,-0.0185279,-0.00487697,0.0326994,-0.0175729,-0.0165504,0,inf,0
587,0.377392,-1.47625,0.710488,0.415118,0.00584376,-0.00584418,0.0489318,0.0035066,-0.0190113,1,0.101042,1
588,-0.240598,-0.675537,0.149617,0.01714,-0.00948252,-0.00778044,-0.0284616,-0.00330262,0.025303,1,2.34968,0
589,-0.214508,-2.07769,0.536733,0.012503,-0.0127548,0.00494761,0.0264076,0.00497801,-0.0115297,1,10.6571,0
590,-0.0846692,-1.11581,-0.499851,0.4307,-0.0247537,-0.000853053,0.0360552,0.0207744,-0.0367944,1,0.100988,1
591,-1.12705,-1.59042,-0.161368,0.227307,0.00851583,0.0022701,0.0304064,0.0149184,0.000280986,1,3.84073,0
592,0.498457,-2.05793,0.307276,5.79304,-0.0147941,-0.00280951,-0.048065,0.0180536,0.0396791,1,0.100985,1
593,0.599156,-0.445587,0.312485,0.0134446,0.0168088,-0.00649327,-0.0164337,0.0167127,1.7905e-05,0,inf,0
594,-0.763176,-1.10504,0.0619689,0.0458264,-0.0226459,-0.000155583,0.0178264,-0.00395685,-0.0230796,1,5.82956,0
595,-0.421728,-0.727774,0.808242,2.93802,0.0103577,-0.00881894,-0.0416359,0.00443742,-0.0236115,1,0.10099,1
596,0.600777,-1.50721,0.124702,1.86874,-0.0140282,0.00832457,-0.010727,-0.0104619,0.0290726,1,0.101006,1
597,-0.708037,-0.996961,-0.532088,0.318221,0.0154446,-0.00449337,0.0387956,0.00285504,0.0346982,1,1.56105,0
598,0.327216,-1.19934,-0.484975,0.0302184,0.000767839,-0.00159388,-0.0137095,-0.00945047,-0.0198344,1,1.01382,0
599,0.0820718,-1.26203,-0.62686,0.0360568,0.0183173,-0.00523613,-0.00144916,-0.00957134,-0.00868669,1,1.5962,0
600,-0.762763,-0.621416,0.456406,3.14488,-0.0037034,0.00050535,-0.0426194,-0.00359671,-0.0442059,0,inf,0
601,0.927248,-2.42646,-0.0685424,0.286906,-0.0183903,-0.00196847,0.0201005,0.0182346,0.0416309,1,0.278879,1
602,-1.25703,-2.07245,-0.63171,4.90313,-0.0229203,0.00469066,-0.0221986,-0.00205314,0.0328443,1,0.57164,0
603,0.165523,-1.6781,-0.967365,0.0138411,0.00557522,-0.00457488,-0.0243985,0.0183688,-0.00368421,1,1.03479,0
604,-0.107458,-2.87498,-0.475802,0.930992,0.00233951,0.00227665,0.00331342,0.00633001,0.0070777,1,1.18773,0
605,-1.33928,-2.72045,-0.118553,0.0248668,-0.00986973,0.00707266,0.000739638,-0.0125378,0.0491257,1,16.7249,0
606,0.0436801,-0.679768,0.313194,0.0302403,0.00735905,-0.00854857,0.029798,0.0112892,-0.00655394,1,2.22616,0
607,-0.819985,-1.78379,-0.516311,2.95192,-0.0121967,-0.00384894,-0.00671727,0.00623781,0.0493497,1,0.593468,0
608,0.285514,-2.71941,0.00887221,0.0545365,-0.00408517,0.00363284,-0.0425144,0.0110268,-0.00730837,1,3.4598,0
609,0.300192,-1.69012,-0.886539,1.41664,-0.020765,-0.00479847,0.00421614,0.0179186,0.00513873,1,0.100986,1
610,-0.291345,-1.15308,-0.0401522,0.0807254,-0.0135227,0.0046605,0.0357031,-0.0084502,0.0400661,1,0.336023,0
611,0.671809,-2.67836,-0.788304,0.0346108,0.0193732,-0.00704748,-0.0142155,-0.0019194,0.0279137,1,0.222223,1
612,0.514693,-0.371072,0.183076,0.0286546,-0.0125949,0.0019302,-0.0376334,-0.0142266,-0.048697,0,inf,0
613,-1.15008,-0.985843,-0.817476,4.65236,0.00378334,0.00218863,-0.0234068,0.0104824,0.0028313,0,inf,0
614,-0.0713412,-0.470942,-0.70063,0.441018,0.00755873,0.00687296,-0.0417635,0.00391258,-0.0100087,1,0.100955,1
615,-0.240908,-2.9288,-0.386794,0.0739831,-0.020065,-0.00861296,0.00129479,0.0043883,0.0230818,1,6.34976,0
616,0.414454,-0.630355,0.350842,6.43599,-0.00412735,0.00750735,-0.0186473,0.0111422,-0.0117919,0,inf,0
617,-0.458749,-2.61472,0.363083,0.136765,-0.00568601,0.00125109,-0.0467715,-0.0192758,0.0312977,1,4.62056,0
618,-0.451883,-2.28822,0.280451,0.0194922,-0.012752,-0.00890626,-0.0042945,0.014237,-0.0273937,1,11.789,0
619,0.453613,-1.30503,0.893694,0.133572,0.0142461,0.00637627,-0.0364873,0.0162665,0.0307096,1,0.209823,1
620,-0.272057,-2.57593,-0.0669714,0.0819745,0.014009,-0.00166741,0.0166736,-0.0153087,0.0267366,1,5.41249,0
621,0.980361,-0.385307,-0.0687022,0.0361428,0.00821749,-0.00282074,0.0333344,0.00745136,-0.0470095,0,inf,0
622,-0.586908,-2.14532,-0.190056,0.691517,-0.0240427,-0.0081993,-0.01043,0.00148527,0.00982124,1,1.70151,0
623,0.968041,-0.501729,-0.823386,0.0405702,-0.00500834,-0.000608705,0.0168094,0.00659198,-0.0310452,0,inf,0
624,0.363857,-1.35066,0.219828,3.0453,0.00327319,0.00104346,-0.0496642,0.0175915,-0.0365302,1,0.100799,1
625,-0.815453,-0.380277,0.692864,0.0602594,0.00308073,0.00596167,0.0463237,0.020223,-0.0151625,0,inf,0
626,0.500551,-0.336742,-0.274928,0.215625,-0.0126141,0.00175663,-0.0258102,0.0161684,0.0283725,0,inf,0
627,0.77433,-0.886997,0.464595,0.0285868,0.000485854,0.00367561,0.0463454,0.0201341,-0.0465484,0,inf,0
628,-0.764434,-1.52484,-0.382552,6.28122,-0.0126246,0.00269507,0.0186909,0.0156076,-0.00475818,1,0.124887,1
629,0.462135,-1.32369,0.153285,0.670795,0.00711191,-0.00377221,-0.0409824,-0.0118983,0.035598,1,0.100768,1
630,-0.871037,-2.50887,-0.803516,5.44061,0.0194896,-0.00569975,0.0347152,-0.0208381,0.0346329,1,0.428501,0
631,-0.789135,-2.45312,0.43042,0.0886446,0.0218853,-0.00517101,0.0126168,0.00335843,-0.0148141,1,6.80502,0
632,0.293808,-0.892196,0.530824,0.0370174,0.00104389,0.00131855,0.00656297,-0.0188203,-0.0435469,1,1.82274,0
633,-1.01494,-1.08222,-0.0486091,1.40671,-0.00131636,-0.00210759,0.034478,0.00533712,-0.0325772,0,inf,0
634,0.969295,-2.99389,-0.835222,7.91,0.0115799,-0.00330571,0.0156061,-0.0130767,-0.0210275,1,0.100988,1
635,-0.589567,-0.897049,0.555367,0.225353,0.0196065,-0.00618451,0.0432382,-0.0185427,0.00892099,1,1.33179,0
636,0.881137,-2.52493,-0.124565,3.37024,-0.0200586,0.000820277,0.0416866,-0.0123911,-0.0177072,1,0.100768,1
637,0.699872,-2.09142,-0.129961,0.158538,-0.0234016,-0.00211765,0.036031,-0.0103288,-0.0423179,1,0.100997,1
638,0.557149,-0.386941,0.861563,0.388819,0.0181082,0.00272579,-0.0316064,0.00123007,-0.0161627,0,inf,0
639,0.997216,-2.17566,-0.364514,6.27363,-0.0162025,0.00755809,0.00340594,-0.016276,-0.0334597,1,0.101027,1
640,-0.957283,-2.40317,0.590768,4.44347,-0.0127996,0.00386088,-0.00295314,-0.0170705,-0.0137976,1,0.515907,0
641,0.111053,-0.322956,0.0249841,0.0202256,-0.016811,-0.00338271,-0.00605906,0.00911918,0.00605242,0,inf,0
642,0.14943,-2.04227,0.819197,4.456,-0.0163913,0.00683051,-0.00412583,0.00252945,-0.0195662,1,inf,0
643,0.188649,-2.31259,0.338651,0.136189,0.014946,0.00321342,-0.0431407,0.00774619,-0.0135512,1,1.26622,0
644,-0.990402,-2.54559,-0.0888498,0.0603353,0.0162243,-0.00660792,-0.0235629,-0.020203,0.025297,1,9.21973,0
645,-0.416743,-1.12604,-0.450351,0.165423,0.00086473,-0.00460094,-0.0125353,-0.00379753,-0.0384278,1,1.61387,0
646,-0.154007,-0.516524,0.306317,0.0166278,0.00929157,0.00857825,0.00837681,0.00948957,0.0101406,1,7.92,0
647,0.792284,-1.03498,0.105838,0.115384,-0.0185246,-0.00406599,0.0235419,0.0185327,0.0361207,0,inf,0
648,-1.1139,-1.85663,0.727334,8.4796,0.0154823,-0.00767893,0.0376312,0.0139352,-0.0450469,1,0.199289,1
649,-0.349179,-0.644834,-0.076285,0.590205,0.0176399,8.80491e-05,0.0427506,-0.00381219,0.0351607,1,0.100875,1
650,-0.358976,-2.07337,0.930432,0.015205,-0.0089234,0.00644914,-0.00457503,-0.00701436,-0.0223202,1,11.3278,0
651,0.806473,-2.16634,-0.710888,0.188953,0.00572373,-7.78436e-06,0.0189515,-0.0206397,0.0220199,1,0.101007,1
652,0.507587,-0.76533,0.771916,0.033012,-0.0102959,0.00297229,0.00193592,0.020187,0.0259685,0,inf,0
653,-1.26303,-2.40688,0.148382,0.021343,0.0227169,-0.00413591,-0.0203519,-0.00752777,0.0313244,1,16.8497,0
654,-1.10443,-1.44658,0.387592,0.228131,0.0222667,-0.00748581,0.00797608,-0.00908871,0.04435,1,3.64954,0
655,0.918037,-0.971757,-0.141231,0.0686413,-0.0236778,-0.00366302,-0.0382032,-0.0185298,-0.0218545,0,inf,0
656,-0.140069,-2.45342,0.00925163,2.28754,-0.0210349,0.000416312,-0.0445034,0.00866509,0.0378167,1,0.477924,0
657,0.07474,-1.09216,-0.499795,0.0155203,0.0018331,-0.00151432,0.00345063,-0.0148296,0.0479633,1,0.101316,1
658,-1.33775,-2.47336,-0.451878,0.0114634,0.0136393,-0.00138808,0.0467083,0.0204574,0.00627762,1,inf,0
659,-0.568208,-1.91097,0.5423,1.68878,-0.0156317,0.000310201,0.0479418,0.0135935,0.0350959,1,0.796126,0
660,-1.40654,-2.25437,0.651843,0.144844,0.00587388,0.00466004,-0.0463147,-0.00278383,0.029822,1,6.33008,0
661,-1.00785,-2.44431,0.445204,0.0372934,0.00978449,0.000630601,-0.0255491,0.0136593,-0.000887749,1,11.6562,0
662,-1.45062,-2.82049,-0.721881,0.0662109,-0.0172308,-0.00719925,0.028007,0.00289656,0.0424003,1,10.5893,0
663,-0.550446,-1.24019,0.0291098,0.0265643,0.00671546,0.00581519,0.0216527,-0.00471686,-0.0474138,1,6.36866,0
664,-0.450082,-0.482119,-0.0755052,0.238124,0.00108496,0.00766393,-0.0450986,0.0142012,0.000246511,0,inf,0
665,-0.68684,-2.39973,-0.184125,3.80797,0.0117331,-0.00103406,0.00738014,0.0194541,0.0141306,1,0.494517,0
666,0.622421,-1.46516,0.906368,0.0222575,0.00203599,-0.00789048,-0.0384492,0.00932461,0.00222137,1,2.90938,0
667,-0.292291,-1.78063,0.764924,0.184869,0.0221762,-0.00734686,0.00834977,0.0044136,-0.0480105,1,2.21602,0
668,0.912372,-1.30126,0.785616,9.51032,-0.0048051,0.00727893,0.00709782,-1.6215e-06,0.0277441,0,inf,0
669,0.763333,-1.10875,-0.377688,0.0799867,-0.00289011,-0.00414449,-0.000828656,-0.00359413,-0.00932055,0,inf,0
670,0.185663,-2.07744,0.596782,6.7189,-0.000203569,-0.00151821,0.00292818,0.00683198,-0.0137651,1,0.100766,1
671,-1.27956,-1.35421,-0.531652,0.081546,-0.00511012,0.00772563,-0.0355452,-0.0101425,-0.0160768,0,inf,0
672,0.571087,-2.05089,-0.638907,0.112504,0.00254847,-0.00196305,-0.0329811,0.00393185,-0.00692464,1,0.100782,1
673,0.638324,-1.4233,0.911207,6.15254,0.0243887,0.00265976,0.0294207,0.00445085,0.0118223,1,0.101038,1
674,0.0953669,-2.23295,0.191269,0.0426852,0.00651045,-0.000368671,-0.0442018,-0.020311,-0.0326317,1,inf,0
675,-0.374072,-2.02791,0.729026,0.166673,0.00456145,0.00311211,-0.0265346,-0.0160779,-0.0423862,1,3.1433,0
676,-0.211988,-2.67448,0.128747,2.66828,-0.0152486,-0.00755559,0.017492,0.0133403,0.0480852,1,0.550087,0
677,-0.150072,-1.31829,0.394605,0.0834987,-0.00368092,0.00613283,0.0170358,0.0171108,0.0326465,1,0.447532,0
678,-1.27444,-1.66432,0.657316,0.457094,-0.0196313,0.000362908,-0.0493823,-0.0140467,0.0299645,1,2.85243,0
679,-0.474062,-2.64891,-0.897325,9.3437,0.0200372,-0.00646367,0.0415891,-0.000263604,0.00142733,1,0.101096,1
680,-0.130315,-1.84709,-0.107374,0.7497,-0.00909303,0.00141164,-0.0099497,0.0194412,-0.0374612,1,0.502436,0
681,-0.188178,-1.89389,0.795228,0.0976913,0.0204137,-0.000127732,-0.00502239,0.0152688,0.0449635,1,2.89662,0
682,0.909977,-1.7913,0.173592,0.0607184,0.0238359,0.000650298,0.0162626,0.00793104,-0.047953,1,1.5157,0
683,0.90239,-1.74407,-0.229789,0.369277,0.0152768,0.00145529,0.0169692,0.0201995,0.0221326,1,0.101028,1
684,-0.126199,-1.08322,0.128214,1.32721,0.0114418,0.00871454,-0.0400121,-0.00773341,0.0315699,1,0.100813,1
685,0.615239,-1.60472,0.0843029,0.0652064,0.00973036,-0.0039894,0.0110723,0.00699343,-0.00981409,1,0.208369,1
686,0.523006,-2.35557,0.507997,0.953099,-0.0131836,0.0048857,0.0163373,0.00153506,-0.0106353,1,0.101015,1
687,-0.833219,-1.18136,0.973831,0.148066,-0.018202,-0.00681847,-0.0367187,0.0169889,0.0268587,1,3.48738,0
688,0.987044,-0.725038,0.657128,0.979996,0.00457215,-0.000602527,-0.0377264,-0.00291033,0.0484121,0,inf,0
689,0.895718,-2.65196,-0.704065,0.115105,-0.0115172,0.00619972,0.0481322,-0.00914373,-0.0396167,1,0.174742,1
690,-1.288,-0.619523,-0.870308,0.0535561,0.00425017,0.00882045,0.0455628,-0.00720342,-0.0221237,0,inf,0
691,-0.832781,-2.52401,-0.126884,1.1177,-0.013695,0.00120983,0.0210587,0.00605508,0.013745,1,1.63125,0
692,0.827967,-2.30581,0.616629,0.0107746,-0.00237663,2.2122e-06,-0.0133549,0.0163379,0.0294188,1,0.527065,0
693,-0.546319,-2.73208,0.788084,0.112454,-0.0191095,-0.00395091,-0.0053798,0.0208761,-0.0441253,1,5.69344,0
694,0.911981,-2.38094,0.743048,6.27299,-0.0146869,0.00811557,0.0478025,-0.020596,0.0475242,1,0.101006,1
695,-0.849268,-1.04889,-0.318621,0.0263052,0.00180634,0.0052682,0.00948765,-0.00345222,0.00820758,0,inf,0
696,0.959073,-0.498506,0.600457,1.4361,0.00890517,-0.00311583,0.00402858,-0.0149335,0.0480936,0,inf,0
697,0.920426,-0.611068,-0.602181,1.42734,0.0205843,0.00114,0.00793545,0.0106493,-0.00455997,0,inf,0
698,0.458552,-1.23704,-0.200665,0.118766,-0.000628966,-0.00197072,-0.0426362,-0.00258964,0.00367997,1,0.100765,1
699,0.177084,-1.11345,0.695854,1.04348,-0.00335167,-0.00247114,-0.0335108,-0.00708319,-0.0121275,1,0.101026,1
700,0.10244,-1.29858,0.252996,0.144549,0.00502567,0.00866439,-0.0434311,-0.0155866,-0.029662,1,0.259246,1
701,-0.955481,-1.50887,0.108505,5.24151,-0.00818098,0.00736362,0.0272334,0.00612556,-0.0316331,1,0.138904,1
702,0.436883,-2.19079,-0.100637,0.187123,-0.00141738,-0.00137623,-0.0367829,0.017291,-0.00777558,1,0.100996,1
703,-0.756567,-1.0802,-0.143742,7.4004,0.012313,0.00711607,-0.027743,-0.000231363,-0.0360292,1,0.382838,0
704,0.627916,-2.83324,-0.519584,4.76708,-0.0228318,-0.00257041,0.0111616,-0.00880216,0.048139,1,0.100984,1
705,0.686243,-0.808372,0.752649,0.310132,0.0197139,-0.00384596,-0.0192865,0.0157071,-0.0159374,0,inf,0
706,-1.03007,-1.46108,0.655545,0.0245759,0.0159624,-0.00161729,-0.0259061,-0.0182961,0.0319544,1,11.64,0
707,-0.976856,-2.28955,0.0120063,4.68125,-0.0249095,0.00452233,-0.0225956,0.00165091,-0.0220184,1,0.487899,0
708,0.990666,-2.84262,-0.653269,0.324519,-0.0106622,0.00185998,-0.0081709,-0.0199436,0.0390184,1,0.101041,1
709,-1.37132,-0.842273,-0.326364,0.131702,-0.0202442,6.45956e-05,-0.016614,-0.00377545,0.0181095,0,inf,0
710,0.915746,-2.02302,0.871953,0.187837,0.0145269,0.00776545,-0.0408132,0.0120713,0.0356999,1,0.110659,1
711,0.302753,-0.966608,0.432225,1.07129,0.0065896,-0.0028049,0.0213627,-0.012792,0.00617043,1,0.101012,1
712,-0.856637,-1.97575,0.853843,0.12565,-0.0163414,-0.00155274,0.046992,-0.0180377,0.0205651,1,5.14379,0
713,0.46888,-2.45283,0.86989,0.0282407,-0.00947905,-0.00855216,0.034221,0.0135561,-0.0494882,1,0.192318,1
714,0.631044,-1.26096,-0.317636,0.110636,-0.00317121,0.00263742,0.00897348,-0.00123679,-0.0352672,1,0.265997,1
715,-0.609109,-2.99142,-0.69512,0.0136122,-0.00262491,-0.00727642,0.0274317,0.0203975,-0.0209148,1,inf,0
716,0.420653,-1.73714,-0.783702,0.0100314,0.0163344,-0.00303774,-0.0199743,0.013806,-0.0110521,1,1.53154,0
717,-0.91775,-1.42589,0.151713,1.84814,-0.0133955,0.0023063,0.0453883,-0.00730044,-0.00876997,1,0.666169,0
718,0.285776,-0.348738,-0.918421,0.098933,-0.0179248,0.00696524,0.0465772,-0.0133527,-0.0234411,0,inf,0
719,-0.345736,-1.33994,0.320565,0.0106201,-0.0193738,-0.00447752,0.00592782,0.00296355,-0.0430246,1,6.83989,0
720,0.670914,-1.10763,0.470635,0.390999,-0.0145951,-0.000147347,0.00202057,0.000664366,-0.0373514,0,inf,0
721,0.807622,-1.3943,-0.410594,3.22069,-0.0146756,0.00660599,-0.0178766,-0.00205123,-0.0303025,1,0.10077,1
722,0.472347,-2.27806,-0.436545,1.89777,-0.013231,0.00154594,0.0385128,0.019196,0.00809654,1,0.100986,1
723,0.411705,-0.572637,-0.674712,0.025074,0.0244833,0.00149908,-0.0395759,-0.0101549,-0.013202,0,inf,0
724,-0.112381,-1.21462,0.159726,0.125425,0.0217548,0.00754176,-0.035506,0.00981665,-0.0321765,1,0.115473,1
725,-0.935705,-2.15565,-0.106662,0.987589,0.0130455,-0.00694946,0.0470099,-0.000838943,0.0128323,1,1.63261,0
726,-0.446333,-1.03561,0.0917326,0.0189289,0.0131348,-0.00182374,-0.0351865,0.0139611,-0.00988956,1,3.98236,0
727,0.124035,-2.126,0.56395,0.022904,-0.020257,-0.00134829,0.00558727,0.0018564,-0.00209409,1,3.02991,0
728,0.682054,-2.79256,-0.973995,6.59238,-0.00459659,0.00443164,-0.0151646,0.00537513,-0.0251347,1,0.100809,1
729,-1.12659,-0.823422,0.597706,2.61444,-0.00414813,-0.00266683,0.0498623,0.0160244,-0.00444713,0,inf,0
730,0.883832,-1.35835,-0.592866,1.55434,-0.00281468,0.00391077,-0.017384,0.0195092,-0.0411013,0,inf,0
731,-0.526186,-1.48654,0.120477,0.25914,-0.00816615,-0.00450241,-0.00599423,-0.0155079,0.0140291,1,1.86203,0
732,-0.843187,-1.21629,-0.448868,1.51529,0.00558167,-1.82177e-05,0.021839,0.00926183,0.0171203,1,0.7297,0
733,0.890891,-0.49278,-0.46918,0.0109794,-0.0171669,-0.000556555,0.0464202,-0.0139297,0.0491489,0,inf,0
734,-0.505502,-0.563846,0.917632,3.18588,0.0172681,-0.00244633,0.0238366,0.00650672,0.00532217,0,inf,0
735,-1.42304,-1.42057,-0.960283,2.08691,-0.0248927,-0.000838264,0.0110735,-0.00869763,0.0322231,0,inf,0
736,-1.36818,-1.31082,-0.661978,1.58994,0.00024692,-0.00704196,0.026876,0.00629787,0.0498221,0,inf,0
737,-1.3048,-0.636472,0.205081,8.60337,0.0107569,0.00497485,-0.0172161,0.013463,0.0355654,0,inf,0
738,0.519371,-0.779881,-0.310401,0.114044,-0.0177052,-0.00644032,0.0212317,0.00958079,0.0348189,0,inf,0
739,0.0652172,-1.38537,-0.1329,0.092728,-0.0192139,-0.000295217,0.0497635,0.0160491,0.0185197,1,0.783857,0
740,-1.32692,-1.46335,0.230622,0.100967,0.0149499,-0.00802712,0.0165807,0.00191588,-0.00886563,0,inf,0
741,-0.517654,-1.66132,-0.667972,1.39044,0.00495651,-0.00530133,-0.0233933,0.0017861,0.00186314,1,0.583704,0
742,-0.567745,-2.78366,-0.121743,0.0949583,0.00964251,-0.00769732,-0.0335267,-0.0187387,-0.0268812,1,6.40343,0
743,0.449419,-1.92581,-0.583834,0.0203361,0.00639014,0.00300237,-0.00496525,0.00282581,0.0365656,1,1.00422,0
744,-1.26919,-2.50605,0.920097,0.0187857,-0.0197295,-0.00507805,0.0129225,-0.00849646,-0.00642459,1,inf,0
745,-0.256511,-2.61938,-0.439262,0.596701,0.00504293,-0.00187271,-0.0236874,0.00372303,0.0363856,1,1.703,0
746,-0.205506,-0.975679,0.982761,0.541575,3.9977e-05,-0.00202756,-0.0308317,-0.0181716,0.00690019,1,0.100995,1
747,0.592553,-1.04281,0.942538,6.491,0.0217783,-0.00110671,0.0191942,0.012517,0.0379798,0,inf,0
748,-1.25216,-1.39737,-0.645222,8.7383,0.0147279,-0.00821919,0.00295445,-0.00113045,-0.0277259,0,inf,0
749,0.896356,-0.797371,0.83435,0.863737,0.00855589,-0.00135773,-0.0341329,-0.00176679,0.000478768,0,inf,0
750,-1.42757,-1.29429,-0.332123,0.391435,0.00777641,-0.000363006,0.0210422,-0.00430524,0.0183369,0,inf,0
751,0.458252,-1.06588,0.486455,5.93256,-0.00108112,0.00899697,0.0225674,0.00703281,-0.0154506,1,0.100765,1
752,-1.00757,-0.708345,0.422349,0.392559,-0.0126305,0.00149327,-0.0198438,0.0100819,0.00118497,0,inf,0
753,-0.823518,-1.16405,0.733206,2.00494,0.0174557,-0.00799187,0.00577307,-0.0168185,-0.0289108,1,0.583272,0
754,0.789702,-0.811308,-0.516669,4.46544,-0.0196639,-0.00293103,0.0328305,0.010219,-0.0468441,0,inf,0
755,0.904951,-1.94659,-0.93399,1.06336,-0.020231,0.000919369,0.0113393,0.00458215,0.0291578,1,0.10099,1
756,-0.300249,-2.9852,0.694886,0.863243,0.0185671,0.00223663,-0.0473319,0.00502013,0.0315081,1,1.49376,0
757,0.774592,-1.97884,-0.246133,0.0709935,0.0203172,-0.00601947,0.00493914,-0.0165137,0.00745766,1,1.11393,0
758,0.529708,-1.71937,0.856584,0.0367482,0.0168193,0.00172882,-0.00430044,0.0109098,-0.011785,1,0.61531,0
759,0.36077,-1.14367,0.183275,0.0469476,0.0202215,-0.00474824,-0.0124867,-0.01531,0.0174367,1,1.28232,0
760,-0.417764,-1.25751,0.94942,0.0384906,-0.0186994,-0.00368516,-0.00110168,-0.00296245,0.0141237,1,3.88626,0
761,0.617458,-1.70474,-0.0327567,0.177025,0.00325668,0.0068619,-0.0250675,0.0111579,0.0456879,1,0.259156,1
762,0.405212,-0.482717,0.591273,0.110214,-0.0188721,-0.00465794,0.00592205,0.0165136,0.0147778,0,inf,0
763,-1.44899,-0.341824,-0.497703,7.64914,0.0183669,-0.00534533,-0.0482044,-0.00230012,0.00120044,0,inf,0
764,0.484342,-0.339674,0.26908,0.0265699,-0.0150712,-0.000997139,-0.0482801,-0.00305364,-0.0324612,0,inf,0
765,-0.549352,-2.52583,0.854724,0.0959399,0.0214112,-0.00340046,-0.00526376,0.00565528,0.0486306,1,5.84737,0
766,-0.408734,-0.850912,0.515487,0.314987,0.000828732,0.00568038,-0.0240162,-0.0183349,-0.00319612,1,0.100986,1
767,-1.24175,-2.48592,-0.608218,0.891372,0.0104372,-0.00821659,0.0451308,0.00616017,-0.000270466,1,2.15,0
768,0.874293,-0.809517,0.678185,1.19738,0.0187639,0.00210307,-0.0260695,0.0128909,0.0430175,0,inf,0
769,-1.48336,-1.84477,-0.602487,1.03198,0.0203792,0.00273956,0.0265605,0.00162476,-0.0405232,1,1.99786,0
770,-0.677885,-1.51274,0.569994,3.30679,3.82055e-05,0.00779748,-0.0104337,0.0132533,0.03676,1,0.337109,0
771,0.679858,-0.470116,0.263162,0.0278942,-0.0177459,0.000230644,0.0408973,0.0133386,-0.0364458,0,inf,0
772,-0.825647,-0.803784,-0.194221,1.10372,0.0107156,-0.00208781,0.0229391,0.0107008,-0.0281218,0,inf,0
773,-0.74639,-0.98766,0.122649,0.936865,-0.00570131,0.00866673,0.00883695,-0.00373177,-0.0270289,0,inf,0
774,-0.257742,-0.903063,0.729777,0.0249675,0.00705719,-0.00759214,-0.00951908,0.0180598,-0.033565,1,0.664094,0
775,-0.598876,-0.480556,-0.989521,1.21377,-0.0201005,0.00346847,0.0460509,-0.0116835,-0.0213651,0,inf,0
776,0.588789,-0.841217,-0.785162,0.0736567,0.00846314,-0.00227467,0.00818488,0.00575509,0.0200236,0,inf,0
777,0.890117,-1.97854,-0.425499,0.503611,0.00445148,-0.00331146,-0.0217854,-0.016124,0.00876579,1,0.101015,1
778,-0.101737,-0.885212,-0.749648,0.137122,0.0113167,0.00011766,0.0233717,-0.00865818,-0.041669,1,0.348953,0
779,-0.428173,-1.39781,0.45848,0.0596909,-0.0104346,-0.000704554,-0.0139739,-0.0069737,-0.0252333,1,3.73777,0
780,0.726956,-2.11532,-0.954453,0.356025,0.00272384,-0.00880765,0.0157631,0.0167662,-0.0195521,1,0.100817,1
781,-0.410432,-2.76864,0.429395,0.0784359,0.000341143,-0.00362539,0.0246994,-0.00517143,-0.00293371,1,6.44371,0
782,0.858286,-2.59408,0.475625,0.076624,0.0102272,-0.00259208,0.0206927,-0.0119143,-0.0378953,1,1.08818,0
783,0.355252,-2.75446,0.360172,0.027099,0.00478984,0.00839331,0.0168401,-0.0173071,-0.0411336,1,inf,0
784,-0.690521,-0.738751,0.141445,0.158765,0.00469556,0.00118951,0.0410294,-0.0194203,-0.0426139,0,inf,0
785,0.282628,-1.94463,0.258176,0.0411399,0.0229,0.00274422,-0.00496735,-0.00122333,-0.0274352,1,1.50156,0
786,0.321595,-0.997182,-0.63661,1.35883,-0.00511993,-0.000224973,-0.0325193,0.0185706,-0.00517425,1,0.101008,1
787,0.435832,-0.392981,0.42218,0.0478653,-0.0205849,-0.00439211,0.000506445,-0.0133736,0.0489101,0,inf,0
788,0.641388,-1.33754,-0.282626,2.34327,-0.0175593,-0.001433,-0.0246861,-0.0197378,0.0244517,1,0.100943,1
789,-0.632873,-1.10824,-0.179328,0.0986831,-0.0136489,0.00492076,0.0392943,0.0146821,0.0273557,1,3.20569,0
790,-1.34968,-0.763042,0.0292375,0.0185238,0.00865679,0.00120703,-0.0480518,0.0188894,-0.0274842,0,inf,0
791,-1.13167,-2.33586,-0.439868,7.24388,-0.0237457,-0.00479447,-0.0416346,0.0032114,0.0476006,1,0.383798,0
792,0.455148,-2.99107,-0.696771,0.0409238,-0.0185291,0.00377857,-0.01299,-0.00029519,0.0314283,1,4.68364,0
793,-1.459,-0.397037,-0.186636,1.4763,-0.0104656,-0.00363025,-0.0394789,0.00584511,0.0232037,0,inf,0
794,-1.13565,-0.67297,0.94841,0.0387769,-0.0176488,0.00708453,-0.0454115,0.0207231,0.0162918,0,inf,0
795,0.915401,-1.65219,-0.66535,5.98461,0.000389705,-0.00806458,-0.0195234,-0.00179678,0.00733744,1,0.100767,1
796,0.242921,-0.534092,0.212277,4.90508,0.00348394,0.00469713,-0.00152274,0.009196,0.00883443,0,inf,0
797,0.604724,-1.0825,0.857674,0.0158633,-0.00842829,0.00745522,0.0323212,0.0085439,0.0428904,0,inf,0
798,0.306558,-2.40584,-0.566027,1.02865,-0.014083,3.84914e-05,0.00618612,-0.0170389,-0.03959,1,inf,0
799,0.193731,-1.65998,0.033628,1.57595,0.00365294,0.00344257,0.0382407,0.0207858,0.0295541,1,0.100987,1
800,0.278273,-0.502018,0.0199212,0.215714,0.00862778,0.00475265,0.034192,0.000320484,-0.0259138,0,inf,0
801,0.105092,-1.93569,-0.716112,0.678484,0.0180748,-0.00402901,-0.0223457,0.0160426,-0.0456117,1,0.100985,1
802,0.795188,-2.86328,-0.752187,0.0891074,0.0178417,-0.000260607,-0.035497,0.0126597,0.0192612,1,0.100918,1
803,-1.45577,-2.14482,0.437388,0.0426988,-0.0117255,-0.00142748,-0.042607,0.0200458,-0.035872,1,12.0746,0
804,-0.764443,-2.59108,-0.561364,0.0207419,0.0109939,-0.00146345,0.0140993,-0.00248382,0.0322057,1,14.695,0
805,-0.7485,-2.66576,-0.0355103,2.43967,-0.00155002,-0.00754576,-0.0152466,-0.00135951,0.0208599,1,0.869373,0
806,-1.30435,-0.937326,0.344641,0.193617,0.0082528,-0.00537577,0.00900164,0.012053,-0.0351172,0,inf,0
807,-0.853806,-1.26471,0.24036,0.0168845,0.00337481,-0.00680338,0.0365868,0.0104869,-0.00844875,1,11.5898,0
808,-1.47447,-1.18783,-0.601254,0.165982,-0.0117341,0.00778899,-0.0252846,0.0153463,-0.02322,0,inf,0
809,-0.156356,-2.9075,-0.550801,3.40484,-0.0176705,0.000667532,0.0098887,0.0179213,0.0385869,1,0.466166,0
810,0.819553,-1.37278,0.076421,7.84991,-0.000935939,0.00113551,-0.0394835,0.00901866,0.0397345,1,0.100998,1
811,0.860607,-0.931135,0.0706979,5.56204,0.016075,-0.00398937,0.00688488,-0.00129868,0.0122889,0,inf,0
812,-0.580334,-1.36971,0.871218,1.44868,0.00228286,0.00339141,-0.0418229,-0.00565851,-0.01366,1,0.549615,0
813,-0.833844,-0.730557,0.352275,0.0270846,0.0188139,0.000733414,0.0410199,-0.0127582,0.00927882,0,inf,0
814,-1.13965,-1.61237,-0.511219,5.72701,-0.00535003,0.00122761,0.0413139,-0.00642904,0.001996,1,0.10089,1
815,-0.666226,-2.00086,0.925518,0.38216,-0.0183598,0.000445612,0.0366668,-0.000502512,-0.000631997,1,2.45023,0
816,-0.390266,-0.845918,0.784015,0.269701,0.0206081,0.00590808,0.000361681,0.0201942,-0.0493667,1,0.100985,1
817,0.432332,-0.78463,0.765027,0.0230547,0.00177423,-0.0023664,0.0472148,0.0190922,0.036051,0,inf,0
818,0.0892955,-2.83914,-0.379206,0.279559,0.00818436,-0.00587139,-0.0334339,-0.0174679,0.0117173,1,2.14502,0
819,0.203377,-1.17599,-0.0986569,0.0177362,0.00179006,0.0058599,0.000423516,0.0106298,0.0379416,1,1.36649,0
820,0.692808,-0.389182,0.370829,0.0117245,-0.0199063,-0.00544368,-0.044734,-0.0201253,0.0151181,0,inf,0
821,0.795153,-1.09377,-0.966036,0.203027,-0.0124969,0.000748722,0.0172067,0.0192814,0.00721715,0,inf,0
822,-0.353838,-1.93968,-0.894498,0.995265,0.00677817,0.00864364,0.00915447,0.0104118,-0.0273402,1,0.848583,0
823,-1.12153,-0.845823,0.198156,0.0820592,0.00682648,0.00447145,-0.00887507,-0.00704803,0.00409073,0,inf,0
824,0.508764,-2.38437,0.770361,0.0203677,0.0168943,-0.00120388,-0.00086207,-0.0196688,-0.0163326,1,2.41707,0
825,0.526675,-2.82352,-0.749254,0.547527,-0.0101037,-0.00674948,-0.0173642,0.0103304,0.0277926,1,7.77482,0
826,0.185349,-1.62586,0.196525,0.26583,-0.0156706,0.00427413,0.0487624,0.0101258,-0.044506,1,0.10083,1
827,0.51579,-0.340713,-0.565449,0.190175,-0.0195979,-0.00737066,-0.035129,-0.00640381,-0.0156836,0,inf,0
828,0.708915,-1.06063,0.973287,0.0134578,0.0115785,-0.00743443,-0.00500241,0.0106503,0.0233626,0,inf,0
829,0.195091,-2.99989,0.918125,0.435208,0.0148533,0.00889107,-0.00946461,-0.0198798,0.00858565,1,1.58133,0
830,-0.76032,-0.815053,0.892887,0.0515619,0.0116121,-0.00527885,-0.0359011,0.017569,0.0284192,0,inf,0
831,-0.554623,-1.20039,-0.479548,3.01671,-0.0152781,0.0088271,0.0465008,0.00628459,0.00599543,1,0.629255,0
832,0.690803,-1.95256,-0.31511,9.75645,0.0106467,0.00875549,-0.00202462,-0.0190021,0.0215068,1,0.10101,1
833,0.726041,-1.84482,0.234024,0.996913,0.0109281,-0.00405832,0.000983213,-0.00522896,-0.0225617,1,0.100995,1
834,-1.40328,-1.22014,0.347583,0.0273406,-0.00278644,-0.000714307,0.0342156,-0.0158402,0.0326951,0,inf,0
835,-1.38865,-2.50417,0.714575,0.126031,-0.0142118,0.00271429,-0.000558495,0.0117501,-0.000186631,1,7.10703,0
836,-1.46043,-2.85676,0.791686,0.0355729,0.0180307,0.00296116,-0.0418979,-0.0193254,0.0464938,1,14.6257,0
837,0.940944,-1.04093,-0.627934,0.0156371,0.00808098,0.00297777,-0.0480051,-0.0139621,-0.0277109,0,inf,0
838,0.410929,-0.595005,0.284834,0.0211081,0.00877618,-0.00733691,-0.0289513,-0.0187184,0.0025047,0,inf,0
839,0.62647,-0.893514,-0.134127,0.0114418,-0.00980082,0.00434277,-0.025526,4.83017e-05,-0.0195633,0,inf,0
840,0.787567,-2.21411,-0.205276,1.39208,0.015784,-0.00725454,-0.00345165,0.00907471,0.0140956,1,0.100766,1
841,-0.803679,-1.62106,0.1592,0.0227839,-0.00453239,0.00357737,-0.00490055,-0.0131323,0.00812638,1,10.9653,0
842,0.0399985,-2.37783,0.94895,0.194277,-0.000108294,-0.0043026,-0.040424,0.0133657,0.00421431,1,1.97472,0
843,0.864481,-0.835433,0.672931,0.561617,-0.00340789,0.00542536,-0.0137404,-0.0143438,0.0375828,0,inf,0
844,-0.297538,-2.73975,0.978373,0.0166838,0.0156296,-0.00334561,0.0365746,0.00707681,0.0165923,1,13.2034,0
845,-0.949147,-0.304984,0.0745769,0.0291763,-0.0141547,0.00221646,0.0233014,-0.00586805,0.0433433,0,inf,0
846,0.615057,-2.28221,-0.0638957,2.0433,0.00258615,-0.00281157,-0.0148815,0.00342772,0.0259843,1,0.101009,1
847,0.906502,-2.4679,0.61335,0.014458,-0.00963536,-0.00330983,0.0174154,0.0204892,0.00015598,1,2.55468,0
848,-0.629379,-2.26462,-0.595333,0.0335507,0.00561945,-0.00440465,0.0323938,0.0113033,-0.00838536,1,9.80503,0
849,-1.39907,-0.940782,0.534621,0.0295883,-0.0141011,0.00876484,0.0180163,-0.00527912,0.0345278,0,inf,0
850,-1.0077,-2.83188,0.898338,1.48258,-0.0204475,0.00407877,-0.043595,0.00963417,-0.0408176,1,1.52237,0
851,-1.29836,-2.15428,-0.747751,0.0158685,0.0181972,0.00423826,0.0365241,0.00216945,0.000990813,1,inf,0
852,0.443913,-1.41787,0.0261945,0.326452,-0.00984539,-0.00365675,0.0465496,0.0190166,-0.00276484,1,0.100994,1
853,-0.727228,-1.17107,0.542838,4.25421,-0.0243681,-0.0014894,0.0401888,0.0149851,-0.0140015,1,0.152918,1
854,0.717062,-2.92586,0.532845,0.0270117,-0.0181125,-0.00809846,-0.00281738,0.0197227,-0.000512015,1,2.2251,0
855,-0.981913,-0.557408,-0.276459,0.0516269,-0.0225935,0.00621165,-0.0459551,0.00304751,0.0461329,0,inf,0
856,-0.264686,-0.482077,-0.406518,0.911608,0.0117977,-0.00720552,0.0480815,-0.000825923,0.0286661,0,inf,0
857,-0.874722,-2.60181,0.606828,0.200834,-0.0223916,0.00360775,-0.0231707,-0.0013612,0.0399267,1,4.70958,0
858,-0.390669,-2.85701,0.155026,0.0349983,0.00590303,-0.00309342,-0.0215199,0.0010454,0.0455288,1,10.0232,0
859,-0.522886,-1.42323,0.0129687,5.75934,-0.0024706,0.00131566,-0.0377653,-0.00701726,0.0026224,1,0.10074,1
860,-0.644759,-1.4053,-0.186008,1.22812,-0.013987,0.00239482,-0.0245309,0.00832533,0.0441927,1,0.809992,0
861,-0.68434,-2.54626,-0.114213,0.0100129,0.0242,-0.00877786,-0.0288976,-0.0153826,-0.0470956,1,inf,0
862,-0.187393,-0.691025,0.470375,0.0149507,-0.0137385,-0.00123497,-0.0122766,-0.00988107,0.000994484,1,0.100809,1
863,-0.429781,-1.96813,-0.10405,0.124643,0.000938502,-0.00188194,0.0128877,0.000577262,-0.0252608,1,3.76699,0
864,-1.12359,-1.22699,0.419937,0.804423,0.00114165,0.00278125,-0.0186051,0.00292685,-0.0237939,0,inf,0
865,-0.912309,-0.931627,0.850787,4.01004,-0.00684198,0.00175231,-0.0287106,0.00893417,-0.029188,0,inf,0
866,0.133706,-2.87384,0.509061,0.0104854,0.0150532,-0.00878063,-0.0137214,-0.0110241,-0.000342163,1,12.4698,0
867,-1.37506,-1.76951,0.686219,0.016741,-0.0247357,-0.00546304,-0.00767439,0.0171261,-0.0305285,1,inf,0
868,-0.100827,-0.420687,-0.749256,0.0433173,-0.00330858,0.00470258,-0.000556696,-0.0186082,-0.0435735,1,1.67241,0
869,-0.772879,-0.628941,0.572893,0.237452,-0.0158788,-0.00163917,-0.0492096,-0.0181841,0.0143344,0,inf,0
870,-1.27843,-1.23479,0.371106,5.20549,0.0215496,-0.00275904,-0.0381736,-0.00274275,0.0370279,0,inf,0
871,-0.293902,-1.10822,0.969917,5.13283,0.0174907,-0.00634106,0.0211275,0.0158089,-0.0125334,1,0.100998,1
872,-1.33449,-0.693959,-0.527787,0.839043,-0.0248561,-0.00241495,-0.0259394,0.000916101,0.0398996,0,inf,0
873,0.924245,-0.386957,-0.291232,2.74702,0.0203118,0.00437206,-0.0496452,-0.0136581,0.0077755,0,inf,0
874,-0.260132,-0.696974,0.650915,3.13122,0.0240109,-0.00314272,-0.0272219,0.0174972,-0.0151907,1,0.101003,1
875,-1.11261,-0.822167,0.0123044,2.27145,-0.0030844,-0.00817223,0.0440657,-0.00211162,-0.0096783,0,inf,0
876,0.842844,-1.50307,0.551934,0.10104,-0.0176945,0.0030372,0.0170489,-0.00972952,0.00589613,1,0.215184,1
877,-0.919447,-2.2507,0.822193,0.0112106,0.00818198,0.00827252,-0.0130515,-0.0187157,0.0134514,1,inf,0
878,-0.0776676,-2.48719,0.902523,1.64981,-0.00129325,-0.00119259,0.0179826,-0.0058812,-0.0250228,1,0.552578,0
879,-0.358389,-1.40226,0.862106,3.61805,0.0119438,0.00506214,-0.00537658,0.00648898,-0.0241168,1,0.278954,1
880,-0.501279,-0.82574,0.302347,7.80849,-0.0218661,-0.00211962,-0.00600044,0.00883781,-0.0217212,1,inf,0
881,-1.20363,-1.21484,-0.227637,0.0408825,-0.0168796,-0.00413058,0.0258582,0.0141604,-0.0194301,0,inf,0
882,0.449588,-0.90776,0.734004,0.0733344,0.00590912,-0.00549602,-0.0353427,0.00801397,0.0270096,0,inf,0
883,-1.45707,-2.76451,0.495646,2.36653,0.018348,0.00361243,0.0108644,0.0127062,0.00267898,1,1.23785,0
884,0.129234,-0.535879,-0.390555,0.0623241,0.013409,0.00485257,0.00631867,-0.00245152,0.00841764,0,inf,0
885,-0.155873,-0.383009,-0.754937,4.27205,-0.0114573,0.00184471,0.0457863,-0.00880209,-0.0434876,0,inf,0
886,0.795762,-2.3674,0.622283,0.0121922,-0.0160219,-0.00249975,-0.00283723,0.0185412,0.0179383,1,2.42496,0
887,-1.41749,-2.1106,0.361869,0.281529,0.0203278,0.00524466,0.0226105,-0.00380207,0.0254711,1,4.32721,0
888,-1.30528,-0.774183,0.87377,5.70135,-0.0197102,0.00892711,0.00397254,0.00255736,-0.0233004,0,inf,0
889,-1.21694,-0.914863,0.614457,2.09637,-0.00227806,-0.00590583,0.0479012,0.00716189,0.0102171,0,inf,0
890,0.684474,-0.355943,0.395837,0.0485422,-0.0126108,-0.00734412,0.022441,-0.0192754,-0.00628873,0,inf,0
891,-0.246914,-0.312826,0.594688,0.0129057,-0.0100234,-0.00787643,0.0428219,0.0041554,-0.0116649,0,inf,0
892,-1.08916,-1.60652,0.226585,0.393755,0.0026557,-0.00781919,0.00973337,-0.0118591,0.0122317,1,2.74844,0
893,-0.0864327,-2.98068,-0.353692,0.25665,0.0221705,-0.00305013,-0.0418768,0.00510651,-0.0440072,1,2.92607,0
894,-0.475491,-0.811804,0.455145,0.346171,-0.00570402,-0.00101296,0.040992,-0.00977335,-0.0224942,1,inf,0
895,-0.258233,-1.3325,0.980516,4.07685,-0.00480096,0.00707293,0.00257555,0.0146213,-0.0049199,1,2.03224,0
896,-0.206579,-2.0518,0.537489,0.135335,-0.0170698,0.00398926,-0.0309141,0.0094867,0.000123576,1,2.88273,0
897,-0.0412359,-2.34745,-0.0565668,0.0418557,-0.00589348,-0.00349559,-0.00228968,0.00591523,0.00537231,1,5.34671,0
898,-0.992911,-1.88408,0.958031,0.188193,0.00753549,0.00683565,-0.0141924,-0.00636804,-0.0104325,1,4.34798,0
899,-0.854458,-1.6007,-0.555563,0.116212,0.0208899,0.00415029,0.0356982,0.00683154,0.00762836,1,4.77829,0
900,-0.485692,-2.2423,-0.844385,0.0106832,0.0182859,0.00414312,0.0376836,0.0198405,0.0102556,1,inf,0
901,-1.31622,-0.569218,0.546981,5.22587,0.00853068,-0.00564219,-0.00859888,-0.0077282,0.0292358,0,inf,0
902,-1.34847,-0.343323,-0.686186,4.18907,0.0180372,-0.00897654,-0.0245567,0.014036,0.0337686,0,inf,0
903,0.942659,-0.927012,0.463372,0.350127,-0.0216159,0.00360522,-0.0214693,0.0130437,-0.0442671,0,inf,0
904,-0.726174,-1.85133,0.439195,0.0561872,-0.0108018,0.00890651,-0.00378448,-0.0123995,0.021488,1,7.03288,0
905,0.27752,-2.28891,0.294877,0.134689,0.000603976,0.00218329,0.0318089,-0.00743679,-0.00813379,1,0.100985,1
906,-0.297254,-1.46259,-0.983044,0.965233,0.0147345,-0.00745463,0.00747781,-0.0109168,0.0440579,1,0.266681,1
907,-1.01816,-1.94445,-0.142647,1.77829,-0.0227258,-0.000331039,0.00903657,0.00912668,0.0159929,1,1.12596,0
908,-1.00375,-0.530465,0.314453,0.0749308,0.0194418,-0.00742242,0.0371751,0.0139804,-0.0291332,0,inf,0
909,0.850726,-0.976509,0.56143,0.0953979,-0.0242597,0.00610761,0.0297856,0.0150094,0.00233088,0,inf,0
910,-0.790328,-0.411556,-0.130673,1.55629,-0.00436019,-0.00516966,-0.0423572,-0.0154906,0.00558039,0,inf,0
911,-1.26957,-2.84034,-0.739229,4.62077,0.0069132,0.000628251,-0.0163672,-0.0111728,0.0487454,1,0.660335,0
912,-0.714273,-0.543341,-0.791906,5.82343,-0.0238999,0.00461989,-0.0459187,0.000382471,-0.0278082,0,inf,0
913,-0.0494421,-2.95731,-0.606289,4.15207,-0.0240775,-0.00609358,-0.0409382,-0.0140251,-0.0179114,1,0.129763,1
914,-1.27392,-2.15498,-0.467851,8.72474,0.0227648,-0.00786852,-0.0134311,-0.0157422,0.00584515,1,0.294894,1
915,-1.26277,-2.95652,-0.890067,0.758387,0.00539731,-0.00771722,0.000528739,0.0203924,-0.0369443,1,2.59485,0
916,-1.00211,-2.06784,-0.379868,0.0241627,0.0210364,0.00525668,0.016319,0.00522527,0.0214116,1,13.4138,0
917,0.905646,-1.11072,0.764016,0.0181072,-0.00447784,0.00416973,-0.0426483,-0.000405772,0.00351239,0,inf,0
918,0.891207,-0.797685,-0.460905,0.437819,0.0238586,0.00858635,0.0199358,0.0169525,-0.0294909,0,inf,0
919,0.180035,-2.48806,-0.358161,6.3847,-0.00475134,0.00546292,0.01928,0.0193728,0.00482103,1,0.616576,0
920,0.732143,-0.465451,0.984754,6.368,-0.0119216,0.00201436,0.0411633,0.0193738,-0.0427233,0,inf,0
921,-0.828582,-2.45813,0.926361,1.62677,0.0095449,-0.0044589,-0.0405042,0.00882019,0.0384387,1,1.21318,0
922,0.445911,-2.89348,-0.626597,1.21571,0.000197525,-0.00361156,-0.033822,-0.0164559,0.0252278,1,0.113449,1
923,-0.86162,-1.36647,-0.237069,0.429872,0.00471934,-0.0068259,0.0209153,-0.0107906,0.00876774,1,2.04152,0
924,-0.0810394,-2.71479,-0.538683,0.232477,-0.00251664,0.00578899,0.0417874,0.0139219,0.0398709,1,2.73541,0
925,-0.111739,-1.90134,0.780548,0.240811,-0.0223904,-0.00492994,-0.025112,0.00295124,-0.0132722,1,1.36606,0
926,-0.946159,-0.784041,-0.277978,3.61268,-0.0230888,0.00394476,-0.0439699,-0.00819553,-0.0103888,0,inf,0
927,0.749969,-0.369946,-0.386005,3.28157,0.0135279,0.00467039,0.0494523,-0.00582908,-0.0388105,0,inf,0
928,0.231287,-2.78025,0.175615,3.32173,0.0207797,-0.00430908,0.027336,0.0126271,0.00585351,1,0.100746,1
929,-0.99776,-1.96886,0.615332,8.64123,-0.0246401,0.00524508,0.0308349,-0.019157,-0.00569663,1,0.100888,1
930,-1.08902,-0.503326,0.324385,3.57672,0.00290161,-0.00385005,-0.0438913,0.00250678,0.00883414,0,inf,0
931,-0.581306,-2.81425,0.852575,4.17371,0.0248761,-0.00704808,0.00810603,0.0165217,0.0488125,1,0.496101,0
932,0.386668,-0.318827,0.445944,0.241707,-0.0171329,0.00410582,0.00410239,-0.0042624,-0.020605,0,inf,0
933,0.634601,-1.1719,0.802348,7.36243,0.0176421,0.00513739,0.000341944,-0.0187662,0.0478129,1,0.101003,1
934,-0.528782,-1.85898,0.846959,0.1732,-0.0189084,-0.00676482,-0.00128735,0.00329549,-0.00271357,1,3.28186,0
935,0.431994,-2.16443,0.914673,1.56215,0.0247087,0.000910069,0.0159607,-0.0196441,-0.0183081,1,0.100985,1
936,0.759648,-2.90658,-0.978427,0.999882,0.0248676,0.00604968,-0.038629,0.0120318,0.00790602,1,0.101013,1
937,0.846772,-2.28223,-0.068559,0.0417401,0.00560232,0.00711871,-0.0165554,0.0172293,-0.0150352,1,0.19785,1
938,-0.495763,-0.914047,0.531188,0.938134,-0.0210938,-0.00154365,-0.0365156,-0.0136523,0.0468861,1,inf,0
939,-1.12786,-0.711243,-0.230429,3.21813,-0.0205175,-0.00868704,-0.0178088,-0.0139238,-0.0296029,0,inf,0
940,0.205681,-2.28576,0.163948,0.230235,0.00195156,-0.00664106,-0.00748787,-0.00342563,0.0458125,1,2.06199,0
941,-1.05504,-0.859677,0.313032,0.0139161,0.00454615,0.00117096,-0.028694,-0.00663316,-0.0454654,0,inf,0
942,-0.34883,-2.72641,0.205515,0.977618,0.0139683,0.00419381,-0.0332513,0.00399499,-0.00883995,1,1.37044,0
943,-0.781138,-1.02569,0.338257,7.76741,-0.00530218,-0.00614072,-0.0311899,0.010465,-0.0422428,0,inf,0
944,0.570304,-1.1349,0.581395,6.74645,0.0110127,0.00741667,-0.049919,0.0174648,-0.000839088,1,0.100825,1
945,-1.24803,-0.587069,0.739468,0.114684,0.0181813,-0.00707997,-0.0350855,-0.00644136,0.0480883,0,inf,0
946,-0.869743,-0.349758,0.423954,7.35558,-0.0174125,0.00608542,-0.0212528,-0.00571844,-0.0292452,0,inf,0
947,0.800211,-2.524,0.787068,0.232511,-0.020865,0.00170148,0.0241297,0.0199354,0.0389701,1,0.331319,0
948,-1.48033,-2.28558,0.0507478,0.156418,-0.0229595,0.00274101,0.00558539,-0.00153487,-0.00524955,1,6.29377,0
949,0.611286,-1.87358,-0.709072,0.0367843,0.0121715,0.00258138,-0.0199161,-0.0055194,0.0334206,1,0.102487,1
950,0.495218,-1.90695,-0.273067,0.444778,0.00270529,0.00428212,0.0422848,-0.000605913,-0.0444238,1,0.100992,1
951,-0.554933,-0.573479,0.642866,0.0170028,-0.0112068,0.00161327,-0.00131396,-0.0112194,0.0478209,0,inf,0
952,0.971073,-2.79843,-0.158646,0.858742,0.0193123,0.000779845,0.00165311,-0.00411926,0.0333796,1,0.100923,1
953,-1.23428,-1.20671,0.596693,2.74534,-0.0226697,-0.00165619,-0.0491743,0.00122399,0.0339955,0,inf,0
954,-1.25182,-2.46314,0.96503,0.097054,0.00676142,0.00408201,0.0402114,-0.00855531,-0.0409378,1,7.77569,0
955,0.064178,-2.84408,-0.485857,0.0351458,0.00579131,-0.00661499,0.0161892,0.00061854,-0.0172252,1,7.0534,0
956,0.323412,-0.627976,0.608352,7.72468,-0.0164009,0.00441915,0.00731813,-0.0195835,0.0188523,0,inf,0
957,-1.16052,-1.10755,-0.290821,0.0126501,-0.0161537,-0.0088021,-0.0398901,-0.0135552,0.00976706,0,inf,0
958,-1.27452,-0.960455,-0.380975,0.046132,0.0191827,-0.00285545,-0.0229318,-0.0209075,-0.00709522,0,inf,0
959,-0.134901,-1.69664,0.0814329,0.0294814,0.00329639,-0.00763516,0.0180254,0.000222489,0.00980706,1,3.39189,0
960,-1.09884,-1.47888,-0.0829835,1.34977,0.0216545,-0.00389909,0.0414183,0.00262628,-0.0192703,1,1.22831,0
961,0.608746,-1.06317,0.856842,0.155087,-0.0211967,0.00427147,-0.022721,-0.00119271,0.0354738,0,inf,0
962,0.880165,-1.17197,-0.545351,0.758632,0.0227793,-0.000692268,0.0346077,-0.0103436,-0.0127028,0,inf,0
963,-1.47848,-1.60218,0.961731,0.168948,-0.00714583,-0.000330168,0.0120034,0.00274989,0.024131,0,inf,0
964,0.213461,-1.99605,0.0391461,0.0127382,-0.00566244,0.000398994,-0.0391504,-0.0116989,0.0241856,1,0.345705,0
965,-0.33737,-1.7732,0.130836,0.0304912,-0.000376294,-0.00807326,-0.0402568,0.0141303,0.00920792,1,6.43036,0
966,-1.31799,-0.561505,0.899802,3.47723,0.00869821,0.00348084,-0.0394261,-0.00252265,-0.0288965,0,inf,0
967,-1.19977,-0.49567,0.509621,0.0627275,-0.0129329,0.00654567,0.00800258,0.0180093,0.0451154,0,inf,0
968,-0.113432,-2.98757,-0.0343141,0.122627,0.0249091,0.000905117,0.0188329,0.00164307,0.0170191,1,4.50042,0
969,0.837314,-1.24968,-0.288311,0.0414149,-0.0124834,-0.00883312,-0.0201323,-0.00867978,0.0367571,0,inf,0
970,0.0985246,-2.20149,-0.136865,0.178668,-0.00874832,-0.00410239,0.0323381,0.0169367,-0.014725,1,1.30333,0
971,0.277085,-1.48358,0.11581,3.95277,0.0234137,0.00295699,0.0212929,0.019617,-0.0413592,1,0.100994,1
972,-1.15165,-1.29792,0.91005,0.627662,0.0134917,-0.0039099,0.0178062,0.0111919,-0.0126153,0,inf,0
973,0.56035,-0.737647,-0.270187,4.72867,-0.0239057,-0.00278137,0.0437318,-0.004242,-0.0484629,0,inf,0
974,0.60383,-1.52854,0.940029,0.0303971,0.00680024,0.00221653,-0.0422785,-0.0172241,0.0224772,1,0.629962,0
975,-0.437643,-2.18247,-0.924688,0.0283483,0.010536,0.00294852,-0.0452625,0.00905086,-0.0435691,1,9.26795,0
976,-0.686313,-1.15316,-0.997138,8.76175,-0.0207916,0.00160007,0.0176304,-0.00774247,-0.0164705,1,0.100727,1
977,-1.11388,-2.19337,-0.955081,6.9811,-0.00131263,-0.00858259,0.00902094,-0.0175949,-0.000463975,1,0.317885,0
978,-1.24814,-2.4572,-0.0839463,0.57995,0.0081097,-0.00739596,-0.0476679,-0.00202478,-0.045341,1,2.90201,0
979,-1.10837,-0.618187,-0.131136,0.0285775,-0.00851961,0.00227989,-0.00177762,0.0149497,0.00101864,0,inf,0
980,-0.751779,-0.63847,0.711202,0.0476557,-0.021098,-0.00232928,0.0210349,0.00565964,-0.0419482,0,inf,0
981,0.176622,-2.29548,0.281909,8.97739,0.00946534,0.00572362,0.0257922,-0.0206256,0.0430285,1,0.20687,1
982,-1.3309,-0.815155,-0.733161,0.010704,0.00791607,-0.00868343,0.0422039,0.0168182,0.0294127,0,inf,0
983,-0.630909,-1.53003,-0.685417,2.96712,0.0237991,-0.00119083,-0.000116802,0.00880522,-0.0343553,1,0.358346,0
984,-0.12062,-2.40499,-0.2397,7.03099,0.0148213,0.00724582,0.0435454,0.0155908,-0.0292245,1,0.100946,1
985,-0.535599,-0.812637,-0.542862,1.31503,0.0215827,-0.00456837,-0.0161512,-0.0116927,0.0429981,1,0.703691,0
986,-1.05476,-2.45036,0.47027,0.303679,-0.0179599,-0.00587214,-0.00471063,0.0207717,-0.006762,1,3.90745,0
987,-1.41608,-0.755427,-0.796407,0.15128,0.0202146,0.00137374,0.00392609,-0.0113171,-0.0268105,0,inf,0
988,-1.49843,-1.86865,0.0999075,0.0727115,0.0142178,-0.00161953,0.00362852,0.0186215,0.00709801,1,8.8628,0
989,0.281381,-1.1331,0.9011,0.0873334,-0.000535661,-0.00413092,0.00832527,-0.0204703,-0.0182737,1,0.656247,0
990,-0.334352,-2.36586,-0.269615,5.57642,0.0113705,0.00732307,0.0305779,0.0173201,-0.0259758,1,0.101203,1
991,-1.10686,-2.84067,-0.510921,0.394752,-0.00980899,0.000892586,0.0218211,-0.00828518,0.0355142,1,3.66393,0
992,-1.17124,-0.532165,-0.209864,1.06669,0.0106337,0.00671717,-0.0190219,0.0104804,-0.0199954,0,inf,0
993,0.24476,-0.542676,0.903154,0.233579,-0.022323,0.00104382,0.0379868,-0.000168944,-0.00431308,0,inf,0
994,0.444588,-1.47409,-0.95354,0.0126275,-0.0161312,-0.00754076,0.0337891,0.0126755,-0.0178807,1,4.61703,0
995,-0.725936,-1.073,-0.443294,5.07565,0.000673564,0.00268609,-0.020966,0.019068,0.0148101,1,0.101002,1
996,-0.778253,-0.608026,-0.180756,0.553863,0.024207,-0.00818973,-0.000507919,0.0111932,0.0268381,0,inf,0
997,0.339033,-1.8559,-0.926005,0.0165672,-0.0208921,-0.00817752,0.0465098,0.00910772,-0.0196638,1,2.03494,0
998,-0.798164,-1.21984,0.807602,0.0120437,-0.0124103,-0.00269685,0.00424223,0.00522044,-0.0408325,1,12.8661,0
999,0.137183,-1.44836,0.249224,0.0316601,0.00455418,-0.00411986,-0.0346348,-0.0203332,0.0273969,1,0.527732,0
1000,-1.4912,-0.38899,0.648015,0.0757051,-0.00888338,0.00694695,0.0405305,-0.0166423,0.0445968,0,inf,0
1001,-0.621272,-0.564312,0.589205,1.78893,-0.01394,0.00693098,0.00354939,-0.0127842,0.0294138,0,inf,0
1002,0.0427255,-2.05004,-0.0397999,0.655736,-0.0244524,-0.00470274,0.0267505,-0.0206802,0.0159803,1,0.355667,0
1003,-1.28826,-0.990233,-0.157821,0.127793,0.00998567,0.00597368,-0.0307404,0.00634636,-0.0382999,0,inf,0
1004,-0.259943,-0.860249,0.382066,0.586051,0.0225444,0.0059123,0.0141736,-0.015628,-0.0216175,1,0.100985,1
1005,-1.34161,-2.98062,-0.131713,0.0208163,-0.0211424,-0.00694703,0.0293194,-0.00596739,-0.0391253,1,inf,0
1006,-1.49381,-1.90471,-0.833925,0.0703288,0.0207897,-0.00494628,0.0498473,0.00619419,-0.0264172,1,9.08564,0
1007,-0.444272,-0.988353,0.23006,3.64231,-0.0222974,-0.00131457,0.00316428,-0.0164263,-0.0334787,1,0.100976,1
1008,-1.1043,-0.571303,-0.256259,2.98646,0.0086672,-0.00693165,0.0434413,-0.00181168,0.0251322,0,inf,0
1009,-1.05323,-1.90551,0.760478,2.30047,0.00236038,0.00737443,-0.0319348,0.00515401,-0.0333006,1,0.881546,0
1010,0.896686,-1.76129,0.0743822,0.0209774,0.017662,0.00721697,0.0159246,-0.00191621,-0.027166,1,5.84016,0
1011,-0.731617,-1.59669,0.191645,0.147707,0.00811443,-0.00402946,0.0331294,0.00689199,-0.0324662,1,3.82361,0
1012,-0.42626,-0.650833,-0.172947,2.59925,0.0165618,-0.000162209,-0.0475167,0.00535601,-0.0335971,0,inf,0
1013,0.786777,-1.17332,-0.980144,4.40904,-0.00821926,-0.00551392,-0.0239074,-0.00890594,0.0493493,0,inf,0
1014,0.853449,-1.41265,0.427152,0.294238,0.0246289,0.00593124,0.024885,-0.00905889,0.0211569,1,0.101005,1
1015,-1.07746,-0.833048,-0.476255,2.13485,-0.0248768,0.00505111,-0.00513545,0.00453277,-0.0461556,0,inf,0
1016,0.541299,-1.471,0.0989642,0.0479054,0.00825226,-0.00705468,-0.0250655,0.0146961,0.0482783,1,1.54953,0
1017,-0.71682,-1.30201,-0.868312,0.127386,0.00497941,0.0022056,-0.0335262,-0.0131748,-0.0117382,1,3.56428,0
1018,0.523185,-1.9226,-0.956967,0.0686743,0.0113488,0.00563917,0.00288615,-0.0057324,0.0289747,1,0.100805,1
1019,-1.05123,-1.23024,-0.967973,0.0440851,0.00903972,-0.00133742,0.047233,-0.00781209,0.0435085,0,inf,0
1020,0.154849,-1.91017,-0.1675,1.95903,0.0210966,-0.00826164,-0.0140767,0.00175396,-0.0420912,1,0.100985,1
1021,-0.312367,-0.749255,0.688269,0.967428,-0.0181813,-0.00509888,-0.0140319,-0.00015759,0.0204932,1,0.100987,1
1022,-1.38078,-0.962335,-0.731318,0.0240473,-0.0125675,-0.00584982,-0.0332583,-0.0128081,0.0270669,0,inf,0
1023,-0.830117,-2.30762,-0.769137,3.88988,0.0151316,0.00299714,-0.0338851,0.0143725,-0.00481249,1,0.452514,0
1024,-0.428578,-2.54101,-0.90253,0.222123,0.016784,0.00420183,-0.0443988,-0.00308387,0.0197085,1,3.42188,0
1025,-0.603587,-0.941902,0.297003,1.0549,-0.0123233,0.00183084,0.0300866,-0.014109,0.00596956,1,0.276465,1
1026,-0.092333,-2.00839,-0.5909,2.17801,-0.0229611,-0.00286143,0.0227206,-0.0152026,0.0232515,1,0.157312,1
1027,0.681679,-2.54964,0.104474,0.145412,0.00109469,-0.00219935,0.038504,0.00110177,0.0250975,1,0.101008,1
1028,0.98638,-2.16972,-0.288666,0.143683,-0.00765657,0.00152239,-0.0396726,0.00710659,0.0192613,1,0.294546,1
1029,-1.2581,-2.60454,-0.593847,0.0100183,0.0235083,0.00318503,0.0347347,0.00687869,-0.0101137,1,inf,0
1030,0.705861,-1.43502,0.429485,0.76544,0.000179165,-0.00868352,-0.00488284,0.00160917,0.0160024,1,0.100922,1
1031,-0.138326,-2.89278,-0.699523,0.0432892,0.0200713,-0.00605254,0.0148177,0.0130095,-0.00950943,1,7.72141,0
1032,-0.175263,-2.03489,0.789743,0.160174,0.0245695,-0.00129852,-0.0424215,-0.00169134,0.00249936,1,2.44336,0
1033,0.570946,-1.98066,0.446391,4.98545,-0.0095749,0.00734707,0.00297266,-0.00638572,0.0374026,1,0.100999,1
1034,-0.217791,-0.872012,0.348746,0.111654,0.00429932,0.00669167,0.0403506,0.0129445,-0.0108715,1,0.100816,1
1035,-1.46611,-2.20237,-0.12625,0.96178,-0.00975003,0.00792117,0.00917698,0.00217241,-0.0427783,1,2.14961,0
1036,0.577092,-0.797553,0.317928,0.0206256,-0.00123904,0.00892795,0.0349868,-0.0188764,0.0242521,0,inf,0
1037,-0.607587,-2.55591,-0.661095,0.293729,0.0129707,-0.00703536,-0.00179858,0.00120111,-0.0443715,1,3.3172,0
1038,0.181344,-2.78263,0.172829,2.32077,0.00327962,0.00788431,-0.0262662,0.0160486,0.0332509,1,0.670792,0
1039,0.752884,-2.54691,-0.0670194,1.76636,0.00217534,0.00887627,-0.0253393,0.00372635,0.0157736,1,0.101039,1
1040,-0.162391,-2.60153,-0.20453,1.01887,-0.00455108,-0.00370145,0.0209123,-0.009664,0.00681853,1,0.933512,0
1041,0.550421,-1.96793,-0.516819,3.785,0.022727,-0.00376712,0.00388145,0.0110789,-0.0148121,1,0.100999,1
1042,-1.48369,-0.434851,-0.0789627,9.92034,0.00329298,-0.00319834,-0.00522087,0.00603737,-0.00434258,0,inf,0
1043,0.2344,-1.74366,0.106461,0.091024,0.01949,0.00422596,-0.0418177,-0.00535761,-0.0278581,1,0.490495,0
1044,-1.21793,-0.620239,0.677381,0.804625,-0.0119391,-0.00856954,0.040693,0.0149877,-0.0490057,0,inf,0
1045,-0.679422,-0.887521,-0.231279,0.764209,0.00140883,0.00656771,-0.00234826,-0.0082497,-0.0371967,0,inf,0
1046,0.207137,-1.78963,0.685587,0.545732,0.0212285,0.00254354,0.00144962,-0.00919566,0.0314306,1,0.100995,1
1047,0.216251,-2.89192,-0.796019,0.49592,-0.00036508,-0.00650716,-0.00733707,0.00221586,-0.0459831,1,1.2629,0
1048,0.62404,-1.67801,0.882546,0.34607,-0.0232703,-0.00624141,-0.0267397,0.000247741,-0.0468268,1,0.100765,1
1049,-1.12781,-2.86716,0.839922,1.07608,-0.011854,0.0045783,-0.0352986,0.0113506,0.00877325,1,2.04751,0
1050,0.947704,-0.634827,0.645172,0.286374,-0.0247939,0.00129628,0.0364488,0.00334132,-0.026004,0,inf,0
1051,-0.799143,-1.31086,-0.44881,0.682746,0.0238985,-0.00449203,-0.0107418,-0.00127508,0.020095,1,1.38282,0
1052,-0.696988,-2.61589,0.298488,0.0199279,0.000767806,0.00213223,0.0272125,-0.0172621,-0.0459237,1,14.7195,0
1053,0.394321,-1.49379,-0.580827,0.597699,-0.00987564,0.00346824,0.0188007,-0.0036008,0.0205801,1,0.101009,1
1054,-1.03436,-2.09902,-0.522327,0.0205656,-0.0217835,0.0085964,-0.0187944,-0.0162727,-0.0458548,1,14.9402,0
1055,-1.35141,-2.92091,-0.773993,0.011006,0.00617527,-0.00381664,0.025059,0.0149981,0.041824,1,inf,0
1056,-0.529904,-1.9794,-0.607213,0.0283651,0.00618414,0.00197582,0.0258509,-0.00922355,0.0199929,1,9.15315,0
1057,-0.865429,-2.561,-0.664953,1.75242,-0.00465243,0.000302518,-0.0168694,0.00949042,0.026461,1,1.22675,0
1058,-0.857176,-0.638355,-0.0297163,0.0132153,-0.0150375,0.00411977,-0.0284271,0.00245558,0.0203906,0,inf,0
1059,0.388578,-2.85677,-0.962299,3.49901,0.0117143,0.00255903,0.0265349,-0.00221987,-0.0447569,1,inf,0
1060,0.499649,-0.699012,0.720401,0.320956,0.00223926,0.0074269,-0.0156648,-0.019521,-0.038251,0,inf,0
1061,0.123042,-2.80286,0.977589,0.205263,-0.00419927,0.00823682,0.0330014,-0.0158348,0.0407743,1,2.37066,0
1062,0.450025,-1.35305,0.276262,0.530568,-0.0174206,0.00581075,0.0305559,0.00261946,-0.00855978,1,0.101011,1
1063,-1.11251,-2.57733,0.828887,0.16563,-0.0171104,0.00057072,0.018361,0.0124883,-0.00901906,1,5.68683,0
1064,0.592606,-2.46168,-0.974558,4.71928,0.00460214,-0.00161086,-0.0183341,-0.0039375,-0.0370894,1,0.100988,1
1065,-0.151787,-2.30211,-0.928901,0.0622444,0.0151644,-0.00690197,-0.00952802,0.013277,0.0133793,1,4.82571,0
1066,-0.855451,-1.89577,0.848726,0.0879889,-0.00830013,0.00361278,0.000707631,0.0162918,-0.0443907,1,6.03454,0
1067,0.756272,-2.46441,-0.482129,0.424608,0.00893005,-0.00236305,-0.04466,-0.0159714,-0.0401768,1,0.100986,1
1068,0.0870018,-1.43165,0.240241,0.264517,-0.0214302,-0.0066365,-0.0157474,0.0135763,-0.0371668,1,0.100998,1
1069,0.890467,-2.87118,0.15723,1.22335,-0.0178662,-0.00129025,-0.0393368,-0.0162712,0.020829,1,0.101007,1
1070,-0.055256,-1.24037,0.0170848,3.86343,-0.0231932,0.000798778,-0.00965614,0.0167789,0.0293702,1,0.100984,1
1071,-0.0880311,-2.82575,-0.515179,0.0715621,0.0212049,-0.00236696,0.00812781,-0.0066052,0.0456128,1,5.50387,0
1072,0.342011,-0.639146,-0.751045,0.0718832,0.0137529,-0.00773894,-0.0356574,0.011189,0.0397677,0,inf,0
1073,0.0274636,-1.95998,-0.220114,0.54764,-0.00689725,0.000892015,-0.030641,-0.0188144,0.00612749,1,0.296195,1
1074,-1.23352,-0.723463,-0.447268,0.134515,0.00600728,-0.00182824,0.00952482,-0.0161344,-0.00328047,0,inf,0
1075,-1.0177,-2.91256,0.516525,2.39556,0.0241037,-0.0011767,0.00718284,-0.0177613,-0.0200378,1,1.17357,0
1076,0.875042,-1.78906,0.818986,0.320107,0.0205444,-0.00595764,-0.0141239,0.0126802,0.0177376,1,0.100767,1
1077,-1.31924,-1.79493,0.743508,0.0152076,-0.00703072,-0.00610086,0.0412362,-0.0177867,0.0441916,1,inf,0
1078,-1.19104,-1.94241,0.355989,8.39998,-0.0130224,-0.00809526,-0.00370252,0.000783994,0.0354544,1,0.252398,1
1079,0.54057,-1.66394,-0.0765998,0.745093,-0.00569252,-0.00619141,-0.0496558,0.00550631,0.00321376,1,0.101041,1
1080,-0.110719,-1.68418,0.00448094,0.232003,0.0178276,-0.00208867,0.0132796,0.0189287,0.00183327,1,0.659551,0
1081,-0.302858,-1.76874,0.40117,1.30506,0.0101542,0.00725325,0.0348495,0.0013769,0.0334751,1,0.465706,0
1082,0.0292722,-0.374946,0.326704,0.574518,-0.0196046,-0.0027964,0.0229004,0.0126312,-0.0411824,0,inf,0
1083,0.205021,-0.567675,0.104589,1.24781,-0.0129843,0.000663076,-0.0244629,0.015963,0.0165174,0,inf,0
1084,0.682656,-2.05997,-0.360065,0.0928209,-0.00999038,-0.00597449,0.0328875,-0.00816535,0.00295129,1,0.100814,1
1085,-0.160546,-2.67863,0.486591,0.887521,0.0192959,0.000415728,0.0361954,0.0165648,-0.0367046,1,1.22272,0
1086,0.980849,-2.66716,0.316283,1.21242,-0.0101278,0.00714029,-0.0236538,0.00846344,0.0331488,1,0.10099,1
1087,-0.902374,-0.453208,-0.921875,6.79159,-0.00892182,0.00114936,-0.0279084,-0.0138997,0.012286,0,inf,0
1088,-1.20106,-2.51511,0.454847,7.44846,0.00867062,0.00455319,-0.025608,0.00534514,0.0183271,1,0.308715,0
1089,-1.01742,-0.892336,0.855619,0.0492862,0.0170582,0.00385385,-0.034832,0.0192772,0.027746,0,inf,0
1090,-0.84753,-1.26028,0.784163,0.896266,0.00419815,-0.0064062,0.00672216,0.00686361,0.0246449,1,1.16767,0
1091,-0.113064,-2.29436,-0.0517901,0.951289,0.0188315,0.00352365,-0.00530552,-0.0172772,0.0257676,1,0.823162,0
1092,0.717996,-0.630753,-0.857384,0.447329,-0.00529555,-0.00469614,0.00907092,0.00527467,-0.0345829,0,inf,0
1093,-1.49548,-1.04383,0.934075,0.1185,0.0170246,0.00123135,0.0150398,0.0035434,-0.025982,0,inf,0
1094,-1.42764,-1.01429,0.56307,5.25358,-0.0238117,0.00163878,0.0110387,-0.00241901,-0.0256429,0,inf,0
1095,-0.689856,-2.26587,-0.0871984,3.50444,-0.0125519,0.00100883,-0.0241879,0.0208729,0.0413658,1,0.571912,0
1096,-0.123155,-0.57548,0.815052,0.0237209,-0.0109175,0.00563165,-0.00655957,-0.0195191,-0.0452586,1,2.10352,0
1097,0.976108,-2.29062,-0.691273,0.114267,0.0222679,-0.00417697,0.0203668,0.0143176,0.0284763,1,0.100926,1
1098,-1.43179,-0.345222,-0.524417,1.70811,-0.0213536,0.00709913,0.0459256,-0.0169011,-0.00800374,0,inf,0
1099,-1.47862,-0.99205,-0.0111763,0.327891,0.00368875,0.00168747,-0.0300609,0.0208031,-0.0135728,0,inf,0
1100,0.221058,-0.898224,0.96493,0.203081,-0.0104239,0.00360468,0.0313267,0.00615456,0.029015,1,0.207666,1
1101,-0.829551,-1.54882,-0.530391,0.090769,-0.00729408,0.00170191,-0.000735597,0.0147663,0.0375727,1,5.31331,0
1102,-1.10275,-1.61033,0.82875,0.0486856,-0.006771,0.00874066,0.0193105,0.00257717,-0.0480474,1,8.8265,0
1103,-0.645506,-1.84319,-0.858111,0.0220878,-0.021337,-0.00836904,0.00992854,-0.0190304,0.0171095,1,10.8142,0
1104,0.22382,-1.52482,-0.179857,0.0993833,-0.0216053,0.00119591,0.00508159,0.00530779,0.0487963,1,1.08621,0
1105,-0.636272,-0.391938,-0.464599,0.200543,-0.0185903,0.00856961,-0.0271955,0.00716108,-0.0393485,0,inf,0
1106,-0.143733,-2.92997,0.850817,0.172425,0.0239958,0.00517456,-0.0183633,-0.000265221,0.038206,1,3.67363,0
1107,-0.132177,-1.34716,-0.1609,0.341837,0.00928175,-0.00608074,-0.0181929,0.0163444,0.00783026,1,0.100994,1
1108,-0.106847,-0.897787,-0.762359,0.0151765,-0.0117276,-0.00328715,0.0137835,-0.00503168,0.0229416,1,1.24361,0
1109,-0.548234,-2.42204,-0.501377,0.01932,0.00349751,-0.00107611,0.0464963,-0.00263648,-0.0140125,1,13.1588,0
1110,0.0730603,-2.67501,-0.204769,2.10004,0.018046,-0.00021212,0.0170796,0.0200692,0.0253792,1,0.359074,0
1111,0.228563,-2.08756,0.630602,3.37556,0.0152168,-0.00804468,0.027822,-0.00595007,0.0108116,1,0.10099,1
1112,0.832587,-1.69612,-0.0932352,0.616411,0.0228607,0.00738928,-0.00890215,0.0184271,-0.0355643,1,0.10101,1
1113,0.189065,-2.94635,0.166843,1.62425,0.0187433,0.00505578,0.00497278,-0.0172455,0.0299649,1,0.528002,0
1114,-1.13527,-1.22416,-0.432654,2.44202,0.0187623,0.00699625,0.0018073,0.018931,0.0262381,0,inf,0
1115,-0.534745,-1.50514,-0.279913,0.196116,0.00518578,0.00525512,-0.00929916,0.00889197,0.00865259,1,2.46633,0
1116,0.0844408,-2.62312,-0.268155,0.0445183,0.0155878,0.00601497,0.012666,-0.00056921,-0.0015687,1,5.26537,0
1117,0.927825,-0.979507,0.348293,2.4737,-0.016359,-0.00232512,-0.0194076,0.00895129,0.0204127,0,inf,0
1118,-0.901606,-2.09469,-0.532095,0.101044,0.000603575,-0.00379544,0.0486176,-0.00717281,0.0380408,1,6.12512,0
1119,-1.09548,-2.7677,-0.398012,0.871596,-0.00778151,0.00688981,-0.038425,0.011583,0.0106283,1,2.26151,0
1120,0.0190773,-0.527733,0.695658,0.542913,-0.00186824,0.00300905,-0.037978,0.00225208,0.042991,1,0.100995,1
1121,-0.357257,-2.20316,0.352142,0.0187363,-0.018894,-0.0056321,0.0157546,0.0123642,0.0212811,1,10.872,0
1122,-0.308451,-1.03682,0.382536,0.0429276,0.024693,-0.00530185,-0.0498097,0.0174877,-0.0385206,1,0.741207,0
1123,0.1625,-0.472374,-0.38942,0.0153787,0.0158147,-0.00381811,0.00665256,-0.00353339,0.0163159,0,inf,0
1124,-1.34077,-1.21309,-0.271983,0.97743,-0.0214795,-0.00849315,0.0467826,0.0141618,-0.0384897,0,inf,0
1125,0.279421,-0.696138,0.444786,0.108434,0.00683371,-0.0077235,0.0307056,-0.0192612,0.0150759,0,inf,0
1126,0.942136,-1.61029,-0.0809384,0.787068,0.0241146,0.00324449,-0.0193201,-0.0206128,-0.00795087,1,0.100989,1
1127,-1.133,-2.82468,-0.318192,0.0953997,-0.00264732,-0.00325127,0.0134977,-0.000259755,-0.0154938,1,7.94336,0
1128,-1.26801,-0.812861,-0.903004,0.798747,0.00904157,-0.00859455,0.0133085,0.000410486,0.0132001,0,inf,0
1129,-0.118906,-2.6717,-0.421541,0.0119349,0.0177812,-0.00354343,0.0422646,-0.0127132,0.00151935,1,13.6187,0
1130,-0.818054,-1.42342,0.483201,0.0353024,-0.0168724,-0.00853614,-0.0198861,-0.00978016,-0.00877325,1,8.1641,0
1131,-1.32341,-0.740265,0.723214,0.0427712,-0.0212925,0.000471828,-0.0432842,0.0176773,-0.0240901,0,inf,0
1132,-1.09113,-2.71504,0.838479,0.0194955,-0.00305399,0.00172623,0.0155613,0.000698442,0.00275594,1,17.5072,0
1133,-1.1383,-0.765081,0.946087,2.04049,-0.0212433,0.00715392,-0.036352,0.0209544,-0.0478773,0,inf,0
1134,-1.0107,-2.18825,0.726195,0.0194132,-0.00597804,-0.00651435,0.00883798,0.0166604,0.00275001,1,15.5399,0
1135,0.101191,-2.32381,-0.978204,0.698393,-0.00735154,-0.00857211,-0.0338556,0.000426758,-0.000523502,1,0.54593,0
1136,0.805956,-1.77487,0.53156,0.0282833,-0.0123363,0.00248824,-0.00917759,-0.0194557,-0.0429641,1,0.937053,0
1137,0.519068,-2.74005,-0.786877,4.69939,-0.0048497,0.00215001,-0.0233624,-0.0195693,0.0168567,1,0.100994,1
1138,-0.913234,-0.639996,0.776903,3.16202,0.0214581,-0.000929776,0.0247859,0.0173137,0.0317154,0,inf,0
1139,-0.237484,-2.39289,-0.201857,0.0350678,0.0200906,0.00880188,-0.0354732,-0.0126409,0.00499146,1,7.66092,0
1140,-1.4349,-0.699882,-0.316608,6.79303,-0.00210197,0.00272265,-0.0432016,0.0105001,0.0208251,0,inf,0
1141,-0.374167,-1.33851,-0.872875,7.43092,0.0203696,-0.00261953,0.012955,-0.00324343,0.031704,1,0.100944,1
1142,0.169181,-0.943778,0.297063,6.46115,-0.0200584,0.00491903,-0.0408884,-0.0127908,0.0131392,1,0.101022,1
1143,0.964613,-0.49558,0.147184,0.174854,-0.0151518,0.00169796,-3.7806e-05,0.020633,-0.0227316,0,inf,0
1144,-0.760594,-2.4057,-0.821553,5.11808,0.00237909,0.0030157,0.0346958,-0.0183924,-0.0373664,1,0.422933,0
1145,-1.4304,-1.01767,0.981855,0.254938,0.00136316,0.00706408,0.0319061,0.00331866,0.0397568,0,inf,0
1146,0.694178,-1.41647,-0.610671,0.0966405,0.0146034,0.00546118,-0.0364415,0.0103307,0.0465355,1,0.416983,0
1147,0.858639,-2.15275,-0.921791,2.10613,-0.0211874,0.00221599,0.0430752,0.0120654,-0.0169181,1,0.100998,1
1148,-1.17871,-2.69079,0.463877,0.178301,0.0168721,0.00267385,0.0461106,0.0103637,-0.047845,1,5.69815,0
1149,-0.665501,-1.70437,-0.126527,0.0145266,0.0102097,0.00622094,0.0410813,-0.00597262,0.0338731,1,12.7878,0
1150,0.932374,-1.79774,-0.706521,0.0147317,0.0185074,-0.00124162,-0.00348415,-0.00541377,-0.0112861,1,0.101116,1
1151,-1.39895,-2.94774,0.394416,0.817892,-0.00274191,-0.00341616,-0.022591,-0.00543195,-0.0367469,1,2.6686,0
1152,-0.84175,-0.520076,-0.73324,2.47199,-0.00498276,-0.00316972,0.0385993,-0.00559991,0.00163314,0,inf,0
1153,0.469736,-1.68612,-0.287726,3.17928,0.00123127,0.00625327,0.0112103,0.0108573,0.0231553,1,0.100999,1
1154,-1.13337,-2.2217,0.0334796,8.45611,0.0169462,-0.00465623,-0.0162404,-0.0205481,-0.033979,1,0.300366,0
1155,0.823848,-0.867346,0.484927,0.183763,-0.00601452,-0.00768146,0.0181734,-0.0113012,0.0202335,0,inf,0
1156,-1.06393,-0.561438,-0.64249,0.332208,-0.0091649,0.00657724,-0.0467027,0.0153327,0.0376347,0,inf,0
1157,0.865179,-1.66235,-0.661312,0.180435,-0.00173895,-0.00298586,0.011392,-0.00210041,-0.0171778,1,0.100966,1
1158,-0.432664,-2.8177,-0.604083,0.949005,-0.00305348,-0.00420263,0.0146183,-0.00736595,-0.0228647,1,1.54314,0
1159,-0.220254,-1.61827,-0.5713,9.39504,0.0208983,-0.00823037,-0.0289757,0.0107949,0.0340239,1,0.100942,1
1160,-1.45841,-1.2897,-0.738721,0.0432329,-0.0226206,-0.00563439,-0.0461125,-0.0188551,-0.0150724,0,inf,0
1161,-0.920996,-1.1658,0.589055,0.0185193,0.00550085,-0.0052989,0.0105247,0.00902649,-0.0351344,0,inf,0
1162,-0.54947,-1.40972,-0.377731,5.84328,-0.0240433,-0.0067174,0.0144628,-0.0149773,0.0320039,1,0.207986,1
1163,-0.534564,-1.00145,-0.171977,0.183473,-0.0105874,-0.0043204,0.042645,0.000344999,-0.0386759,1,1.44545,0
1164,-0.724562,-2.24216,-0.702882,0.458402,-0.018407,-0.00403301,-0.018079,0.00585237,-0.0418593,1,2.39136,0
1165,0.0562009,-2.47817,-0.994283,0.681246,-0.00795161,0.0030251,0.00525014,-0.012951,-0.011834,1,0.87332,0
1166,0.750129,-2.68103,-0.385309,0.231911,0.012595,0.00101504,0.0109808,-0.0137449,-0.00391877,1,0.100988,1
1167,-0.372401,-2.87408,0.282858,0.0121421,0.0192944,-0.007192,-0.014928,0.00627542,0.0230396,1,17.0358,0
1168,-0.0492716,-1.00954,-0.19386,0.0186448,0.00674226,-0.00842678,-0.00367392,0.00926374,-0.00374654,1,2.57725,0
1169,-0.54731,-1.31559,0.418612,0.472364,0.0193134,0.00560823,0.0297743,-0.0103842,-0.022209,1,1.2771,0
1170,-0.0426263,-1.72123,0.0902863,4.23041,-0.00634356,0.00673537,0.0209449,0.0121399,0.0179195,1,inf,0
1171,-1.42018,-2.64837,-0.839666,0.0917491,0.00338073,0.00767182,0.0202258,0.0112072,-0.046618,1,8.62753,0
1172,0.79784,-2.10786,-0.516032,0.230897,-0.0133738,-0.00412666,0.0350583,0.00458543,-0.0309517,1,0.10078,1
1173,0.440205,-2.96286,0.398847,0.194632,-0.00721064,-0.00269557,0.00189098,-0.0161868,-0.00473791,1,1.43621,0
1174,-1.33446,-2.58107,0.568641,0.0135331,-0.0213007,0.00329305,-0.0298909,0.0081808,-0.00279573,1,inf,0
1175,-0.780414,-0.713791,0.673276,0.230087,-0.00333033,0.000653165,0.0167905,0.0171984,-0.0414098,0,inf,0
1176,-1.28914,-2.64724,-0.750824,7.80711,0.0155954,0.00388139,-0.0109828,0.00557412,0.0344618,1,0.337676,0
1177,-1.11871,-0.758432,0.584321,0.0678962,-0.0225091,-0.0089142,-0.0423906,-0.00836026,0.000826958,0,inf,0
1178,-0.96234,-1.09721,-0.704799,0.579582,-0.0148498,0.00848637,0.0377865,0.0194846,-0.032407,0,inf,0
1179,0.12934,-0.348451,-0.72272,0.255625,0.00551786,0.00759957,-0.00143581,0.0189899,-0.0303338,0,inf,0
1180,0.310021,-2.14454,-0.277023,0.171799,9.57332e-05,0.00141013,-0.0272779,0.0017317,-0.0197349,1,0.10101,1
1181,-0.641717,-1.65776,-0.201694,0.0131083,-0.011667,0.00190305,-0.0413846,0.0168351,0.0457855,1,13.2116,0
1182,-0.752184,-0.367379,0.335753,1.66724,-0.0196649,-0.00295822,-0.0484126,0.0198397,-0.0400732,0,inf,0
1183,-0.751698,-1.57355,-0.444181,0.051184,0.0205964,-0.00817019,0.0152401,-0.00409135,-0.0177465,1,6.86485,0
1184,0.12824,-0.612222,-0.195379,0.0563421,0.0196921,0.000898587,-0.0463201,0.018372,-0.0353943,0,inf,0
1185,-1.15247,-0.915218,0.20263,7.06397,0.0110995,-0.00496197,-0.0375125,-0.0209271,-0.00259504,0,inf,0
1186,-0.553009,-2.39249,-0.361105,0.0291923,0.0135924,-0.00439973,-0.0456727,0.00527004,0.0109497,1,10.4937,0
1187,0.0569336,-2.76593,-0.456658,0.0117049,0.00341246,-0.000263025,0.0265557,-0.0206287,-0.000525043,1,12.0992,0
1188,0.0348503,-2.04312,-0.67824,3.06933,-0.0166003,-0.00557925,-0.0315732,-0.000786444,0.0192623,1,0.598678,0
1189,-0.654664,-0.62824,-0.0210446,1.64774,0.0180971,0.00806404,-0.00597767,0.00899383,-0.00420785,0,inf,0
1190,-1.42586,-2.13394,-0.846558,0.607524,0.0203927,-0.00435049,0.0486081,-0.0155877,-0.0336831,1,2.85794,0
1191,-1.44828,-2.5303,-0.0573734,0.4072,-0.000819244,-0.00165373,0.019319,7.24872e-05,0.00390568,1,3.72732,0
1192,-1.22788,-2.40143,-0.4302,0.290667,-0.000763993,-0.00423841,-0.0433413,-0.0203019,-0.00632416,1,4.21543,0
1193,-1.22111,-2.4614,0.000314031,0.0234986,-0.0106652,0.00409923,0.0164805,0.0049894,0.0275757,1,16.0019,0
1194,0.466675,-0.383383,0.750702,1.74651,-0.00394542,0.00384035,-0.0200276,-0.0135825,-0.0322483,0,inf,0
1195,-1.48051,-2.26654,-0.440721,0.0505283,-0.0191323,0.00200898,-0.0192894,0.0181901,-0.0212212,1,11.353,0
1196,-0.126551,-1.26152,0.679684,7.29357,-0.000276552,0.00432768,0.0258425,0.00653769,-0.0022816,1,0.10104,1
1197,0.81739,-2.10979,-0.769138,0.0427395,0.00199017,-0.00286144,-0.0241405,-0.0130396,-0.0437479,1,1.66737,0
1198,-0.547869,-2.07468,0.388568,6.00239,-0.022026,-0.00688217,-0.0140063,0.00879731,0.00513025,1,0.181283,1
1199,-0.30144,-1.72633,-0.15851,5.94934,0.00280764,0.0088945,-0.048963,0.00484142,0.0474985,1,0.771554,0
1200,0.279511,-2.7997,-0.955752,1.95816,-0.0126183,-0.000404017,-0.0326405,0.00268575,0.0236367,1,0.245814,1
1201,-0.213454,-1.65667,0.396154,0.0184003,0.00046893,-0.000462849,-0.0109702,-0.0079159,-0.0320607,1,5.7189,0
1202,-1.00481,-2.04831,0.552724,2.0576,0.023875,-0.00394226,-0.0200432,-0.000815475,0.0338152,1,0.952717,0
1203,-0.803337,-2.30205,0.132984,0.0375673,-0.0210129,0.00568359,0.0179996,-0.00793478,0.0388822,1,10.3755,0
1204,-0.607333,-1.02916,0.722748,0.344643,0.0245381,0.00827554,0.0213377,-0.00991358,-0.0367334,1,inf,0
1205,0.340384,-2.86149,0.746563,8.99324,0.00790631,-0.00436687,0.0105645,-0.00222382,-0.0318601,1,0.437747,0
1206,0.848634,-2.15966,0.784855,0.0145467,-0.00870682,-0.00763941,-0.0475501,0.0197758,-0.0388928,1,3.92445,0
1207,0.103655,-1.56321,-0.949525,0.0650327,0.0222172,-0.00322144,-0.0258992,-0.00480922,-0.0171069,1,0.697972,0
1208,-1.18336,-2.03179,-0.225313,0.0291888,0.017723,0.0058854,0.00744009,0.0122432,0.0301715,1,13.0474,0
1209,0.445562,-1.08682,0.209404,0.395802,0.0186883,-0.00895678,0.0374801,-0.0198137,0.0451586,1,0.101031,1
1210,0.16834,-2.95562,0.744007,0.700359,-0.0213428,0.00296548,-0.00886355,0.0134773,-0.0215872,1,1.13868,0
1211,0.995774,-1.57469,-0.71826,2.09998,0.0207092,-0.00719327,0.0105108,-0.0141766,-0.0165798,1,0.100992,1
1212,0.550585,-1.91046,-0.652693,0.0607051,-0.0171869,0.00238213,-0.00853663,0.0161188,0.0158669,1,1.42242,0
1213,0.286216,-0.988728,0.195379,0.442922,0.00490739,0.00119588,-0.0277433,-0.00633922,0.016605,1,0.100782,1
1214,0.491769,-2.70452,0.784429,0.049508,0.0212918,0.00834218,0.0466875,-0.0047103,0.0495534,1,inf,0
1215,0.81491,-2.83696,0.207806,0.0485763,0.00345407,-0.0075251,-0.00792115,-0.0127416,0.0040037,1,0.397995,0
1216,0.699146,-2.82632,0.921956,0.0240641,-0.0212064,0.0047534,0.0457922,0.015236,-0.00398455,1,2.0363,0
1217,0.805485,-2.72571,-0.253923,7.12549,0.00826518,-0.00707793,0.017983,-0.00949399,0.0221786,1,0.100939,1
1218,0.332396,-1.83804,0.351555,2.84282,0.0246586,0.000726778,0.000949725,-0.00825678,-0.0366059,1,0.100985,1
1219,-0.131661,-1.86452,0.796368,4.42849,0.00805636,0.00367759,0.0368974,0.0105255,0.0152535,1,0.100947,1
1220,0.571948,-1.55734,-0.416627,4.91821,0.00987325,-0.0044267,0.0335375,0.00176018,0.0177991,1,0.100767,1
1221,-0.888581,-1.23372,0.819686,1.40543,0.0141586,-0.00408118,0.0357404,-0.00659782,-0.0322069,1,0.892157,0
1222,-1.09745,-2.00376,-0.319341,3.06988,0.0204496,-0.000897975,0.0249836,0.00344541,-0.0438267,1,0.780963,0
1223,0.15938,-0.376545,-0.622671,0.046764,-0.00822351,-6.63008e-06,0.0465589,-0.0156401,0.0104415,0,inf,0
1224,0.884592,-1.89574,-0.975037,0.0930177,-0.00956116,-0.00672034,0.0458516,-0.00862622,-0.0446598,1,0.492137,0
1225,-0.0938818,-0.81795,0.0118277,0.19007,-0.0184861,-0.00658696,-0.0166602,0.00107389,-0.0400812,1,0.100767,1
1226,-0.407898,-2.48354,0.83193,0.15163,-0.00127537,-0.00559506,-0.0100494,0.0175695,0.0370561,1,4.14925,0
1227,-1.33181,-2.52024,0.0703975,7.78348,-0.0230427,0.00841452,-0.00328437,-0.00489074,-0.0219356,1,0.333528,0
1228,-0.995971,-2.99801,0.30143,0.0277574,-0.0185177,-0.0054638,0.0494474,-0.0201581,0.00966323,1,14.7856,0
1229,-0.620261,-1.25334,0.262965,0.451568,-0.0100956,-0.00492604,-0.0142247,-0.0184186,0.0416465,1,1.36648,0
1230,-0.91763,-0.385086,-0.0925937,0.033709,-0.00826545,-0.00272158,-0.00306658,-0.00226912,-0.0116683,0,inf,0
1231,-1.39267,-2.81822,0.334986,0.27929,-0.00575419,-0.00159799,-0.0356248,0.0108343,0.0379242,1,4.85997,0
1232,-0.346052,-1.77616,0.116757,3.11091,0.0128198,0.0069737,0.00367169,-0.00370876,-0.0138103,1,0.196587,1
1233,-0.946209,-0.89145,0.743147,2.95183,-0.0249656,-0.00370207,0.00833202,0.010655,0.0157454,0,inf,0
1234,0.430967,-0.600122,-0.29438,0.265799,0.0155733,-0.000957449,0.0139745,0.015546,0.0123038,0,inf,0
1235,0.892259,-0.456741,-0.501309,4.81063,0.0225458,0.00577052,-0.0476314,-0.00242401,-0.00692036,0,inf,0
1236,0.236987,-2.51853,-0.897668,0.615431,-0.0134003,0.0069394,0.00647956,-0.0146738,-0.0356717,1,0.82863,0
1237,-0.742189,-0.488378,0.49932,0.0315364,0.0112849,0.00511778,-0.00406956,-0.000929768,-0.00209141,0,inf,0
1238,-0.875635,-1.86043,-0.932285,0.028294,0.0106341,-0.000418144,0.00466511,0.0139593,0.0242863,1,11.1114,0
1239,-0.644288,-2.61976,-0.950234,0.0295622,0.019877,-0.00308138,0.0480364,-0.0103933,-0.0120928,1,11.7444,0
1240,-0.217795,-0.664467,-0.598335,0.512404,0.0100404,0.00857427,-0.0203836,0.00573221,-0.0177278,1,0.101007,1
1241,0.5555,-2.13124,-0.223562,0.892514,-0.0203229,-0.0029523,-0.0283664,0.0013517,0.0252814,1,0.100988,1
1242,-0.638021,-2.08901,-0.364748,0.0322609,0.0220798,-0.00507521,0.00189746,0.00312245,0.0212524,1,9.61107,0
1243,0.860335,-1.97801,0.40576,0.0852768,0.0209667,-0.000221352,-0.0181105,0.00548922,-0.0450603,1,1.05905,0
1244,-0.0347146,-1.52207,0.222338,0.192395,0.00374793,-0.00170142,-0.0447368,0.00627628,0.0302843,1,0.100987,1
1245,0.755854,-2.72802,-0.842965,2.51661,0.0137377,0.00330978,-0.0217263,-0.0139053,-0.0131682,1,0.100987,1
1246,-0.287529,-0.979476,-0.604224,0.0225651,0.0103027,0.00777312,-0.0363241,-0.017676,-0.0454578,1,2.40824,0
1247,0.326503,-1.01178,0.984619,0.0162585,0.0235248,-0.00602391,-0.0360215,-0.0206912,0.00817019,1,3.57206,0
1248,-0.443232,-1.41543,0.76517,0.733134,0.00681064,0.00612974,0.0127676,-0.00237918,0.0388237,1,0.750613,0
1249,0.333344,-0.714563,-0.616204,0.143446,-0.00646544,0.00413688,0.0233422,0.00302064,-0.0238959,0,inf,0
1250,-0.538186,-1.97547,0.951347,0.387966,0.0149595,-0.00381632,-0.000817191,-0.0121363,-0.0311791,1,2.19937,0
1251,-0.601551,-1.09883,-0.673462,0.196426,0.0210197,-0.0029369,0.00809385,0.00468819,-0.0421747,1,2.00431,0
1252,-1.17245,-2.12004,0.115067,0.0385881,0.00674128,0.00710359,-0.00900036,0.0162428,0.0480914,1,11.5058,0
1253,0.0689223,-1.97789,-0.168717,1.39033,-0.0167545,0.00412311,-0.00232256,0.000461109,0.0249412,1,inf,0
1254,-0.519922,-0.86366,-0.0238252,2.91974,0.0158304,0.00180822,0.0230411,-0.0207823,-0.0382667,1,inf,0
1255,0.632871,-2.14216,0.740983,0.0455303,0.0233084,0.000728399,-0.028323,0.000596243,0.0344595,1,0.168931,1
1256,-0.366336,-1.8242,0.427409,0.0655347,-0.002297,9.80045e-05,0.0338251,-0.00874204,0.00489087,1,4.54718,0
1257,0.117096,-1.40617,-0.450519,0.0642243,0.00295384,-0.00424658,0.0194125,0.00991654,0.0436229,1,0.613438,0
1258,0.575724,-1.69051,-0.960508,0.252416,0.0198858,0.00156199,0.00816416,0.00802499,0.0374093,1,0.100898,1
1259,-0.0136011,-2.58745,0.109126,0.445656,0.00891253,-0.00667121,0.0222962,-0.00527948,0.0128746,1,1.49735,0
1260,-0.277202,-1.36442,-0.282224,0.057597,0.00734373,-0.00622876,-0.00359212,0.00689543,-0.0202047,1,2.05917,0
1261,-1.33841,-2.63995,0.730385,0.0122522,0.00360305,-0.00866247,0.0361533,-0.00287825,-0.00714032,1,inf,0
1262,-0.527583,-2.84548,0.00410837,0.0514771,-0.00551556,-0.00819316,-0.00358501,0.0186596,0.0468831,1,8.81558,0
1263,-0.588221,-1.8624,0.415685,0.122928,0.00235649,0.00223888,0.0211423,-0.000735329,0.0411016,1,4.19905,0
1264,-0.146075,-1.79909,-0.285969,0.0896306,0.017754,0.00816755,-0.0482114,0.000651859,-0.0310616,1,3.35608,0
1265,-1.06804,-0.687615,0.92365,2.34051,-0.0174724,-0.00397376,-0.0498107,0.000977791,0.0196135,0,inf,0
1266,0.170803,-0.795077,0.630365,0.109971,-0.0221968,-0.00740188,0.00276754,-0.0199211,0.0431392,1,0.409828,0
1267,-0.324984,-2.22339,-0.0604511,0.567818,-0.0170427,0.00629074,0.0144671,0.0151602,0.0259607,1,1.58741,0
1268,-1.03435,-1.54062,0.78335,0.0599989,-0.0164697,0.00821826,-0.0474357,-0.0169952,-0.0316478,1,7.49273,0
1269,0.488615,-2.21742,-0.961677,0.313484,0.0174872,0.00428822,0.0294122,0.0125983,0.00672679,1,0.100781,1
1270,0.499683,-0.642749,0.526406,0.035958,0.0149485,0.00274013,0.00215562,0.017262,-0.0316145,0,inf,0
1271,-0.735439,-1.3206,-0.687665,0.0245678,0.0219921,-9.40641e-05,-0.0339975,0.00728394,0.00308043,1,8.86843,0
1272,-1.0745,-2.46454,-0.566811,0.213522,0.0163985,-0.00444372,-0.0379828,-0.00865579,-0.0259071,1,4.79538,0
1273,-0.814068,-1.23958,0.486287,0.249423,0.0189278,0.00308457,0.0377205,0.00181469,-0.0158527,1,2.60014,0
1274,-1.41546,-0.654351,-0.995047,0.0261227,0.0173953,0.00185578,0.0345332,0.00649005,-0.000527782,0,inf,0
1275,-0.745435,-0.890191,-0.483544,0.58086,-0.0157746,0.00624954,0.00217014,-0.0078024,0.0167042,0,inf,0
1276,0.785982,-1.42162,-0.579885,0.970664,-0.00760414,-0.000974658,0.0217731,0.0173393,-0.000489407,1,0.101006,1
1277,-0.292196,-2.56149,-0.465156,0.0170293,-0.00940473,-0.00695425,-0.0282461,0.00287426,0.0496492,1,12.4889,0
1278,-0.572685,-2.47035,-0.0910545,0.252884,-0.00792041,0.00624781,0.010046,-0.0143929,0.0380136,1,3.41455,0
1279,-0.525556,-2.75125,0.7198,0.513147,0.0203782,0.00420848,0.044704,-0.0204388,0.0244839,1,2.40789,0
1280,-1.1981,-2.69207,-0.824964,3.07596,0.0233148,0.00371063,-0.0262348,0.00879138,-0.0150792,1,0.960336,0
1281,-0.486137,-0.975028,-0.271897,2.51069,0.0137806,-0.00209085,-0.0209771,0.0169234,0.0402323,1,0.108027,1
1282,0.687113,-1.16914,-0.492205,0.041209,0.0138387,-0.002278,-0.049715,-0.0200371,-0.0490055,0,inf,0
1283,-1.14512,-2.08168,-0.435677,0.169427,-0.00700197,0.000495853,0.027904,0.00415554,-0.0108688,1,5.11856,0
1284,-0.201271,-2.27313,-0.85737,2.54647,0.00906747,-0.00574111,-0.00822502,0.0049897,0.0136256,1,0.257087,1
1285,0.00890145,-0.46271,-0.0394879,0.137133,0.00667143,0.00277506,-0.0300805,0.0112,0.0476473,0,inf,0
1286,-0.255508,-1.60305,-0.900515,1.57845,0.0112964,-0.00203535,-0.026919,-6.9392e-05,0.0487562,1,0.192602,1
1287,0.848386,-0.393361,-0.512788,6.50981,0.00269151,0.00319926,-0.000931488,-0.0190707,0.0103952,0,inf,0
1288,0.888201,-1.52119,0.595897,0.174396,-0.011693,-0.00716163,-0.0216013,-0.0155151,-0.00787524,1,0.100928,1
1289,0.13056,-2.07064,0.123968,2.90655,-0.0188746,-0.00788399,-0.0245786,-0.0071686,-0.0256749,1,0.101106,1
1290,-1.03746,-0.55057,-0.647837,0.20146,-0.0223217,0.00846542,-0.046973,0.00303145,-0.0306059,0,inf,0
1291,0.968129,-2.03033,-0.13809,2.74131,-0.00645292,-0.00374848,-0.0290228,0.00573242,-0.0375459,1,0.100844,1
1292,0.0998249,-0.815626,0.881571,0.068966,-0.0206872,0.00126187,0.0256256,0.0186331,0.027094,1,1.69798,0
1293,0.51731,-2.29185,0.721202,1.58221,0.0149178,0.00537696,-0.0236666,-0.0126602,0.010754,1,0.100991,1
1294,-1.40938,-0.703317,0.0415669,1.03934,-0.0122766,-0.00439149,0.0248158,-0.0116387,0.013803,0,inf,0
1295,-0.96976,-2.21303,-0.263647,0.184481,-0.0124722,-0.004316,-0.00300143,-0.00954568,0.0430177,1,4.71576,0
1296,-0.0384474,-0.566609,0.996055,1.58762,-0.00694601,-0.00897776,0.0239207,0.00219247,0.0334416,1,0.100995,1
1297,-0.0447282,-2.14403,0.315995,1.35043,0.00232524,-0.00770973,-0.0210343,-0.0189985,-0.0463275,1,0.472941,0
1298,-0.862352,-0.58238,0.809368,6.85296,0.0157905,-0.00766007,0.0428707,-0.00346063,0.0184822,0,inf,0
1299,-0.324368,-0.557138,-0.14075,1.93433,0.0124485,-0.0030192,-0.033889,0.00143526,0.0245195,0,inf,0
1300,-0.316604,-2.17777,0.0846353,0.176264,-0.0208578,0.00144979,0.048762,0.005025,-0.0356528,1,3.04099,0
1301,-0.776703,-1.87846,-0.61096,0.72386,0.00790648,-0.00227286,-0.00713904,0.0145917,-0.0107169,1,1.5701,0
1302,-0.408888,-0.850145,0.645077,0.54654,0.00782042,0.00783348,0.00241392,0.00591622,0.0467701,1,0.100986,1
1303,-0.64269,-1.88373,-0.11746,0.349737,0.00097154,0.00498407,0.00421971,-0.0117269,-0.0048481,1,2.41761,0
1304,0.562542,-1.07648,-0.378383,2.60742,-0.0126647,-0.00317686,-0.0411702,0.0050441,-0.00981063,1,0.10101,1
1305,0.51257,-2.09306,-0.386693,3.04007,-0.00221949,-0.00167927,0.0390216,-0.00279197,0.00323725,1,0.100769,1
1306,0.80049,-2.93129,-0.219441,4.8387,0.00217568,0.00637101,0.0489167,0.0193708,0.0295165,1,0.100987,1
1307,-1.24753,-2.75156,0.878086,0.248899,-0.0172129,0.00264764,0.000732653,0.00579183,-0.0131014,1,4.88572,0
1308,0.530997,-2.11444,0.392054,0.367735,0.0177894,-0.00745292,-0.0392852,-5.37532e-05,0.00687527,1,0.10101,1
1309,0.412315,-0.87372,0.691027,2.62726,0.00934688,-0.00198451,-0.0140378,0.0145971,-0.0404083,0,inf,0
1310,-0.507735,-0.387171,-0.879939,0.475929,0.0179619,0.00343923,0.00387716,0.0197849,0.0260666,0,inf,0
1311,0.550776,-0.569683,0.962174,0.0123964,0.0166102,0.00265424,0.0292816,-0.011651,-0.0252377,0,inf,0
1312,0.624677,-1.44869,-0.297754,4.43824,-0.00107285,-0.00149808,-0.0277941,-0.0160643,-0.0447148,1,0.100991,1
1313,0.732949,-1.64638,0.248241,0.026277,0.0126654,0.00550815,-0.049564,-0.0180877,0.00595467,1,1.41142,0
1314,-0.800648,-1.63808,-0.79633,0.134957,-0.0130298,-0.00509902,0.0426084,-0.0153288,0.045502,1,4.31679,0
1315,0.513558,-2.81175,-0.824014,7.84518,-0.0143149,-0.00839312,-0.012301,-0.00241291,0.00939236,1,4.68179,0
1316,-0.985105,-2.46036,-0.250555,0.318943,-0.00502639,-0.00393696,-0.0256564,-0.010721,-0.0449215,1,3.6968,0
1317,-0.314962,-2.03276,0.312208,0.542005,0.0185885,-0.00724297,0.0402397,0.0148828,-0.0016689,1,1.32705,0
1318,0.71707,-1.72886,-0.606707,0.235309,0.0180533,0.00837622,0.015066,0.00523555,0.027026,1,0.100765,1
1319,0.894135,-1.63629,-0.895259,0.0117425,0.00953624,-0.00012835,0.0234283,-0.00159085,0.0326944,1,0.10076,1
1320,-0.212188,-2.58349,-0.277669,3.19274,-0.0240457,0.0062368,0.0498746,-0.015041,0.0172515,1,0.372743,0
1321,-0.865429,-1.00878,-0.319842,0.0104248,-0.0144621,0.00869245,0.0178232,0.00653753,0.0315661,0,inf,0
1322,-0.538748,-2.97133,0.992549,0.012535,-0.00188193,-0.00603338,-0.0238834,0.0156236,-0.0442465,1,inf,0
1323,-1.14981,-2.83621,-0.778173,0.117293,-0.0245443,0.00195762,-0.0326551,-0.0165754,0.0109993,1,7.20501,0
1324,-0.827914,-2.74016,0.203429,2.46473,-0.00230622,-0.00701927,-0.00587882,-0.0101771,0.0116817,1,0.844403,0
1325,-0.432868,-1.9056,0.993774,0.0478925,0.00447341,-0.00099667,0.0218025,0.0109453,-0.015652,1,6.07615,0
1326,0.303768,-1.41785,-0.363642,0.0104613,-0.011565,0.00738549,-0.0492511,-0.0189808,-0.0430965,1,inf,0
1327,-0.448042,-0.856763,0.800623,0.0367841,0.0220502,-0.00743632,-0.000388125,-0.0112971,-0.0141632,1,12.9154,0
1328,0.168481,-0.314298,-0.155646,0.601092,0.0143519,0.008252,0.0378586,-0.0136289,0.00647084,0,inf,0
1329,0.720315,-0.697605,0.585802,0.041961,-0.0236289,-0.000259201,0.0407643,0.0163086,0.0105536,0,inf,0
1330,0.788956,-2.38265,0.245535,0.497784,-0.0247319,0.00791107,-0.049828,-0.0162415,-0.0458716,1,0.101017,1
1331,-1.18932,-1.2628,0.714349,0.235268,0.0222608,-0.00521129,0.0297037,-0.00500091,0.0472129,0,inf,0
1332,-0.215888,-1.842,-0.095552,0.327819,-0.0150506,0.00585524,-0.00263333,-0.0168659,0.00789472,1,1.26715,0
1333,-1.24785,-1.22305,-0.507728,0.100119,-0.00767462,0.00195416,-0.0407612,-0.00223583,0.0359356,0,inf,0
1334,-0.355106,-0.95343,-0.86209,5.12896,-0.00222394,0.00491561,-0.00369376,0.00806821,0.00738186,1,0.100988,1
1335,0.543425,-2.62995,-0.313873,6.42289,-0.0225895,0.00686101,0.0316793,0.011482,-0.0496446,1,0.10101,1
1336,-0.867664,-1.80335,-0.211376,0.244165,0.00603376,0.00275363,0.0372602,-0.0196444,-0.0355377,1,3.44833,0
1337,0.790411,-1.519,0.910146,0.801463,-0.00167294,-0.00257764,0.0346526,-0.00331616,0.0384241,1,0.101016,1
1338,-0.0969329,-1.66055,0.172763,3.38397,-0.0170062,-0.00323475,0.043647,0.0168529,0.00590268,1,inf,0
1339,-1.41595,-2.07906,0.202793,0.485361,-0.0128998,0.00714251,0.0433682,-0.0123235,-0.0378317,1,3.16943,0
1340,-0.702776,-1.15204,-0.973011,7.00286,-0.0154758,-0.00371616,-0.0223755,0.00170927,-0.0107053,1,0.100943,1
1341,0.313057,-0.397181,0.914412,0.0184289,-0.00898622,0.0038144,-0.0467628,0.000684597,-0.0462485,0,inf,0
1342,0.793864,-2.91838,0.370473,0.417078,0.0126978,-0.00364622,-0.0300392,0.0107144,0.04891,1,0.100989,1
1343,0.0577711,-1.48476,0.836939,0.0172393,0.0073725,-0.00172988,0.0373003,-0.0179123,-0.0374663,1,2.52024,0
1344,0.74266,-2.73386,-0.0294766,3.70341,0.014605,-0.00698212,-0.0323788,-0.00622814,0.0470419,1,0.100795,1
1345,-0.909319,-1.69479,-0.541307,1.81717,-0.00645018,-0.000491503,-0.000890436,-0.00700005,-0.0431133,1,0.907412,0
1346,-1.42801,-2.50313,-0.202941,7.04968,-2.41934e-06,0.000231278,-0.0262276,-0.0124894,0.030721,1,0.363313,0
1347,-0.109671,-2.04402,0.897764,0.0242399,-0.0210327,0.00323017,-0.0355838,-0.000196741,-0.0249898,1,6.14341,0
1348,-0.343807,-1.4714,-0.228212,0.328724,0.0167263,-0.000283487,-0.0311191,0.0163203,-0.043855,1,1.17422,0
1349,0.457286,-1.1358,-0.355585,0.0236339,-0.0176538,-0.00119806,0.00578507,-0.00473363,-0.0447572,1,0.100758,1
1350,-1.0178,-2.04581,0.492335,0.119253,-0.0177677,0.000664422,0.0126089,-0.00855804,-0.0112865,1,5.80221,0
1351,0.557548,-2.32068,0.666942,0.150503,-0.00716127,0.00289396,0.00474235,0.0133383,0.0451723,1,0.280078,1
1352,-1.04248,-2.91106,0.770649,0.112045,-0.00553046,0.00371227,0.0327552,0.00434773,-0.0406569,1,7.20773,0
1353,-0.902432,-2.51352,0.66051,2.04726,0.010916,0.00382358,-0.0459093,0.0106366,-0.00339333,1,0.96987,0
1354,-0.873506,-2.15634,0.468902,0.0229463,0.00924806,-0.00643432,0.0371775,0.00243625,0.0301378,1,13.2782,0
1355,0.0830997,-0.455479,-0.58115,0.474962,-0.00216821,-0.00461809,-0.020648,0.0118446,-0.0186707,0,inf,0
1356,-0.709821,-1.62251,-0.786925,0.0405978,0.0039184,-0.00381694,0.0443953,0.00122633,0.0387392,1,7.62009,0
1357,-1.38905,-2.69751,0.709579,0.05775,0.0102025,0.00778783,0.0082841,0.00498844,-0.0454938,1,10.9767,0
1358,0.113186,-1.22111,0.270987,0.0300061,-0.0226876,-0.00560406,-0.00235083,-0.0185079,0.0215692,1,1.03391,0
1359,0.790564,-2.99144,0.0466239,3.8304,-0.021837,0.00231333,-0.0389123,0.0103261,-0.0348062,1,0.100995,1
1360,-1.09576,-1.73308,0.919876,0.0102846,-0.00345743,0.00100945,-0.0141816,0.00444134,0.0216294,1,inf,0
1361,0.866833,-1.19459,0.619923,0.0161305,-0.0032661,-0.00648084,-0.00903927,0.00805588,0.0440832,0,inf,0
1362,-0.623699,-1.08467,-0.469232,0.0330473,0.0183281,-0.00765151,0.00619377,-0.0138667,-0.0134348,1,5.62713,0
1363,-0.825678,-0.853837,-0.807821,0.473579,-0.0124797,-0.00238222,0.0282146,0.0188863,-0.000868637,0,inf,0
1364,-1.21284,-1.09982,-0.633777,0.0179475,-0.00155387,0.00601055,0.00641683,0.0128754,-0.0323866,0,inf,0
1365,-0.853565,-0.742682,0.0842589,8.72775,0.0200907,0.00313399,-0.0176067,0.013568,-0.00361463,0,inf,0
1366,-1.19506,-2.7835,-0.518457,0.92438,-0.00472367,-0.000237283,0.0315872,0.0100458,-0.0437651,1,2.20599,0
1367,-1.00682,-2.66063,0.0566834,0.198365,0.0188429,0.00308056,0.0242591,0.00970774,-0.00715812,1,5.01381,0
1368,0.43382,-2.24578,0.937752,0.101331,-0.0141307,0.00455352,0.00237282,-0.00436244,0.020754,1,0.125626,1
1369,0.320493,-1.56104,0.860224,0.0100849,0.007452,-0.00161377,-0.0208922,-0.0078409,-0.0122052,1,2.20409,0
1370,0.993783,-1.60831,-0.618675,0.380988,0.0122846,0.00523356,0.017769,0.00776473,0.0254493,1,0.100869,1
1371,-0.189373,-1.72225,-0.962956,2.90917,0.0182996,-0.00574448,0.0366345,-0.00601811,-0.0191409,1,0.304741,0
1372,-1.17448,-0.974193,-0.841319,0.457111,0.00284744,-0.00892439,0.0433963,0.0159577,0.0453041,0,inf,0
1373,-0.918327,-2.45928,-0.830427,1.42082,-0.0127568,0.00457879,0.0113835,0.00722088,0.0330773,1,1.43944,0
1374,0.76661,-2.7149,-0.364261,2.89822,-0.0206638,-1.99119e-05,0.0473283,0.0177512,0.0181801,1,0.100985,1
1375,0.588108,-2.43429,0.549573,0.0143799,0.0134974,-0.00537236,-0.0324285,-0.0030403,-0.0168318,1,2.75207,0
1376,0.0465618,-0.638633,-0.922299,0.155851,0.0150992,0.00341411,0.0326012,0.00768657,-0.0225386,1,0.144929,1
1377,-0.563573,-1.18729,0.732957,0.0431194,-0.0133316,0.000342105,-0.0290438,0.00490155,-0.0147456,1,4.763,0
1378,-0.382215,-2.92501,0.250429,1.02589,0.0157452,0.00115378,-0.0383415,-0.0159395,-0.0223664,1,1.51355,0
1379,-0.264493,-1.07164,-0.813373,0.851223,0.0125867,0.00569686,0.00872854,-0.00908678,-0.00977884,1,0.100985,1
1380,-0.0709065,-0.664198,0.705943,5.77669,-0.0133908,0.00293989,0.0338602,-0.00235386,0.0193735,1,0.100998,1
1381,0.772056,-2.02115,-0.797446,0.0394,-0.00380972,0.00266434,-0.00510098,-0.00506676,0.0037948,1,0.100896,1
1382,0.446414,-2.65241,0.198656,0.162625,-0.00752558,0.00854789,-0.0226824,-0.00404611,0.0224163,1,9.86646,0
1383,-0.811878,-1.42553,-0.498487,0.178015,-0.0238129,-0.00547035,-0.0477878,0.00756748,-0.00345788,1,3.444,0
1384,-1.0404,-1.64979,0.378725,0.0271136,-0.0249126,-0.00380043,0.000736109,0.0107066,-0.0430864,1,11.7019,0
1385,0.290417,-1.62553,0.258322,0.0223879,-0.00571339,0.000852063,-0.0393242,-0.00196308,0.0311041,1,1.27223,0
1386,-0.342782,-0.962067,-0.0912964,0.576657,-0.0228502,0.00544847,-0.00776054,-0.00462137,0.00643124,1,0.100986,1
1387,-0.187245,-2.92131,0.882399,3.9827,-0.0195074,-0.00701856,0.00288395,0.0183095,0.0358993,1,0.412401,0
1388,-0.208139,-1.6577,-0.678063,0.0377549,-0.00135197,0.00630087,-0.0225569,-0.00989268,-0.0499143,1,6.03076,0
1389,0.257982,-0.461418,-0.000175465,5.22951,0.00573252,0.00156237,-0.0370921,0.013872,-0.0277843,0,inf,0
1390,-0.923852,-1.62507,-0.403698,0.0293651,0.00832289,0.00478082,-0.0230151,0.000116408,-0.0164791,1,10.4624,0
1391,0.0775926,-2.58653,-0.501995,7.04211,-0.0106875,0.00454695,-0.0216499,0.0202872,-0.0468716,1,0.100826,1
1392,-1.15662,-0.601284,-0.49038,0.0117085,-0.00686452,0.00868901,-0.00443368,-0.0190865,-0.0438205,0,inf,0
1393,0.657955,-1.78085,0.890014,0.404622,-0.0077567,-0.00224001,-0.00541153,-0.0113361,-0.0111154,1,0.100978,1
1394,-1.18341,-2.10826,-0.696182,0.503926,0.0165047,0.00861276,-0.0278959,0.0197855,0.0237199,1,2.83875,0
1395,-0.924885,-2.52773,0.355648,0.0915345,-0.003663,0.000522121,0.0167087,0.0189188,-0.00382055,1,7.20615,0
1396,0.20444,-1.56767,0.769437,5.48308,-0.0129616,0.00794051,0.000198624,-0.0187063,-0.0332773,1,0.100994,1
1397,-0.617139,-2.13066,0.130643,3.57735,0.0143248,-0.00857187,-0.00803111,-0.0115467,0.00638631,1,0.440314,0
1398,-0.0219762,-1.3469,-0.908767,0.103196,0.0192578,-0.00895811,-0.0220736,0.00602336,0.0136154,1,0.101044,1
1399,0.365328,-2.97708,-0.120419,5.54863,-0.00677139,-0.00581956,0.0425334,0.00157345,0.0489976,1,0.613917,0
1400,-0.378899,-2.70219,-0.70757,0.0217267,0.0153398,-0.00749716,0.0233934,0.00390526,0.0437119,1,12.1502,0
1401,-0.728067,-2.26164,-0.713135,0.0321858,-0.00883774,-0.00529501,-0.041915,0.00916154,-0.0154935,1,10.6612,0
1402,-0.154784,-2.03918,-0.0971171,4.30364,-0.00133256,-0.0022914,0.0122006,0.0139987,0.0491809,1,0.100992,1
1403,-0.382253,-2.12011,0.260716,2.72569,0.0200076,0.00468273,0.0254692,-0.0163234,-0.0167539,1,0.450769,0
1404,-0.53579,-1.4955,-0.895299,0.0316046,0.001821,0.00342924,-0.0359741,0.0160552,-0.0200357,1,6.79204,0
1405,0.247977,-2.79467,-0.853407,3.03193,-0.0181942,0.00222677,0.020815,-0.0100812,-0.00296646,1,0.100856,1
1406,-0.114071,-0.507723,0.993186,0.0519404,-0.0011446,-0.00390692,0.0185086,-0.0179533,0.0439802,1,0.351265,0
1407,-1.0576,-1.91387,0.820438,2.47187,0.0106393,0.00398213,0.027403,-0.0181698,-0.0287398,1,0.890246,0
1408,-0.271545,-2.25077,0.0952627,0.834476,0.00485744,-0.0078497,0.00174963,0.0188344,0.0243148,1,1.14052,0
1409,0.476652,-0.787632,-0.295672,0.23929,-0.0234933,0.00277813,0.0114352,-0.00241476,-0.0260902,0,inf,0
1410,-0.163717,-0.384279,-0.173306,0.0865004,0.00435616,-0.00536027,0.0188848,-0.0135165,-0.0498373,0,inf,0
1411,-1.32315,-1.81346,-0.313281,0.0126129,0.0217496,0.000745365,-0.0204296,-0.0150129,-0.00438055,1,inf,0
1412,0.52654,-0.859691,0.848377,0.515568,-0.0191747,-0.00173325,-0.0307797,0.0197387,-0.0071353,0,inf,0
1413,-0.756985,-1.13757,-0.232043,6.65564,-0.0194324,0.00414847,-0.00688512,-0.00079935,-0.0278982,1,0.100728,1
1414,-0.220595,-1.94384,-0.109588,0.868154,0.00975536,0.00361832,0.0419594,-0.00334341,-0.027198,1,0.772295,0
1415,-1.49722,-0.905839,-0.135942,5.81868,0.0214063,-0.00289758,-0.0316425,0.000770344,-0.0476274,0,inf,0
1416,0.375743,-1.44215,0.585099,0.125698,0.00264616,-0.00106741,-0.0323378,0.0152798,0.0454635,1,0.451927,0
1417,-0.304037,-2.12614,-0.182328,0.0562232,5.45467e-05,0.00751485,-0.012329,-0.019581,0.042693,1,5.43688,0
1418,-0.510396,-2.17577,-0.430129,0.676224,0.0148061,-0.00343822,-0.0415278,0.000669753,0.0193493,1,1.54721,0
1419,0.653662,-1.70153,-0.101886,0.368067,-0.012841,0.00353545,0.0374722,0.013613,0.0250853,1,0.100989,1
1420,-1.40873,-0.734938,-0.537326,0.498483,-0.00401147,0.00491021,-0.0374426,0.00351821,-0.0168108,0,inf,0
1421,-0.0560219,-2.53088,0.59467,0.0194601,0.0209736,0.000929913,-0.0413827,0.0207041,-0.0224822,1,9.24166,0
1422,-1.35199,-0.884811,0.424265,0.0915847,-0.0111385,-0.000995956,-0.0309094,0.0143059,0.0165834,0,inf,0
1423,0.758944,-2.50204,0.959706,0.121683,-0.0208359,-0.00307702,0.0402452,0.0039378,-0.00738424,1,0.18034,1
1424,-0.120792,-2.14808,-0.440604,0.0317292,-0.0157331,0.00347363,-0.0409799,0.00749779,-0.0288652,1,5.98107,0
1425,-0.544635,-2.71494,-0.688863,2.70961,-0.0213465,-0.00289338,0.00645021,-0.0159179,0.0477571,1,0.742038,0
1426,-0.265058,-1.37761,-0.150142,0.0188205,0.0170878,-0.00880325,-0.0432582,0.0161784,0.0300166,1,3.76987,0
1427,-1.3309,-1.15739,0.15156,1.38925,-0.02434,-0.00103255,-0.00763703,0.0154072,-0.0249816,0,inf,0
1428,0.0809184,-0.837198,0.296088,0.0745159,-0.00108294,-0.00240695,-0.0333122,-0.0170488,-0.0334101,1,0.886777,0
1429,-1.15391,-2.33623,0.929966,0.0765584,0.000852625,-0.00292791,-0.0311064,-0.0149747,0.000338282,1,8.3156,0
1430,-1.04201,-1.93144,-0.127835,0.103882,0.00378164,-0.00196203,-0.0338007,-0.0119056,-0.0327897,1,6.23639,0
1431,0.91254,-2.76946,0.525156,2.588,0.0103299,-0.00654363,-0.00960563,0.000378014,0.00585631,1,0.100936,1
1432,-0.837586,-1.17528,-0.117091,1.10809,0.000902734,0.000261623,-0.0288497,0.0002832,0.0482494,1,0.950952,0
1433,-0.405242,-0.834912,0.265394,0.228797,0.0165505,-0.00767764,0.0242413,0.0169644,-0.0298164,1,0.10099,1
1434,0.781844,-1.74481,-0.512019,0.27173,-0.0188834,-0.00715674,0.0474433,0.00145084,-0.0228783,1,0.100956,1
1435,-0.302181,-2.83531,0.135413,0.437633,-0.021132,-0.00245039,-0.0262473,-0.012997,0.0213722,1,2.34747,0
1436,0.767941,-0.826857,-0.0848024,0.0103931,0.00258688,-0.000704187,-0.00109106,-0.0137725,-0.033345,0,inf,0
1437,-0.365962,-0.451313,-0.108454,0.407366,-0.0228383,0.00487594,-0.0417918,0.00988366,-0.00815724,0,inf,0
1438,0.721979,-2.34907,0.360555,0.606253,-0.000612282,-0.0021204,-0.031677,0.00946705,-0.00136479,1,0.101031,1
1439,-0.0858426,-2.29974,0.944706,4.88325,0.0198263,-0.0016486,-0.0153132,-0.00505118,0.0118185,1,0.10098,1
1440,0.922129,-2.12536,-0.477692,0.0457567,-0.0222033,0.00585025,4.37111e-05,0.0191445,-0.0447604,1,0.897638,0
1441,-1.38493,-1.39341,0.0209514,0.0775575,-0.00853462,-0.00355893,-0.0114526,-0.0113817,-0.0345608,0,inf,0
1442,-1.04952,-1.24253,-0.550616,0.06382,0.00284623,-0.00390226,0.0449133,-0.015888,0.0255653,0,inf,0
1443,-0.129587,-2.16931,-0.198181,1.29095,0.0166795,0.00832147,-0.0300557,0.00804864,-0.00468895,1,0.52817,0
1444,-0.406339,-1.39395,-0.0319012,1.08382,0.00505728,0.00264728,-0.0285325,0.00628588,0.0386866,1,0.463647,0
1445,-0.460651,-1.20629,-0.635358,0.333091,0.00489411,0.00227881,-0.0498544,-0.000663932,0.0472791,1,1.09263,0
1446,-0.350198,-2.56022,-0.913059,0.803189,0.0029069,-0.00213984,-0.0387762,0.00318775,0.0404884,1,1.48588,0
1447,-0.687637,-1.69156,0.435348,0.505954,-0.0127182,0.00825434,0.0121229,0.00373636,0.00615455,1,1.84626,0
1448,0.757503,-0.8447,0.204447,0.426468,0.0101622,-0.00464212,-0.0164448,0.00740296,-0.0464632,0,inf,0
1449,0.63405,-2.93675,0.351572,0.472727,0.0161695,-0.00587871,0.028281,0.000937601,-0.0317117,1,0.100985,1
1450,-0.0339397,-1.685,0.886526,0.0138477,-0.00640442,0.00808002,-0.045381,-0.00751756,0.0397864,1,inf,0
1451,-0.801274,-2.50539,-0.103399,0.026131,-0.000664099,0.0050578,0.0173365,-0.00990759,-0.0354204,1,13.0698,0
1452,-1.08078,-0.71522,-0.832585,0.615,0.0173911,0.00580775,-0.0131743,0.00319304,0.0041247,0,inf,0
1453,-1.03959,-0.825527,-0.333172,8.15212,-0.0193694,0.00527076,-0.0252206,0.0102844,-0.0154544,0,inf,0
1454,-0.217662,-1.73865,0.376106,0.0238587,-0.0198901,-0.00106385,0.0425889,0.0132605,-0.00611116,1,5.65642,0
1455,0.119176,-2.76014,-0.364859,9.75209,-0.000618173,-0.00698154,0.0476458,0.00811089,-0.0299715,1,0.100734,1
1456,-1.20971,-0.883619,0.4766,0.507532,-0.0121365,-0.0032721,-0.00903118,0.0178447,-0.0232903,0,inf,0
1457,0.0702478,-2.31279,-0.0319161,0.418125,0.0091493,-0.00302776,-0.0323865,-0.00199251,-0.0147239,1,0.999116,0
1458,-1.41868,-2.41795,0.236058,0.0595013,0.00431516,-0.00276562,-0.0389696,0.00186109,-0.0193735,1,10.4694,0
1459,0.930135,-0.576141,-0.806454,4.55175,-0.0148834,-0.00123517,0.0102662,-0.0104706,0.00141764,0,inf,0
1460,0.560498,-0.465249,-0.839968,0.115205,0.0237388,-0.00644264,-0.0304973,0.0105184,0.00423728,0,inf,0
1461,0.734793,-0.453422,-0.421634,0.33531,0.00300597,0.00281228,-0.0473708,0.00515525,-0.0392981,0,inf,0
1462,0.935539,-1.29163,0.528789,7.01788,0.00862114,-0.00274532,0.0432786,0.00234564,0.0167797,0,inf,0
1463,-0.993277,-2.74796,-0.323266,5.20484,0.00334479,0.00039106,0.0299896,0.00201458,0.012293,1,0.461905,0
1464,0.301162,-0.337166,0.79163,0.382662,-0.00504682,-0.00582774,-0.028272,-0.00980632,-0.013594,0,inf,0
1465,0.375866,-2.84818,0.237891,0.305561,-0.0151114,-0.00395993,-0.0301258,-0.00278391,-0.0291281,1,0.993712,0
1466,-0.390729,-0.442314,-0.42456,0.0162933,-0.0100723,-0.00167879,-0.04657,0.00445483,0.00332235,0,inf,0
1467,-0.819506,-2.0133,-0.58985,0.644929,-0.0138952,0.00297002,-0.00834286,0.0102608,0.000415144,1,1.99187,0
1468,0.512137,-1.19463,-0.963698,0.728032,-0.016836,-0.00596037,-0.0118399,0.0113323,-0.0386802,1,0.10091,1
1469,0.377102,-2.97992,-0.146322,3.05177,-0.0213942,0.00193875,-0.0389573,-0.0143882,0.0408035,1,0.149495,1
1470,0.804894,-1.10884,-0.184958,0.26652,-0.0192106,-0.00261971,-0.0117571,0.00566378,-0.0266871,0,inf,0
1471,0.170835,-0.350528,0.214931,0.0299788,0.0236098,-0.00294107,0.00286373,-0.0133888,0.006093,0,inf,0
1472,0.507389,-2.11258,0.58053,1.69696,-0.01254,-0.000345941,0.0468027,-0.0015228,0.00503396,1,0.101009,1
1473,-1.45514,-0.788064,0.679165,0.0121094,0.0165296,-0.00620256,0.0494454,-0.00335775,-0.020202,0,inf,0
1474,0.493112,-1.38037,0.260829,0.0965133,0.0231373,0.00567323,0.00648472,0.0081856,-0.0223795,1,0.554429,0
1475,-0.0993341,-1.58365,-0.965107,2.23053,-0.0115886,0.00106755,-0.0347935,-0.0185031,-0.0270251,1,inf,0
1476,-1.17167,-2.94904,0.954311,0.0579041,0.00138331,-0.00565121,-0.0357227,-0.0164636,-0.0403874,1,10.6989,0
1477,-0.856243,-1.0493,-0.404396,0.0350974,0.00983436,0.00658483,0.0462278,0.0129987,0.0294273,0,inf,0
1478,0.622148,-1.89475,0.517978,0.056105,-0.0230987,-0.000451739,0.0272343,-0.019737,-0.0224098,1,0.213975,1
1479,-0.323837,-0.793279,-0.351402,3.06581,0.00986768,-0.00501132,0.0361389,-0.00359335,-0.00669672,1,0.100992,1
1480,-0.254679,-2.76822,-0.371365,0.041826,0.0218802,-0.00780246,-0.0283087,0.0119551,0.0344315,1,8.14044,0
1481,-1.42676,-0.387685,0.412385,0.241332,0.0219695,0.000972548,-0.0278213,0.0133587,0.0371684,0,inf,0
1482,-0.99561,-1.71808,0.301212,0.253691,-0.0123102,-0.00118083,0.000690827,-0.0154884,0.0115831,1,3.42751,0
1483,0.704577,-1.26472,0.290384,0.157668,-0.0147795,0.00396132,0.032269,-0.000124102,-0.00649011,1,0.111793,1
1484,-0.137227,-2.37709,0.720756,0.419231,0.0193168,0.000102355,-0.00386144,-0.00828211,-0.0321052,1,1.68358,0
1485,-0.302449,-1.69451,-0.763773,2.33524,-0.0209158,0.00701387,-0.048503,0.000605031,-0.0413776,1,0.100806,1
1486,0.712484,-1.38437,-0.134654,0.487355,-0.00293919,0.00783506,0.0365219,-0.0198742,-0.00715832,1,0.101008,1
1487,0.771408,-0.573013,0.730373,0.0684656,-0.0127893,-0.00456485,-0.0382453,0.00374705,0.0160352,0,inf,0
1488,-0.244307,-2.9154,-0.546989,0.0224886,-0.0229866,0.00223122,0.0362844,0.0156861,0.00731319,1,11.8147,0
1489,-1.46548,-2.80519,-0.909187,0.0344876,0.0184231,0.00363038,0.0298576,0.00889577,0.0495625,1,14.7843,0
1490,-1.45563,-1.44715,0.65307,0.784812,-0.00204466,-0.00778164,-0.0234398,0.0124756,-0.0377289,0,inf,0
1491,-1.32868,-2.86636,-0.944746,0.0535336,-0.00050385,0.00847855,0.0300111,-0.0114841,0.0395872,1,11.4314,0
1492,-1.10851,-1.14251,-0.0586773,0.275917,-0.00621454,0.00473535,-0.0479489,-0.0166575,0.0412872,0,inf,0
1493,0.755468,-0.646358,0.752196,0.0276494,-0.0144924,-0.00127581,0.041504,-0.00182704,-0.0468321,0,inf,0
1494,-0.039489,-2.73065,0.705179,0.41819,-0.00468773,0.00334887,0.0051049,0.000804166,0.0356004,1,1.8336,0
1495,-0.100199,-1.39025,-0.518627,0.326612,0.0228082,-0.000496728,-0.0415024,0.01848,0.0157633,1,0.100993,1
1496,-1.26143,-2.58439,0.351445,3.9927,-0.0144447,0.003784,-0.0128722,-0.00203027,0.0308323,1,0.784607,0
1497,0.444259,-0.63981,0.964751,0.420385,-0.0156196,0.00330401,0.0368517,-0.00514867,-0.023294,0,inf,0
1498,0.225791,-2.08021,-0.0834842,1.68788,0.00733172,0.00637727,0.0106855,0.00593268,-0.0435217,1,0.100986,1
1499,0.995749,-0.995802,0.516839,0.0199296,-0.00806201,0.00882327,0.0363224,0.0134819,-0.00878958,0,inf,0
1500,0.295499,-1.38604,-0.858338,3.78776,0.0181688,0.00620008,-0.0476584,-0.00812045,0.0150062,1,0.101006,1
1501,0.823022,-2.01565,0.834727,0.025952,-0.00474572,-0.00545026,0.00523444,0.00494338,0.0432786,1,2.49731,0
1502,-1.02568,-1.11036,-0.244377,1.57434,0.0136775,0.00166453,0.0455972,0.0126327,0.0438202,0,inf,0
1503,-0.823683,-1.12958,0.735713,0.0102473,-0.0143313,-0.00437378,-0.0139298,-0.0207365,-0.00270223,1,13.7688,0
1504,-1.45523,-2.88178,0.231841,0.0736082,0.00587844,-0.00342582,0.0127372,-0.0160526,-0.0197425,1,10.1045,0
1505,-1.4814,-1.03226,0.273785,0.0577088,0.0207515,-0.000517057,-0.00644937,-0.0139063,0.0204788,0,inf,0
1506,-0.832626,-0.518974,0.72454,0.496681,-0.0105344,0.00378888,0.0198947,0.00986834,0.030949,0,inf,0
1507,-0.0552837,-1.14991,-0.812713,0.0688,0.00195968,-0.00293518,0.0109949,0.0106792,0.0165439,1,0.236016,1
1508,0.390315,-2.42654,0.00400011,0.586188,-0.000284445,-0.00772199,-0.0435347,-0.00138929,-0.0228212,1,0.100992,1
1509,-0.648969,-0.474044,-0.484492,0.041426,-0.0185614,0.0070602,-0.0130727,-0.0113747,0.0284225,0,inf,0
1510,0.246948,-1.71338,-0.186842,0.0956148,0.0208767,0.00229763,-0.0244295,0.0108797,-0.0346314,1,0.287705,1
1511,-1.34816,-2.89563,0.218239,0.761912,-0.00216948,0.00734607,0.00383734,-0.00328459,-0.0124284,1,2.67018,0
1512,0.372972,-0.435881,0.153189,5.83934,0.0202008,0.00431874,0.0382533,-0.00668087,0.0274528,0,inf,0
1513,0.19462,-1.72258,0.0751529,7.20125,0.0153148,-0.00512817,0.031423,-0.0183866,0.0346325,1,0.100995,1
1514,-1.36424,-2.64401,-0.706102,4.74204,-0.00112806,-0.00291532,-0.0349575,0.0209978,0.0422143,1,0.738055,0
1515,0.99263,-0.333995,-0.379716,0.0526472,0.0227894,0.00190127,0.0134627,-0.0157802,0.020076,0,inf,0
1516,-1.39249,-1.8515,0.646883,4.61617,-0.0225995,-0.00607796,-0.0487641,0.00824383,0.0382624,1,0.63091,0
1517,0.554356,-2.38429,0.288653,0.146537,0.022923,0.00298762,0.000574566,0.0156661,0.0364691,1,0.101009,1
1518,0.711076,-1.49054,0.471389,0.86777,0.0249605,0.00332256,-0.01293,0.0129511,0.0316615,1,0.100786,1
1519,0.249574,-2.50649,0.971465,4.50761,-0.0182255,0.00743435,0.0408978,-0.0113298,-0.0491598,1,0.919618,0
1520,-0.512533,-2.86668,0.730365,0.171322,0.0173383,0.00345013,0.0164703,-0.00461429,0.0285302,1,4.56801,0
1521,-0.169599,-0.980617,-0.114549,3.91544,-0.0181054,-0.0044404,-0.0269044,-0.00189619,-0.0305953,1,0.100766,1
1522,0.484715,-2.46337,0.555171,0.300424,-0.0205008,-0.00647926,-0.0177705,-0.0174096,0.0431318,1,0.100987,1
1523,0.914872,-2.83107,0.382323,0.0539267,-0.0179893,0.0030691,0.00586384,-0.00126126,-0.0364004,1,0.100777,1
1524,-0.583346,-0.482275,0.732655,0.0960427,0.00499437,-0.0025385,-0.0266426,-0.00912525,-0.04771,0,inf,0
1525,-0.590013,-2.80159,0.695572,5.20218,0.0235697,0.00421839,-0.0345487,0.000807972,0.0446278,1,0.202224,1
1526,-0.468307,-1.01399,-0.638681,0.298503,0.0169926,0.00537517,-0.00338056,0.00524088,-0.000603787,1,0.736913,0
1527,0.237426,-2.3181,0.420921,2.05427,0.0108491,-0.00806328,0.0179585,0.0159771,0.0087771,1,1.09628,0
1528,-0.140687,-1.40095,-0.311552,4.78042,-0.0140168,0.00338803,0.0413823,0.0198659,-0.0345768,1,0.100986,1
1529,0.978717,-2.23004,0.676046,0.0315267,-0.0189793,0.00106979,-0.0142467,0.0151176,-0.0279262,1,0.683953,0
1530,-0.278451,-2.44768,0.235753,1.94447,0.000111839,-0.00757589,-0.0322158,-0.00304098,-0.00964132,1,0.6001,0
1531,-0.807999,-1.5086,-0.998185,0.0188356,-0.00821556,0.0078193,0.00328743,-0.000440488,0.0457883,1,11.7556,0
1532,-0.791416,-2.54073,-0.795064,0.0260286,0.018203,0.00519463,-0.0457316,0.0125516,0.0107508,1,12.9088,0
1533,-0.690302,-2.59356,-0.567317,0.10844,-0.00649258,0.00216434,0.013146,-0.00193918,0.0359463,1,6.03203,0
1534,-0.722214,-2.93011,0.956373,0.251503,-0.0234306,-0.0067417,0.0432041,-0.0163241,-0.00736874,1,4.07727,0
1535,-0.663245,-1.97064,0.732041,0.0127274,0.000263816,0.00113845,-0.031998,0.00331494,-0.0348001,1,15.2116,0
1536,-0.198381,-1.54911,0.313957,0.432429,0.0175623,-0.00507732,0.00143929,0.00360197,-0.0247831,1,0.671959,0
1537,0.218772,-1.79709,0.993669,0.052361,0.0144214,-0.00254609,-0.00700278,0.0128113,0.0371936,1,0.310373,0
1538,-0.181467,-0.381465,0.18143,6.27166,0.0109904,0.000840201,0.0204161,0.0193671,0.0265187,0,inf,0
1539,0.0500059,-2.82091,0.864642,7.15063,0.0224973,0.00114202,-0.045422,0.0105239,0.0289579,1,0.100752,1
1540,-0.939018,-0.390788,-0.62933,0.0116017,-0.00786883,0.00176545,0.0491226,-0.0132962,-0.0178383,0,inf,0
1541,0.4915,-1.75175,-0.236263,0.829046,-0.010828,-0.00533426,0.0209165,0.0135148,0.0240017,1,0.100989,1
1542,0.809917,-2.72918,-0.801212,0.177544,-0.0157192,-0.00890466,-0.0419242,0.0128095,-0.00673764,1,0.100991,1
1543,0.224691,-1.22038,0.799151,1.52169,0.00320046,0.0048145,-0.00190712,0.00555303,0.0445659,1,0.100995,1
1544,0.419099,-2.42359,0.219806,3.88972,0.00943476,-0.000811589,0.0231529,-0.0110393,-0.0462757,1,0.100984,1
1545,-0.11345,-0.751201,-0.911532,0.0102987,0.00132507,-0.00543548,-0.049623,0.00761857,-0.0436611,1,4.13994,0
1546,-0.773884,-1.49326,0.426151,0.850157,-0.016258,0.00469736,0.00683207,-0.0145886,-0.0360999,1,1.2766,0
1547,-0.552043,-1.17542,-0.0844546,7.36335,0.021536,0.00171184,-0.0478675,0.00901527,0.044744,1,0.100944,1
1548,-0.36281,-2.10177,-0.425631,0.212683,0.0141981,0.00643684,-0.0125537,-0.00634662,0.0290035,1,2.73059,0
1549,-1.13188,-2.33864,0.29493,0.448594,-0.00905448,1.13994e-05,0.0381423,0.0109894,0.00120678,1,3.13618,0
1550,-0.235034,-1.27287,-0.407888,2.07348,-0.0210726,0.00181778,-0.0017304,0.0206163,-0.00562238,1,0.100991,1
1551,-0.814615,-2.04056,-0.393552,7.82465,-0.00964373,-0.00666065,-0.020463,-0.00711321,-0.0249265,1,0.119602,1
1552,0.789372,-1.589,0.32435,0.0114527,-0.0213434,-0.00329346,0.0400277,0.00970857,0.0188622,1,3.79797,0
1553,0.650841,-1.05357,-0.110379,1.36137,0.0158586,0.00809565,0.00438609,0.0140852,-0.0279204,0,inf,0
1554,-0.985871,-2.82834,-0.387508,1.71923,0.00784639,0.0071846,0.0283206,0.0175394,-0.0316018,1,1.33247,0
1555,-0.0144852,-0.549118,0.0619614,0.260367,0.000862685,0.00405034,0.0465872,0.00301287,-0.0258689,1,0.101041,1
1556,0.643222,-1.92857,0.499544,0.261864,0.0218796,-0.00265351,-0.032393,0.0138377,-0.0198394,1,0.101006,1
1557,0.781213,-2.32124,0.123176,0.0473979,0.0171935,-0.00538882,-0.0346913,-0.0201975,-0.0468706,1,2.44189,0
1558,0.0835381,-0.706179,0.698887,0.248446,-0.00210445,-0.00591172,0.0208969,-0.00197066,-0.0237181,1,0.101044,1
1559,0.553668,-1.55983,-0.986453,0.123113,-0.0244944,0.000214131,-0.0040267,0.013272,-0.0326063,1,0.276148,1
1560,0.304016,-2.69814,-0.368575,1.94807,0.0189628,0.000950363,0.0095402,-0.00266075,0.0405837,1,0.100758,1
1561,-0.00794673,-1.80503,-0.247337,0.223441,-0.0130487,-0.000876737,-0.0148809,0.0174626,-0.00655831,1,inf,0
1562,0.276109,-0.482828,-0.414388,0.038457,0.0154237,0.000175371,-0.0207479,-0.000350044,-0.0108244,0,inf,0
1563,0.610122,-0.649012,0.868877,0.527214,0.00840385,0.00164412,0.0276627,0.00211768,-0.0185787,0,inf,0
1564,0.683008,-2.2876,-0.764149,3.24474,-0.00574811,0.00215461,-0.00708157,-0.00808203,-0.0315613,1,0.101,1
1565,-1.33359,-1.26437,-0.835976,2.36523,-0.00476376,0.00887761,0.0491361,0.0127242,0.0149427,0,inf,0
1566,-1.47555,-1.86537,-0.242293,0.610003,-0.0221485,-2.10079e-05,-0.0406342,0.00540993,0.00622155,1,2.74465,0
1567,-0.640167,-2.6444,0.191842,0.102213,0.023561,-0.00643417,0.0496868,0.0164442,0.0366886,1,6.11795,0
1568,-0.833196,-2.6554,0.829407,0.0313299,0.00944214,0.00505568,-0.0326543,0.012735,-0.00229147,1,12.3171,0
1569,-0.317047,-2.10227,-0.609426,0.0675408,-0.00929935,-0.00319987,0.0323983,-0.00892563,-0.0195393,1,5.02328,0
1570,0.261665,-2.56464,-0.0954303,0.427823,-0.0155502,0.00817155,-0.0224591,0.0132912,0.0108109,1,1.41844,0
1571,-0.464453,-0.46878,-0.0919517,0.108647,0.0203292,0.000105671,0.00660804,-0.0170979,0.0106456,0,inf,0
1572,0.045631,-2.00584,0.717055,0.0116779,-0.0208389,-0.00355395,0.00875267,0.0132468,0.0261582,1,15.1487,0
1573,-1.28442,-0.619027,-0.662883,6.67044,-0.0199159,0.00116782,-0.0103619,-0.00560034,0.0062788,0,inf,0
1574,0.371222,-1.23784,-0.360759,0.431142,0.0239295,-0.00786884,-0.00840103,0.00760185,0.0344737,1,0.100768,1
1575,-1.0171,-1.01385,0.409921,0.395966,0.0249378,-0.00476477,-0.00981227,0.00757552,-0.0489735,0,inf,0
1576,-1.26514,-1.68661,0.303198,0.0437921,0.00985468,-0.0018824,-0.0395085,-0.00932283,-0.0331078,1,10.2679,0
1577,0.93813,-1.35188,0.0340295,0.0870993,-0.00415935,-0.00383175,0.0202746,0.0203947,-0.0284883,0,inf,0
1578,-0.708393,-1.99216,-0.506552,0.0383844,-0.00654529,0.00396731,-0.0229689,0.00311382,0.0379788,1,8.95757,0
1579,-0.287803,-1.2199,0.500945,0.0225733,-0.00611873,-0.00190793,0.0380441,0.00748432,0.0382225,1,14.6843,0
1580,-0.168874,-1.29088,-0.693481,0.0363145,-0.0119192,-0.00416124,0.0282482,-0.0173515,-0.0161018,1,0.156429,1
1581,0.10296,-2.67538,-0.10851,1.06569,-0.0184976,0.000657475,0.00854265,-0.020369,-0.0361268,1,0.701175,0
1582,-0.0118382,-2.66866,-0.219254,0.220908,0.023817,0.0060724,0.0214382,0.01481,-0.0155497,1,2.51575,0
1583,0.809255,-1.48454,-0.00599074,0.0118285,-0.00359577,0.0063494,0.0405716,-0.0206703,0.00191377,1,11.5775,0
1584,-1.12455,-2.62508,-0.377799,0.587518,0.0208168,0.00565966,0.0414969,0.0140003,-0.0242839,1,2.81465,0
1585,-0.727572,-1.75793,-0.185187,1.24365,0.00694496,-0.00294439,-0.0287003,-0.000665268,-0.00234955,1,1.0197,0
1586,-0.939634,-2.96221,0.378844,3.71599,-0.023369,0.00530376,-0.0103347,0.0208954,0.00803758,1,0.808535,0
1587,-0.76396,-1.67035,0.446448,0.477609,0.0207681,0.0066027,0.0365727,-0.0143655,-0.0261891,1,2.06742,0
1588,-1.46384,-1.37317,-0.846683,0.590075,-0.0085901,-0.0059537,-0.0340667,-0.0188237,0.0456287,0,inf,0
1589,0.806405,-2.79441,0.893627,0.0961927,-0.0106195,-0.000597647,-0.0249622,0.0140552,-0.0373599,1,0.100996,1
1590,0.355474,-1.1367,0.0567558,8.87624,0.0234521,-0.000920569,0.0443991,0.00862065,0.019876,1,0.100811,1
1591,0.940047,-2.86301,-0.235639,6.09271,-0.017509,-0.00275504,0.00929101,0.0158144,-0.0141213,1,0.100992,1
1592,-0.990887,-1.18653,-0.319449,6.22042,0.0172609,0.00596508,0.0149102,0.0121242,-0.0285294,0,inf,0
1593,0.528667,-2.08606,-0.882609,0.161783,0.00799226,0.00191742,-0.00997304,-0.0117448,0.0419144,1,0.100771,1
1594,-1.38161,-2.45813,-0.343296,0.0616803,-0.0159774,0.00631656,-0.040601,0.0208688,-0.00624953,1,10.2416,0
1595,0.746283,-1.17244,0.443511,0.700761,-0.0223582,0.00148031,-0.0390989,0.016611,-0.0337902,0,inf,0
1596,-1.491,-2.34472,-0.567349,0.781919,-0.0193595,0.00148397,-0.0252356,0.00720313,-0.046592,1,2.47796,0
1597,-1.06641,-1.34382,-0.179657,1.91955,0.0158938,0.00528449,-0.0346227,0.0124264,0.0375333,1,0.835244,0
1598,-1.34652,-1.93009,-0.178911,0.0200684,0.00115522,0.00127146,-0.0186982,-0.0174248,-0.00594815,1,16.5271,0
1599,-0.613523,-1.44935,-0.839402,5.10898,-0.00121477,-0.00173296,0.0150171,-0.0170402,-0.0312588,1,0.105416,1
1600,-1.32992,-1.54389,0.273379,8.32895,-0.0130303,0.00857937,-0.00231046,0.0122778,-0.0179723,0,inf,0
1601,-0.0695366,-1.05857,-0.553251,0.0345186,0.0240162,-0.00196368,-0.0406364,0.0068492,0.00448207,1,0.558455,0
1602,0.210316,-0.60387,-0.531207,7.616,-0.0168748,0.00461027,0.0481571,-0.0115805,-0.00131439,0,inf,0
1603,-1.19893,-0.492979,0.427569,0.723451,0.0031704,0.00108379,-0.00535011,0.0190164,-0.00724102,0,inf,0
1604,-0.209692,-0.390519,0.253868,0.0101283,0.00272094,0.00867373,0.0184008,-0.00426497,0.0269382,0,inf,0
1605,0.556052,-2.93176,-0.557596,0.637522,-0.018219,-0.00707272,0.0375595,0.0100633,-0.0371812,1,1.4181,0
1606,-0.618835,-2.03402,-0.908385,0.0584633,-0.00361225,0.00478049,-0.00767615,-0.00541201,-0.0324795,1,6.8496,0
1607,-0.0452102,-1.44967,0.532923,1.83586,0.0166982,0.00746323,0.0379545,0.0181187,0.0270867,1,0.100993,1
1608,-0.376029,-1.72387,-0.989945,0.480333,0.00871024,0.000489102,0.017101,0.0143321,0.0451849,1,1.32635,0
1609,-0.3495,-1.47699,-0.847704,2.83099,0.00792316,0.00115765,-0.0494309,-0.000804189,0.0311699,1,0.100882,1
1610,0.145248,-1.51256,0.590114,0.335735,-0.008539,0.00453704,0.0168897,-0.00850185,-0.00250074,1,0.100772,1
1611,-1.23089,-1.15611,-0.33807,0.422176,0.00972686,0.00798158,0.0273776,0.0037613,-0.00355214,0,inf,0
1612,-1.00801,-0.627711,-0.134927,0.203189,-0.0124936,-0.00893342,0.0337823,0.0153289,0.0170577,0,inf,0
1613,0.116669,-1.18431,0.970379,0.256063,0.000291358,0.00717769,0.0251186,-0.015202,0.0231853,1,0.100825,1
1614,-1.2463,-1.34751,0.660553,0.0172741,-0.0203187,0.00184027,0.0482125,-0.00463168,-0.0337536,0,inf,0
1615,-0.982416,-2.57173,0.94948,8.52742,0.00469498,-0.00155809,-0.0107138,0.000844123,0.0410146,1,0.244354,1
1616,0.00739297,-0.576094,-0.734542,0.415717,0.0130084,0.00764244,-0.0174984,-0.00111188,-0.025725,1,0.100995,1
1617,-1.12791,-2.64326,0.217538,0.257104,-0.000585109,0.000194968,-0.00324008,-0.0158697,-0.0410804,1,4.5603,0
1618,0.40339,-1.96085,-0.476041,6.4976,-0.00662547,-0.00260921,-0.0182171,0.0145569,-0.00550346,1,0.100995,1
1619,-0.837365,-0.314427,0.528449,0.0105938,0.0097265,-0.00220958,-0.0414701,0.0107199,0.00281658,0,inf,0
1620,-1.26661,-1.87202,0.27474,0.153394,-0.0170385,0.00745581,0.0317142,-0.0116078,0.0255957,1,5.48768,0
1621,-0.808973,-1.9744,-0.828804,0.687311,-0.0101839,0.00638379,0.00987955,0.00202216,0.0362557,1,1.88587,0
1622,0.994734,-2.64602,0.414681,8.90282,0.0207289,-0.00785165,0.0459874,0.00406575,0.038951,1,0.100792,1
1623,-0.451846,-2.12189,-0.59941,0.161378,0.0132564,0.00328537,-0.0114394,-0.00108985,0.0313482,1,3.4616,0
1624,-1.3245,-1.90392,0.407268,0.0562456,-0.0201897,-0.00502852,-0.0380851,-0.00391372,0.0480759,1,9.63632,0
1625,-1.13852,-0.953504,0.370825,1.15151,-0.00552267,0.000563383,-0.0436797,0.0149699,-0.0229048,0,inf,0
1626,-1.28727,-1.10644,0.933218,0.0646701,0.00565373,0.0014326,-0.0176968,0.0160711,0.0340896,0,inf,0
1627,-0.243207,-1.40115,0.129928,0.541162,-0.0136181,-0.00512564,0.0393382,0.00658761,-0.0210954,1,0.534135,0
1628,0.206092,-0.483167,-0.374477,0.133594,-0.000959814,-0.00134957,-0.0260729,-0.0175615,-0.00118986,0,inf,0
1629,0.352329,-1.06073,0.352963,0.04248,0.014861,-0.000740543,-0.0290337,0.000942901,0.0367084,1,0.187314,1
1630,-1.40621,-2.86898,-0.207597,1.15725,-0.0219324,0.0067761,0.0184581,0.00724827,0.0371781,1,2.17145,0
1631,-1.3456,-1.13406,0.438549,1.29993,0.00642612,0.00579114,0.0133797,-0.000561504,0.0283284,0,inf,0
1632,0.285166,-2.3592,-0.422251,6.82921,-0.015518,-0.00465296,-0.0446308,0.0024213,0.0282661,1,inf,0
1633,-0.23854,-2.84692,0.18973,1.08796,0.014771,0.000943232,-0.0115059,-0.00587265,-0.0324913,1,1.26223,0
1634,0.443127,-1.62747,-0.698537,5.83023,0.0242037,-0.00632495,0.0336439,0.0197702,-0.000295547,1,0.100802,1
1635,0.0534678,-0.439955,-0.33142,0.268584,-0.0228769,0.00649292,-0.0404126,-0.00596529,-0.00944042,0,inf,0
1636,0.410586,-1.73837,-0.945689,1.62186,0.00474485,0.00467425,-0.0142221,-0.018449,0.0449053,1,0.100766,1
1637,-1.23047,-0.723573,-0.432986,0.143094,0.0189423,-0.0062686,0.0247691,0.0203696,0.000463255,0,inf,0
1638,0.380899,-1.72151,0.661195,0.637484,0.00991694,-0.000274529,-0.0165195,-0.00165587,-0.00516746,1,0.101008,1
1639,0.243487,-0.685633,0.126467,0.561457,-0.0179171,0.00430007,0.0257614,-0.0145089,0.0268344,0,inf,0
1640,0.992107,-2.90335,-0.496288,0.0131502,0.0069829,0.00748735,-0.0253417,0.00276715,0.0387043,1,5.97104,0
1641,-0.0913029,-1.72108,0.884224,1.29459,-0.0123697,-0.00659134,0.0201613,-0.0104506,-0.043637,1,1.60965,0
1642,0.31764,-2.34382,0.460238,0.147046,0.00262605,0.00868274,-0.0341256,0.0180122,-0.00952522,1,0.10099,1
1643,0.966958,-1.52206,0.514668,0.0125646,0.0202829,-0.00314615,0.029577,0.0064126,0.0031781,1,0.100738,1
1644,-1.27744,-1.34223,0.759808,5.90565,0.0180747,-0.00631555,0.0398737,0.0102493,-0.0133094,0,inf,0
1645,-1.09051,-1.52855,-0.155655,0.11448,-0.0145605,0.000494194,0.0198948,-0.0085715,0.0391159,1,5.48069,0
1646,-0.877443,-2.41617,-0.681556,0.0405969,-0.0106462,-0.00136295,0.00977299,-0.0059655,-0.0358881,1,10.5569,0
1647,0.839982,-1.37375,-0.490638,0.419131,0.0204543,0.00526991,-0.0385783,-0.0197364,0.0303134,1,0.101004,1
1648,0.160295,-1.61565,0.772375,0.338153,0.00405645,-0.00609329,0.0410921,-0.0156121,0.018995,1,0.101011,1
1649,0.97781,-2.9582,0.519632,0.0343273,0.0239808,0.00540516,-0.0435939,-0.0202931,0.00999764,1,2.0249,0
1650,-0.649424,-2.87444,-0.0905284,0.0212418,0.00306478,-0.00497387,0.00118884,-0.00543792,-0.0249889,1,14.7221,0
1651,-0.950434,-1.49104,-0.945218,0.124575,0.0186348,-0.00607331,0.0417404,0.00753684,-0.0173019,1,4.75432,0
1652,0.755268,-2.4424,0.160635,0.0750079,0.00957318,-0.00451036,0.0214049,-0.00565806,0.0356551,1,0.100804,1
1653,0.748964,-1.5727,0.668489,5.935,0.00469726,0.00777399,0.0411246,0.013324,0.0287763,1,0.10101,1
1654,-1.48907,-2.51005,-0.242345,1.57199,-0.0174743,0.00767097,0.0161314,0.0128368,-0.0178686,1,1.69485,0
1655,-0.0799065,-1.14933,0.00660251,0.574818,0.00507383,0.0010906,0.00312536,0.00642453,0.0353328,1,0.100992,1
1656,-1.17169,-0.956065,0.866781,2.88561,-0.0185094,-0.00441632,0.0243007,0.00500837,-0.0104464,0,inf,0
1657,-1.22546,-1.97553,0.988566,0.0125035,0.0171729,0.00719581,-0.0388968,-0.0149878,-0.0377828,1,inf,0
1658,-0.556852,-2.87774,-0.0836389,0.121306,0.00574061,0.00282762,0.0390625,-0.0205096,0.0460694,1,5.62069,0
1659,-0.825202,-1.71633,-0.656498,1.16487,-0.0173956,-0.00676909,0.0169087,0.0136013,0.0481297,1,1.24245,0
1660,0.461619,-0.52706,-0.490965,0.0552081,0.00538784,0.00608128,0.00134019,0.00606079,0.00418899,0,inf,0
1661,0.954106,-2.07079,-0.355594,0.109417,-0.00820096,0.00792481,0.013713,0.0127771,0.0328966,1,0.814359,0
1662,0.139668,-1.93769,-0.947437,0.922286,0.0153713,-0.00283926,0.0124747,0.00410517,0.0249953,1,0.100814,1
1663,0.605919,-2.1713,-0.878745,4.65648,-0.0204085,-0.00697808,0.0375926,0.0209599,-0.025081,1,0.100991,1
1664,0.847492,-2.38323,-0.126395,0.305035,0.0146237,0.00752199,-0.0247332,-0.000219936,-0.0137745,1,0.101,1
1665,0.534577,-0.909277,0.232387,1.56195,-0.00286285,-0.00357892,0.00527951,8.14248e-05,0.0260756,0,inf,0
1666,0.494753,-1.55171,0.728416,3.32504,0.0246768,-0.00330655,0.00943292,-0.00144104,-0.0408082,1,0.100987,1
1667,-0.444972,-0.526875,-0.162964,0.0188993,0.00156217,-0.00685608,0.0285402,-0.017569,0.000253781,0,inf,0
1668,-0.625975,-1.16732,0.207836,0.644285,0.0164812,0.000228365,-0.00389984,-0.0175559,-0.044624,1,inf,0
1669,0.979473,-0.899664,0.220761,0.0141846,0.0123627,0.00496041,0.00344627,-0.010706,0.0133002,0,inf,0
1670,-1.14712,-0.868482,0.292332,2.4817,-0.00531324,-0.00359339,-0.0287371,-0.019969,-0.0252475,0,inf,0
1671,0.957168,-1.30386,0.690603,0.0451803,-0.0218778,-0.00142156,-0.0265044,0.00458596,0.0431958,0,inf,0
1672,0.566566,-1.18777,-0.993039,0.141835,0.0129093,0.0060722,-0.012247,-0.0127257,0.0304083,1,0.109032,1
1673,-0.879408,-0.341128,0.247664,0.0179284,-0.0189686,-0.00464111,-0.00897637,-0.0154892,0.0462024,0,inf,0
1674,0.299176,-0.868621,-0.216804,0.0405822,0.00335972,-0.00295797,-0.00655751,0.00682514,0.0271346,1,0.742938,0
1675,-0.497524,-2.65522,0.788163,0.497704,-0.0169211,-0.00133407,0.00268642,-0.00113993,-0.00514694,1,2.30888,0
1676,0.24613,-2.54051,0.470705,1.73878,-0.0211917,-0.00414701,0.0454813,-0.00214312,0.00279127,1,0.59222,0
1677,-1.37656,-0.528717,-0.00197602,2.09946,-0.00238001,-0.000449187,0.0404387,0.0141945,-0.0468447,0,inf,0
1678,-0.784021,-2.68591,-0.0640995,0.0219138,0.0165495,0.00507122,0.00747202,0.0193966,0.0351238,1,14.731,0
1679,0.619616,-1.07248,-0.403822,0.223409,-3.21334e-05,-0.00720008,0.00175146,0.019374,0.049894,0,inf,0
1680,0.382237,-1.01963,-0.488393,0.0607847,-0.00789514,-0.006055,-0.0457688,0.0132077,0.016129,1,1.14418,0
1681,-1.45379,-1.9996,-0.554815,0.0228627,-0.00125676,-0.0062394,0.00856886,0.00787129,0.000930109,1,16.1788,0
1682,-1.17674,-0.438769,-0.132117,1.41844,0.0114446,0.0085494,-0.0348312,0.0187824,-0.0143655,0,inf,0
1683,-0.154731,-1.60252,-0.501446,0.1939,0.005022,0.00851975,0.0128377,-0.00199396,-0.0251997,1,2.50743,0
1684,-1.1847,-1.56468,-0.899725,1.97509,0.00131037,0.00309336,0.049459,0.00497922,0.0380451,1,0.997483,0
1685,-1.03038,-0.429553,-0.890065,0.225402,0.00487523,0.00530555,-0.0282855,0.00607684,0.00605426,0,inf,0
1686,0.331792,-0.729002,0.747109,0.0540437,0.00673892,-0.000703957,0.0208097,-0.00944965,0.0123888,0,inf,0
1687,-1.1887,-0.97177,0.451398,1.64219,-0.013335,-0.00560371,-0.0229753,-6.72163e-05,0.00719622,0,inf,0
1688,-0.48084,-1.34885,0.0113692,0.100665,0.0110701,0.00305064,0.0345394,-4.16345e-05,-0.00853572,1,2.96317,0
1689,0.577429,-2.30103,-0.587376,3.75527,0.0185806,0.00271215,-0.0272552,0.0167968,-0.0207194,1,0.101006,1
1690,0.957106,-2.75479,-0.674522,0.532363,0.0122747,0.00751151,-0.0283391,-0.0168584,0.028918,1,0.101006,1
1691,0.795756,-1.48777,0.455305,0.236896,0.0103823,0.00250988,-0.04329,0.0127278,-0.00110305,1,0.100771,1
1692,-1.02475,-2.38438,0.835317,0.438291,0.015947,-0.00096389,-0.0416706,-0.000565762,-0.0221058,1,3.08336,0
1693,0.524786,-2.68133,0.824093,0.010391,-0.0057154,-0.00336707,-0.000471052,0.0122886,-0.00770348,1,1.6955,0
1694,-1.05116,-2.16229,0.185907,0.0924698,-0.0155946,0.0023333,0.0329327,0.00618622,0.00323662,1,7.00511,0
1695,0.352297,-1.91997,-0.447893,9.94945,0.0206196,-0.00636894,0.0321575,0.00446252,0.0456939,1,0.10101,1
1696,0.239273,-1.22964,0.602581,0.522565,-0.0220614,-0.00844117,0.0361128,0.00847048,-0.0300848,1,0.101006,1
1697,-0.433591,-1.59267,0.412139,1.04543,0.0217802,-0.00803006,0.00734828,-0.0123087,-0.0227772,1,0.745131,0
1698,-0.503119,-2.30134,-0.199672,0.0646494,-0.00970793,-0.00893892,-0.024067,-0.00428367,-0.0364368,1,6.55012,0
1699,-0.607869,-1.37997,-0.126058,0.501726,0.00765611,0.00448265,0.042455,0.012004,0.0318088,1,1.40554,0
1700,-1.26812,-1.87061,0.781716,0.521223,0.0122396,0.00166523,0.0318088,0.0104688,0.0374796,1,2.74733,0
1701,0.44227,-1.47073,0.0344983,3.75655,0.0244941,-0.00520107,0.031708,0.00866051,-0.0207736,1,0.100995,1
1702,0.461075,-0.797241,-0.0445177,3.24088,0.000341041,-0.00626589,0.0402157,-0.00356241,-0.00962108,0,inf,0
1703,0.83774,-1.37424,-0.436449,0.0483337,0.0101124,-0.00869355,0.030852,0.0187715,0.041522,1,1.69364,0
1704,-0.182973,-1.3579,0.808569,0.232502,-0.00410204,-0.0048209,0.0381666,0.000520782,-0.0250006,1,0.100991,1
1705,-1.46405,-1.5217,0.538937,0.0365847,-0.00052842,0.00791534,0.0392889,-0.0172045,0.0103683,0,inf,0
1706,-0.448771,-0.635387,-0.340218,0.300369,0.0111683,-0.00897417,-0.0230215,-0.00798096,-0.00321053,0,inf,0
1707,-0.17177,-2.16598,-0.115713,0.0687829,0.0123079,0.00552494,-0.01597,-0.0046594,-0.0213896,1,4.34648,0
1708,-0.434016,-0.310241,-0.0378437,0.642482,0.0244419,0.00613355,-0.0304553,0.00145766,0.0327174,0,inf,0
1709,-0.774375,-0.811224,0.620466,5.88042,-0.010779,-0.0042607,0.00107804,-0.0178261,-0.00858303,0,inf,0
1710,0.609773,-0.349184,0.568994,0.0407707,-0.0234868,-0.00273236,-0.0083201,-0.0174689,0.0135787,0,inf,0
1711,-1.21682,-1.35675,-0.861621,0.88824,0.00990798,0.0041185,0.00471741,-0.0209326,0.028879,0,inf,0
1712,-1.01626,-1.67253,0.679304,0.710483,-0.00221337,0.000359556,0.0347208,-0.0110098,-0.00756243,1,1.87266,0
1713,-1.23818,-0.523522,-0.175558,9.6737,-0.00424458,-0.00175032,-0.00517242,-0.00742901,-0.0235088,0,inf,0
1714,-1.34151,-2.02759,-0.0142833,0.0600359,0.0012011,0.00128103,0.0101154,0.0193888,-0.00983656,1,9.56129,0
1715,-1.06536,-0.591835,-0.415756,2.81397,-0.000790258,-0.00387178,-0.0446478,0.0159892,0.0344473,0,inf,0
1716,-1.21787,-1.79353,0.500253,1.07455,-0.0153868,0.00190618,-0.0411016,-0.0121033,-0.0200922,1,1.62422,0
1717,-0.370435,-0.829557,0.257758,0.0786803,0.016169,0.00100809,0.0358386,0.00762305,0.0233015,1,0.10093,1
1718,0.524122,-1.29117,-0.488938,1.37914,-0.0244926,-0.000952243,0.0334192,-0.0104858,0.00886067,1,0.101006,1
1719,0.669871,-0.719775,-0.307093,0.221718,0.00525124,-0.00591769,0.0357405,-0.0141688,-0.0411602,0,inf,0
1720,-1.19582,-1.13528,-0.425343,4.94785,0.00106876,-4.58336e-05,-0.0432621,-0.0154399,-0.0148745,0,inf,0
1721,-1.3371,-0.562943,-0.0188853,0.0243938,-0.0205032,0.00381651,-0.0277442,-0.0133916,0.0359154,0,inf,0
1722,0.290322,-1.12185,-0.453066,1.4506,0.00620503,0.00348982,-0.00426571,-0.00526966,-0.0108496,1,0.101006,1
1723,-0.484181,-0.320278,-0.788241,0.0232815,0.015939,-0.000863243,-0.00596683,0.00123328,0.00984806,0,inf,0
1724,0.217067,-2.22757,0.683579,1.59983,-0.00157225,0.00589962,0.0270304,0.00643661,-0.0390129,1,2.27658,0
1725,0.824604,-0.864872,-0.464737,1.22025,-0.0145602,-0.002111,0.0139916,0.0157853,0.0349375,0,inf,0
1726,-0.370927,-1.33907,0.927214,6.58705,0.00622752,0.00591749,-0.0421152,-0.0146844,-0.0261698,1,0.220433,1
1727,-0.241647,-0.381101,0.781001,0.0114198,0.0189485,-0.00191302,0.0442622,-0.0190548,-0.0342061,0,inf,0
1728,-0.186167,-1.20075,0.552255,8.91599,0.00503092,0.00768004,-0.00940375,-0.0100783,0.0270316,1,0.100787,1
1729,-0.730251,-1.51072,0.944492,0.735112,0.00525222,0.00396082,0.0482166,-0.00784747,-0.0223746,1,1.38232,0
1730,-0.0808703,-1.29086,-0.459446,0.256733,-0.00969347,0.00616333,0.0251603,0.0183314,-0.0114522,1,0.100988,1
1731,-0.985425,-2.03442,-0.567288,0.0114762,-0.0017613,-0.00430064,0.00253563,-0.0188483,0.0138569,1,inf,0
1732,-1.4388,-1.17703,-0.435832,0.0267732,0.0163285,0.00469859,-0.0439525,0.015133,0.0365341,0,inf,0
1733,-0.189548,-1.18955,-0.383699,0.20809,-0.0177798,-0.0018436,0.0174873,-0.00949478,0.0208356,1,0.100987,1
1734,0.549347,-1.49097,-0.602845,2.18099,0.00781594,0.00491447,0.0356647,-0.0117749,-0.0421904,1,0.100989,1
1735,-1.06939,-2.42087,0.143329,1.12516,-0.0146665,0.00545142,-0.010214,-0.000262289,-0.00211479,1,1.74197,0
1736,-0.336356,-1.30505,-0.996998,0.17814,-0.000661533,0.00438295,-0.0400433,0.00374092,0.00664849,1,1.17461,0
1737,-0.616312,-2.95204,-0.804289,3.43925,0.00198687,-0.00292637,0.0326415,0.00209,0.0483016,1,0.679982,0
1738,-0.280421,-1.0221,-0.158989,9.97429,0.0106974,7.05087e-05,-0.0247861,0.00495846,-0.025143,1,0.100987,1
1739,-0.561789,-2.20302,-0.881347,0.58036,-0.00764711,0.00801907,0.0436949,-0.0113469,-0.0254512,1,1.88057,0
1740,-1.35212,-2.35663,0.720602,0.0643776,-0.0154449,-0.00726462,-0.0314496,0.00799004,0.0137849,1,9.77132,0
1741,-0.151795,-2.11215,0.554667,2.4817,-0.0108523,0.00857443,0.0240236,0.00829188,-0.0109447,1,0.223321,1
1742,-1.11333,-1.86509,0.276655,0.0637734,0.00101591,-0.00769249,-0.00463493,0.00330159,0.0300704,1,8.18739,0
1743,0.820071,-0.475129,0.273773,0.122218,0.000693204,0.00359478,0.037332,0.014641,-0.0210891,0,inf,0
1744,0.508872,-0.428416,-0.324735,6.38995,-0.0172934,-0.00658,-0.0358482,0.00416664,0.0279987,0,inf,0
1745,0.192849,-2.55556,0.411217,3.63674,0.00123376,-0.00628238,0.0430125,0.0182238,-0.0361858,1,0.100763,1
1746,-0.102076,-2.75546,0.173384,3.08224,0.00856851,0.00694685,-0.022076,0.0171644,0.0476116,1,0.403093,0
1747,0.624661,-0.766161,-0.774896,0.0273249,0.0145463,0.00661176,0.0402483,-0.000567828,-0.035863,0,inf,0
1748,-1.05845,-2.81973,-0.462998,0.0111174,-0.0137367,-0.00806622,0.0345537,-0.0173771,0.0256082,1,inf,0
1749,-0.196714,-2.26366,-0.418262,0.0527774,-0.0132468,-0.00780307,-0.0100646,0.01806,0.00328249,1,5.52473,0
1750,0.538288,-1.16471,0.770473,0.0361637,-0.00368825,0.00218773,0.0267791,0.00200497,-0.0243153,1,0.638968,0
1751,0.437837,-1.42218,0.627661,8.50863,-0.0244214,0.00223744,-0.0435634,0.00895457,-0.0125236,1,0.100995,1
1752,-0.705086,-2.24148,0.00224379,0.0110896,0.0194125,0.00336709,0.028456,-0.0129717,0.0202547,1,inf,0
1753,-1.32135,-1.79724,-0.580082,0.0162937,-0.00284685,-0.0043677,-0.0469272,-0.00460364,-0.0417541,1,inf,0
1754,-0.626583,-0.301594,0.397388,0.0347624,0.00589649,-0.00608196,0.0375986,0.0104357,0.0362544,0,inf,0
1755,0.330888,-2.99296,-0.0274415,0.214318,0.00976224,-0.00405607,-0.0446379,-0.0042901,0.0105464,1,1.8971,0
1756,0.855864,-2.11832,0.319235,0.421175,-0.012768,0.000171467,0.0473502,0.017199,-0.0413667,1,0.100974,1
1757,0.104861,-0.529968,0.857934,0.0210004,-0.0135038,0.00681616,-0.0081406,0.0189192,-0.00933812,0,inf,0
1758,-0.753025,-1.97441,0.501928,0.132046,-0.00700528,0.00139948,-0.0390298,0.0197161,-0.0211744,1,4.73229,0
1759,-0.986074,-0.864183,-0.0602641,0.0894769,0.010542,0.00490192,0.0331528,-0.0121157,-0.0493785,0,inf,0
1760,0.986979,-0.326562,-0.624009,0.0187963,0.018651,-0.00585041,0.0410603,-0.00489298,0.00166542,0,inf,0
1761,-0.318253,-2.32257,0.00524812,0.0101373,-0.00618352,0.000953755,0.0369741,0.0112141,-0.0271661,1,15.0541,0
1762,0.136988,-1.8666,-0.157949,3.23305,0.0146688,0.00268526,0.0416565,0.0174896,0.043645,1,0.100985,1
1763,0.248853,-2.89672,-0.0709821,6.01647,0.0074326,-0.000180785,0.0336859,-0.0187022,-0.0457041,1,0.100982,1
1764,-0.806507,-2.59597,-0.601392,0.787789,0.0214339,-0.00588378,0.0439708,-0.000491646,0.0370173,1,1.95481,0
1765,-0.841027,-1.89023,0.38849,9.9083,-0.0136161,-0.00794458,0.031375,-0.00919404,-0.0153712,1,0.100755,1
1766,-0.583165,-2.75394,-0.689123,0.0107208,-0.0137176,-0.000933177,-0.0170388,0.0131744,0.0495736,1,inf,0
1767,-0.969532,-0.372748,0.140514,6.95652,-0.00367582,0.00887319,0.0453992,0.00307843,0.00498141,0,inf,0
1768,-0.010106,-2.10558,-0.195782,4.23596,-0.0174101,-0.0080228,0.00262459,-0.00474684,0.0160975,1,0.791163,0
1769,0.50014,-1.94565,0.403377,1.86686,0.00528259,-0.00309514,0.0357872,0.0125675,-0.023473,1,0.100826,1
1770,0.000118073,-0.455356,-0.076474,4.62131,-0.0200002,-0.00286767,-0.0364285,-0.00781659,0.0407577,0,inf,0
1771,-1.10111,-2.61461,0.468386,1.3569,0.0129849,-0.00608753,-0.0333435,-0.00479505,-0.038746,1,1.67418,0
1772,0.628693,-0.906696,0.126791,0.0151952,-0.0240214,-0.00092648,-0.00411068,0.00149139,0.0453424,0,inf,0
1773,0.713855,-2.88768,0.835702,0.0166819,-0.0020945,-0.00167265,0.0399902,0.0148857,0.0213964,1,2.13564,0
1774,-0.00980971,-0.41955,-0.460953,0.112901,-0.0120766,-0.00830977,-0.0240642,-0.0202455,-0.0384019,0,inf,0
1775,-1.43206,-2.47943,0.139318,0.93551,0.0129642,0.00525302,0.00493781,-0.0120372,0.0360446,1,2.25439,0
1776,-0.979876,-2.66615,-0.432643,0.156416,-0.00118085,0.00438209,-0.040023,-0.00971937,-0.0105119,1,5.66107,0
1777,-0.0767231,-2.27526,0.59091,0.965496,-0.006613,0.00084477,-0.0356952,0.0172039,0.0197828,1,0.7549,0
1778,-0.75802,-2.57934,-0.639454,0.0931365,-0.00306152,-0.00545837,-0.0165044,-0.0122971,0.034366,1,6.68662,0
1779,0.592699,-1.99549,-0.488385,0.0218069,0.0119124,0.0069063,0.00667564,-0.0160245,-0.0480247,1,2.77828,0
1780,-1.06182,-0.571321,0.840629,0.843703,0.013702,-0.00517345,0.0317885,0.0121275,0.00960396,0,inf,0
1781,-0.721219,-2.91856,0.187126,4.609,0.0227241,-0.00623139,0.0489956,-0.0107615,0.00708281,1,0.552882,0
1782,-0.705605,-1.17662,0.559378,1.35172,-0.0161961,-0.000591195,0.0021981,-0.00219618,0.000127154,1,0.62442,0
1783,0.386219,-1.75353,0.0284673,0.170389,0.0017691,-0.00158929,0.0275413,-0.0205419,0.036807,1,0.100826,1
1784,-1.48579,-2.19612,-0.828719,1.11623,0.00522015,-0.00387272,-0.044507,0.0177759,-0.0444935,1,1.96553,0
1785,-1.37892,-1.82843,0.715502,0.0896311,-0.0168491,0.00594154,0.00527033,0.00430427,0.0403152,1,7.59982,0
1786,-1.24409,-2.5275,-0.805698,1.93201,0.0113155,-0.00479853,0.0313769,-0.0135233,-0.0256284,1,1.37184,0
1787,-1.22314,-2.94467,-0.645931,0.131034,-0.0196674,-0.0022535,0.0370292,-0.0170147,0.033598,1,7.06905,0
1788,-1.26446,-1.51855,-0.451744,0.0454304,0.0243237,0.00445305,0.0487083,0.0105812,-0.0218019,1,9.69378,0
1789,0.995854,-2.77033,0.215176,2.62343,0.0244484,0.00801665,-0.015609,-0.0162837,0.0274035,1,0.100995,1
1790,-1.02721,-1.06209,-0.121276,2.32975,0.00231715,0.00416354,-0.0349007,0.0114192,-0.041679,0,inf,0
1791,0.781743,-2.41936,0.290975,2.12629,-0.0169938,0.00801814,-0.0471729,0.016358,-0.0353345,1,0.10101,1
1792,0.194808,-0.472028,0.512255,0.348139,-0.00718075,0.00416436,0.0419321,-0.0159493,-0.046459,0,inf,0
1793,-0.12143,-0.35275,-0.0656704,4.5256,-0.024249,0.00698025,0.00246527,0.000617713,0.0274135,0,inf,0
1794,0.864207,-2.50586,-0.837679,0.478908,-0.0129149,0.00329345,-0.0232189,0.00489523,0.0384995,1,0.100988,1
1795,-0.149921,-1.01737,0.970427,0.0870279,0.0215602,-0.00171236,-0.00271859,-0.0144071,0.0274745,1,0.214632,1
1796,-1.31642,-1.72143,-0.0889808,0.204774,0.0158024,0.00754143,-0.0430262,0.0190955,0.0481062,1,4.6529,0
1797,0.0364653,-2.55172,-0.512153,0.100005,0.00389346,-0.00819433,0.0170108,0.00309952,-0.0425981,1,3.45108,0
1798,0.772199,-1.18166,-0.586177,0.234882,0.00844295,-0.00437469,-0.00732425,-0.00661832,0.0425265,0,inf,0
1799,-0.161544,-2.61652,0.837648,0.334561,0.0043444,-0.00526278,-0.0222656,-0.014777,-0.00347019,1,2.25288,0
1800,0.955084,-2.83737,-0.225846,1.62506,-0.00121879,-0.00544918,-0.0229197,0.000945749,0.0103705,1,0.100947,1
1801,-0.126802,-0.461812,-0.266488,5.80067,0.0126899,0.00126624,-0.0312558,0.0145644,-0.0346632,1,0.101006,1
1802,0.383494,-0.447303,0.463942,0.0346184,0.0201266,0.00857084,-0.00726093,0.0128097,0.0301359,0,inf,0
1803,-1.28714,-0.973746,0.00524116,1.0806,0.00323305,0.00741213,0.0140479,0.0111024,-0.0181783,0,inf,0
1804,0.62047,-0.386341,-0.0960065,0.0343445,0.0221688,0.00524498,-0.0320288,0.000747218,0.0457123,0,inf,0
1805,-0.596605,-2.67876,-0.823738,3.51665,-0.00824981,0.0032097,0.0237483,-0.0128038,0.0250994,1,0.533938,0
1806,-1.13317,-2.34936,0.0419936,3.19884,-0.00201014,-0.00872281,0.0324252,0.0172456,-0.00105237,1,0.817157,0
1807,0.992754,-1.30114,0.364693,1.47747,0.00108833,-0.00122799,-0.00530978,-2.1768e-05,0.0127579,0,inf,0
1808,-0.618286,-2.31619,-0.955776,0.100718,-0.0105949,0.00270625,-0.00655196,-0.0130407,-0.042857,1,5.61511,0
1809,0.0254646,-2.61765,0.0627791,0.0606887,0.0159974,-0.00613539,-0.0324501,0.00331704,0.0374824,1,4.7818,0
1810,-0.92549,-0.606071,-0.204837,0.718672,0.0152074,0.00240575,0.0247365,-0.0133369,-0.0391433,0,inf,0
1811,-0.64556,-1.1837,0.0882774,8.91577,-0.0149353,0.0050096,0.0316155,0.00574655,-0.0188973,1,0.100944,1
1812,0.786504,-2.14313,-0.0289782,0.15842,-3.49203e-05,0.00814596,0.041672,0.00184174,0.0201337,1,0.101046,1
1813,0.152861,-1.8013,0.56316,1.64884,-0.0061872,-0.00756461,-0.0355177,0.00992785,-0.0236367,1,0.100896,1
1814,0.442315,-2.16008,-0.266846,0.179281,-0.0168059,0.0032316,0.0478236,-0.00670022,0.00231686,1,0.10101,1
1815,-0.254259,-2.20212,0.0936547,5.19762,-0.00724389,0.00662855,-0.0219374,-0.00225209,0.0107545,1,0.100968,1
1816,0.832903,-0.794285,-0.907152,0.108341,0.00389766,0.00132781,-0.0247471,0.0104275,0.0215167,0,inf,0
1817,-0.0382072,-2.90823,0.0837616,0.0319336,-0.0121347,-0.00362237,0.0407938,-0.00898491,-0.0364233,1,8.43831,0
1818,0.288858,-0.931652,-0.56286,0.122408,-0.00102538,0.00518342,0.0122112,0.0205505,0.00268388,1,0.319641,0
1819,0.334781,-2.49431,-0.852132,0.0589786,0.00109303,0.00416194,-0.0305314,-0.00756724,-0.0388113,1,inf,0
1820,-0.633354,-1.90612,-0.547615,0.214096,0.0120964,0.00794937,-0.0100704,-0.00192469,0.000926374,1,3.23014,0
1821,-1.20477,-1.6054,-0.223947,0.0384158,-0.021364,0.000894672,0.0375665,0.0100353,-0.0175024,1,10.4975,0
1822,0.712856,-2.97219,0.433752,0.255217,-0.0179176,-0.00867221,-0.00416043,0.0116811,0.0192326,1,0.100985,1
1823,0.886589,-2.31332,-0.240676,0.156313,0.0112607,0.00450034,-0.0477432,0.00735151,-0.046824,1,0.251748,1
1824,-0.9881,-1.36144,-0.7067,0.0940005,-0.0168611,-0.00423665,0.0317142,0.0199648,-0.0135196,1,5.4475,0
1825,-0.531372,-1.99149,-0.650217,0.262493,0.00906642,-0.00267314,0.0258051,0.00976224,0.0034456,1,2.64488,0
1826,-0.711695,-2.46802,0.00394671,0.0520976,0.0125228,-0.00140129,-0.00133863,0.00385871,0.0281664,1,8.67157,0
1827,0.790353,-0.840967,0.714867,1.11519,0.0215016,-0.00688985,-0.0472766,0.0163363,-0.0354529,0,inf,0
1828,-0.293656,-0.791111,0.67514,3.5252,-0.0121642,0.00703242,0.0446809,-0.0137199,-0.0410214,1,0.10099,1
1829,-0.283477,-2.19584,0.501332,0.877077,0.023976,0.00629605,0.000915806,0.00296886,0.0300697,1,1.00379,0
1830,0.261422,-2.48221,-0.23489,0.0504765,0.0150096,-0.0075243,-0.0257742,-0.0130771,0.0282978,1,2.52927,0
1831,0.681379,-2.01566,-0.508967,7.32611,0.024739,0.00628681,0.0416602,-0.00409716,0.0493249,1,0.100819,1
1832,0.00804579,-0.70154,-0.53515,0.0151358,-0.0129276,0.00411298,-0.00480241,-0.00368198,0.0164852,1,0.101031,1
1833,-0.530358,-2.10992,-0.985874,0.822572,0.000771213,0.00641177,0.0304768,-0.000744876,0.0210507,1,1.36366,0
1834,-0.650349,-0.405024,-0.838802,0.0642137,0.0223639,0.00496865,0.0282418,0.011656,0.00216976,0,inf,0
1835,0.0931176,-2.31989,-0.066799,0.16152,0.0182659,0.00601175,-0.0222358,0.014865,0.0468808,1,1.80006,0
1836,0.283445,-0.485109,0.60134,4.22291,0.00287771,0.0040621,0.00634589,-0.0188456,0.0359573,0,inf,0
1837,-1.07755,-1.11563,-0.770148,0.566016,0.00352217,-0.0037929,0.00277456,0.00174388,-0.04821,0,inf,0
1838,0.695162,-1.42339,-0.173865,0.0874796,-0.0196901,-0.00786962,0.0157332,-0.0109707,0.0360698,1,0.792005,0
1839,-0.805886,-1.21916,-0.905794,0.0513872,-0.0105969,-0.00299274,-0.00769287,0.00247528,-0.0324656,1,6.06491,0
1840,-0.52623,-2.76485,-0.200151,6.25538,-0.00499874,0.00465835,0.00771329,-0.00273034,0.0362584,1,0.274365,1
1841,0.168369,-1.96588,0.0450723,1.30319,-0.00584643,0.00312955,0.0404071,-0.000662652,-0.0229959,1,0.10101,1
1842,-1.21768,-2.65241,0.466253,3.31188,-0.00421002,0.00448342,0.0317163,-0.0147521,0.00353198,1,0.857767,0
1843,0.162204,-1.43627,0.0202423,1.11553,0.0196446,-0.00263313,0.00823862,0.00371728,0.0229683,1,0.100847,1
1844,-0.222197,-2.04495,0.594204,0.0942118,0.00591687,-0.0012602,-0.0385827,-0.00834002,0.0130315,1,3.56069,0
1845,-1.43276,-2.42418,0.77085,0.134224,0.00829277,-0.00822168,-0.0156729,-0.0191147,-0.0175373,1,6.88456,0
1846,0.53075,-1.24396,0.205642,3.16824,-0.000524128,0.00857627,0.00534121,1.64033e-05,0.0480396,1,0.101003,1
1847,-0.373614,-2.89722,-0.0939841,0.0808947,0.00178218,0.00257406,-0.00611414,-0.00160624,-0.0197301,1,6.46589,0
1848,0.509172,-2.83218,0.312271,0.0199007,-0.0114915,0.00245252,0.0442679,-0.00760348,-0.0230885,1,2.20568,0
1849,-0.995345,-1.41392,0.211446,0.026132,-0.0230784,-0.00250404,-0.0200802,-0.00761369,-0.00907163,1,10.8848,0
1850,0.416717,-0.330296,-0.944855,0.0625378,-0.00079761,0.00526054,0.0494026,0.0202586,-0.035543,0,inf,0
1851,0.33549,-2.0608,0.0667345,0.0800139,-0.00332645,-0.00142721,-0.0335396,-0.0100467,0.048222,1,0.145512,1
1852,-0.10101,-2.22655,0.290848,0.0123002,0.0027856,-0.00294351,0.0273099,-0.0187483,-0.00749522,1,10.208,0
1853,-0.341266,-0.367376,-0.707096,0.16514,0.0173319,0.00592494,-0.0467394,-0.00835172,0.0358689,0,inf,0
1854,-1.13136,-1.31532,-0.679668,0.137384,-0.0032486,-0.00796154,-0.00215554,-0.0164564,0.00244478,0,inf,0
1855,0.744895,-2.504,0.7523,3.6664,-0.00988178,-0.00167497,-0.0210843,-0.0124898,-0.0330181,1,0.100998,1
1856,0.711953,-0.314892,0.0908364,1.32132,-0.0216331,0.00217377,0.0389588,-0.0175703,0.00877162,0,inf,0
1857,0.233064,-2.81256,0.85845,0.0104197,-0.0133165,-0.00317128,0.0380884,-0.0117994,0.0393128,1,10.3996,0
1858,0.322835,-2.80183,-0.725461,0.566117,0.0180698,-0.00339597,0.0435918,-0.00976747,0.028396,1,0.749111,0
1859,0.542376,-1.15548,0.30315,0.635638,0.0239968,-0.00453282,-0.00137083,-0.0014331,0.0295472,1,0.100972,1
1860,-1.04462,-2.15248,0.765458,0.302504,-0.0215034,-0.00748763,0.044078,0.010367,0.0463954,1,3.67356,0
1861,0.696825,-0.657646,0.962795,2.57542,-0.0119026,0.00177942,-0.00674504,-0.000550752,0.0480806,0,inf,0
1862,-0.164837,-2.97334,0.797346,0.016276,0.0213102,-0.00400038,0.00647369,-0.00699064,-0.040661,1,13.5134,0
1863,-1.4035,-2.66131,0.391725,0.106007,0.00790374,0.00362542,0.0321538,0.0124964,0.0357512,1,7.99812,0
1864,0.245057,-2.27325,0.993686,0.565785,-0.0187533,-0.00863718,-0.0107037,0.00602361,0.00386333,1,inf,0
1865,0.875167,-0.603215,0.77882,0.0922265,0.013851,0.000357173,-0.0456138,0.0136788,0.0290619,0,inf,0
1866,0.514834,-1.62264,-0.927611,0.270252,-0.0086053,-0.00529376,0.0171762,0.0160027,-0.0221759,1,0.101019,1
1867,-0.139092,-1.49899,0.922127,0.0106673,0.00581141,-0.00541881,-0.009366,0.00190002,0.0343776,1,10.1483,0
1868,0.193504,-0.864641,0.234691,0.692617,0.0136026,0.00585907,0.0116121,0.0135552,-0.0383964,1,0.10101,1
1869,0.494655,-1.54152,-0.24337,0.377836,0.000316923,-0.00311196,-0.0261837,-0.0159003,-0.0355436,1,0.100991,1
1870,-0.0414988,-0.368291,0.323917,0.0131832,-0.00569258,0.0083441,0.0336603,0.00216364,-0.04449,0,inf,0
1871,-0.0695851,-2.31588,0.961361,0.318577,-0.02468,0.00673761,-0.0408671,0.0023498,0.0461259,1,1.72848,0
1872,0.834733,-2.7196,-0.41133,0.278962,-0.0182474,-0.0057791,-0.0267105,0.0163652,-0.00572714,1,0.100988,1
1873,-0.552732,-2.5968,0.488302,0.0247943,-0.00359395,-0.00555033,-0.0418454,0.00898861,0.0222173,1,12.1894,0
1874,0.147488,-2.5413,-0.143643,0.0794475,0.00419801,-0.00623594,0.0463508,0.00959352,-0.0154576,1,3.08043,0
1875,-0.492294,-2.26885,-0.890291,0.11212,0.00511711,0.000352763,-0.00641347,-0.00329506,0.00957112,1,4.7322,0
1876,-0.18253,-0.377795,0.78321,8.51091,0.00256963,-0.00375509,0.0387593,0.00142045,0.0274729,0,inf,0
1877,0.424959,-1.96528,-0.493535,0.0735307,-0.00276182,0.00189813,-0.0182034,0.0177205,-0.0411592,1,0.100765,1
1878,0.18858,-2.71266,-0.369021,0.216182,0.0100161,0.00843339,0.00402657,0.0144658,-0.0174796,1,1.85938,0
1879,-1.03332,-2.68471,-0.782886,0.132209,-0.0216665,-0.0078018,0.0269333,0.0183917,-0.0429244,1,6.34514,0
1880,-1.01039,-1.22236,0.38637,0.0872307,-0.00572288,0.00262835,0.0282756,0.0182806,-0.0188634,0,inf,0
1881,0.893912,-2.16648,0.222612,4.85398,-0.0104113,0.00848833,0.0172706,0.00786589,-0.0134792,1,0.101011,1
1882,-0.00417568,-2.16008,0.748936,0.0214791,-0.0199775,0.00244115,0.0198841,0.0127613,0.0157113,1,inf,0
1883,-0.818165,-2.24764,-0.128697,9.42325,0.0049777,-0.000723504,0.0361618,0.0027769,-0.00760734,1,0.100835,1
1884,0.868139,-2.51366,0.239495,0.805012,-0.0092526,-0.00224829,-0.0437579,-0.0181982,-0.048539,1,0.10099,1
1885,0.0953818,-2.0271,0.522888,2.1046,-0.00246447,0.00790669,-0.0416511,0.0107876,0.0395278,1,inf,0
1886,-0.494789,-0.679344,-0.950174,0.318377,-0.0105621,0.00130548,-0.0110373,0.00578881,0.0386843,0,inf,0
1887,0.247867,-1.44544,0.649411,0.164397,0.00153937,-0.00605443,0.0338485,-0.00257079,0.0280431,1,0.101039,1
1888,0.237251,-2.77919,-0.809292,0.985264,0.0135223,-0.00493888,-0.0159844,-0.0204653,0.0398566,1,0.588972,0
1889,-1.06395,-1.04933,0.118455,0.270365,-0.0228485,0.00716448,-0.00280158,0.00274382,0.0262362,0,inf,0
1890,0.0720442,-1.31241,-0.614485,0.505572,0.0244619,0.00792059,0.0101499,-0.015202,-0.045499,1,0.100985,1
1891,-0.432751,-0.784969,-0.0205348,0.588449,-0.0110452,-0.000267809,-0.00333573,-0.00271888,0.0305642,1,0.100985,1
1892,0.223488,-0.647889,0.931602,7.91509,-0.00895278,0.00733595,0.046149,-0.01166,-0.0330978,0,inf,0
1893,0.266706,-1.47105,0.781062,0.0966567,0.00225365,-0.00227741,0.01509,-0.00122429,-0.00915481,1,0.101054,1
1894,-0.589827,-1.0728,0.894233,1.77367,0.0218028,0.00172639,-0.0110218,-0.00383639,-0.0449718,1,inf,0
1895,-0.537726,-1.06442,-0.802078,5.36721,-0.0207276,0.00854805,-0.0287716,-0.00372615,-0.0112826,1,0.191991,1
1896,-1.08993,-1.30662,-0.452159,0.109503,0.0223651,0.00348773,-0.0279637,0.0117328,-0.0149498,0,inf,0
1897,-1.19602,-0.764475,0.884521,0.280832,0.0129207,0.000453497,-0.0340507,-0.0183265,0.0423822,0,inf,0
1898,0.26788,-1.15327,0.789245,0.0181619,0.00482015,-0.00410938,0.0467749,0.0109751,-0.00920554,1,2.46773,0
1899,0.0860574,-0.94358,0.873246,0.0502282,-0.0180955,-0.00812302,-0.0485872,0.00499067,0.0202387,1,1.58469,0
1900,0.46631,-2.81315,-0.555673,1.15259,0.00437421,-0.00743849,-0.0238578,-0.0106343,0.0438542,1,0.466698,0
1901,-0.0230964,-0.794367,0.529955,2.10345,-0.0181107,-0.00592587,0.0320987,-0.00858213,0.00401284,1,0.101037,1
1902,-0.0851352,-0.852433,0.616546,0.0287899,-0.0159047,0.00366573,0.0100783,-0.00571665,0.026521,1,1.44803,0
1903,-0.791737,-1.87923,-0.442502,0.352313,0.00548699,-0.0010915,0.0338703,-0.0153663,0.0053241,1,2.69482,0
1904,-1.05365,-1.05762,-0.225352,0.886427,-0.0199265,-0.00594825,-0.0428212,-0.00693648,-0.00972782,0,inf,0
1905,-0.0877749,-2.4145,-0.955027,0.766505,-0.0144862,0.00735582,-0.0210573,0.00715543,0.0220732,1,1.05513,0
1906,-0.179866,-1.37755,-0.180027,0.244004,-0.0106938,-0.00394253,-0.0452004,0.0118198,-0.0141666,1,0.100985,1
1907,-0.919067,-1.84132,0.995201,0.0550947,0.0224528,0.00105805,0.0471245,0.0140241,-0.0238515,1,8.00872,0
1908,-0.589463,-0.833117,-0.881059,0.557321,-0.00992747,-0.00337504,-0.0382105,0.010073,-0.0402264,0,inf,0
1909,0.29188,-1.1811,0.249299,0.113354,-0.0182759,-0.00300571,-0.0326972,-0.0132809,-0.0413831,1,0.189355,1
1910,-1.23053,-1.2138,0.878498,0.117726,-0.0132145,0.00111265,0.0125081,0.0159246,-0.00108694,0,inf,0
1911,-0.121695,-2.07844,0.308374,1.1721,-0.0196804,-0.00756064,0.0113922,-0.0201674,0.0367224,1,0.520663,0
1912,0.449657,-0.364807,0.381105,4.73195,-0.00922744,-0.00318911,0.0483783,-0.00500231,-0.0362301,0,inf,0
1913,-0.20457,-1.87356,0.858138,0.242496,0.0110337,0.00471016,-0.00234963,0.00695885,-0.0410964,1,1.70716,0
1914,-0.183576,-1.88897,-0.217552,0.0592706,-0.0126823,0.00398992,0.000694473,0.0137897,0.00517942,1,3.78913,0
1915,0.840662,-1.24839,0.977591,0.10024,-0.0199276,0.00718062,0.0275152,0.01165,-0.00872679,0,inf,0
1916,0.870799,-2.86468,-0.422211,0.0621692,-0.0141473,-0.00339992,0.0160436,-0.0119265,-0.0110468,1,0.100843,1
1917,-1.02215,-1.70936,0.920365,0.958958,0.0246891,-0.00724556,-0.0143364,-0.0158948,0.0312219,1,1.59075,0
1918,0.508698,-2.61332,0.0856318,0.011805,-0.0204527,-0.0021769,-0.0358878,-0.00737952,-0.0414984,1,0.487713,0
1919,-1.19288,-1.48859,0.687576,0.011123,-0.019529,-0.00252206,0.0143885,0.00100077,-0.0276478,1,inf,0
1920,0.347466,-0.577598,0.761016,3.56439,0.0241426,-0.00373531,-0.0205358,-0.00833762,-0.0166942,0,inf,0
1921,0.134836,-1.83716,-0.314496,0.749128,-0.00291739,0.000599138,0.00161631,0.0194536,0.0188747,1,0.100985,1
1922,-0.960881,-1.55313,-0.429946,2.16694,-0.00616163,0.00837741,-0.0337862,0.0066053,0.00136874,1,0.744388,0
1923,-1.1263,-2.56789,-0.0311738,1.15224,-0.0194227,-0.00451198,-0.0116248,0.00782422,0.012921,1,1.85921,0
1924,0.603767,-0.785852,-0.341284,3.40623,-0.0163596,0.005511,0.000992903,0.0191688,0.0070155,0,inf,0
1925,0.866703,-0.964149,-0.218104,0.833209,-0.0224309,-0.00153869,-0.0418755,0.000300659,0.0202609,0,inf,0
1926,-0.0476503,-2.36383,-0.991523,0.502745,-0.0016059,0.00754978,-0.0287135,-0.00312642,-0.0147177,1,1.20974,0
1927,-0.571056,-1.2617,-0.377435,0.0737721,0.0105931,-0.00725269,0.0224263,0.000140139,-0.0428978,1,3.85932,0
1928,-1.15623,-0.988478,0.190022,1.06781,0.0216259,0.00538952,-0.0283863,-0.0078477,-0.023822,0,inf,0
1929,-1.04866,-0.543521,-0.490622,0.0117808,-0.00927108,0.0059223,-0.0146365,0.00135516,0.0296339,0,inf,0
1930,0.431199,-2.42177,0.498557,0.130747,0.00963247,0.00299452,0.0399264,0.0147469,-0.0369468,1,0.100991,1
1931,0.122038,-1.36055,-0.699966,0.0704779,-0.00018503,0.00725466,-0.0323979,0.00259968,-0.0148944,1,0.100908,1
1932,-1.05894,-1.64267,0.0765629,0.790449,0.0052421,-0.00688588,-0.0275808,-0.0135549,0.0220042,1,1.75343,0
1933,0.206545,-1.09295,-0.839336,0.0214404,-0.0139674,-0.00566969,0.00195858,-0.0144526,0.0247617,1,1.15374,0
1934,0.585562,-1.62671,-0.531729,0.332527,-0.0169647,-0.00622438,0.0300527,-0.0104384,0.00184466,1,0.10091,1
1935,-0.104587,-1.64627,-0.135357,0.0516108,-0.0112984,0.00174616,-0.0210407,-0.0125988,-0.0484576,1,inf,0
1936,-0.0274054,-2.77129,-0.0700201,0.34601,0.0209896,0.00600101,-0.019117,-0.0136197,-0.0378551,1,2.11457,0
1937,-1.09274,-2.76004,-0.897037,8.44531,-0.0201829,-0.00789585,0.0187899,0.000776002,0.0494163,1,0.354394,0
1938,-0.230583,-2.32777,0.221515,1.19428,0.00567083,0.00813581,0.0473531,0.00863591,-0.0139706,1,0.770315,0
1939,0.322263,-2.69426,0.594459,8.70934,0.00707846,0.00593291,0.0244755,-0.0149177,-0.0297545,1,inf,0
1940,-1.03914,-2.02693,-0.264806,3.91165,-0.00591285,0.00635168,0.0215939,0.0134638,-0.0317753,1,0.486,0
1941,0.31928,-2.96354,0.491544,0.0693854,0.0166745,0.00621163,-0.00476019,-0.00587839,0.0279535,1,3.67858,0
1942,0.559208,-2.80426,0.229855,8.61471,0.0142367,0.00689171,0.0374121,0.0169996,0.0149782,1,0.100995,1
1943,-1.19407,-2.7317,0.504919,1.55079,0.00310135,-0.00768459,-0.0430965,0.0186853,-0.0152982,1,1.55068,0
1944,0.415883,-1.70761,-0.598181,0.167102,-0.0143397,0.00447659,-0.04856,0.0128895,-0.0433199,1,0.100909,1
1945,-1.01447,-2.78002,-0.137729,0.0338654,0.0030104,-0.00481928,-0.0174035,-0.00851151,-0.0413921,1,13.0728,0
1946,0.0925811,-0.494159,-0.791111,5.10065,-0.0167962,0.000399152,-0.0033157,-0.00738754,-0.0298288,0,inf,0
1947,-0.672078,-2.85968,0.12094,0.0158268,0.0212307,-0.00373339,-0.00978328,-0.00351173,0.0453874,1,17.1023,0
1948,0.327574,-2.44064,-0.0866769,0.012176,-0.0189494,0.00368602,0.00381428,-0.0190763,0.0362353,1,inf,0
1949,-0.138402,-1.83618,0.982156,0.0466698,0.0118769,0.00889264,-0.0262688,-0.0147491,-0.00410582,1,3.60662,0
1950,0.644291,-0.609042,-0.0448104,0.235389,-0.0117948,-0.00879685,0.0283486,0.000324135,0.0117584,0,inf,0
1951,-0.457886,-0.887853,-0.825945,0.0106971,0.0103684,-0.00822294,0.0117962,-0.0107725,-0.0307408,1,13.95,0
1952,0.241025,-2.2478,-0.730884,0.422274,-0.0145165,-0.00284019,0.0102435,-0.00908691,-0.0366591,1,inf,0
1953,-1.32632,-1.37675,-0.0979049,0.107214,-0.00998737,-0.00716672,0.00947924,-0.0112706,-0.00729145,0,inf,0
1954,0.681675,-1.08462,-0.787163,0.0107578,0.00676675,-0.000619747,0.0106657,0.00455708,-0.0483432,0,inf,0
1955,-1.30855,-1.76656,0.402603,0.191345,-0.0144505,-0.00347056,-0.00627323,0.000848267,0.0356628,1,4.86488,0
1956,-1.23928,-0.746152,-0.0548229,0.0175313,-0.0122526,0.0042842,-0.0425038,-0.0128626,-0.0218533,0,inf,0
1957,-0.579581,-1.76046,-0.372581,0.0186624,-0.00482361,0.00568703,0.0425677,0.0161143,0.00923373,1,10.8695,0
1958,0.251044,-2.62992,-0.992335,0.0848733,0.000281171,0.00693715,0.0433802,0.0153301,-0.0318924,1,2.48114,0
1959,-0.717471,-2.98792,0.623216,0.0275846,0.0148308,0.00545497,-0.0373417,-0.00765224,-0.0279926,1,13.5662,0
1960,0.487643,-2.11848,0.430675,0.0864684,-0.024661,0.0040337,0.0430501,-0.0109008,0.000467681,1,0.149846,1
1961,-0.428019,-1.59079,0.786548,0.141435,-0.0150937,-0.00521911,0.0105619,-0.014515,0.00126842,1,2.62644,0
1962,0.556815,-0.826856,-0.839011,3.15779,-0.0205837,0.00596632,0.0120213,-0.0174275,-0.00836163,0,inf,0
1963,0.900243,-0.650406,-0.897196,0.302727,0.0129396,-9.81095e-05,0.0228197,-0.00741279,-0.0308861,0,inf,0
1964,-1.19619,-1.1402,-0.210997,0.286741,0.0243387,-0.00612853,-0.0255131,0.0122793,-0.012155,0,inf,0
1965,0.714542,-2.54602,0.592037,6.11191,-0.0142168,0.00177222,0.0410461,0.0118223,0.0396577,1,0.100986,1
1966,0.321206,-2.27867,0.955455,1.84514,0.00951479,-0.00635634,0.0399205,0.0194603,0.0282966,1,0.100986,1
1967,-0.173869,-0.37577,-0.502383,0.066263,-0.00471999,-0.00629244,-0.0338408,-0.00766687,0.0227462,0,inf,0
1968,-0.0544059,-2.45628,-0.243892,0.183489,0.0193925,0.00882595,-0.0289007,-0.0082702,-0.0362937,1,2.61578,0
1969,-1.28585,-0.34201,0.714669,6.513,0.0111382,0.00303621,-0.0205995,-0.0125616,-0.000239557,0,inf,0
1970,-0.813019,-2.08489,-0.558905,0.11045,-0.0148124,-0.000934912,0.0102981,0.0153641,-0.00311156,1,5.59081,0
1971,0.158314,-2.89107,0.529792,0.65579,-0.0215026,0.00735769,-0.0268259,0.0123118,-0.0290786,1,1.14152,0
1972,-0.332109,-2.71584,0.0168648,0.0100433,-0.0118488,0.00222964,-0.0345195,0.00589322,0.0429269,1,17.6856,0
1973,0.172917,-1.54281,0.0328274,0.747298,-0.00927671,0.00629241,0.0350436,-0.0182484,-0.0328744,1,0.10099,1
1974,0.140906,-0.832368,-0.787241,0.186413,0.0236821,-0.000184394,-0.0332103,0.0196936,-0.0328325,1,0.113485,1
1975,-0.511509,-2.44146,-0.559311,0.0475124,-0.00338604,0.00763286,0.0112263,0.00115174,0.0056187,1,8.08339,0
1976,-0.934917,-2.44211,0.0415125,0.81932,0.00890151,-0.00334582,-0.0347787,-0.0174466,-0.0340579,1,2.07784,0
1977,0.096344,-1.69045,-0.115593,0.4095,-0.0232083,0.00889065,0.024908,0.00463544,0.000444008,1,0.100987,1
1978,-0.0397559,-2.08637,0.456866,0.147217,0.0249617,0.00251863,-0.0130658,0.016311,-0.0264835,1,2.0044,0
1979,0.232995,-2.75013,0.564294,0.298313,0.00178968,-0.00889697,-0.023012,-0.00629468,0.0441571,1,1.46875,0
1980,0.235796,-2.63568,-0.0885131,0.0565701,-0.0143829,0.00291301,0.00689127,-0.0165583,0.0356573,1,3.47488,0
1981,-0.716955,-2.45558,-0.842773,6.70225,-0.00241388,0.000893861,-0.0315789,0.00676988,0.0431193,1,0.277918,1
1982,0.965001,-0.341121,0.84708,2.01465,-0.0197628,0.00831008,0.0492127,0.0132613,0.0498613,0,inf,0
1983,-0.707481,-1.60652,0.557903,8.45524,-0.0173746,0.00117564,-0.00611041,-0.0102954,0.040202,1,0.100981,1
1984,-0.665335,-1.86726,0.203548,0.123019,-0.00541718,0.00519315,0.0270665,-0.00651008,0.0204425,1,4.44151,0
1985,-1.43988,-2.85843,0.75985,0.811664,-0.00930724,8.50462e-05,0.0141063,-0.0132626,-0.0497722,1,2.69263,0
1986,-1.46207,-1.51334,-0.406364,4.26324,-0.00562286,0.000866035,0.0326738,-0.0167875,-0.0208818,0,inf,0
1987,0.656932,-1.88625,0.712934,1.44131,-0.00143668,-0.00616802,0.00242988,-0.0121311,0.0207968,1,0.100765,1
1988,-0.676994,-1.16588,-0.528678,0.623672,0.0229361,0.00630565,0.0419902,0.0107153,0.0395339,1,1.08353,0
1989,-0.501519,-1.60091,-0.507008,1.16025,-0.00506847,0.00470701,0.0218348,0.000829906,-0.0354665,1,0.721492,0
1990,-1.49206,-2.33664,0.422675,0.0170295,0.0197218,0.00409675,0.0234181,0.00412832,0.04351,1,inf,0
1991,0.360071,-1.44808,-0.988472,0.0766416,0.0112567,0.00141958,0.0165627,0.0108852,-0.024872,1,0.238119,1
1992,-1.2679,-2.46249,0.388954,0.0178386,0.018378,-0.00882163,0.00504411,-0.00963342,-0.00484718,1,inf,0
1993,-0.426569,-2.19627,0.0724113,0.0397507,-0.0195376,0.00260012,0.0177317,-0.00755049,-0.037897,1,7.70496,0
1994,0.920023,-0.842946,0.119163,0.548376,-0.0163126,0.00385746,-0.0235951,-0.0172539,-0.0105942,0,inf,0
1995,0.789639,-0.989598,0.998465,0.0138348,0.021816,-0.00206893,-0.0430953,0.00239737,-0.0382844,0,inf,0
1996,0.0923262,-0.555258,-0.837993,0.714692,0.0140288,0.00442539,-0.007264,0.011783,-0.0345459,0,inf,0
1997,-0.975839,-2.35048,0.391272,4.60776,0.0219407,-0.00645433,0.0399274,-0.0174032,0.00894227,1,0.548828,0
1998,0.0358235,-2.94383,0.00730919,2.28093,-0.0239786,0.00289784,0.0262624,0.00490219,-0.0111441,1,0.504743,0
1999,0.391896,-0.48877,0.32195,0.16851,-0.0198982,0.00619245,0.0226289,0.012731,-0.0277476,0,inf,0
