delta1,alpha2,kappa,B0,alpha1,alpha3,grid_shape,t_end,dt,scheme,bc,error,run_status,error_message,solver_exit_code,P_max,P_max_time,P_final,wall_time_s,C0,A,log10_A,P_valid
-1.0,-3.0,1.0,0.0001,0.0,1.0,256,50.0,auto,auto,periodic,"Simulation diverged at t=0: eigenvalue Re(λ)=5.356e+00 predicts growth factor 2.00e+116 over Δt=50.0, exceeding threshold 1e+08. The system is physically unstable.",diverged,"Simulation diverged at t=0: eigenvalue Re(λ)=5.356e+00 predicts growth factor 2.00e+116 over Δt=50.0, exceeding threshold 1e+08. The system is physically unstable.",-1,,,,,,,,false
-1.0,-2.8684210526315788,1.0,0.0001,0.0,1.0,256,50.0,auto,auto,periodic,"Simulation diverged at t=0: eigenvalue Re(λ)=2.221e+00 predicts growth factor 1.70e+48 over Δt=50.0, exceeding threshold 1e+08. The system is physically unstable.",diverged,"Simulation diverged at t=0: eigenvalue Re(λ)=2.221e+00 predicts growth factor 1.70e+48 over Δt=50.0, exceeding threshold 1e+08. The system is physically unstable.",-1,,,,,,,,false
-1.0,-2.736842105263158,1.0,0.0001,0.0,1.0,256,50.0,auto,auto,periodic,"Simulation diverged at t=0: eigenvalue Re(λ)=5.132e+00 predicts growth factor 2.76e+111 over Δt=50.0, exceeding threshold 1e+08. The system is physically unstable.",diverged,"Simulation diverged at t=0: eigenvalue Re(λ)=5.132e+00 predicts growth factor 2.76e+111 over Δt=50.0, exceeding threshold 1e+08. The system is physically unstable.",-1,,,,,,,,false
-1.0,-2.6052631578947367,1.0,0.0001,0.0,1.0,256,50.0,auto,auto,periodic,"Simulation diverged at t=0: eigenvalue Re(λ)=1.955e+00 predicts growth factor 2.80e+42 over Δt=50.0, exceeding threshold 1e+08. The system is physically unstable.",diverged,"Simulation diverged at t=0: eigenvalue Re(λ)=1.955e+00 predicts growth factor 2.80e+42 over Δt=50.0, exceeding threshold 1e+08. The system is physically unstable.",-1,,,,,,,,false
-1.0,-2.473684210526316,1.0,0.0001,0.0,1.0,256,50.0,auto,auto,periodic,"Simulation diverged at t=0: eigenvalue Re(λ)=3.004e+00 predicts growth factor 1.70e+65 over Δt=50.0, exceeding threshold 1e+08. The system is physically unstable.",diverged,"Simulation diverged at t=0: eigenvalue Re(λ)=3.004e+00 predicts growth factor 1.70e+65 over Δt=50.0, exceeding threshold 1e+08. The system is physically unstable.",-1,,,,,,,,false
-1.0,-2.3421052631578947,1.0,0.0001,0.0,1.0,256,50.0,auto,auto,periodic,"Simulation diverged at t=0: eigenvalue Re(λ)=1.532e+00 predicts growth factor 1.88e+33 over Δt=50.0, exceeding threshold 1e+08. The system is physically unstable.",diverged,"Simulation diverged at t=0: eigenvalue Re(λ)=1.532e+00 predicts growth factor 1.88e+33 over Δt=50.0, exceeding threshold 1e+08. The system is physically unstable.",-1,,,,,,,,false
-1.0,-2.2105263157894735,1.0,0.0001,0.0,1.0,256,50.0,auto,auto,periodic,"Simulation diverged at t=0: eigenvalue Re(λ)=1.693e+00 predicts growth factor 5.68e+36 over Δt=50.0, exceeding threshold 1e+08. The system is physically unstable.",diverged,"Simulation diverged at t=0: eigenvalue Re(λ)=1.693e+00 predicts growth factor 5.68e+36 over Δt=50.0, exceeding threshold 1e+08. The system is physically unstable.",-1,,,,,,,,false
-1.0,-2.0789473684210527,1.0,0.0001,0.0,1.0,256,50.0,auto,auto,periodic,"Simulation diverged at t=0: eigenvalue Re(λ)=1.788e+00 predicts growth factor 6.56e+38 over Δt=50.0, exceeding threshold 1e+08. The system is physically unstable.",diverged,"Simulation diverged at t=0: eigenvalue Re(λ)=1.788e+00 predicts growth factor 6.56e+38 over Δt=50.0, exceeding threshold 1e+08. The system is physically unstable.",-1,,,,,,,,false
-1.0,-1.9473684210526316,1.0,0.0001,0.0,1.0,256,50.0,auto,auto,periodic,"Simulation diverged at t=0: eigenvalue Re(λ)=1.538e+00 predicts growth factor 2.51e+33 over Δt=50.0, exceeding threshold 1e+08. The system is physically unstable.",diverged,"Simulation diverged at t=0: eigenvalue Re(λ)=1.538e+00 predicts growth factor 2.51e+33 over Δt=50.0, exceeding threshold 1e+08. The system is physically unstable.",-1,,,,,,,,false
-1.0,-1.8157894736842106,1.0,0.0001,0.0,1.0,256,50.0,auto,auto,periodic,"Simulation diverged at t=0: eigenvalue Re(λ)=9.636e-01 predicts growth factor 8.39e+20 over Δt=50.0, exceeding threshold 1e+08. The system is physically unstable.",diverged,"Simulation diverged at t=0: eigenvalue Re(λ)=9.636e-01 predicts growth factor 8.39e+20 over Δt=50.0, exceeding threshold 1e+08. The system is physically unstable.",-1,,,,,,,,false
-1.0,-1.6842105263157896,1.0,0.0001,0.0,1.0,256,50.0,auto,auto,periodic,"Simulation diverged at t=0: eigenvalue Re(λ)=4.827e-01 predicts growth factor 3.03e+10 over Δt=50.0, exceeding threshold 1e+08. The system is physically unstable.",diverged,"Simulation diverged at t=0: eigenvalue Re(λ)=4.827e-01 predicts growth factor 3.03e+10 over Δt=50.0, exceeding threshold 1e+08. The system is physically unstable.",-1,,,,,,,,false
-1.0,-1.5526315789473686,1.0,0.0001,0.0,1.0,256,50.0,auto,auto,periodic,"Simulation diverged at t=0: eigenvalue Re(λ)=4.257e-01 predicts growth factor 1.75e+09 over Δt=50.0, exceeding threshold 1e+08. The system is physically unstable.",diverged,"Simulation diverged at t=0: eigenvalue Re(λ)=4.257e-01 predicts growth factor 1.75e+09 over Δt=50.0, exceeding threshold 1e+08. The system is physically unstable.",-1,,,,,,,,false
-1.0,-1.4210526315789473,1.0,0.0001,0.0,1.0,256,50.0,auto,auto,periodic,"Simulation diverged at t=0: eigenvalue Re(λ)=4.096e-01 predicts growth factor 7.84e+08 over Δt=50.0, exceeding threshold 1e+08. The system is physically unstable.",diverged,"Simulation diverged at t=0: eigenvalue Re(λ)=4.096e-01 predicts growth factor 7.84e+08 over Δt=50.0, exceeding threshold 1e+08. The system is physically unstable.",-1,,,,,,,,false
-1.0,-1.2894736842105263,1.0,0.0001,0.0,1.0,256,50.0,auto,auto,periodic,"Simulation diverged at t=0: eigenvalue Re(λ)=3.935e-01 predicts growth factor 3.51e+08 over Δt=50.0, exceeding threshold 1e+08. The system is physically unstable.",diverged,"Simulation diverged at t=0: eigenvalue Re(λ)=3.935e-01 predicts growth factor 3.51e+08 over Δt=50.0, exceeding threshold 1e+08. The system is physically unstable.",-1,,,,,,,,false
-1.0,-1.1578947368421053,1.0,0.0001,0.0,1.0,256,50.0,auto,auto,periodic,"Simulation diverged at t=0: eigenvalue Re(λ)=3.709e-01 predicts growth factor 1.13e+08 over Δt=50.0, exceeding threshold 1e+08. The system is physically unstable.",diverged,"Simulation diverged at t=0: eigenvalue Re(λ)=3.709e-01 predicts growth factor 1.13e+08 over Δt=50.0, exceeding threshold 1e+08. The system is physically unstable.",-1,,,,,,,,false
-1.0,-1.0263157894736843,1.0,0.0001,0.0,1.0,256,50.0,auto,auto,periodic,,success,,0,122.66877018522521,50.0,122.66877018522521,1.23,1.2267e+10,,,false
-1.0,-0.8947368421052633,1.0,0.0001,0.0,1.0,256,50.0,auto,auto,periodic,,success,,0,2.4837012003264927,50.0,2.4837012003264927,1.08,2.4837e+08,,,false
-1.0,-0.763157894736842,1.0,0.0001,0.0,1.0,256,50.0,auto,auto,periodic,,success,,0,0.0596617274718385,50.0,0.0596617274718385,0.96,5.9662e+06,9.545896e+03,3.9798,true
-1.0,-0.6315789473684212,1.0,0.0001,0.0,1.0,256,50.0,auto,auto,periodic,,success,,0,0.0016345178608395223,50.0,0.0016345178608395223,1.44,1.6345e+05,2.615234e+02,2.4175,true
-1.0,-0.5,1.0,0.0001,0.0,1.0,256,50.0,auto,auto,periodic,,success,,0,4.965901924632012e-05,50.0,4.965901924632012e-05,0.92,4.9659e+03,7.945460e+00,0.9001,true
-0.9310344827586207,-3.0,1.0,0.0001,0.0,1.0,256,50.0,auto,auto,periodic,"Simulation diverged at t=0: eigenvalue Re(λ)=2.764e+00 predicts growth factor 1.03e+60 over Δt=50.0, exceeding threshold 1e+08. The system is physically unstable.",diverged,"Simulation diverged at t=0: eigenvalue Re(λ)=2.764e+00 predicts growth factor 1.03e+60 over Δt=50.0, exceeding threshold 1e+08. The system is physically unstable.",-1,,,,,,,,false
-0.9310344827586207,-2.8684210526315788,1.0,0.0001,0.0,1.0,256,50.0,auto,auto,periodic,"Simulation diverged at t=0: eigenvalue Re(λ)=1.849e+00 predicts growth factor 1.39e+40 over Δt=50.0, exceeding threshold 1e+08. The system is physically unstable.",diverged,"Simulation diverged at t=0: eigenvalue Re(λ)=1.849e+00 predicts growth factor 1.39e+40 over Δt=50.0, exceeding threshold 1e+08. The system is physically unstable.",-1,,,,,,,,false
-0.9310344827586207,-2.736842105263158,1.0,0.0001,0.0,1.0,256,50.0,auto,auto,periodic,"Simulation diverged at t=0: eigenvalue Re(λ)=2.384e+00 predicts growth factor 5.75e+51 over Δt=50.0, exceeding threshold 1e+08. The system is physically unstable.",diverged,"Simulation diverged at t=0: eigenvalue Re(λ)=2.384e+00 predicts growth factor 5.75e+51 over Δt=50.0, exceeding threshold 1e+08. The system is physically unstable.",-1,,,,,,,,false
-0.9310344827586207,-2.6052631578947367,1.0,0.0001,0.0,1.0,256,50.0,auto,auto,periodic,"Simulation diverged at t=0: eigenvalue Re(λ)=5.113e+00 predicts growth factor 1.04e+111 over Δt=50.0, exceeding threshold 1e+08. The system is physically unstable.",diverged,"Simulation diverged at t=0: eigenvalue Re(λ)=5.113e+00 predicts growth factor 1.04e+111 over Δt=50.0, exceeding threshold 1e+08. The system is physically unstable.",-1,,,,,,,,false
-0.9310344827586207,-2.473684210526316,1.0,0.0001,0.0,1.0,256,50.0,auto,auto,periodic,"Simulation diverged at t=0: eigenvalue Re(λ)=1.830e+00 predicts growth factor 5.43e+39 over Δt=50.0, exceeding threshold 1e+08. The system is physically unstable.",diverged,"Simulation diverged at t=0: eigenvalue Re(λ)=1.830e+00 predicts growth factor 5.43e+39 over Δt=50.0, exceeding threshold 1e+08. The system is physically unstable.",-1,,,,,,,,false
-0.9310344827586207,-2.3421052631578947,1.0,0.0001,0.0,1.0,256,50.0,auto,auto,periodic,"Simulation diverged at t=0: eigenvalue Re(λ)=2.213e+00 predicts growth factor 1.13e+48 over Δt=50.0, exceeding threshold 1e+08. The system is physically unstable.",diverged,"Simulation diverged at t=0: eigenvalue Re(λ)=2.213e+00 predicts growth factor 1.13e+48 over Δt=50.0, exceeding threshold 1e+08. The system is physically unstable.",-1,,,,,,,,false
-0.9310344827586207,-2.2105263157894735,1.0,0.0001,0.0,1.0,256,50.0,auto,auto,periodic,"Simulation diverged at t=0: eigenvalue Re(λ)=2.930e+00 predicts growth factor 4.12e+63 over Δt=50.0, exceeding threshold 1e+08. The system is physically unstable.",diverged,"Simulation diverged at t=0: eigenvalue Re(λ)=2.930e+00 predicts growth factor 4.12e+63 over Δt=50.0, exceeding threshold 1e+08. The system is physically unstable.",-1,,,,,,,,false
-0.9310344827586207,-2.0789473684210527,1.0,0.0001,0.0,1.0,256,50.0,auto,auto,periodic,"Simulation diverged at t=0: eigenvalue Re(λ)=3.752e+00 predicts growth factor 2.97e+81 over Δt=50.0, exceeding threshold 1e+08. The system is physically unstable.",diverged,"Simulation diverged at t=0: eigenvalue Re(λ)=3.752e+00 predicts growth factor 2.97e+81 over Δt=50.0, exceeding threshold 1e+08. The system is physically unstable.",-1,,,,,,,,false
-0.9310344827586207,-1.9473684210526316,1.0,0.0001,0.0,1.0,256,50.0,auto,auto,periodic,"Simulation diverged at t=0: eigenvalue Re(λ)=2.306e+00 predicts growth factor 1.16e+50 over Δt=50.0, exceeding threshold 1e+08. The system is physically unstable.",diverged,"Simulation diverged at t=0: eigenvalue Re(λ)=2.306e+00 predicts growth factor 1.16e+50 over Δt=50.0, exceeding threshold 1e+08. The system is physically unstable.",-1,,,,,,,,false
-0.9310344827586207,-1.8157894736842106,1.0,0.0001,0.0,1.0,256,50.0,auto,auto,periodic,"Simulation diverged at t=0: eigenvalue Re(λ)=1.037e+00 predicts growth factor 3.32e+22 over Δt=50.0, exceeding threshold 1e+08. The system is physically unstable.",diverged,"Simulation diverged at t=0: eigenvalue Re(λ)=1.037e+00 predicts growth factor 3.32e+22 over Δt=50.0, exceeding threshold 1e+08. The system is physically unstable.",-1,,,,,,,,false
-0.9310344827586207,-1.6842105263157896,1.0,0.0001,0.0,1.0,256,50.0,auto,auto,periodic,"Simulation diverged at t=0: eigenvalue Re(λ)=4.636e-01 predicts growth factor 1.17e+10 over Δt=50.0, exceeding threshold 1e+08. The system is physically unstable.",diverged,"Simulation diverged at t=0: eigenvalue Re(λ)=4.636e-01 predicts growth factor 1.17e+10 over Δt=50.0, exceeding threshold 1e+08. The system is physically unstable.",-1,,,,,,,,false
-0.9310344827586207,-1.5526315789473686,1.0,0.0001,0.0,1.0,256,50.0,auto,auto,periodic,"Simulation diverged at t=0: eigenvalue Re(λ)=4.043e-01 predicts growth factor 6.01e+08 over Δt=50.0, exceeding threshold 1e+08. The system is physically unstable.",diverged,"Simulation diverged at t=0: eigenvalue Re(λ)=4.043e-01 predicts growth factor 6.01e+08 over Δt=50.0, exceeding threshold 1e+08. The system is physically unstable.",-1,,,,,,,,false
-0.9310344827586207,-1.4210526315789473,1.0,0.0001,0.0,1.0,256,50.0,auto,auto,periodic,"Simulation diverged at t=0: eigenvalue Re(λ)=3.864e-01 predicts growth factor 2.46e+08 over Δt=50.0, exceeding threshold 1e+08. The system is physically unstable.",diverged,"Simulation diverged at t=0: eigenvalue Re(λ)=3.864e-01 predicts growth factor 2.46e+08 over Δt=50.0, exceeding threshold 1e+08. The system is physically unstable.",-1,,,,,,,,false
-0.9310344827586207,-1.2894736842105263,1.0,0.0001,0.0,1.0,256,50.0,auto,auto,periodic,"Simulation diverged at t=0: eigenvalue Re(λ)=3.912e-01 predicts growth factor 3.13e+08 over Δt=50.0, exceeding threshold 1e+08. The system is physically unstable.",diverged,"Simulation diverged at t=0: eigenvalue Re(λ)=3.912e-01 predicts growth factor 3.13e+08 over Δt=50.0, exceeding threshold 1e+08. The system is physically unstable.",-1,,,,,,,,false
-0.9310344827586207,-1.1578947368421053,1.0,0.0001,0.0,1.0,256,50.0,auto,auto,periodic,,success,,0,426.64843286184606,50.0,426.64843286184606,1.34,4.2665e+10,,,false
-0.9310344827586207,-1.0263157894736843,1.0,0.0001,0.0,1.0,256,50.0,auto,auto,periodic,,success,,0,4.4899612846881904,50.0,4.4899612846881904,1.84,4.4900e+08,,,false
-0.9310344827586207,-0.8947368421052633,1.0,0.0001,0.0,1.0,256,50.0,auto,auto,periodic,,success,,0,0.059961828290663086,50.0,0.059961828290663086,1.14,5.9962e+06,9.593913e+03,3.9820,true
-0.9310344827586207,-0.763157894736842,1.0,0.0001,0.0,1.0,256,50.0,auto,auto,periodic,,success,,0,0.0009543317499627651,50.0,0.0009543317499627651,1.16,9.5433e+04,1.526934e+02,2.1838,true
-0.9310344827586207,-0.6315789473684212,1.0,0.0001,0.0,1.0,256,50.0,auto,auto,periodic,,success,,0,1.735331377233877e-05,50.0,1.735331377233877e-05,1.46,1.7353e+03,2.776536e+00,0.4435,true
-0.9310344827586207,-0.5,1.0,0.0001,0.0,1.0,256,50.0,auto,auto,periodic,,success,,0,3.505203188896379e-07,50.0,3.505203188896379e-07,1.59,3.5052e+01,5.608337e-02,-1.2512,true
-0.8620689655172413,-3.0,1.0,0.0001,0.0,1.0,256,50.0,auto,auto,periodic,"Simulation diverged at t=0: eigenvalue Re(λ)=2.386e+00 predicts growth factor 6.53e+51 over Δt=50.0, exceeding threshold 1e+08. The system is physically unstable.",diverged,"Simulation diverged at t=0: eigenvalue Re(λ)=2.386e+00 predicts growth factor 6.53e+51 over Δt=50.0, exceeding threshold 1e+08. The system is physically unstable.",-1,,,,,,,,false
-0.8620689655172413,-2.8684210526315788,1.0,0.0001,0.0,1.0,256,50.0,auto,auto,periodic,"Simulation diverged at t=0: eigenvalue Re(λ)=3.801e+00 predicts growth factor 3.49e+82 over Δt=50.0, exceeding threshold 1e+08. The system is physically unstable.",diverged,"Simulation diverged at t=0: eigenvalue Re(λ)=3.801e+00 predicts growth factor 3.49e+82 over Δt=50.0, exceeding threshold 1e+08. The system is physically unstable.",-1,,,,,,,,false
-0.8620689655172413,-2.736842105263158,1.0,0.0001,0.0,1.0,256,50.0,auto,auto,periodic,"Simulation diverged at t=0: eigenvalue Re(λ)=1.997e+00 predicts growth factor 2.33e+43 over Δt=50.0, exceeding threshold 1e+08. The system is physically unstable.",diverged,"Simulation diverged at t=0: eigenvalue Re(λ)=1.997e+00 predicts growth factor 2.33e+43 over Δt=50.0, exceeding threshold 1e+08. The system is physically unstable.",-1,,,,,,,,false
-0.8620689655172413,-2.6052631578947367,1.0,0.0001,0.0,1.0,256,50.0,auto,auto,periodic,"Simulation diverged at t=0: eigenvalue Re(λ)=2.502e+00 predicts growth factor 2.16e+54 over Δt=50.0, exceeding threshold 1e+08. The system is physically unstable.",diverged,"Simulation diverged at t=0: eigenvalue Re(λ)=2.502e+00 predicts growth factor 2.16e+54 over Δt=50.0, exceeding threshold 1e+08. The system is physically unstable.",-1,,,,,,,,false
-0.8620689655172413,-2.473684210526316,1.0,0.0001,0.0,1.0,256,50.0,auto,auto,periodic,"Simulation diverged at t=0: eigenvalue Re(λ)=4.114e+00 predicts growth factor 2.11e+89 over Δt=50.0, exceeding threshold 1e+08. The system is physically unstable.",diverged,"Simulation diverged at t=0: eigenvalue Re(λ)=4.114e+00 predicts growth factor 2.11e+89 over Δt=50.0, exceeding threshold 1e+08. The system is physically unstable.",-1,,,,,,,,false
-0.8620689655172413,-2.3421052631578947,1.0,0.0001,0.0,1.0,256,50.0,auto,auto,periodic,"Simulation diverged at t=0: eigenvalue Re(λ)=1.645e+00 predicts growth factor 5.30e+35 over Δt=50.0, exceeding threshold 1e+08. The system is physically unstable.",diverged,"Simulation diverged at t=0: eigenvalue Re(λ)=1.645e+00 predicts growth factor 5.30e+35 over Δt=50.0, exceeding threshold 1e+08. The system is physically unstable.",-1,,,,,,,,false
-0.8620689655172413,-2.2105263157894735,1.0,0.0001,0.0,1.0,256,50.0,auto,auto,periodic,"Simulation diverged at t=0: eigenvalue Re(λ)=1.674e+00 predicts growth factor 2.27e+36 over Δt=50.0, exceeding threshold 1e+08. The system is physically unstable.",diverged,"Simulation diverged at t=0: eigenvalue Re(λ)=1.674e+00 predicts growth factor 2.27e+36 over Δt=50.0, exceeding threshold 1e+08. The system is physically unstable.",-1,,,,,,,,false
-0.8620689655172413,-2.0789473684210527,1.0,0.0001,0.0,1.0,256,50.0,auto,auto,periodic,"Simulation diverged at t=0: eigenvalue Re(λ)=1.561e+00 predicts growth factor 7.96e+33 over Δt=50.0, exceeding threshold 1e+08. The system is physically unstable.",diverged,"Simulation diverged at t=0: eigenvalue Re(λ)=1.561e+00 predicts growth factor 7.96e+33 over Δt=50.0, exceeding threshold 1e+08. The system is physically unstable.",-1,,,,,,,,false
-0.8620689655172413,-1.9473684210526316,1.0,0.0001,0.0,1.0,256,50.0,auto,auto,periodic,"Simulation diverged at t=0: eigenvalue Re(λ)=1.257e+00 predicts growth factor 1.97e+27 over Δt=50.0, exceeding threshold 1e+08. The system is physically unstable.",diverged,"Simulation diverged at t=0: eigenvalue Re(λ)=1.257e+00 predicts growth factor 1.97e+27 over Δt=50.0, exceeding threshold 1e+08. The system is physically unstable.",-1,,,,,,,,false
-0.8620689655172413,-1.8157894736842106,1.0,0.0001,0.0,1.0,256,50.0,auto,auto,periodic,"Simulation diverged at t=0: eigenvalue Re(λ)=1.156e+00 predicts growth factor 1.30e+25 over Δt=50.0, exceeding threshold 1e+08. The system is physically unstable.",diverged,"Simulation diverged at t=0: eigenvalue Re(λ)=1.156e+00 predicts growth factor 1.30e+25 over Δt=50.0, exceeding threshold 1e+08. The system is physically unstable.",-1,,,,,,,,false
-0.8620689655172413,-1.6842105263157896,1.0,0.0001,0.0,1.0,256,50.0,auto,auto,periodic,"Simulation diverged at t=0: eigenvalue Re(λ)=4.424e-01 predicts growth factor 4.04e+09 over Δt=50.0, exceeding threshold 1e+08. The system is physically unstable.",diverged,"Simulation diverged at t=0: eigenvalue Re(λ)=4.424e-01 predicts growth factor 4.04e+09 over Δt=50.0, exceeding threshold 1e+08. The system is physically unstable.",-1,,,,,,,,false
-0.8620689655172413,-1.5526315789473686,1.0,0.0001,0.0,1.0,256,50.0,auto,auto,periodic,"Simulation diverged at t=0: eigenvalue Re(λ)=3.807e-01 predicts growth factor 1.85e+08 over Δt=50.0, exceeding threshold 1e+08. The system is physically unstable.",diverged,"Simulation diverged at t=0: eigenvalue Re(λ)=3.807e-01 predicts growth factor 1.85e+08 over Δt=50.0, exceeding threshold 1e+08. The system is physically unstable.",-1,,,,,,,,false
-0.8620689655172413,-1.4210526315789473,1.0,0.0001,0.0,1.0,256,50.0,auto,auto,periodic,"Simulation diverged at t=0: eigenvalue Re(λ)=4.004e-01 predicts growth factor 4.94e+08 over Δt=50.0, exceeding threshold 1e+08. The system is physically unstable.",diverged,"Simulation diverged at t=0: eigenvalue Re(λ)=4.004e-01 predicts growth factor 4.94e+08 over Δt=50.0, exceeding threshold 1e+08. The system is physically unstable.",-1,,,,,,,,false
-0.8620689655172413,-1.2894736842105263,1.0,0.0001,0.0,1.0,256,50.0,auto,auto,periodic,"Simulation diverged at t=0: eigenvalue Re(λ)=3.714e-01 predicts growth factor 1.16e+08 over Δt=50.0, exceeding threshold 1e+08. The system is physically unstable.",diverged,"Simulation diverged at t=0: eigenvalue Re(λ)=3.714e-01 predicts growth factor 1.16e+08 over Δt=50.0, exceeding threshold 1e+08. The system is physically unstable.",-1,,,,,,,,false
-0.8620689655172413,-1.1578947368421053,1.0,0.0001,0.0,1.0,256,50.0,auto,auto,periodic,,success,,0,13.740401526441827,50.0,13.740401526441827,1.27,1.3740e+09,,,false
-0.8620689655172413,-1.0263157894736843,1.0,0.0001,0.0,1.0,256,50.0,auto,auto,periodic,,success,,0,0.08581330705171997,50.0,0.08581330705171997,1.42,8.5813e+06,1.373016e+04,4.1377,true
-0.8620689655172413,-0.8947368421052633,1.0,0.0001,0.0,1.0,256,50.0,auto,auto,periodic,,success,,0,0.0006850510934080986,50.0,0.0006850510934080986,1.53,6.8505e+04,1.096084e+02,2.0398,true
-0.8620689655172413,-0.763157894736842,1.0,0.0001,0.0,1.0,256,50.0,auto,auto,periodic,,success,,0,6.534230096837233e-06,50.0,6.534230096837233e-06,1.25,6.5342e+02,1.045479e+00,0.0193,true
-0.8620689655172413,-0.6315789473684212,1.0,0.0001,0.0,1.0,256,50.0,auto,auto,periodic,,success,,0,7.150129114765631e-08,50.0,7.150129114765631e-08,1.35,7.1501e+00,1.144023e-02,-1.9416,true
-0.8620689655172413,-0.5,1.0,0.0001,0.0,1.0,256,50.0,auto,auto,periodic,,success,,0,9.060379130463714e-10,50.0,9.060379130463714e-10,1.24,9.0604e-02,1.449664e-04,-3.8387,true
-0.7931034482758621,-3.0,1.0,0.0001,0.0,1.0,256,50.0,auto,auto,periodic,"Simulation diverged at t=0: eigenvalue Re(λ)=2.377e+00 predicts growth factor 4.18e+51 over Δt=50.0, exceeding threshold 1e+08. The system is physically unstable.",diverged,"Simulation diverged at t=0: eigenvalue Re(λ)=2.377e+00 predicts growth factor 4.18e+51 over Δt=50.0, exceeding threshold 1e+08. The system is physically unstable.",-1,,,,,,,,false
-0.7931034482758621,-2.8684210526315788,1.0,0.0001,0.0,1.0,256,50.0,auto,auto,periodic,"Simulation diverged at t=0: eigenvalue Re(λ)=3.188e+00 predicts growth factor 1.66e+69 over Δt=50.0, exceeding threshold 1e+08. The system is physically unstable.",diverged,"Simulation diverged at t=0: eigenvalue Re(λ)=3.188e+00 predicts growth factor 1.66e+69 over Δt=50.0, exceeding threshold 1e+08. The system is physically unstable.",-1,,,,,,,,false
-0.7931034482758621,-2.736842105263158,1.0,0.0001,0.0,1.0,256,50.0,auto,auto,periodic,"Simulation diverged at t=0: eigenvalue Re(λ)=1.034e+01 predicts growth factor 3.35e+224 over Δt=50.0, exceeding threshold 1e+08. The system is physically unstable.",diverged,"Simulation diverged at t=0: eigenvalue Re(λ)=1.034e+01 predicts growth factor 3.35e+224 over Δt=50.0, exceeding threshold 1e+08. The system is physically unstable.",-1,,,,,,,,false
-0.7931034482758621,-2.6052631578947367,1.0,0.0001,0.0,1.0,256,50.0,auto,auto,periodic,"Simulation diverged at t=0: eigenvalue Re(λ)=2.150e+00 predicts growth factor 4.93e+46 over Δt=50.0, exceeding threshold 1e+08. The system is physically unstable.",diverged,"Simulation diverged at t=0: eigenvalue Re(λ)=2.150e+00 predicts growth factor 4.93e+46 over Δt=50.0, exceeding threshold 1e+08. The system is physically unstable.",-1,,,,,,,,false
-0.7931034482758621,-2.473684210526316,1.0,0.0001,0.0,1.0,256,50.0,auto,auto,periodic,"Simulation diverged at t=0: eigenvalue Re(λ)=2.499e+00 predicts growth factor 1.82e+54 over Δt=50.0, exceeding threshold 1e+08. The system is physically unstable.",diverged,"Simulation diverged at t=0: eigenvalue Re(λ)=2.499e+00 predicts growth factor 1.82e+54 over Δt=50.0, exceeding threshold 1e+08. The system is physically unstable.",-1,,,,,,,,false
-0.7931034482758621,-2.3421052631578947,1.0,0.0001,0.0,1.0,256,50.0,auto,auto,periodic,"Simulation diverged at t=0: eigenvalue Re(λ)=2.980e+00 predicts growth factor 5.04e+64 over Δt=50.0, exceeding threshold 1e+08. The system is physically unstable.",diverged,"Simulation diverged at t=0: eigenvalue Re(λ)=2.980e+00 predicts growth factor 5.04e+64 over Δt=50.0, exceeding threshold 1e+08. The system is physically unstable.",-1,,,,,,,,false
-0.7931034482758621,-2.2105263157894735,1.0,0.0001,0.0,1.0,256,50.0,auto,auto,periodic,"Simulation diverged at t=0: eigenvalue Re(λ)=3.301e+00 predicts growth factor 4.78e+71 over Δt=50.0, exceeding threshold 1e+08. The system is physically unstable.",diverged,"Simulation diverged at t=0: eigenvalue Re(λ)=3.301e+00 predicts growth factor 4.78e+71 over Δt=50.0, exceeding threshold 1e+08. The system is physically unstable.",-1,,,,,,,,false
-0.7931034482758621,-2.0789473684210527,1.0,0.0001,0.0,1.0,256,50.0,auto,auto,periodic,"Simulation diverged at t=0: eigenvalue Re(λ)=2.643e+00 predicts growth factor 2.53e+57 over Δt=50.0, exceeding threshold 1e+08. The system is physically unstable.",diverged,"Simulation diverged at t=0: eigenvalue Re(λ)=2.643e+00 predicts growth factor 2.53e+57 over Δt=50.0, exceeding threshold 1e+08. The system is physically unstable.",-1,,,,,,,,false
-0.7931034482758621,-1.9473684210526316,1.0,0.0001,0.0,1.0,256,50.0,auto,auto,periodic,"Simulation diverged at t=0: eigenvalue Re(λ)=1.606e+00 predicts growth factor 7.39e+34 over Δt=50.0, exceeding threshold 1e+08. The system is physically unstable.",diverged,"Simulation diverged at t=0: eigenvalue Re(λ)=1.606e+00 predicts growth factor 7.39e+34 over Δt=50.0, exceeding threshold 1e+08. The system is physically unstable.",-1,,,,,,,,false
-0.7931034482758621,-1.8157894736842106,1.0,0.0001,0.0,1.0,256,50.0,auto,auto,periodic,"Simulation diverged at t=0: eigenvalue Re(λ)=1.388e+00 predicts growth factor 1.35e+30 over Δt=50.0, exceeding threshold 1e+08. The system is physically unstable.",diverged,"Simulation diverged at t=0: eigenvalue Re(λ)=1.388e+00 predicts growth factor 1.35e+30 over Δt=50.0, exceeding threshold 1e+08. The system is physically unstable.",-1,,,,,,,,false
-0.7931034482758621,-1.6842105263157896,1.0,0.0001,0.0,1.0,256,50.0,auto,auto,periodic,"Simulation diverged at t=0: eigenvalue Re(λ)=4.189e-01 predicts growth factor 1.25e+09 over Δt=50.0, exceeding threshold 1e+08. The system is physically unstable.",diverged,"Simulation diverged at t=0: eigenvalue Re(λ)=4.189e-01 predicts growth factor 1.25e+09 over Δt=50.0, exceeding threshold 1e+08. The system is physically unstable.",-1,,,,,,,,false
-0.7931034482758621,-1.5526315789473686,1.0,0.0001,0.0,1.0,256,50.0,auto,auto,periodic,"Simulation diverged at t=0: eigenvalue Re(λ)=4.171e-01 predicts growth factor 1.14e+09 over Δt=50.0, exceeding threshold 1e+08. The system is physically unstable.",diverged,"Simulation diverged at t=0: eigenvalue Re(λ)=4.171e-01 predicts growth factor 1.14e+09 over Δt=50.0, exceeding threshold 1e+08. The system is physically unstable.",-1,,,,,,,,false
-0.7931034482758621,-1.4210526315789473,1.0,0.0001,0.0,1.0,256,50.0,auto,auto,periodic,"Simulation diverged at t=0: eigenvalue Re(λ)=3.710e-01 predicts growth factor 1.14e+08 over Δt=50.0, exceeding threshold 1e+08. The system is physically unstable.",diverged,"Simulation diverged at t=0: eigenvalue Re(λ)=3.710e-01 predicts growth factor 1.14e+08 over Δt=50.0, exceeding threshold 1e+08. The system is physically unstable.",-1,,,,,,,,false
-0.7931034482758621,-1.2894736842105263,1.0,0.0001,0.0,1.0,256,50.0,auto,auto,periodic,,success,,0,94.8887268646858,50.0,94.8887268646858,1.3,9.4889e+09,,,false
-0.7931034482758621,-1.1578947368421053,1.0,0.0001,0.0,1.0,256,50.0,auto,auto,periodic,,success,,0,0.21315817384297173,50.0,0.21315817384297173,1.35,2.1316e+07,,,false
-0.7931034482758621,-1.0263157894736843,1.0,0.0001,0.0,1.0,256,50.0,auto,auto,periodic,,success,,0,0.0006912074326524915,50.0,0.0006912074326524915,1.45,6.9121e+04,1.105934e+02,2.0437,true
-0.7931034482758621,-0.8947368421052633,1.0,0.0001,0.0,1.0,256,50.0,auto,auto,periodic,,success,,0,2.8772606454442885e-06,50.0,2.8772606454442885e-06,1.44,2.8773e+02,4.603627e-01,-0.3369,true
-0.7931034482758621,-0.763157894736842,1.0,0.0001,0.0,1.0,256,50.0,auto,auto,periodic,,success,,0,1.4460922683962428e-08,50.0,1.4460922683962428e-08,1.55,1.4461e+00,2.313752e-03,-2.6357,true
-0.7931034482758621,-0.6315789473684212,1.0,0.0001,0.0,1.0,256,50.0,auto,auto,periodic,,success,,0,9.494579871890812e-11,50.0,9.494579871890812e-11,1.23,9.4946e-03,1.519136e-05,-4.8184,true
-0.7931034482758621,-0.5,1.0,0.0001,0.0,1.0,256,50.0,auto,auto,periodic,,success,,0,5.0967010981551716e-14,50.0,5.0967010981551716e-14,1.2,5.0967e-06,8.154739e-09,-8.0886,true
-0.7241379310344828,-3.0,1.0,0.0001,0.0,1.0,256,50.0,auto,auto,periodic,"Simulation diverged at t=0: eigenvalue Re(λ)=2.672e+00 predicts growth factor 1.05e+58 over Δt=50.0, exceeding threshold 1e+08. The system is physically unstable.",diverged,"Simulation diverged at t=0: eigenvalue Re(λ)=2.672e+00 predicts growth factor 1.05e+58 over Δt=50.0, exceeding threshold 1e+08. The system is physically unstable.",-1,,,,,,,,false
-0.7241379310344828,-2.8684210526315788,1.0,0.0001,0.0,1.0,256,50.0,auto,auto,periodic,"Simulation diverged at t=0: eigenvalue Re(λ)=3.474e+00 predicts growth factor 2.78e+75 over Δt=50.0, exceeding threshold 1e+08. The system is physically unstable.",diverged,"Simulation diverged at t=0: eigenvalue Re(λ)=3.474e+00 predicts growth factor 2.78e+75 over Δt=50.0, exceeding threshold 1e+08. The system is physically unstable.",-1,,,,,,,,false
-0.7241379310344828,-2.736842105263158,1.0,0.0001,0.0,1.0,256,50.0,auto,auto,periodic,"Simulation diverged at t=0: eigenvalue Re(λ)=6.965e+00 predicts growth factor 1.74e+151 over Δt=50.0, exceeding threshold 1e+08. The system is physically unstable.",diverged,"Simulation diverged at t=0: eigenvalue Re(λ)=6.965e+00 predicts growth factor 1.74e+151 over Δt=50.0, exceeding threshold 1e+08. The system is physically unstable.",-1,,,,,,,,false
-0.7241379310344828,-2.6052631578947367,1.0,0.0001,0.0,1.0,256,50.0,auto,auto,periodic,"Simulation diverged at t=0: eigenvalue Re(λ)=2.137e+00 predicts growth factor 2.60e+46 over Δt=50.0, exceeding threshold 1e+08. The system is physically unstable.",diverged,"Simulation diverged at t=0: eigenvalue Re(λ)=2.137e+00 predicts growth factor 2.60e+46 over Δt=50.0, exceeding threshold 1e+08. The system is physically unstable.",-1,,,,,,,,false
-0.7241379310344828,-2.473684210526316,1.0,0.0001,0.0,1.0,256,50.0,auto,auto,periodic,"Simulation diverged at t=0: eigenvalue Re(λ)=2.267e+00 predicts growth factor 1.66e+49 over Δt=50.0, exceeding threshold 1e+08. The system is physically unstable.",diverged,"Simulation diverged at t=0: eigenvalue Re(λ)=2.267e+00 predicts growth factor 1.66e+49 over Δt=50.0, exceeding threshold 1e+08. The system is physically unstable.",-1,,,,,,,,false
-0.7241379310344828,-2.3421052631578947,1.0,0.0001,0.0,1.0,256,50.0,auto,auto,periodic,"Simulation diverged at t=0: eigenvalue Re(λ)=2.304e+00 predicts growth factor 1.09e+50 over Δt=50.0, exceeding threshold 1e+08. The system is physically unstable.",diverged,"Simulation diverged at t=0: eigenvalue Re(λ)=2.304e+00 predicts growth factor 1.09e+50 over Δt=50.0, exceeding threshold 1e+08. The system is physically unstable.",-1,,,,,,,,false
-0.7241379310344828,-2.2105263157894735,1.0,0.0001,0.0,1.0,256,50.0,auto,auto,periodic,"Simulation diverged at t=0: eigenvalue Re(λ)=2.128e+00 predicts growth factor 1.61e+46 over Δt=50.0, exceeding threshold 1e+08. The system is physically unstable.",diverged,"Simulation diverged at t=0: eigenvalue Re(λ)=2.128e+00 predicts growth factor 1.61e+46 over Δt=50.0, exceeding threshold 1e+08. The system is physically unstable.",-1,,,,,,,,false
-0.7241379310344828,-2.0789473684210527,1.0,0.0001,0.0,1.0,256,50.0,auto,auto,periodic,"Simulation diverged at t=0: eigenvalue Re(λ)=1.720e+00 predicts growth factor 2.26e+37 over Δt=50.0, exceeding threshold 1e+08. The system is physically unstable.",diverged,"Simulation diverged at t=0: eigenvalue Re(λ)=1.720e+00 predicts growth factor 2.26e+37 over Δt=50.0, exceeding threshold 1e+08. The system is physically unstable.",-1,,,,,,,,false
-0.7241379310344828,-1.9473684210526316,1.0,0.0001,0.0,1.0,256,50.0,auto,auto,periodic,"Simulation diverged at t=0: eigenvalue Re(λ)=3.419e+00 predicts growth factor 1.75e+74 over Δt=50.0, exceeding threshold 1e+08. The system is physically unstable.",diverged,"Simulation diverged at t=0: eigenvalue Re(λ)=3.419e+00 predicts growth factor 1.75e+74 over Δt=50.0, exceeding threshold 1e+08. The system is physically unstable.",-1,,,,,,,,false
-0.7241379310344828,-1.8157894736842106,1.0,0.0001,0.0,1.0,256,50.0,auto,auto,periodic,"Simulation diverged at t=0: eigenvalue Re(λ)=2.093e+00 predicts growth factor 2.84e+45 over Δt=50.0, exceeding threshold 1e+08. The system is physically unstable.",diverged,"Simulation diverged at t=0: eigenvalue Re(λ)=2.093e+00 predicts growth factor 2.84e+45 over Δt=50.0, exceeding threshold 1e+08. The system is physically unstable.",-1,,,,,,,,false
-0.7241379310344828,-1.6842105263157896,1.0,0.0001,0.0,1.0,256,50.0,auto,auto,periodic,"Simulation diverged at t=0: eigenvalue Re(λ)=3.928e-01 predicts growth factor 3.38e+08 over Δt=50.0, exceeding threshold 1e+08. The system is physically unstable.",diverged,"Simulation diverged at t=0: eigenvalue Re(λ)=3.928e-01 predicts growth factor 3.38e+08 over Δt=50.0, exceeding threshold 1e+08. The system is physically unstable.",-1,,,,,,,,false
-0.7241379310344828,-1.5526315789473686,1.0,0.0001,0.0,1.0,256,50.0,auto,auto,periodic,"Simulation diverged at t=0: eigenvalue Re(λ)=3.877e-01 predicts growth factor 2.63e+08 over Δt=50.0, exceeding threshold 1e+08. The system is physically unstable.",diverged,"Simulation diverged at t=0: eigenvalue Re(λ)=3.877e-01 predicts growth factor 2.63e+08 over Δt=50.0, exceeding threshold 1e+08. The system is physically unstable.",-1,,,,,,,,false
-0.7241379310344828,-1.4210526315789473,1.0,0.0001,0.0,1.0,256,50.0,auto,auto,periodic,"Simulation diverged at t=0: eigenvalue Re(λ)=3.689e-01 predicts growth factor 1.03e+08 over Δt=50.0, exceeding threshold 1e+08. The system is physically unstable.",diverged,"Simulation diverged at t=0: eigenvalue Re(λ)=3.689e-01 predicts growth factor 1.03e+08 over Δt=50.0, exceeding threshold 1e+08. The system is physically unstable.",-1,,,,,,,,false
-0.7241379310344828,-1.2894736842105263,1.0,0.0001,0.0,1.0,256,50.0,auto,auto,periodic,,success,,0,1.2810370357893648,50.0,1.2810370357893648,1.18,1.2810e+08,,,false
-0.7241379310344828,-1.1578947368421053,1.0,0.0001,0.0,1.0,256,50.0,auto,auto,periodic,,success,,0,0.0012245466888624146,50.0,0.0012245466888624146,1.23,1.2245e+05,1.959279e+02,2.2921,true
-0.7241379310344828,-1.0263157894736843,1.0,0.0001,0.0,1.0,256,50.0,auto,auto,periodic,,success,,0,1.7038629255065153e-06,50.0,1.7038629255065153e-06,1.22,1.7039e+02,2.726186e-01,-0.5644,true
-0.7241379310344828,-0.8947368421052633,1.0,0.0001,0.0,1.0,256,50.0,auto,auto,periodic,,success,,0,3.1217962587241393e-09,50.0,3.1217962587241393e-09,1.16,3.1218e-01,4.994884e-04,-3.3015,true
-0.7241379310344828,-0.763157894736842,1.0,0.0001,0.0,1.0,256,50.0,auto,auto,periodic,,success,,0,8.399224899142092e-12,50.0,8.399224899142092e-12,1.33,8.3992e-04,1.343879e-06,-5.8716,true
-0.7241379310344828,-0.6315789473684212,1.0,0.0001,0.0,1.0,256,50.0,auto,auto,periodic,,success,,0,3.812768839600932e-12,43.0,3.4786159467939926e-12,1.87,3.8128e-04,6.100443e-07,-6.2146,true
-0.7241379310344828,-0.5,1.0,0.0001,0.0,1.0,256,50.0,auto,auto,periodic,,success,,0,2.5528207651326486e-11,43.0,1.7670302441818842e-11,1.24,2.5528e-03,4.084522e-06,-5.3889,true
-0.6551724137931034,-3.0,1.0,0.0001,0.0,1.0,256,50.0,auto,auto,periodic,"Simulation diverged at t=0: eigenvalue Re(λ)=3.771e+00 predicts growth factor 7.75e+81 over Δt=50.0, exceeding threshold 1e+08. The system is physically unstable.",diverged,"Simulation diverged at t=0: eigenvalue Re(λ)=3.771e+00 predicts growth factor 7.75e+81 over Δt=50.0, exceeding threshold 1e+08. The system is physically unstable.",-1,,,,,,,,false
-0.6551724137931034,-2.8684210526315788,1.0,0.0001,0.0,1.0,256,50.0,auto,auto,periodic,"Simulation diverged at t=0: eigenvalue Re(λ)=5.875e+00 predicts growth factor 3.82e+127 over Δt=50.0, exceeding threshold 1e+08. The system is physically unstable.",diverged,"Simulation diverged at t=0: eigenvalue Re(λ)=5.875e+00 predicts growth factor 3.82e+127 over Δt=50.0, exceeding threshold 1e+08. The system is physically unstable.",-1,,,,,,,,false
-0.6551724137931034,-2.736842105263158,1.0,0.0001,0.0,1.0,256,50.0,auto,auto,periodic,"Simulation diverged at t=0: eigenvalue Re(λ)=2.313e+00 predicts growth factor 1.67e+50 over Δt=50.0, exceeding threshold 1e+08. The system is physically unstable.",diverged,"Simulation diverged at t=0: eigenvalue Re(λ)=2.313e+00 predicts growth factor 1.67e+50 over Δt=50.0, exceeding threshold 1e+08. The system is physically unstable.",-1,,,,,,,,false
-0.6551724137931034,-2.6052631578947367,1.0,0.0001,0.0,1.0,256,50.0,auto,auto,periodic,"Simulation diverged at t=0: eigenvalue Re(λ)=2.401e+00 predicts growth factor 1.40e+52 over Δt=50.0, exceeding threshold 1e+08. The system is physically unstable.",diverged,"Simulation diverged at t=0: eigenvalue Re(λ)=2.401e+00 predicts growth factor 1.40e+52 over Δt=50.0, exceeding threshold 1e+08. The system is physically unstable.",-1,,,,,,,,false
-0.6551724137931034,-2.473684210526316,1.0,0.0001,0.0,1.0,256,50.0,auto,auto,periodic,"Simulation diverged at t=0: eigenvalue Re(λ)=2.409e+00 predicts growth factor 2.01e+52 over Δt=50.0, exceeding threshold 1e+08. The system is physically unstable.",diverged,"Simulation diverged at t=0: eigenvalue Re(λ)=2.409e+00 predicts growth factor 2.01e+52 over Δt=50.0, exceeding threshold 1e+08. The system is physically unstable.",-1,,,,,,,,false
-0.6551724137931034,-2.3421052631578947,1.0,0.0001,0.0,1.0,256,50.0,auto,auto,periodic,"Simulation diverged at t=0: eigenvalue Re(λ)=2.262e+00 predicts growth factor 1.34e+49 over Δt=50.0, exceeding threshold 1e+08. The system is physically unstable.",diverged,"Simulation diverged at t=0: eigenvalue Re(λ)=2.262e+00 predicts growth factor 1.34e+49 over Δt=50.0, exceeding threshold 1e+08. The system is physically unstable.",-1,,,,,,,,false
-0.6551724137931034,-2.2105263157894735,1.0,0.0001,0.0,1.0,256,50.0,auto,auto,periodic,"Simulation diverged at t=0: eigenvalue Re(λ)=1.942e+00 predicts growth factor 1.51e+42 over Δt=50.0, exceeding threshold 1e+08. The system is physically unstable.",diverged,"Simulation diverged at t=0: eigenvalue Re(λ)=1.942e+00 predicts growth factor 1.51e+42 over Δt=50.0, exceeding threshold 1e+08. The system is physically unstable.",-1,,,,,,,,false
-0.6551724137931034,-2.0789473684210527,1.0,0.0001,0.0,1.0,256,50.0,auto,auto,periodic,"Simulation diverged at t=0: eigenvalue Re(λ)=7.861e+00 predicts growth factor 5.08e+170 over Δt=50.0, exceeding threshold 1e+08. The system is physically unstable.",diverged,"Simulation diverged at t=0: eigenvalue Re(λ)=7.861e+00 predicts growth factor 5.08e+170 over Δt=50.0, exceeding threshold 1e+08. The system is physically unstable.",-1,,,,,,,,false
-0.6551724137931034,-1.9473684210526316,1.0,0.0001,0.0,1.0,256,50.0,auto,auto,periodic,"Simulation diverged at t=0: eigenvalue Re(λ)=1.687e+00 predicts growth factor 4.21e+36 over Δt=50.0, exceeding threshold 1e+08. The system is physically unstable.",diverged,"Simulation diverged at t=0: eigenvalue Re(λ)=1.687e+00 predicts growth factor 4.21e+36 over Δt=50.0, exceeding threshold 1e+08. The system is physically unstable.",-1,,,,,,,,false
-0.6551724137931034,-1.8157894736842106,1.0,0.0001,0.0,1.0,256,50.0,auto,auto,periodic,"Simulation diverged at t=0: eigenvalue Re(λ)=1.135e+00 predicts growth factor 4.42e+24 over Δt=50.0, exceeding threshold 1e+08. The system is physically unstable.",diverged,"Simulation diverged at t=0: eigenvalue Re(λ)=1.135e+00 predicts growth factor 4.42e+24 over Δt=50.0, exceeding threshold 1e+08. The system is physically unstable.",-1,,,,,,,,false
-0.6551724137931034,-1.6842105263157896,1.0,0.0001,0.0,1.0,256,50.0,auto,auto,periodic,"Simulation diverged at t=0: eigenvalue Re(λ)=4.622e-01 predicts growth factor 1.09e+10 over Δt=50.0, exceeding threshold 1e+08. The system is physically unstable.",diverged,"Simulation diverged at t=0: eigenvalue Re(λ)=4.622e-01 predicts growth factor 1.09e+10 over Δt=50.0, exceeding threshold 1e+08. The system is physically unstable.",-1,,,,,,,,false
-0.6551724137931034,-1.5526315789473686,1.0,0.0001,0.0,1.0,256,50.0,auto,auto,periodic,"Simulation diverged at t=0: eigenvalue Re(λ)=3.938e-01 predicts growth factor 3.56e+08 over Δt=50.0, exceeding threshold 1e+08. The system is physically unstable.",diverged,"Simulation diverged at t=0: eigenvalue Re(λ)=3.938e-01 predicts growth factor 3.56e+08 over Δt=50.0, exceeding threshold 1e+08. The system is physically unstable.",-1,,,,,,,,false
-0.6551724137931034,-1.4210526315789473,1.0,0.0001,0.0,1.0,256,50.0,auto,auto,periodic,,success,,0,33.91303403039353,50.0,33.91303403039353,1.29,3.3913e+09,,,false
-0.6551724137931034,-1.2894736842105263,1.0,0.0001,0.0,1.0,256,50.0,auto,auto,periodic,,success,,0,0.0056070451234419665,50.0,0.0056070451234419665,1.39,5.6070e+05,8.971291e+02,2.9529,true
-0.6551724137931034,-1.1578947368421053,1.0,0.0001,0.0,1.0,256,50.0,auto,auto,periodic,,success,,0,1.7345101762373386e-06,50.0,1.7345101762373386e-06,1.32,1.7345e+02,2.775222e-01,-0.5567,true
-0.6551724137931034,-1.0263157894736843,1.0,0.0001,0.0,1.0,256,50.0,auto,auto,periodic,,success,,0,8.245819262737846e-10,50.0,8.245819262737846e-10,1.42,8.2458e-02,1.319334e-04,-3.8796,true
-0.6551724137931034,-0.8947368421052633,1.0,0.0001,0.0,1.0,256,50.0,auto,auto,periodic,,success,,0,1.7417838547652886e-14,50.0,1.7417838547652886e-14,1.17,1.7418e-06,2.786860e-09,-8.5549,true
-0.6551724137931034,-0.763157894736842,1.0,0.0001,0.0,1.0,256,50.0,auto,auto,periodic,,success,,0,1.6512435719729812e-11,43.0,1.2529891457977803e-11,1.07,1.6512e-03,2.641995e-06,-5.5781,true
-0.6551724137931034,-0.6315789473684212,1.0,0.0001,0.0,1.0,256,50.0,auto,auto,periodic,,success,,0,5.809821291251361e-11,44.5,2.968267088467612e-11,1.2,5.8098e-03,9.295733e-06,-5.0317,true
-0.6551724137931034,-0.5,1.0,0.0001,0.0,1.0,256,50.0,auto,auto,periodic,,success,,0,1.2194061409217312e-10,44.5,4.448929567223881e-11,1.07,1.2194e-02,1.951054e-05,-4.7097,true
-0.5862068965517242,-3.0,1.0,0.0001,0.0,1.0,256,50.0,auto,auto,periodic,"Simulation diverged at t=0: eigenvalue Re(λ)=3.004e+00 predicts growth factor 1.69e+65 over Δt=50.0, exceeding threshold 1e+08. The system is physically unstable.",diverged,"Simulation diverged at t=0: eigenvalue Re(λ)=3.004e+00 predicts growth factor 1.69e+65 over Δt=50.0, exceeding threshold 1e+08. The system is physically unstable.",-1,,,,,,,,false
-0.5862068965517242,-2.8684210526315788,1.0,0.0001,0.0,1.0,256,50.0,auto,auto,periodic,"Simulation diverged at t=0: eigenvalue Re(λ)=3.218e+00 predicts growth factor 7.41e+69 over Δt=50.0, exceeding threshold 1e+08. The system is physically unstable.",diverged,"Simulation diverged at t=0: eigenvalue Re(λ)=3.218e+00 predicts growth factor 7.41e+69 over Δt=50.0, exceeding threshold 1e+08. The system is physically unstable.",-1,,,,,,,,false
-0.5862068965517242,-2.736842105263158,1.0,0.0001,0.0,1.0,256,50.0,auto,auto,periodic,"Simulation diverged at t=0: eigenvalue Re(λ)=3.393e+00 predicts growth factor 4.88e+73 over Δt=50.0, exceeding threshold 1e+08. The system is physically unstable.",diverged,"Simulation diverged at t=0: eigenvalue Re(λ)=3.393e+00 predicts growth factor 4.88e+73 over Δt=50.0, exceeding threshold 1e+08. The system is physically unstable.",-1,,,,,,,,false
-0.5862068965517242,-2.6052631578947367,1.0,0.0001,0.0,1.0,256,50.0,auto,auto,periodic,"Simulation diverged at t=0: eigenvalue Re(λ)=3.420e+00 predicts growth factor 1.87e+74 over Δt=50.0, exceeding threshold 1e+08. The system is physically unstable.",diverged,"Simulation diverged at t=0: eigenvalue Re(λ)=3.420e+00 predicts growth factor 1.87e+74 over Δt=50.0, exceeding threshold 1e+08. The system is physically unstable.",-1,,,,,,,,false
-0.5862068965517242,-2.473684210526316,1.0,0.0001,0.0,1.0,256,50.0,auto,auto,periodic,"Simulation diverged at t=0: eigenvalue Re(λ)=3.170e+00 predicts growth factor 6.69e+68 over Δt=50.0, exceeding threshold 1e+08. The system is physically unstable.",diverged,"Simulation diverged at t=0: eigenvalue Re(λ)=3.170e+00 predicts growth factor 6.69e+68 over Δt=50.0, exceeding threshold 1e+08. The system is physically unstable.",-1,,,,,,,,false
-0.5862068965517242,-2.3421052631578947,1.0,0.0001,0.0,1.0,256,50.0,auto,auto,periodic,"Simulation diverged at t=0: eigenvalue Re(λ)=2.654e+00 predicts growth factor 4.26e+57 over Δt=50.0, exceeding threshold 1e+08. The system is physically unstable.",diverged,"Simulation diverged at t=0: eigenvalue Re(λ)=2.654e+00 predicts growth factor 4.26e+57 over Δt=50.0, exceeding threshold 1e+08. The system is physically unstable.",-1,,,,,,,,false
-0.5862068965517242,-2.2105263157894735,1.0,0.0001,0.0,1.0,256,50.0,auto,auto,periodic,"Simulation diverged at t=0: eigenvalue Re(λ)=2.053e+00 predicts growth factor 3.73e+44 over Δt=50.0, exceeding threshold 1e+08. The system is physically unstable.",diverged,"Simulation diverged at t=0: eigenvalue Re(λ)=2.053e+00 predicts growth factor 3.73e+44 over Δt=50.0, exceeding threshold 1e+08. The system is physically unstable.",-1,,,,,,,,false
-0.5862068965517242,-2.0789473684210527,1.0,0.0001,0.0,1.0,256,50.0,auto,auto,periodic,"Simulation diverged at t=0: eigenvalue Re(λ)=3.406e+00 predicts growth factor 9.17e+73 over Δt=50.0, exceeding threshold 1e+08. The system is physically unstable.",diverged,"Simulation diverged at t=0: eigenvalue Re(λ)=3.406e+00 predicts growth factor 9.17e+73 over Δt=50.0, exceeding threshold 1e+08. The system is physically unstable.",-1,,,,,,,,false
-0.5862068965517242,-1.9473684210526316,1.0,0.0001,0.0,1.0,256,50.0,auto,auto,periodic,"Simulation diverged at t=0: eigenvalue Re(λ)=1.457e+00 predicts growth factor 4.27e+31 over Δt=50.0, exceeding threshold 1e+08. The system is physically unstable.",diverged,"Simulation diverged at t=0: eigenvalue Re(λ)=1.457e+00 predicts growth factor 4.27e+31 over Δt=50.0, exceeding threshold 1e+08. The system is physically unstable.",-1,,,,,,,,false
-0.5862068965517242,-1.8157894736842106,1.0,0.0001,0.0,1.0,256,50.0,auto,auto,periodic,"Simulation diverged at t=0: eigenvalue Re(λ)=1.460e+00 predicts growth factor 5.00e+31 over Δt=50.0, exceeding threshold 1e+08. The system is physically unstable.",diverged,"Simulation diverged at t=0: eigenvalue Re(λ)=1.460e+00 predicts growth factor 5.00e+31 over Δt=50.0, exceeding threshold 1e+08. The system is physically unstable.",-1,,,,,,,,false
-0.5862068965517242,-1.6842105263157896,1.0,0.0001,0.0,1.0,256,50.0,auto,auto,periodic,"Simulation diverged at t=0: eigenvalue Re(λ)=4.302e-01 predicts growth factor 2.20e+09 over Δt=50.0, exceeding threshold 1e+08. The system is physically unstable.",diverged,"Simulation diverged at t=0: eigenvalue Re(λ)=4.302e-01 predicts growth factor 2.20e+09 over Δt=50.0, exceeding threshold 1e+08. The system is physically unstable.",-1,,,,,,,,false
-0.5862068965517242,-1.5526315789473686,1.0,0.0001,0.0,1.0,256,50.0,auto,auto,periodic,"Simulation diverged at t=0: eigenvalue Re(λ)=3.768e-01 predicts growth factor 1.52e+08 over Δt=50.0, exceeding threshold 1e+08. The system is physically unstable.",diverged,"Simulation diverged at t=0: eigenvalue Re(λ)=3.768e-01 predicts growth factor 1.52e+08 over Δt=50.0, exceeding threshold 1e+08. The system is physically unstable.",-1,,,,,,,,false
-0.5862068965517242,-1.4210526315789473,1.0,0.0001,0.0,1.0,256,50.0,auto,auto,periodic,,success,,0,0.13627887290079266,50.0,0.13627887290079266,1.1,1.3628e+07,,,false
-0.5862068965517242,-1.2894736842105263,1.0,0.0001,0.0,1.0,256,50.0,auto,auto,periodic,,success,,0,4.761070860961253e-06,50.0,4.761070860961253e-06,1.21,4.7611e+02,7.617729e-01,-0.1182,true
-0.5862068965517242,-1.1578947368421053,1.0,0.0001,0.0,1.0,256,50.0,auto,auto,periodic,,success,,0,3.410014198205583e-10,50.0,3.410014198205583e-10,1.19,3.4100e-02,5.456034e-05,-4.2631,true
-0.5862068965517242,-1.0263157894736843,1.0,0.0001,0.0,1.0,256,50.0,auto,auto,periodic,,success,,0,2.5116288236751656e-12,43.0,2.36418611579464e-12,1.19,2.5116e-04,4.018614e-07,-6.3959,true
-0.5862068965517242,-0.8947368421052633,1.0,0.0001,0.0,1.0,256,50.0,auto,auto,periodic,,success,,0,3.83270312161366e-11,44.5,2.373597382856512e-11,1.46,3.8327e-03,6.132338e-06,-5.2124,true
-0.5862068965517242,-0.763157894736842,1.0,0.0001,0.0,1.0,256,50.0,auto,auto,periodic,,success,,0,1.1314395615007903e-10,44.5,4.2120241577904e-11,1.44,1.1314e-02,1.810307e-05,-4.7422,true
-0.5862068965517242,-0.6315789473684212,1.0,0.0001,0.0,1.0,256,50.0,auto,auto,periodic,,success,,0,2.2064021477939124e-10,46.0,8.553860387102293e-11,1.39,2.2064e-02,3.530251e-05,-4.4522,true
-0.5862068965517242,-0.5,1.0,0.0001,0.0,1.0,256,50.0,auto,auto,periodic,,success,,0,3.4968975644737603e-10,47.5,2.0796280589025898e-10,1.4,3.4969e-02,5.595048e-05,-4.2522,true
-0.5172413793103449,-3.0,1.0,0.0001,0.0,1.0,256,50.0,auto,auto,periodic,"Simulation diverged at t=0: eigenvalue Re(λ)=3.442e+00 predicts growth factor 5.51e+74 over Δt=50.0, exceeding threshold 1e+08. The system is physically unstable.",diverged,"Simulation diverged at t=0: eigenvalue Re(λ)=3.442e+00 predicts growth factor 5.51e+74 over Δt=50.0, exceeding threshold 1e+08. The system is physically unstable.",-1,,,,,,,,false
-0.5172413793103449,-2.8684210526315788,1.0,0.0001,0.0,1.0,256,50.0,auto,auto,periodic,"Simulation diverged at t=0: eigenvalue Re(λ)=3.407e+00 predicts growth factor 9.38e+73 over Δt=50.0, exceeding threshold 1e+08. The system is physically unstable.",diverged,"Simulation diverged at t=0: eigenvalue Re(λ)=3.407e+00 predicts growth factor 9.38e+73 over Δt=50.0, exceeding threshold 1e+08. The system is physically unstable.",-1,,,,,,,,false
-0.5172413793103449,-2.736842105263158,1.0,0.0001,0.0,1.0,256,50.0,auto,auto,periodic,"Simulation diverged at t=0: eigenvalue Re(λ)=3.236e+00 predicts growth factor 1.83e+70 over Δt=50.0, exceeding threshold 1e+08. The system is physically unstable.",diverged,"Simulation diverged at t=0: eigenvalue Re(λ)=3.236e+00 predicts growth factor 1.83e+70 over Δt=50.0, exceeding threshold 1e+08. The system is physically unstable.",-1,,,,,,,,false
-0.5172413793103449,-2.6052631578947367,1.0,0.0001,0.0,1.0,256,50.0,auto,auto,periodic,"Simulation diverged at t=0: eigenvalue Re(λ)=2.920e+00 predicts growth factor 2.57e+63 over Δt=50.0, exceeding threshold 1e+08. The system is physically unstable.",diverged,"Simulation diverged at t=0: eigenvalue Re(λ)=2.920e+00 predicts growth factor 2.57e+63 over Δt=50.0, exceeding threshold 1e+08. The system is physically unstable.",-1,,,,,,,,false
-0.5172413793103449,-2.473684210526316,1.0,0.0001,0.0,1.0,256,50.0,auto,auto,periodic,"Simulation diverged at t=0: eigenvalue Re(λ)=2.502e+00 predicts growth factor 2.19e+54 over Δt=50.0, exceeding threshold 1e+08. The system is physically unstable.",diverged,"Simulation diverged at t=0: eigenvalue Re(λ)=2.502e+00 predicts growth factor 2.19e+54 over Δt=50.0, exceeding threshold 1e+08. The system is physically unstable.",-1,,,,,,,,false
-0.5172413793103449,-2.3421052631578947,1.0,0.0001,0.0,1.0,256,50.0,auto,auto,periodic,"Simulation diverged at t=0: eigenvalue Re(λ)=5.363e+00 predicts growth factor 2.88e+116 over Δt=50.0, exceeding threshold 1e+08. The system is physically unstable.",diverged,"Simulation diverged at t=0: eigenvalue Re(λ)=5.363e+00 predicts growth factor 2.88e+116 over Δt=50.0, exceeding threshold 1e+08. The system is physically unstable.",-1,,,,,,,,false
-0.5172413793103449,-2.2105263157894735,1.0,0.0001,0.0,1.0,256,50.0,auto,auto,periodic,"Simulation diverged at t=0: eigenvalue Re(λ)=2.641e+00 predicts growth factor 2.25e+57 over Δt=50.0, exceeding threshold 1e+08. The system is physically unstable.",diverged,"Simulation diverged at t=0: eigenvalue Re(λ)=2.641e+00 predicts growth factor 2.25e+57 over Δt=50.0, exceeding threshold 1e+08. The system is physically unstable.",-1,,,,,,,,false
-0.5172413793103449,-2.0789473684210527,1.0,0.0001,0.0,1.0,256,50.0,auto,auto,periodic,"Simulation diverged at t=0: eigenvalue Re(λ)=4.088e+00 predicts growth factor 5.77e+88 over Δt=50.0, exceeding threshold 1e+08. The system is physically unstable.",diverged,"Simulation diverged at t=0: eigenvalue Re(λ)=4.088e+00 predicts growth factor 5.77e+88 over Δt=50.0, exceeding threshold 1e+08. The system is physically unstable.",-1,,,,,,,,false
-0.5172413793103449,-1.9473684210526316,1.0,0.0001,0.0,1.0,256,50.0,auto,auto,periodic,"Simulation diverged at t=0: eigenvalue Re(λ)=3.551e+00 predicts growth factor 1.31e+77 over Δt=50.0, exceeding threshold 1e+08. The system is physically unstable.",diverged,"Simulation diverged at t=0: eigenvalue Re(λ)=3.551e+00 predicts growth factor 1.31e+77 over Δt=50.0, exceeding threshold 1e+08. The system is physically unstable.",-1,,,,,,,,false
-0.5172413793103449,-1.8157894736842106,1.0,0.0001,0.0,1.0,256,50.0,auto,auto,periodic,"Simulation diverged at t=0: eigenvalue Re(λ)=4.452e+00 predicts growth factor 4.68e+96 over Δt=50.0, exceeding threshold 1e+08. The system is physically unstable.",diverged,"Simulation diverged at t=0: eigenvalue Re(λ)=4.452e+00 predicts growth factor 4.68e+96 over Δt=50.0, exceeding threshold 1e+08. The system is physically unstable.",-1,,,,,,,,false
-0.5172413793103449,-1.6842105263157896,1.0,0.0001,0.0,1.0,256,50.0,auto,auto,periodic,"Simulation diverged at t=0: eigenvalue Re(λ)=3.926e-01 predicts growth factor 3.35e+08 over Δt=50.0, exceeding threshold 1e+08. The system is physically unstable.",diverged,"Simulation diverged at t=0: eigenvalue Re(λ)=3.926e-01 predicts growth factor 3.35e+08 over Δt=50.0, exceeding threshold 1e+08. The system is physically unstable.",-1,,,,,,,,false
-0.5172413793103449,-1.5526315789473686,1.0,0.0001,0.0,1.0,256,50.0,auto,auto,periodic,,success,,0,80.14456534319658,50.0,80.14456534319658,1.27,8.0145e+09,,,false
-0.5172413793103449,-1.4210526315789473,1.0,0.0001,0.0,1.0,256,50.0,auto,auto,periodic,,success,,0,8.501088267240885e-05,50.0,8.501088267240885e-05,1.36,8.5011e+03,1.360177e+01,1.1336,true
-0.5172413793103449,-1.2894736842105263,1.0,0.0001,0.0,1.0,256,50.0,auto,auto,periodic,,success,,0,3.5496364541861536e-10,50.0,3.5496364541861536e-10,1.28,3.5496e-02,5.679430e-05,-4.2457,true
-0.5172413793103449,-1.1578947368421053,1.0,0.0001,0.0,1.0,256,50.0,auto,auto,periodic,,success,,0,9.01706481211494e-12,43.0,7.517990641692558e-12,1.29,9.0171e-04,1.442733e-06,-5.8408,true
-0.5172413793103449,-1.0263157894736843,1.0,0.0001,0.0,1.0,256,50.0,auto,auto,periodic,,success,,0,7.750295960526907e-11,44.5,3.418738546399402e-11,1.24,7.7503e-03,1.240050e-05,-4.9066,true
-0.5172413793103449,-0.8947368421052633,1.0,0.0001,0.0,1.0,256,50.0,auto,auto,periodic,,success,,0,2.012625301634043e-10,46.0,7.495632913026024e-11,1.27,2.0126e-02,3.220207e-05,-4.4921,true
-0.5172413793103449,-0.763157894736842,1.0,0.0001,0.0,1.0,256,50.0,auto,auto,periodic,,success,,0,3.741702084351618e-10,47.5,2.314012484657026e-10,1.46,3.7417e-02,5.986736e-05,-4.2228,true
-0.5172413793103449,-0.6315789473684212,1.0,0.0001,0.0,1.0,256,50.0,auto,auto,periodic,,success,,0,5.9178853128965e-10,49.0,5.203684575835978e-10,1.53,5.9179e-02,9.468636e-05,-4.0237,true
-0.5172413793103449,-0.5,1.0,0.0001,0.0,1.0,256,50.0,auto,auto,periodic,,success,,0,8.49291945526505e-10,49.5,8.377957426296503e-10,1.64,8.4929e-02,1.358870e-04,-3.8668,true
-0.4482758620689655,-3.0,1.0,0.0001,0.0,1.0,256,50.0,auto,auto,periodic,"Simulation diverged at t=0: eigenvalue Re(λ)=9.119e+00 predicts growth factor 1.03e+198 over Δt=50.0, exceeding threshold 1e+08. The system is physically unstable.",diverged,"Simulation diverged at t=0: eigenvalue Re(λ)=9.119e+00 predicts growth factor 1.03e+198 over Δt=50.0, exceeding threshold 1e+08. The system is physically unstable.",-1,,,,,,,,false
-0.4482758620689655,-2.8684210526315788,1.0,0.0001,0.0,1.0,256,50.0,auto,auto,periodic,"Simulation diverged at t=0: eigenvalue Re(λ)=7.054e+00 predicts growth factor 1.51e+153 over Δt=50.0, exceeding threshold 1e+08. The system is physically unstable.",diverged,"Simulation diverged at t=0: eigenvalue Re(λ)=7.054e+00 predicts growth factor 1.51e+153 over Δt=50.0, exceeding threshold 1e+08. The system is physically unstable.",-1,,,,,,,,false
-0.4482758620689655,-2.736842105263158,1.0,0.0001,0.0,1.0,256,50.0,auto,auto,periodic,"Simulation diverged at t=0: eigenvalue Re(λ)=5.204e+00 predicts growth factor 1.03e+113 over Δt=50.0, exceeding threshold 1e+08. The system is physically unstable.",diverged,"Simulation diverged at t=0: eigenvalue Re(λ)=5.204e+00 predicts growth factor 1.03e+113 over Δt=50.0, exceeding threshold 1e+08. The system is physically unstable.",-1,,,,,,,,false
-0.4482758620689655,-2.6052631578947367,1.0,0.0001,0.0,1.0,256,50.0,auto,auto,periodic,"Simulation diverged at t=0: eigenvalue Re(λ)=3.839e+00 predicts growth factor 2.33e+83 over Δt=50.0, exceeding threshold 1e+08. The system is physically unstable.",diverged,"Simulation diverged at t=0: eigenvalue Re(λ)=3.839e+00 predicts growth factor 2.33e+83 over Δt=50.0, exceeding threshold 1e+08. The system is physically unstable.",-1,,,,,,,,false
-0.4482758620689655,-2.473684210526316,1.0,0.0001,0.0,1.0,256,50.0,auto,auto,periodic,"Simulation diverged at t=0: eigenvalue Re(λ)=2.863e+00 predicts growth factor 1.50e+62 over Δt=50.0, exceeding threshold 1e+08. The system is physically unstable.",diverged,"Simulation diverged at t=0: eigenvalue Re(λ)=2.863e+00 predicts growth factor 1.50e+62 over Δt=50.0, exceeding threshold 1e+08. The system is physically unstable.",-1,,,,,,,,false
-0.4482758620689655,-2.3421052631578947,1.0,0.0001,0.0,1.0,256,50.0,auto,auto,periodic,"Simulation diverged at t=0: eigenvalue Re(λ)=4.207e+00 predicts growth factor 2.26e+91 over Δt=50.0, exceeding threshold 1e+08. The system is physically unstable.",diverged,"Simulation diverged at t=0: eigenvalue Re(λ)=4.207e+00 predicts growth factor 2.26e+91 over Δt=50.0, exceeding threshold 1e+08. The system is physically unstable.",-1,,,,,,,,false
-0.4482758620689655,-2.2105263157894735,1.0,0.0001,0.0,1.0,256,50.0,auto,auto,periodic,"Simulation diverged at t=0: eigenvalue Re(λ)=2.288e+00 predicts growth factor 4.75e+49 over Δt=50.0, exceeding threshold 1e+08. The system is physically unstable.",diverged,"Simulation diverged at t=0: eigenvalue Re(λ)=2.288e+00 predicts growth factor 4.75e+49 over Δt=50.0, exceeding threshold 1e+08. The system is physically unstable.",-1,,,,,,,,false
-0.4482758620689655,-2.0789473684210527,1.0,0.0001,0.0,1.0,256,50.0,auto,auto,periodic,"Simulation diverged at t=0: eigenvalue Re(λ)=2.163e+00 predicts growth factor 9.29e+46 over Δt=50.0, exceeding threshold 1e+08. The system is physically unstable.",diverged,"Simulation diverged at t=0: eigenvalue Re(λ)=2.163e+00 predicts growth factor 9.29e+46 over Δt=50.0, exceeding threshold 1e+08. The system is physically unstable.",-1,,,,,,,,false
-0.4482758620689655,-1.9473684210526316,1.0,0.0001,0.0,1.0,256,50.0,auto,auto,periodic,"Simulation diverged at t=0: eigenvalue Re(λ)=4.688e+00 predicts growth factor 6.24e+101 over Δt=50.0, exceeding threshold 1e+08. The system is physically unstable.",diverged,"Simulation diverged at t=0: eigenvalue Re(λ)=4.688e+00 predicts growth factor 6.24e+101 over Δt=50.0, exceeding threshold 1e+08. The system is physically unstable.",-1,,,,,,,,false
-0.4482758620689655,-1.8157894736842106,1.0,0.0001,0.0,1.0,256,50.0,auto,auto,periodic,"Simulation diverged at t=0: eigenvalue Re(λ)=1.766e+00 predicts growth factor 2.25e+38 over Δt=50.0, exceeding threshold 1e+08. The system is physically unstable.",diverged,"Simulation diverged at t=0: eigenvalue Re(λ)=1.766e+00 predicts growth factor 2.25e+38 over Δt=50.0, exceeding threshold 1e+08. The system is physically unstable.",-1,,,,,,,,false
-0.4482758620689655,-1.6842105263157896,1.0,0.0001,0.0,1.0,256,50.0,auto,auto,periodic,"Simulation diverged at t=0: eigenvalue Re(λ)=4.103e-01 predicts growth factor 8.14e+08 over Δt=50.0, exceeding threshold 1e+08. The system is physically unstable.",diverged,"Simulation diverged at t=0: eigenvalue Re(λ)=4.103e-01 predicts growth factor 8.14e+08 over Δt=50.0, exceeding threshold 1e+08. The system is physically unstable.",-1,,,,,,,,false
-0.4482758620689655,-1.5526315789473686,1.0,0.0001,0.0,1.0,256,50.0,auto,auto,periodic,,success,,0,0.06794030762280019,50.0,0.06794030762280019,1.52,6.7940e+06,1.087047e+04,4.0362,true
-0.4482758620689655,-1.4210526315789473,1.0,0.0001,0.0,1.0,256,50.0,auto,auto,periodic,,success,,0,2.6998753516384257e-09,50.0,2.6998753516384257e-09,1.52,2.6999e-01,4.319810e-04,-3.3645,true
-0.4482758620689655,-1.2894736842105263,1.0,0.0001,0.0,1.0,256,50.0,auto,auto,periodic,,success,,0,1.5810013362919305e-11,43.0,1.2092240244220697e-11,2.05,1.5810e-03,2.529607e-06,-5.5969,true
-0.4482758620689655,-1.1578947368421053,1.0,0.0001,0.0,1.0,256,50.0,auto,auto,periodic,,success,,0,1.2941389050334597e-10,44.5,4.676822933897487e-11,1.33,1.2941e-02,2.070627e-05,-4.6839,true
-0.4482758620689655,-1.0263157894736843,1.0,0.0001,0.0,1.0,256,50.0,auto,auto,periodic,,success,,0,3.32285697348548e-10,47.5,1.9229979585956483e-10,1.16,3.3229e-02,5.316582e-05,-4.2744,true
-0.4482758620689655,-0.8947368421052633,1.0,0.0001,0.0,1.0,256,50.0,auto,auto,periodic,,success,,0,6.391612095902492e-10,49.0,5.70706927757264e-10,1.27,6.3916e-02,1.022660e-04,-3.9903,true
-0.4482758620689655,-0.763157894736842,1.0,0.0001,0.0,1.0,256,50.0,auto,auto,periodic,,success,,0,9.853842562272322e-10,40.0,9.59502330963285e-10,1.33,9.8538e-02,1.576618e-04,-3.8023,true
-0.4482758620689655,-0.6315789473684212,1.0,0.0001,0.0,1.0,256,50.0,auto,auto,periodic,,success,,0,1.4408784787385646e-09,41.5,1.0198563615478373e-09,1.35,1.4409e-01,2.305410e-04,-3.6373,true
-0.4482758620689655,-0.5,1.0,0.0001,0.0,1.0,256,50.0,auto,auto,periodic,,success,,0,1.9734418978808066e-09,43.0,6.558899524961576e-10,1.22,1.9734e-01,3.157514e-04,-3.5007,true
-0.3793103448275862,-3.0,1.0,0.0001,0.0,1.0,256,50.0,auto,auto,periodic,"Simulation diverged at t=0: eigenvalue Re(λ)=5.851e+00 predicts growth factor 1.14e+127 over Δt=50.0, exceeding threshold 1e+08. The system is physically unstable.",diverged,"Simulation diverged at t=0: eigenvalue Re(λ)=5.851e+00 predicts growth factor 1.14e+127 over Δt=50.0, exceeding threshold 1e+08. The system is physically unstable.",-1,,,,,,,,false
-0.3793103448275862,-2.8684210526315788,1.0,0.0001,0.0,1.0,256,50.0,auto,auto,periodic,"Simulation diverged at t=0: eigenvalue Re(λ)=4.489e+00 predicts growth factor 2.93e+97 over Δt=50.0, exceeding threshold 1e+08. The system is physically unstable.",diverged,"Simulation diverged at t=0: eigenvalue Re(λ)=4.489e+00 predicts growth factor 2.93e+97 over Δt=50.0, exceeding threshold 1e+08. The system is physically unstable.",-1,,,,,,,,false
-0.3793103448275862,-2.736842105263158,1.0,0.0001,0.0,1.0,256,50.0,auto,auto,periodic,"Simulation diverged at t=0: eigenvalue Re(λ)=9.441e+00 predicts growth factor 1.01e+205 over Δt=50.0, exceeding threshold 1e+08. The system is physically unstable.",diverged,"Simulation diverged at t=0: eigenvalue Re(λ)=9.441e+00 predicts growth factor 1.01e+205 over Δt=50.0, exceeding threshold 1e+08. The system is physically unstable.",-1,,,,,,,,false
-0.3793103448275862,-2.6052631578947367,1.0,0.0001,0.0,1.0,256,50.0,auto,auto,periodic,"Simulation diverged at t=0: eigenvalue Re(λ)=4.507e+00 predicts growth factor 7.30e+97 over Δt=50.0, exceeding threshold 1e+08. The system is physically unstable.",diverged,"Simulation diverged at t=0: eigenvalue Re(λ)=4.507e+00 predicts growth factor 7.30e+97 over Δt=50.0, exceeding threshold 1e+08. The system is physically unstable.",-1,,,,,,,,false
-0.3793103448275862,-2.473684210526316,1.0,0.0001,0.0,1.0,256,50.0,auto,auto,periodic,"Simulation diverged at t=0: eigenvalue Re(λ)=8.132e+00 predicts growth factor 3.79e+176 over Δt=50.0, exceeding threshold 1e+08. The system is physically unstable.",diverged,"Simulation diverged at t=0: eigenvalue Re(λ)=8.132e+00 predicts growth factor 3.79e+176 over Δt=50.0, exceeding threshold 1e+08. The system is physically unstable.",-1,,,,,,,,false
-0.3793103448275862,-2.3421052631578947,1.0,0.0001,0.0,1.0,256,50.0,auto,auto,periodic,"Simulation diverged at t=0: eigenvalue Re(λ)=3.123e+00 predicts growth factor 6.67e+67 over Δt=50.0, exceeding threshold 1e+08. The system is physically unstable.",diverged,"Simulation diverged at t=0: eigenvalue Re(λ)=3.123e+00 predicts growth factor 6.67e+67 over Δt=50.0, exceeding threshold 1e+08. The system is physically unstable.",-1,,,,,,,,false
-0.3793103448275862,-2.2105263157894735,1.0,0.0001,0.0,1.0,256,50.0,auto,auto,periodic,"Simulation diverged at t=0: eigenvalue Re(λ)=2.939e+00 predicts growth factor 6.51e+63 over Δt=50.0, exceeding threshold 1e+08. The system is physically unstable.",diverged,"Simulation diverged at t=0: eigenvalue Re(λ)=2.939e+00 predicts growth factor 6.51e+63 over Δt=50.0, exceeding threshold 1e+08. The system is physically unstable.",-1,,,,,,,,false
-0.3793103448275862,-2.0789473684210527,1.0,0.0001,0.0,1.0,256,50.0,auto,auto,periodic,"Simulation diverged at t=0: eigenvalue Re(λ)=2.269e+00 predicts growth factor 1.90e+49 over Δt=50.0, exceeding threshold 1e+08. The system is physically unstable.",diverged,"Simulation diverged at t=0: eigenvalue Re(λ)=2.269e+00 predicts growth factor 1.90e+49 over Δt=50.0, exceeding threshold 1e+08. The system is physically unstable.",-1,,,,,,,,false
-0.3793103448275862,-1.9473684210526316,1.0,0.0001,0.0,1.0,256,50.0,auto,auto,periodic,"Simulation diverged at t=0: eigenvalue Re(λ)=2.217e+00 predicts growth factor 1.41e+48 over Δt=50.0, exceeding threshold 1e+08. The system is physically unstable.",diverged,"Simulation diverged at t=0: eigenvalue Re(λ)=2.217e+00 predicts growth factor 1.41e+48 over Δt=50.0, exceeding threshold 1e+08. The system is physically unstable.",-1,,,,,,,,false
-0.3793103448275862,-1.8157894736842106,1.0,0.0001,0.0,1.0,256,50.0,auto,auto,periodic,"Simulation diverged at t=0: eigenvalue Re(λ)=1.666e+00 predicts growth factor 1.53e+36 over Δt=50.0, exceeding threshold 1e+08. The system is physically unstable.",diverged,"Simulation diverged at t=0: eigenvalue Re(λ)=1.666e+00 predicts growth factor 1.53e+36 over Δt=50.0, exceeding threshold 1e+08. The system is physically unstable.",-1,,,,,,,,false
-0.3793103448275862,-1.6842105263157896,1.0,0.0001,0.0,1.0,256,50.0,auto,auto,periodic,"Simulation diverged at t=0: eigenvalue Re(λ)=3.948e-01 predicts growth factor 3.73e+08 over Δt=50.0, exceeding threshold 1e+08. The system is physically unstable.",diverged,"Simulation diverged at t=0: eigenvalue Re(λ)=3.948e-01 predicts growth factor 3.73e+08 over Δt=50.0, exceeding threshold 1e+08. The system is physically unstable.",-1,,,,,,,,false
-0.3793103448275862,-1.5526315789473686,1.0,0.0001,0.0,1.0,256,50.0,auto,auto,periodic,,success,,0,2.1080697974434605e-06,50.0,2.1080697974434605e-06,1.24,2.1081e+02,3.372919e-01,-0.4720,true
-0.3793103448275862,-1.4210526315789473,1.0,0.0001,0.0,1.0,256,50.0,auto,auto,periodic,,success,,0,1.5293883715447426e-11,43.0,1.1766814248584295e-11,1.2,1.5294e-03,2.447026e-06,-5.6114,true
-0.3793103448275862,-1.2894736842105263,1.0,0.0001,0.0,1.0,256,50.0,auto,auto,periodic,,success,,0,2.0262228561394365e-10,46.0,7.564037889759418e-11,1.29,2.0262e-02,3.241963e-05,-4.4892,true
-0.3793103448275862,-1.1578947368421053,1.0,0.0001,0.0,1.0,256,50.0,auto,auto,periodic,,success,,0,5.503587450511848e-10,48.0,4.77662410347914e-10,1.46,5.5036e-02,8.805758e-05,-4.0552,true
-0.3793103448275862,-1.0263157894736843,1.0,0.0001,0.0,1.0,256,50.0,auto,auto,periodic,,success,,0,1.076175645302996e-09,40.0,1.004364732465143e-09,1.54,1.0762e-01,1.721885e-04,-3.7640,true
-0.3793103448275862,-0.8947368421052633,1.0,0.0001,0.0,1.0,256,50.0,auto,auto,periodic,,success,,0,1.7688415591660756e-09,41.5,8.397572678549337e-10,1.8,1.7688e-01,2.830152e-04,-3.5482,true
-0.3793103448275862,-0.763157894736842,1.0,0.0001,0.0,1.0,256,50.0,auto,auto,periodic,,success,,0,2.5547806744975436e-09,44.5,4.144377900125678e-10,1.45,2.5548e-01,4.087658e-04,-3.3885,true
-0.3793103448275862,-0.6315789473684212,1.0,0.0001,0.0,1.0,256,50.0,auto,auto,periodic,,success,,0,3.6522340671107186e-09,46.0,1.4438372122827298e-09,1.62,3.6522e-01,5.843587e-04,-3.2333,true
-0.3793103448275862,-0.5,1.0,0.0001,0.0,1.0,256,50.0,auto,auto,periodic,,success,,0,4.830245708763112e-09,47.5,3.817126201970514e-09,1.43,4.8302e-01,7.728409e-04,-3.1119,true
-0.31034482758620685,-3.0,1.0,0.0001,0.0,1.0,256,50.0,auto,auto,periodic,"Simulation diverged at t=0: eigenvalue Re(λ)=9.572e+00 predicts growth factor 7.15e+207 over Δt=50.0, exceeding threshold 1e+08. The system is physically unstable.",diverged,"Simulation diverged at t=0: eigenvalue Re(λ)=9.572e+00 predicts growth factor 7.15e+207 over Δt=50.0, exceeding threshold 1e+08. The system is physically unstable.",-1,,,,,,,,false
-0.31034482758620685,-2.8684210526315788,1.0,0.0001,0.0,1.0,256,50.0,auto,auto,periodic,"Simulation diverged at t=0: eigenvalue Re(λ)=5.468e+00 predicts growth factor 5.58e+118 over Δt=50.0, exceeding threshold 1e+08. The system is physically unstable.",diverged,"Simulation diverged at t=0: eigenvalue Re(λ)=5.468e+00 predicts growth factor 5.58e+118 over Δt=50.0, exceeding threshold 1e+08. The system is physically unstable.",-1,,,,,,,,false
-0.31034482758620685,-2.736842105263158,1.0,0.0001,0.0,1.0,256,50.0,auto,auto,periodic,"Simulation diverged at t=0: eigenvalue Re(λ)=6.557e+00 predicts growth factor 2.39e+142 over Δt=50.0, exceeding threshold 1e+08. The system is physically unstable.",diverged,"Simulation diverged at t=0: eigenvalue Re(λ)=6.557e+00 predicts growth factor 2.39e+142 over Δt=50.0, exceeding threshold 1e+08. The system is physically unstable.",-1,,,,,,,,false
-0.31034482758620685,-2.6052631578947367,1.0,0.0001,0.0,1.0,256,50.0,auto,auto,periodic,"Simulation diverged at t=0: eigenvalue Re(λ)=8.167e+00 predicts growth factor 2.21e+177 over Δt=50.0, exceeding threshold 1e+08. The system is physically unstable.",diverged,"Simulation diverged at t=0: eigenvalue Re(λ)=8.167e+00 predicts growth factor 2.21e+177 over Δt=50.0, exceeding threshold 1e+08. The system is physically unstable.",-1,,,,,,,,false
-0.31034482758620685,-2.473684210526316,1.0,0.0001,0.0,1.0,256,50.0,auto,auto,periodic,"Simulation diverged at t=0: eigenvalue Re(λ)=9.175e+00 predicts growth factor 1.68e+199 over Δt=50.0, exceeding threshold 1e+08. The system is physically unstable.",diverged,"Simulation diverged at t=0: eigenvalue Re(λ)=9.175e+00 predicts growth factor 1.68e+199 over Δt=50.0, exceeding threshold 1e+08. The system is physically unstable.",-1,,,,,,,,false
-0.31034482758620685,-2.3421052631578947,1.0,0.0001,0.0,1.0,256,50.0,auto,auto,periodic,"Simulation diverged at t=0: eigenvalue Re(λ)=6.830e+00 predicts growth factor 2.07e+148 over Δt=50.0, exceeding threshold 1e+08. The system is physically unstable.",diverged,"Simulation diverged at t=0: eigenvalue Re(λ)=6.830e+00 predicts growth factor 2.07e+148 over Δt=50.0, exceeding threshold 1e+08. The system is physically unstable.",-1,,,,,,,,false
-0.31034482758620685,-2.2105263157894735,1.0,0.0001,0.0,1.0,256,50.0,auto,auto,periodic,"Simulation diverged at t=0: eigenvalue Re(λ)=4.016e+00 predicts growth factor 1.63e+87 over Δt=50.0, exceeding threshold 1e+08. The system is physically unstable.",diverged,"Simulation diverged at t=0: eigenvalue Re(λ)=4.016e+00 predicts growth factor 1.63e+87 over Δt=50.0, exceeding threshold 1e+08. The system is physically unstable.",-1,,,,,,,,false
-0.31034482758620685,-2.0789473684210527,1.0,0.0001,0.0,1.0,256,50.0,auto,auto,periodic,"Simulation diverged at t=0: eigenvalue Re(λ)=4.845e+00 predicts growth factor 1.62e+105 over Δt=50.0, exceeding threshold 1e+08. The system is physically unstable.",diverged,"Simulation diverged at t=0: eigenvalue Re(λ)=4.845e+00 predicts growth factor 1.62e+105 over Δt=50.0, exceeding threshold 1e+08. The system is physically unstable.",-1,,,,,,,,false
-0.31034482758620685,-1.9473684210526316,1.0,0.0001,0.0,1.0,256,50.0,auto,auto,periodic,"Simulation diverged at t=0: eigenvalue Re(λ)=2.714e+00 predicts growth factor 8.66e+58 over Δt=50.0, exceeding threshold 1e+08. The system is physically unstable.",diverged,"Simulation diverged at t=0: eigenvalue Re(λ)=2.714e+00 predicts growth factor 8.66e+58 over Δt=50.0, exceeding threshold 1e+08. The system is physically unstable.",-1,,,,,,,,false
-0.31034482758620685,-1.8157894736842106,1.0,0.0001,0.0,1.0,256,50.0,auto,auto,periodic,"Simulation diverged at t=0: eigenvalue Re(λ)=2.213e+00 predicts growth factor 1.13e+48 over Δt=50.0, exceeding threshold 1e+08. The system is physically unstable.",diverged,"Simulation diverged at t=0: eigenvalue Re(λ)=2.213e+00 predicts growth factor 1.13e+48 over Δt=50.0, exceeding threshold 1e+08. The system is physically unstable.",-1,,,,,,,,false
-0.31034482758620685,-1.6842105263157896,1.0,0.0001,0.0,1.0,256,50.0,auto,auto,periodic,,success,,0,426.64843357533533,50.0,426.64843357533533,1.17,4.2665e+10,,,false
-0.31034482758620685,-1.5526315789473686,1.0,0.0001,0.0,1.0,256,50.0,auto,auto,periodic,,success,,0,6.003835281888578e-13,50.0,6.003835281888578e-13,1.49,6.0038e-05,9.606156e-08,-7.0175,true
-0.31034482758620685,-1.4210526315789473,1.0,0.0001,0.0,1.0,256,50.0,auto,auto,periodic,,success,,0,2.729880106134725e-10,46.0,1.2537276085949506e-10,1.26,2.7299e-02,4.367817e-05,-4.3597,true
-0.31034482758620685,-1.2894736842105263,1.0,0.0001,0.0,1.0,256,50.0,auto,auto,periodic,,success,,0,8.980192396406687e-10,50.0,8.980192396406687e-10,1.32,8.9802e-02,1.436834e-04,-3.8426,true
-0.31034482758620685,-1.1578947368421053,1.0,0.0001,0.0,1.0,256,50.0,auto,auto,periodic,,success,,0,1.888059221627309e-09,30.5,7.050730777796428e-10,1.27,1.8881e-01,3.020901e-04,-3.5199,true
-0.31034482758620685,-1.0263157894736843,1.0,0.0001,0.0,1.0,256,50.0,auto,auto,periodic,,success,,0,3.2692090990998706e-09,44.5,9.63042608795999e-10,1.27,3.2692e-01,5.230745e-04,-3.2814,true
-0.31034482758620685,-0.8947368421052633,1.0,0.0001,0.0,1.0,256,50.0,auto,auto,periodic,,success,,0,5.01419414821083e-09,48.0,4.340358297779682e-09,1.19,5.0142e-01,8.022727e-04,-3.0957,true
-0.31034482758620685,-0.763157894736842,1.0,0.0001,0.0,1.0,256,50.0,auto,auto,periodic,,success,,0,7.08662143291232e-09,36.5,6.602479341160344e-09,1.24,7.0866e-01,1.133862e-03,-2.9454,true
-0.31034482758620685,-0.6315789473684212,1.0,0.0001,0.0,1.0,256,50.0,auto,auto,periodic,,success,,0,9.486545540160075e-09,38.5,4.763613445762834e-09,1.4,9.4865e-01,1.517850e-03,-2.8188,true
-0.31034482758620685,-0.5,1.0,0.0001,0.0,1.0,256,50.0,auto,auto,periodic,,success,,0,1.2264911104730468e-08,41.5,1.569688764780455e-09,2.37,1.2265e+00,1.962390e-03,-2.7072,true
-0.24137931034482762,-3.0,1.0,0.0001,0.0,1.0,256,50.0,auto,auto,periodic,"Simulation diverged at t=0: eigenvalue Re(λ)=2.039e+01 predicts growth factor 1.01e+304 over Δt=50.0, exceeding threshold 1e+08. The system is physically unstable.",diverged,"Simulation diverged at t=0: eigenvalue Re(λ)=2.039e+01 predicts growth factor 1.01e+304 over Δt=50.0, exceeding threshold 1e+08. The system is physically unstable.",-1,,,,,,,,false
-0.24137931034482762,-2.8684210526315788,1.0,0.0001,0.0,1.0,256,50.0,auto,auto,periodic,"Simulation diverged at t=0: eigenvalue Re(λ)=1.936e+01 predicts growth factor 1.01e+304 over Δt=50.0, exceeding threshold 1e+08. The system is physically unstable.",diverged,"Simulation diverged at t=0: eigenvalue Re(λ)=1.936e+01 predicts growth factor 1.01e+304 over Δt=50.0, exceeding threshold 1e+08. The system is physically unstable.",-1,,,,,,,,false
-0.24137931034482762,-2.736842105263158,1.0,0.0001,0.0,1.0,256,50.0,auto,auto,periodic,"Simulation diverged at t=0: eigenvalue Re(λ)=1.309e+01 predicts growth factor 1.86e+284 over Δt=50.0, exceeding threshold 1e+08. The system is physically unstable.",diverged,"Simulation diverged at t=0: eigenvalue Re(λ)=1.309e+01 predicts growth factor 1.86e+284 over Δt=50.0, exceeding threshold 1e+08. The system is physically unstable.",-1,,,,,,,,false
-0.24137931034482762,-2.6052631578947367,1.0,0.0001,0.0,1.0,256,50.0,auto,auto,periodic,"Simulation diverged at t=0: eigenvalue Re(λ)=8.336e+00 predicts growth factor 1.02e+181 over Δt=50.0, exceeding threshold 1e+08. The system is physically unstable.",diverged,"Simulation diverged at t=0: eigenvalue Re(λ)=8.336e+00 predicts growth factor 1.02e+181 over Δt=50.0, exceeding threshold 1e+08. The system is physically unstable.",-1,,,,,,,,false
-0.24137931034482762,-2.473684210526316,1.0,0.0001,0.0,1.0,256,50.0,auto,auto,periodic,"Simulation diverged at t=0: eigenvalue Re(λ)=5.481e+00 predicts growth factor 1.07e+119 over Δt=50.0, exceeding threshold 1e+08. The system is physically unstable.",diverged,"Simulation diverged at t=0: eigenvalue Re(λ)=5.481e+00 predicts growth factor 1.07e+119 over Δt=50.0, exceeding threshold 1e+08. The system is physically unstable.",-1,,,,,,,,false
-0.24137931034482762,-2.3421052631578947,1.0,0.0001,0.0,1.0,256,50.0,auto,auto,periodic,"Simulation diverged at t=0: eigenvalue Re(λ)=5.961e+00 predicts growth factor 2.83e+129 over Δt=50.0, exceeding threshold 1e+08. The system is physically unstable.",diverged,"Simulation diverged at t=0: eigenvalue Re(λ)=5.961e+00 predicts growth factor 2.83e+129 over Δt=50.0, exceeding threshold 1e+08. The system is physically unstable.",-1,,,,,,,,false
-0.24137931034482762,-2.2105263157894735,1.0,0.0001,0.0,1.0,256,50.0,auto,auto,periodic,"Simulation diverged at t=0: eigenvalue Re(λ)=5.158e+00 predicts growth factor 1.03e+112 over Δt=50.0, exceeding threshold 1e+08. The system is physically unstable.",diverged,"Simulation diverged at t=0: eigenvalue Re(λ)=5.158e+00 predicts growth factor 1.03e+112 over Δt=50.0, exceeding threshold 1e+08. The system is physically unstable.",-1,,,,,,,,false
-0.24137931034482762,-2.0789473684210527,1.0,0.0001,0.0,1.0,256,50.0,auto,auto,periodic,"Simulation diverged at t=0: eigenvalue Re(λ)=1.116e+01 predicts growth factor 2.19e+242 over Δt=50.0, exceeding threshold 1e+08. The system is physically unstable.",diverged,"Simulation diverged at t=0: eigenvalue Re(λ)=1.116e+01 predicts growth factor 2.19e+242 over Δt=50.0, exceeding threshold 1e+08. The system is physically unstable.",-1,,,,,,,,false
-0.24137931034482762,-1.9473684210526316,1.0,0.0001,0.0,1.0,256,50.0,auto,auto,periodic,"Simulation diverged at t=0: eigenvalue Re(λ)=4.401e+00 predicts growth factor 3.76e+95 over Δt=50.0, exceeding threshold 1e+08. The system is physically unstable.",diverged,"Simulation diverged at t=0: eigenvalue Re(λ)=4.401e+00 predicts growth factor 3.76e+95 over Δt=50.0, exceeding threshold 1e+08. The system is physically unstable.",-1,,,,,,,,false
-0.24137931034482762,-1.8157894736842106,1.0,0.0001,0.0,1.0,256,50.0,auto,auto,periodic,"Simulation diverged at t=0: eigenvalue Re(λ)=2.304e+00 predicts growth factor 1.09e+50 over Δt=50.0, exceeding threshold 1e+08. The system is physically unstable.",diverged,"Simulation diverged at t=0: eigenvalue Re(λ)=2.304e+00 predicts growth factor 1.09e+50 over Δt=50.0, exceeding threshold 1e+08. The system is physically unstable.",-1,,,,,,,,false
-0.24137931034482762,-1.6842105263157896,1.0,0.0001,0.0,1.0,256,50.0,auto,auto,periodic,,success,,0,0.0012245466894042502,50.0,0.0012245466894042502,1.44,1.2245e+05,1.959279e+02,2.2921,true
-0.24137931034482762,-1.5526315789473686,1.0,0.0001,0.0,1.0,256,50.0,auto,auto,periodic,,success,,0,2.642253092525027e-10,46.0,1.1729488477938417e-10,1.2,2.6423e-02,4.227614e-05,-4.3739,true
-0.24137931034482762,-1.4210526315789473,1.0,0.0001,0.0,1.0,256,50.0,auto,auto,periodic,,success,,0,1.5198314838335982e-09,41.5,9.933428843924844e-10,1.41,1.5198e-01,2.431735e-04,-3.6141,true
-0.24137931034482762,-1.2894736842105263,1.0,0.0001,0.0,1.0,256,50.0,auto,auto,periodic,,success,,0,3.826030915027803e-09,46.0,1.7323545634230642e-09,1.36,3.8260e-01,6.121662e-04,-3.2131,true
-0.24137931034482762,-1.1578947368421053,1.0,0.0001,0.0,1.0,256,50.0,auto,auto,periodic,,success,,0,6.943859421293997e-09,36.5,6.574710898054458e-09,1.58,6.9439e-01,1.111020e-03,-2.9543,true
-0.24137931034482762,-1.0263157894736843,1.0,0.0001,0.0,1.0,256,50.0,auto,auto,periodic,,success,,0,1.1178246612061806e-08,40.0,2.6381933099195613e-09,1.45,1.1178e+00,1.788523e-03,-2.7475,true
-0.24137931034482762,-0.8947368421052633,1.0,0.0001,0.0,1.0,256,50.0,auto,auto,periodic,,success,,0,1.622171979933923e-08,43.0,3.931586905371498e-09,1.24,1.6222e+00,2.595481e-03,-2.5858,true
-0.24137931034482762,-0.763157894736842,1.0,0.0001,0.0,1.0,256,50.0,auto,auto,periodic,,success,,0,2.2424832255368393e-08,47.5,1.79723946876977e-08,1.23,2.2425e+00,3.587981e-03,-2.4451,true
-0.24137931034482762,-0.6315789473684212,1.0,0.0001,0.0,1.0,256,50.0,auto,auto,periodic,,success,,0,2.9536656208073618e-08,30.5,2.891686767367282e-08,1.21,2.9537e+00,4.725875e-03,-2.3255,true
-0.24137931034482762,-0.5,1.0,0.0001,0.0,1.0,256,50.0,auto,auto,periodic,,success,,0,3.743809887323064e-08,32.0,2.632550398565277e-08,1.55,3.7438e+00,5.990108e-03,-2.2226,true
-0.1724137931034483,-3.0,1.0,0.0001,0.0,1.0,256,50.0,auto,auto,periodic,"Simulation diverged at t=0: eigenvalue Re(λ)=1.931e+01 predicts growth factor 1.01e+304 over Δt=50.0, exceeding threshold 1e+08. The system is physically unstable.",diverged,"Simulation diverged at t=0: eigenvalue Re(λ)=1.931e+01 predicts growth factor 1.01e+304 over Δt=50.0, exceeding threshold 1e+08. The system is physically unstable.",-1,,,,,,,,false
-0.1724137931034483,-2.8684210526315788,1.0,0.0001,0.0,1.0,256,50.0,auto,auto,periodic,"Simulation diverged at t=0: eigenvalue Re(λ)=2.593e+01 predicts growth factor 1.01e+304 over Δt=50.0, exceeding threshold 1e+08. The system is physically unstable.",diverged,"Simulation diverged at t=0: eigenvalue Re(λ)=2.593e+01 predicts growth factor 1.01e+304 over Δt=50.0, exceeding threshold 1e+08. The system is physically unstable.",-1,,,,,,,,false
-0.1724137931034483,-2.736842105263158,1.0,0.0001,0.0,1.0,256,50.0,auto,auto,periodic,"Simulation diverged at t=0: eigenvalue Re(λ)=2.667e+01 predicts growth factor 1.01e+304 over Δt=50.0, exceeding threshold 1e+08. The system is physically unstable.",diverged,"Simulation diverged at t=0: eigenvalue Re(λ)=2.667e+01 predicts growth factor 1.01e+304 over Δt=50.0, exceeding threshold 1e+08. The system is physically unstable.",-1,,,,,,,,false
-0.1724137931034483,-2.6052631578947367,1.0,0.0001,0.0,1.0,256,50.0,auto,auto,periodic,"Simulation diverged at t=0: eigenvalue Re(λ)=1.662e+01 predicts growth factor 1.01e+304 over Δt=50.0, exceeding threshold 1e+08. The system is physically unstable.",diverged,"Simulation diverged at t=0: eigenvalue Re(λ)=1.662e+01 predicts growth factor 1.01e+304 over Δt=50.0, exceeding threshold 1e+08. The system is physically unstable.",-1,,,,,,,,false
-0.1724137931034483,-2.473684210526316,1.0,0.0001,0.0,1.0,256,50.0,auto,auto,periodic,"Simulation diverged at t=0: eigenvalue Re(λ)=9.695e+00 predicts growth factor 3.35e+210 over Δt=50.0, exceeding threshold 1e+08. The system is physically unstable.",diverged,"Simulation diverged at t=0: eigenvalue Re(λ)=9.695e+00 predicts growth factor 3.35e+210 over Δt=50.0, exceeding threshold 1e+08. The system is physically unstable.",-1,,,,,,,,false
-0.1724137931034483,-2.3421052631578947,1.0,0.0001,0.0,1.0,256,50.0,auto,auto,periodic,"Simulation diverged at t=0: eigenvalue Re(λ)=1.045e+01 predicts growth factor 9.61e+226 over Δt=50.0, exceeding threshold 1e+08. The system is physically unstable.",diverged,"Simulation diverged at t=0: eigenvalue Re(λ)=1.045e+01 predicts growth factor 9.61e+226 over Δt=50.0, exceeding threshold 1e+08. The system is physically unstable.",-1,,,,,,,,false
-0.1724137931034483,-2.2105263157894735,1.0,0.0001,0.0,1.0,256,50.0,auto,auto,periodic,"Simulation diverged at t=0: eigenvalue Re(λ)=7.488e+00 predicts growth factor 3.95e+162 over Δt=50.0, exceeding threshold 1e+08. The system is physically unstable.",diverged,"Simulation diverged at t=0: eigenvalue Re(λ)=7.488e+00 predicts growth factor 3.95e+162 over Δt=50.0, exceeding threshold 1e+08. The system is physically unstable.",-1,,,,,,,,false
-0.1724137931034483,-2.0789473684210527,1.0,0.0001,0.0,1.0,256,50.0,auto,auto,periodic,"Simulation diverged at t=0: eigenvalue Re(λ)=6.867e+00 predicts growth factor 1.31e+149 over Δt=50.0, exceeding threshold 1e+08. The system is physically unstable.",diverged,"Simulation diverged at t=0: eigenvalue Re(λ)=6.867e+00 predicts growth factor 1.31e+149 over Δt=50.0, exceeding threshold 1e+08. The system is physically unstable.",-1,,,,,,,,false
-0.1724137931034483,-1.9473684210526316,1.0,0.0001,0.0,1.0,256,50.0,auto,auto,periodic,"Simulation diverged at t=0: eigenvalue Re(λ)=5.260e+00 predicts growth factor 1.67e+114 over Δt=50.0, exceeding threshold 1e+08. The system is physically unstable.",diverged,"Simulation diverged at t=0: eigenvalue Re(λ)=5.260e+00 predicts growth factor 1.67e+114 over Δt=50.0, exceeding threshold 1e+08. The system is physically unstable.",-1,,,,,,,,false
-0.1724137931034483,-1.8157894736842106,1.0,0.0001,0.0,1.0,256,50.0,auto,auto,periodic,"Simulation diverged at t=0: eigenvalue Re(λ)=5.363e+00 predicts growth factor 2.88e+116 over Δt=50.0, exceeding threshold 1e+08. The system is physically unstable.",diverged,"Simulation diverged at t=0: eigenvalue Re(λ)=5.363e+00 predicts growth factor 2.88e+116 over Δt=50.0, exceeding threshold 1e+08. The system is physically unstable.",-1,,,,,,,,false
-0.1724137931034483,-1.6842105263157896,1.0,0.0001,0.0,1.0,256,50.0,auto,auto,periodic,,success,,0,9.017064813223465e-12,43.0,7.51799063882021e-12,1.42,9.0171e-04,1.442733e-06,-5.8408,true
-0.1724137931034483,-1.5526315789473686,1.0,0.0001,0.0,1.0,256,50.0,auto,auto,periodic,,success,,0,2.4091536642901597e-09,43.0,4.364449315831593e-10,1.2,2.4092e-01,3.854654e-04,-3.4140,true
-0.1724137931034483,-1.4210526315789473,1.0,0.0001,0.0,1.0,256,50.0,auto,auto,periodic,,success,,0,8.471291721450835e-09,38.0,5.961446581756487e-09,1.52,8.4713e-01,1.355409e-03,-2.8679,true
-0.1724137931034483,-1.2894736842105263,1.0,0.0001,0.0,1.0,256,50.0,auto,auto,periodic,,success,,0,1.845321929540988e-08,44.5,8.194417630842401e-09,1.59,1.8453e+00,2.952521e-03,-2.5298,true
-0.1724137931034483,-1.1578947368421053,1.0,0.0001,0.0,1.0,256,50.0,auto,auto,periodic,,success,,0,3.181923311315944e-08,10.0,2.9655338260946904e-08,1.3,3.1819e+00,5.091088e-03,-2.2932,true
-0.1724137931034483,-1.0263157894736843,1.0,0.0001,0.0,1.0,256,50.0,auto,auto,periodic,,success,,0,4.9371850402585574e-08,35.0,1.050146095708716e-08,1.49,4.9372e+00,7.899513e-03,-2.1024,true
-0.1724137931034483,-0.8947368421052633,1.0,0.0001,0.0,1.0,256,50.0,auto,auto,periodic,,success,,0,7.047014881546958e-08,13.5,9.770256823595373e-09,1.29,7.0470e+00,1.127525e-02,-1.9479,true
-0.1724137931034483,-0.763157894736842,1.0,0.0001,0.0,1.0,256,50.0,auto,auto,periodic,,success,,0,9.545683777984866e-08,15.0,5.7730332060526534e-08,1.13,9.5457e+00,1.527313e-02,-1.8161,true
-0.1724137931034483,-0.6315789473684212,1.0,0.0001,0.0,1.0,256,50.0,auto,auto,periodic,,success,,0,1.242268310509672e-07,47.5,1.1729365556372177e-07,1.22,1.2423e+01,1.987633e-02,-1.7017,true
-0.1724137931034483,-0.5,1.0,0.0001,0.0,1.0,256,50.0,auto,auto,periodic,,success,,0,1.565967113540865e-07,18.0,1.519428271550219e-07,1.23,1.5660e+01,2.505553e-02,-1.6011,true
-0.10344827586206895,-3.0,1.0,0.0001,0.0,1.0,256,50.0,auto,auto,periodic,"Simulation diverged at t=0: eigenvalue Re(λ)=2.547e+01 predicts growth factor 1.01e+304 over Δt=50.0, exceeding threshold 1e+08. The system is physically unstable.",diverged,"Simulation diverged at t=0: eigenvalue Re(λ)=2.547e+01 predicts growth factor 1.01e+304 over Δt=50.0, exceeding threshold 1e+08. The system is physically unstable.",-1,,,,,,,,false
-0.10344827586206895,-2.8684210526315788,1.0,0.0001,0.0,1.0,256,50.0,auto,auto,periodic,"Simulation diverged at t=0: eigenvalue Re(λ)=2.913e+01 predicts growth factor 1.01e+304 over Δt=50.0, exceeding threshold 1e+08. The system is physically unstable.",diverged,"Simulation diverged at t=0: eigenvalue Re(λ)=2.913e+01 predicts growth factor 1.01e+304 over Δt=50.0, exceeding threshold 1e+08. The system is physically unstable.",-1,,,,,,,,false
-0.10344827586206895,-2.736842105263158,1.0,0.0001,0.0,1.0,256,50.0,auto,auto,periodic,"Simulation diverged at t=0: eigenvalue Re(λ)=2.803e+01 predicts growth factor 1.01e+304 over Δt=50.0, exceeding threshold 1e+08. The system is physically unstable.",diverged,"Simulation diverged at t=0: eigenvalue Re(λ)=2.803e+01 predicts growth factor 1.01e+304 over Δt=50.0, exceeding threshold 1e+08. The system is physically unstable.",-1,,,,,,,,false
-0.10344827586206895,-2.6052631578947367,1.0,0.0001,0.0,1.0,256,50.0,auto,auto,periodic,"Simulation diverged at t=0: eigenvalue Re(λ)=2.078e+01 predicts growth factor 1.01e+304 over Δt=50.0, exceeding threshold 1e+08. The system is physically unstable.",diverged,"Simulation diverged at t=0: eigenvalue Re(λ)=2.078e+01 predicts growth factor 1.01e+304 over Δt=50.0, exceeding threshold 1e+08. The system is physically unstable.",-1,,,,,,,,false
-0.10344827586206895,-2.473684210526316,1.0,0.0001,0.0,1.0,256,50.0,auto,auto,periodic,"Simulation diverged at t=0: eigenvalue Re(λ)=2.282e+01 predicts growth factor 1.01e+304 over Δt=50.0, exceeding threshold 1e+08. The system is physically unstable.",diverged,"Simulation diverged at t=0: eigenvalue Re(λ)=2.282e+01 predicts growth factor 1.01e+304 over Δt=50.0, exceeding threshold 1e+08. The system is physically unstable.",-1,,,,,,,,false
-0.10344827586206895,-2.3421052631578947,1.0,0.0001,0.0,1.0,256,50.0,auto,auto,periodic,"Simulation diverged at t=0: eigenvalue Re(λ)=1.644e+01 predicts growth factor 1.01e+304 over Δt=50.0, exceeding threshold 1e+08. The system is physically unstable.",diverged,"Simulation diverged at t=0: eigenvalue Re(λ)=1.644e+01 predicts growth factor 1.01e+304 over Δt=50.0, exceeding threshold 1e+08. The system is physically unstable.",-1,,,,,,,,false
-0.10344827586206895,-2.2105263157894735,1.0,0.0001,0.0,1.0,256,50.0,auto,auto,periodic,"Simulation diverged at t=0: eigenvalue Re(λ)=1.383e+01 predicts growth factor 2.51e+300 over Δt=50.0, exceeding threshold 1e+08. The system is physically unstable.",diverged,"Simulation diverged at t=0: eigenvalue Re(λ)=1.383e+01 predicts growth factor 2.51e+300 over Δt=50.0, exceeding threshold 1e+08. The system is physically unstable.",-1,,,,,,,,false
-0.10344827586206895,-2.0789473684210527,1.0,0.0001,0.0,1.0,256,50.0,auto,auto,periodic,"Simulation diverged at t=0: eigenvalue Re(λ)=1.039e+01 predicts growth factor 5.28e+225 over Δt=50.0, exceeding threshold 1e+08. The system is physically unstable.",diverged,"Simulation diverged at t=0: eigenvalue Re(λ)=1.039e+01 predicts growth factor 5.28e+225 over Δt=50.0, exceeding threshold 1e+08. The system is physically unstable.",-1,,,,,,,,false
-0.10344827586206895,-1.9473684210526316,1.0,0.0001,0.0,1.0,256,50.0,auto,auto,periodic,"Simulation diverged at t=0: eigenvalue Re(λ)=7.602e+00 predicts growth factor 1.16e+165 over Δt=50.0, exceeding threshold 1e+08. The system is physically unstable.",diverged,"Simulation diverged at t=0: eigenvalue Re(λ)=7.602e+00 predicts growth factor 1.16e+165 over Δt=50.0, exceeding threshold 1e+08. The system is physically unstable.",-1,,,,,,,,false
-0.10344827586206895,-1.8157894736842106,1.0,0.0001,0.0,1.0,256,50.0,auto,auto,periodic,"Simulation diverged at t=0: eigenvalue Re(λ)=6.830e+00 predicts growth factor 2.07e+148 over Δt=50.0, exceeding threshold 1e+08. The system is physically unstable.",diverged,"Simulation diverged at t=0: eigenvalue Re(λ)=6.830e+00 predicts growth factor 2.07e+148 over Δt=50.0, exceeding threshold 1e+08. The system is physically unstable.",-1,,,,,,,,false
-0.10344827586206895,-1.6842105263157896,1.0,0.0001,0.0,1.0,256,50.0,auto,auto,periodic,,success,,0,1.8880592217878426e-09,30.5,7.050730774384582e-10,1.45,1.8881e-01,3.020901e-04,-3.5199,true
-0.10344827586206895,-1.5526315789473686,1.0,0.0001,0.0,1.0,256,50.0,auto,auto,periodic,,success,,0,2.7085022855808914e-08,49.5,2.6546707126673703e-08,1.29,2.7085e+00,4.333613e-03,-2.3631,true
-0.10344827586206895,-1.4210526315789473,1.0,0.0001,0.0,1.0,256,50.0,auto,auto,periodic,,success,,0,8.117299469482608e-08,41.5,2.66234347927632e-08,1.3,8.1173e+00,1.298771e-02,-1.8865,true
-0.10344827586206895,-1.2894736842105263,1.0,0.0001,0.0,1.0,256,50.0,auto,auto,periodic,,success,,0,1.6479018975788432e-07,18.0,1.546298397221897e-07,1.33,1.6479e+01,2.636649e-02,-1.5789,true
-0.10344827586206895,-1.1578947368421053,1.0,0.0001,0.0,1.0,256,50.0,auto,auto,periodic,,success,,0,2.7763833363518776e-07,21.0,7.754509590948287e-08,1.25,2.7764e+01,4.442223e-02,-1.3524,true
-0.10344827586206895,-1.0263157894736843,1.0,0.0001,0.0,1.0,256,50.0,auto,auto,periodic,,success,,0,4.198660061760701e-07,25.5,1.2833346585822992e-08,1.53,4.1987e+01,6.717870e-02,-1.1728,true
-0.10344827586206895,-0.8947368421052633,1.0,0.0001,0.0,1.0,256,50.0,auto,auto,periodic,,success,,0,5.917678303347511e-07,29.0,1.2038983167810337e-07,1.38,5.9177e+01,9.468305e-02,-1.0237,true
-0.10344827586206895,-0.763157894736842,1.0,0.0001,0.0,1.0,256,50.0,auto,auto,periodic,,success,,0,7.922591229783843e-07,33.5,3.822008380036255e-07,1.33,7.9226e+01,1.267617e-01,-0.8970,true
-0.10344827586206895,-0.6315789473684212,1.0,0.0001,0.0,1.0,256,50.0,auto,auto,periodic,,success,,0,1.022941772951933e-06,36.5,7.339531166796503e-07,2.1,1.0229e+02,1.636710e-01,-0.7860,true
-0.10344827586206895,-0.5,1.0,0.0001,0.0,1.0,256,50.0,auto,auto,periodic,,success,,0,1.2819955367206316e-06,41.0,1.1217220169472927e-06,1.27,1.2820e+02,2.051197e-01,-0.6880,true
-0.034482758620689724,-3.0,1.0,0.0001,0.0,1.0,256,50.0,auto,auto,periodic,,success,,0,6.293344415387812e-06,50.0,6.293344415387812e-06,1.25,6.2933e+02,1.006937e+00,0.0030,true
-0.034482758620689724,-2.8684210526315788,1.0,0.0001,0.0,1.0,256,50.0,auto,auto,periodic,,success,,0,6.282707907029392e-06,50.0,6.282707907029392e-06,1.67,6.2827e+02,1.005235e+00,0.0023,true
-0.034482758620689724,-2.736842105263158,1.0,0.0001,0.0,1.0,256,50.0,auto,auto,periodic,,success,,0,6.264050424554914e-06,50.0,6.264050424554914e-06,1.55,6.2641e+02,1.002250e+00,0.0010,true
-0.034482758620689724,-2.6052631578947367,1.0,0.0001,0.0,1.0,256,50.0,auto,auto,periodic,,success,,0,6.230817778512812e-06,50.0,6.230817778512812e-06,1.38,6.2308e+02,9.969329e-01,-0.0013,true
-0.034482758620689724,-2.473684210526316,1.0,0.0001,0.0,1.0,256,50.0,auto,auto,periodic,,success,,0,6.169227546573308e-06,50.0,6.169227546573308e-06,1.45,6.1692e+02,9.870785e-01,-0.0056,true
-0.034482758620689724,-2.3421052631578947,1.0,0.0001,0.0,1.0,256,50.0,auto,auto,periodic,,success,,0,6.047022779923037e-06,50.0,6.047022779923037e-06,1.39,6.0470e+02,9.675257e-01,-0.0143,true
-0.034482758620689724,-2.2105263157894735,1.0,0.0001,0.0,1.0,256,50.0,auto,auto,periodic,,success,,0,5.776776262745902e-06,50.0,5.776776262745902e-06,1.63,5.7768e+02,9.242861e-01,-0.0342,true
-0.034482758620689724,-2.0789473684210527,1.0,0.0001,0.0,1.0,256,50.0,auto,auto,periodic,,success,,0,5.067580418197884e-06,50.0,5.067580418197884e-06,1.42,5.0676e+02,8.108146e-01,-0.0911,true
-0.034482758620689724,-1.9473684210526316,1.0,0.0001,0.0,1.0,256,50.0,auto,auto,periodic,"Simulation diverged at t=0: eigenvalue Re(λ)=4.780e+01 predicts growth factor 1.01e+304 over Δt=50.0, exceeding threshold 1e+08. The system is physically unstable.",diverged,"Simulation diverged at t=0: eigenvalue Re(λ)=4.780e+01 predicts growth factor 1.01e+304 over Δt=50.0, exceeding threshold 1e+08. The system is physically unstable.",-1,,,,,,,,false
-0.034482758620689724,-1.8157894736842106,1.0,0.0001,0.0,1.0,256,50.0,auto,auto,periodic,"Simulation diverged at t=0: eigenvalue Re(λ)=1.644e+01 predicts growth factor 1.01e+304 over Δt=50.0, exceeding threshold 1e+08. The system is physically unstable.",diverged,"Simulation diverged at t=0: eigenvalue Re(λ)=1.644e+01 predicts growth factor 1.01e+304 over Δt=50.0, exceeding threshold 1e+08. The system is physically unstable.",-1,,,,,,,,false
-0.034482758620689724,-1.6842105263157896,1.0,0.0001,0.0,1.0,256,50.0,auto,auto,periodic,,success,,0,2.7763833363665466e-07,21.0,7.754509590737236e-08,1.56,2.7764e+01,4.442223e-02,-1.3524,true
-0.034482758620689724,-1.5526315789473686,1.0,0.0001,0.0,1.0,256,50.0,auto,auto,periodic,,success,,0,2.5432246172435197e-06,50.0,2.5432246172435197e-06,1.33,2.5432e+02,4.069168e-01,-0.3905,true
-0.034482758620689724,-1.4210526315789473,1.0,0.0001,0.0,1.0,256,50.0,auto,auto,periodic,,success,,0,4.289598245870176e-06,50.0,4.289598245870176e-06,1.41,4.2896e+02,6.863371e-01,-0.1635,true
-0.034482758620689724,-1.2894736842105263,1.0,0.0001,0.0,1.0,256,50.0,auto,auto,periodic,,success,,0,5.020007205685439e-06,50.0,5.020007205685439e-06,1.36,5.0200e+02,8.032028e-01,-0.0952,true
-0.034482758620689724,-1.1578947368421053,1.0,0.0001,0.0,1.0,256,50.0,auto,auto,periodic,,success,,0,5.385742770228132e-06,50.0,5.385742770228132e-06,1.28,5.3857e+02,8.617206e-01,-0.0646,true
-0.034482758620689724,-1.0263157894736843,1.0,0.0001,0.0,1.0,256,50.0,auto,auto,periodic,,success,,0,5.596315720988786e-06,50.0,5.596315720988786e-06,1.49,5.5963e+02,8.954124e-01,-0.0480,true
-0.034482758620689724,-0.8947368421052633,1.0,0.0001,0.0,1.0,256,50.0,auto,auto,periodic,,success,,0,5.729993153764567e-06,50.0,5.729993153764567e-06,1.44,5.7300e+02,9.168008e-01,-0.0377,true
-0.034482758620689724,-0.763157894736842,1.0,0.0001,0.0,1.0,256,50.0,auto,auto,periodic,,success,,0,5.821050629734829e-06,50.0,5.821050629734829e-06,1.28,5.8211e+02,9.313700e-01,-0.0309,true
-0.034482758620689724,-0.6315789473684212,1.0,0.0001,0.0,1.0,256,50.0,auto,auto,periodic,,success,,0,5.886434141406005e-06,50.0,5.886434141406005e-06,1.5,5.8864e+02,9.418314e-01,-0.0260,true
-0.034482758620689724,-0.5,1.0,0.0001,0.0,1.0,256,50.0,auto,auto,periodic,,success,,0,5.9353334727947905e-06,50.0,5.9353334727947905e-06,1.46,5.9353e+02,9.496553e-01,-0.0224,true
0.034482758620689724,-3.0,1.0,0.0001,0.0,1.0,256,50.0,auto,auto,periodic,,success,,0,6.293344415387812e-06,50.0,6.293344415387812e-06,1.55,6.2933e+02,1.006937e+00,0.0030,true
0.034482758620689724,-2.8684210526315788,1.0,0.0001,0.0,1.0,256,50.0,auto,auto,periodic,,success,,0,6.282707907029392e-06,50.0,6.282707907029392e-06,1.83,6.2827e+02,1.005235e+00,0.0023,true
0.034482758620689724,-2.736842105263158,1.0,0.0001,0.0,1.0,256,50.0,auto,auto,periodic,,success,,0,6.264050424554914e-06,50.0,6.264050424554914e-06,2.12,6.2641e+02,1.002250e+00,0.0010,true
0.034482758620689724,-2.6052631578947367,1.0,0.0001,0.0,1.0,256,50.0,auto,auto,periodic,,success,,0,6.230817778512812e-06,50.0,6.230817778512812e-06,1.23,6.2308e+02,9.969329e-01,-0.0013,true
0.034482758620689724,-2.473684210526316,1.0,0.0001,0.0,1.0,256,50.0,auto,auto,periodic,,success,,0,6.169227546573308e-06,50.0,6.169227546573308e-06,1.31,6.1692e+02,9.870785e-01,-0.0056,true
0.034482758620689724,-2.3421052631578947,1.0,0.0001,0.0,1.0,256,50.0,auto,auto,periodic,,success,,0,6.047022779923037e-06,50.0,6.047022779923037e-06,1.28,6.0470e+02,9.675257e-01,-0.0143,true
0.034482758620689724,-2.2105263157894735,1.0,0.0001,0.0,1.0,256,50.0,auto,auto,periodic,,success,,0,5.776776262745902e-06,50.0,5.776776262745902e-06,1.29,5.7768e+02,9.242861e-01,-0.0342,true
0.034482758620689724,-2.0789473684210527,1.0,0.0001,0.0,1.0,256,50.0,auto,auto,periodic,,success,,0,5.067580418197884e-06,50.0,5.067580418197884e-06,1.42,5.0676e+02,8.108146e-01,-0.0911,true
0.034482758620689724,-1.9473684210526316,1.0,0.0001,0.0,1.0,256,50.0,auto,auto,periodic,"Simulation diverged at t=0: eigenvalue Re(λ)=4.780e+01 predicts growth factor 1.01e+304 over Δt=50.0, exceeding threshold 1e+08. The system is physically unstable.",diverged,"Simulation diverged at t=0: eigenvalue Re(λ)=4.780e+01 predicts growth factor 1.01e+304 over Δt=50.0, exceeding threshold 1e+08. The system is physically unstable.",-1,,,,,,,,false
0.034482758620689724,-1.8157894736842106,1.0,0.0001,0.0,1.0,256,50.0,auto,auto,periodic,"Simulation diverged at t=0: eigenvalue Re(λ)=1.644e+01 predicts growth factor 1.01e+304 over Δt=50.0, exceeding threshold 1e+08. The system is physically unstable.",diverged,"Simulation diverged at t=0: eigenvalue Re(λ)=1.644e+01 predicts growth factor 1.01e+304 over Δt=50.0, exceeding threshold 1e+08. The system is physically unstable.",-1,,,,,,,,false
0.034482758620689724,-1.6842105263157896,1.0,0.0001,0.0,1.0,256,50.0,auto,auto,periodic,,success,,0,2.7763833363665466e-07,21.0,7.754509590737236e-08,1.23,2.7764e+01,4.442223e-02,-1.3524,true
0.034482758620689724,-1.5526315789473686,1.0,0.0001,0.0,1.0,256,50.0,auto,auto,periodic,,success,,0,2.5432246172435197e-06,50.0,2.5432246172435197e-06,1.39,2.5432e+02,4.069168e-01,-0.3905,true
0.034482758620689724,-1.4210526315789473,1.0,0.0001,0.0,1.0,256,50.0,auto,auto,periodic,,success,,0,4.289598245870176e-06,50.0,4.289598245870176e-06,1.26,4.2896e+02,6.863371e-01,-0.1635,true
0.034482758620689724,-1.2894736842105263,1.0,0.0001,0.0,1.0,256,50.0,auto,auto,periodic,,success,,0,5.020007205685439e-06,50.0,5.020007205685439e-06,1.18,5.0200e+02,8.032028e-01,-0.0952,true
0.034482758620689724,-1.1578947368421053,1.0,0.0001,0.0,1.0,256,50.0,auto,auto,periodic,,success,,0,5.385742770228132e-06,50.0,5.385742770228132e-06,1.37,5.3857e+02,8.617206e-01,-0.0646,true
0.034482758620689724,-1.0263157894736843,1.0,0.0001,0.0,1.0,256,50.0,auto,auto,periodic,,success,,0,5.596315720988786e-06,50.0,5.596315720988786e-06,1.31,5.5963e+02,8.954124e-01,-0.0480,true
0.034482758620689724,-0.8947368421052633,1.0,0.0001,0.0,1.0,256,50.0,auto,auto,periodic,,success,,0,5.729993153764567e-06,50.0,5.729993153764567e-06,1.55,5.7300e+02,9.168008e-01,-0.0377,true
0.034482758620689724,-0.763157894736842,1.0,0.0001,0.0,1.0,256,50.0,auto,auto,periodic,,success,,0,5.821050629734829e-06,50.0,5.821050629734829e-06,1.67,5.8211e+02,9.313700e-01,-0.0309,true
0.034482758620689724,-0.6315789473684212,1.0,0.0001,0.0,1.0,256,50.0,auto,auto,periodic,,success,,0,5.886434141406005e-06,50.0,5.886434141406005e-06,1.18,5.8864e+02,9.418314e-01,-0.0260,true
0.034482758620689724,-0.5,1.0,0.0001,0.0,1.0,256,50.0,auto,auto,periodic,,success,,0,5.9353334727947905e-06,50.0,5.9353334727947905e-06,1.91,5.9353e+02,9.496553e-01,-0.0224,true
0.10344827586206895,-3.0,1.0,0.0001,0.0,1.0,256,50.0,auto,auto,periodic,"Simulation diverged at t=0: eigenvalue Re(λ)=2.547e+01 predicts growth factor 1.01e+304 over Δt=50.0, exceeding threshold 1e+08. The system is physically unstable.",diverged,"Simulation diverged at t=0: eigenvalue Re(λ)=2.547e+01 predicts growth factor 1.01e+304 over Δt=50.0, exceeding threshold 1e+08. The system is physically unstable.",-1,,,,,,,,false
0.10344827586206895,-2.8684210526315788,1.0,0.0001,0.0,1.0,256,50.0,auto,auto,periodic,"Simulation diverged at t=0: eigenvalue Re(λ)=2.913e+01 predicts growth factor 1.01e+304 over Δt=50.0, exceeding threshold 1e+08. The system is physically unstable.",diverged,"Simulation diverged at t=0: eigenvalue Re(λ)=2.913e+01 predicts growth factor 1.01e+304 over Δt=50.0, exceeding threshold 1e+08. The system is physically unstable.",-1,,,,,,,,false
0.10344827586206895,-2.736842105263158,1.0,0.0001,0.0,1.0,256,50.0,auto,auto,periodic,"Simulation diverged at t=0: eigenvalue Re(λ)=2.803e+01 predicts growth factor 1.01e+304 over Δt=50.0, exceeding threshold 1e+08. The system is physically unstable.",diverged,"Simulation diverged at t=0: eigenvalue Re(λ)=2.803e+01 predicts growth factor 1.01e+304 over Δt=50.0, exceeding threshold 1e+08. The system is physically unstable.",-1,,,,,,,,false
0.10344827586206895,-2.6052631578947367,1.0,0.0001,0.0,1.0,256,50.0,auto,auto,periodic,"Simulation diverged at t=0: eigenvalue Re(λ)=2.078e+01 predicts growth factor 1.01e+304 over Δt=50.0, exceeding threshold 1e+08. The system is physically unstable.",diverged,"Simulation diverged at t=0: eigenvalue Re(λ)=2.078e+01 predicts growth factor 1.01e+304 over Δt=50.0, exceeding threshold 1e+08. The system is physically unstable.",-1,,,,,,,,false
0.10344827586206895,-2.473684210526316,1.0,0.0001,0.0,1.0,256,50.0,auto,auto,periodic,"Simulation diverged at t=0: eigenvalue Re(λ)=2.282e+01 predicts growth factor 1.01e+304 over Δt=50.0, exceeding threshold 1e+08. The system is physically unstable.",diverged,"Simulation diverged at t=0: eigenvalue Re(λ)=2.282e+01 predicts growth factor 1.01e+304 over Δt=50.0, exceeding threshold 1e+08. The system is physically unstable.",-1,,,,,,,,false
0.10344827586206895,-2.3421052631578947,1.0,0.0001,0.0,1.0,256,50.0,auto,auto,periodic,"Simulation diverged at t=0: eigenvalue Re(λ)=1.644e+01 predicts growth factor 1.01e+304 over Δt=50.0, exceeding threshold 1e+08. The system is physically unstable.",diverged,"Simulation diverged at t=0: eigenvalue Re(λ)=1.644e+01 predicts growth factor 1.01e+304 over Δt=50.0, exceeding threshold 1e+08. The system is physically unstable.",-1,,,,,,,,false
0.10344827586206895,-2.2105263157894735,1.0,0.0001,0.0,1.0,256,50.0,auto,auto,periodic,"Simulation diverged at t=0: eigenvalue Re(λ)=1.383e+01 predicts growth factor 2.51e+300 over Δt=50.0, exceeding threshold 1e+08. The system is physically unstable.",diverged,"Simulation diverged at t=0: eigenvalue Re(λ)=1.383e+01 predicts growth factor 2.51e+300 over Δt=50.0, exceeding threshold 1e+08. The system is physically unstable.",-1,,,,,,,,false
0.10344827586206895,-2.0789473684210527,1.0,0.0001,0.0,1.0,256,50.0,auto,auto,periodic,"Simulation diverged at t=0: eigenvalue Re(λ)=1.039e+01 predicts growth factor 5.28e+225 over Δt=50.0, exceeding threshold 1e+08. The system is physically unstable.",diverged,"Simulation diverged at t=0: eigenvalue Re(λ)=1.039e+01 predicts growth factor 5.28e+225 over Δt=50.0, exceeding threshold 1e+08. The system is physically unstable.",-1,,,,,,,,false
0.10344827586206895,-1.9473684210526316,1.0,0.0001,0.0,1.0,256,50.0,auto,auto,periodic,"Simulation diverged at t=0: eigenvalue Re(λ)=7.602e+00 predicts growth factor 1.16e+165 over Δt=50.0, exceeding threshold 1e+08. The system is physically unstable.",diverged,"Simulation diverged at t=0: eigenvalue Re(λ)=7.602e+00 predicts growth factor 1.16e+165 over Δt=50.0, exceeding threshold 1e+08. The system is physically unstable.",-1,,,,,,,,false
0.10344827586206895,-1.8157894736842106,1.0,0.0001,0.0,1.0,256,50.0,auto,auto,periodic,"Simulation diverged at t=0: eigenvalue Re(λ)=6.830e+00 predicts growth factor 2.07e+148 over Δt=50.0, exceeding threshold 1e+08. The system is physically unstable.",diverged,"Simulation diverged at t=0: eigenvalue Re(λ)=6.830e+00 predicts growth factor 2.07e+148 over Δt=50.0, exceeding threshold 1e+08. The system is physically unstable.",-1,,,,,,,,false
0.10344827586206895,-1.6842105263157896,1.0,0.0001,0.0,1.0,256,50.0,auto,auto,periodic,,success,,0,1.8880592217878426e-09,30.5,7.050730774384582e-10,1.38,1.8881e-01,3.020901e-04,-3.5199,true
0.10344827586206895,-1.5526315789473686,1.0,0.0001,0.0,1.0,256,50.0,auto,auto,periodic,,success,,0,2.7085022855808914e-08,49.5,2.6546707126673703e-08,1.26,2.7085e+00,4.333613e-03,-2.3631,true
0.10344827586206895,-1.4210526315789473,1.0,0.0001,0.0,1.0,256,50.0,auto,auto,periodic,,success,,0,8.117299469482608e-08,41.5,2.66234347927632e-08,1.42,8.1173e+00,1.298771e-02,-1.8865,true
0.10344827586206895,-1.2894736842105263,1.0,0.0001,0.0,1.0,256,50.0,auto,auto,periodic,,success,,0,1.6479018975788432e-07,18.0,1.546298397221897e-07,1.52,1.6479e+01,2.636649e-02,-1.5789,true
0.10344827586206895,-1.1578947368421053,1.0,0.0001,0.0,1.0,256,50.0,auto,auto,periodic,,success,,0,2.7763833363518776e-07,21.0,7.754509590948287e-08,1.52,2.7764e+01,4.442223e-02,-1.3524,true
0.10344827586206895,-1.0263157894736843,1.0,0.0001,0.0,1.0,256,50.0,auto,auto,periodic,,success,,0,4.198660061760701e-07,25.5,1.2833346585822992e-08,1.31,4.1987e+01,6.717870e-02,-1.1728,true
0.10344827586206895,-0.8947368421052633,1.0,0.0001,0.0,1.0,256,50.0,auto,auto,periodic,,success,,0,5.917678303347511e-07,29.0,1.2038983167810337e-07,1.29,5.9177e+01,9.468305e-02,-1.0237,true
0.10344827586206895,-0.763157894736842,1.0,0.0001,0.0,1.0,256,50.0,auto,auto,periodic,,success,,0,7.922591229783843e-07,33.5,3.822008380036255e-07,1.37,7.9226e+01,1.267617e-01,-0.8970,true
0.10344827586206895,-0.6315789473684212,1.0,0.0001,0.0,1.0,256,50.0,auto,auto,periodic,,success,,0,1.022941772951933e-06,36.5,7.339531166796503e-07,2.1,1.0229e+02,1.636710e-01,-0.7860,true
0.10344827586206895,-0.5,1.0,0.0001,0.0,1.0,256,50.0,auto,auto,periodic,,success,,0,1.2819955367206316e-06,41.0,1.1217220169472927e-06,1.72,1.2820e+02,2.051197e-01,-0.6880,true
0.17241379310344818,-3.0,1.0,0.0001,0.0,1.0,256,50.0,auto,auto,periodic,"Simulation diverged at t=0: eigenvalue Re(λ)=1.931e+01 predicts growth factor 1.01e+304 over Δt=50.0, exceeding threshold 1e+08. The system is physically unstable.",diverged,"Simulation diverged at t=0: eigenvalue Re(λ)=1.931e+01 predicts growth factor 1.01e+304 over Δt=50.0, exceeding threshold 1e+08. The system is physically unstable.",-1,,,,,,,,false
0.17241379310344818,-2.8684210526315788,1.0,0.0001,0.0,1.0,256,50.0,auto,auto,periodic,"Simulation diverged at t=0: eigenvalue Re(λ)=2.593e+01 predicts growth factor 1.01e+304 over Δt=50.0, exceeding threshold 1e+08. The system is physically unstable.",diverged,"Simulation diverged at t=0: eigenvalue Re(λ)=2.593e+01 predicts growth factor 1.01e+304 over Δt=50.0, exceeding threshold 1e+08. The system is physically unstable.",-1,,,,,,,,false
0.17241379310344818,-2.736842105263158,1.0,0.0001,0.0,1.0,256,50.0,auto,auto,periodic,"Simulation diverged at t=0: eigenvalue Re(λ)=2.667e+01 predicts growth factor 1.01e+304 over Δt=50.0, exceeding threshold 1e+08. The system is physically unstable.",diverged,"Simulation diverged at t=0: eigenvalue Re(λ)=2.667e+01 predicts growth factor 1.01e+304 over Δt=50.0, exceeding threshold 1e+08. The system is physically unstable.",-1,,,,,,,,false
0.17241379310344818,-2.6052631578947367,1.0,0.0001,0.0,1.0,256,50.0,auto,auto,periodic,"Simulation diverged at t=0: eigenvalue Re(λ)=1.662e+01 predicts growth factor 1.01e+304 over Δt=50.0, exceeding threshold 1e+08. The system is physically unstable.",diverged,"Simulation diverged at t=0: eigenvalue Re(λ)=1.662e+01 predicts growth factor 1.01e+304 over Δt=50.0, exceeding threshold 1e+08. The system is physically unstable.",-1,,,,,,,,false
0.17241379310344818,-2.473684210526316,1.0,0.0001,0.0,1.0,256,50.0,auto,auto,periodic,"Simulation diverged at t=0: eigenvalue Re(λ)=9.695e+00 predicts growth factor 3.35e+210 over Δt=50.0, exceeding threshold 1e+08. The system is physically unstable.",diverged,"Simulation diverged at t=0: eigenvalue Re(λ)=9.695e+00 predicts growth factor 3.35e+210 over Δt=50.0, exceeding threshold 1e+08. The system is physically unstable.",-1,,,,,,,,false
0.17241379310344818,-2.3421052631578947,1.0,0.0001,0.0,1.0,256,50.0,auto,auto,periodic,"Simulation diverged at t=0: eigenvalue Re(λ)=1.045e+01 predicts growth factor 9.61e+226 over Δt=50.0, exceeding threshold 1e+08. The system is physically unstable.",diverged,"Simulation diverged at t=0: eigenvalue Re(λ)=1.045e+01 predicts growth factor 9.61e+226 over Δt=50.0, exceeding threshold 1e+08. The system is physically unstable.",-1,,,,,,,,false
0.17241379310344818,-2.2105263157894735,1.0,0.0001,0.0,1.0,256,50.0,auto,auto,periodic,"Simulation diverged at t=0: eigenvalue Re(λ)=7.488e+00 predicts growth factor 3.95e+162 over Δt=50.0, exceeding threshold 1e+08. The system is physically unstable.",diverged,"Simulation diverged at t=0: eigenvalue Re(λ)=7.488e+00 predicts growth factor 3.95e+162 over Δt=50.0, exceeding threshold 1e+08. The system is physically unstable.",-1,,,,,,,,false
0.17241379310344818,-2.0789473684210527,1.0,0.0001,0.0,1.0,256,50.0,auto,auto,periodic,"Simulation diverged at t=0: eigenvalue Re(λ)=6.867e+00 predicts growth factor 1.31e+149 over Δt=50.0, exceeding threshold 1e+08. The system is physically unstable.",diverged,"Simulation diverged at t=0: eigenvalue Re(λ)=6.867e+00 predicts growth factor 1.31e+149 over Δt=50.0, exceeding threshold 1e+08. The system is physically unstable.",-1,,,,,,,,false
0.17241379310344818,-1.9473684210526316,1.0,0.0001,0.0,1.0,256,50.0,auto,auto,periodic,"Simulation diverged at t=0: eigenvalue Re(λ)=5.260e+00 predicts growth factor 1.67e+114 over Δt=50.0, exceeding threshold 1e+08. The system is physically unstable.",diverged,"Simulation diverged at t=0: eigenvalue Re(λ)=5.260e+00 predicts growth factor 1.67e+114 over Δt=50.0, exceeding threshold 1e+08. The system is physically unstable.",-1,,,,,,,,false
0.17241379310344818,-1.8157894736842106,1.0,0.0001,0.0,1.0,256,50.0,auto,auto,periodic,"Simulation diverged at t=0: eigenvalue Re(λ)=5.363e+00 predicts growth factor 2.88e+116 over Δt=50.0, exceeding threshold 1e+08. The system is physically unstable.",diverged,"Simulation diverged at t=0: eigenvalue Re(λ)=5.363e+00 predicts growth factor 2.88e+116 over Δt=50.0, exceeding threshold 1e+08. The system is physically unstable.",-1,,,,,,,,false
0.17241379310344818,-1.6842105263157896,1.0,0.0001,0.0,1.0,256,50.0,auto,auto,periodic,,success,,0,9.017064813147715e-12,43.0,7.517990638761495e-12,1.53,9.0171e-04,1.442733e-06,-5.8408,true
0.17241379310344818,-1.5526315789473686,1.0,0.0001,0.0,1.0,256,50.0,auto,auto,periodic,,success,,0,2.4091536642897507e-09,43.0,4.364449315835276e-10,1.28,2.4092e-01,3.854654e-04,-3.4140,true
0.17241379310344818,-1.4210526315789473,1.0,0.0001,0.0,1.0,256,50.0,auto,auto,periodic,,success,,0,8.471291721450081e-09,38.0,5.9614465817559076e-09,1.68,8.4713e-01,1.355409e-03,-2.8679,true
0.17241379310344818,-1.2894736842105263,1.0,0.0001,0.0,1.0,256,50.0,auto,auto,periodic,,success,,0,1.845321929540806e-08,44.5,8.194417630842067e-09,1.63,1.8453e+00,2.952521e-03,-2.5298,true
0.17241379310344818,-1.1578947368421053,1.0,0.0001,0.0,1.0,256,50.0,auto,auto,periodic,,success,,0,3.1819233113167447e-08,10.0,2.9655338260953763e-08,1.41,3.1819e+00,5.091088e-03,-2.2932,true
0.17241379310344818,-1.0263157894736843,1.0,0.0001,0.0,1.0,256,50.0,auto,auto,periodic,,success,,0,4.937185040260298e-08,35.0,1.050146095708973e-08,1.47,4.9372e+00,7.899513e-03,-2.1024,true
0.17241379310344818,-0.8947368421052633,1.0,0.0001,0.0,1.0,256,50.0,auto,auto,periodic,,success,,0,7.047014881544974e-08,13.5,9.770256823594687e-09,2.27,7.0470e+00,1.127525e-02,-1.9479,true
0.17241379310344818,-0.763157894736842,1.0,0.0001,0.0,1.0,256,50.0,auto,auto,periodic,,success,,0,9.545683777984797e-08,15.0,5.773033206052563e-08,1.44,9.5457e+00,1.527313e-02,-1.8161,true
0.17241379310344818,-0.6315789473684212,1.0,0.0001,0.0,1.0,256,50.0,auto,auto,periodic,,success,,0,1.2422683105098856e-07,47.5,1.1729365556374333e-07,1.33,1.2423e+01,1.987633e-02,-1.7017,true
0.17241379310344818,-0.5,1.0,0.0001,0.0,1.0,256,50.0,auto,auto,periodic,,success,,0,1.5659671135413655e-07,18.0,1.5194282715506908e-07,1.21,1.5660e+01,2.505553e-02,-1.6011,true
0.24137931034482762,-3.0,1.0,0.0001,0.0,1.0,256,50.0,auto,auto,periodic,"Simulation diverged at t=0: eigenvalue Re(λ)=2.039e+01 predicts growth factor 1.01e+304 over Δt=50.0, exceeding threshold 1e+08. The system is physically unstable.",diverged,"Simulation diverged at t=0: eigenvalue Re(λ)=2.039e+01 predicts growth factor 1.01e+304 over Δt=50.0, exceeding threshold 1e+08. The system is physically unstable.",-1,,,,,,,,false
0.24137931034482762,-2.8684210526315788,1.0,0.0001,0.0,1.0,256,50.0,auto,auto,periodic,"Simulation diverged at t=0: eigenvalue Re(λ)=1.936e+01 predicts growth factor 1.01e+304 over Δt=50.0, exceeding threshold 1e+08. The system is physically unstable.",diverged,"Simulation diverged at t=0: eigenvalue Re(λ)=1.936e+01 predicts growth factor 1.01e+304 over Δt=50.0, exceeding threshold 1e+08. The system is physically unstable.",-1,,,,,,,,false
0.24137931034482762,-2.736842105263158,1.0,0.0001,0.0,1.0,256,50.0,auto,auto,periodic,"Simulation diverged at t=0: eigenvalue Re(λ)=1.309e+01 predicts growth factor 1.86e+284 over Δt=50.0, exceeding threshold 1e+08. The system is physically unstable.",diverged,"Simulation diverged at t=0: eigenvalue Re(λ)=1.309e+01 predicts growth factor 1.86e+284 over Δt=50.0, exceeding threshold 1e+08. The system is physically unstable.",-1,,,,,,,,false
0.24137931034482762,-2.6052631578947367,1.0,0.0001,0.0,1.0,256,50.0,auto,auto,periodic,"Simulation diverged at t=0: eigenvalue Re(λ)=8.336e+00 predicts growth factor 1.02e+181 over Δt=50.0, exceeding threshold 1e+08. The system is physically unstable.",diverged,"Simulation diverged at t=0: eigenvalue Re(λ)=8.336e+00 predicts growth factor 1.02e+181 over Δt=50.0, exceeding threshold 1e+08. The system is physically unstable.",-1,,,,,,,,false
0.24137931034482762,-2.473684210526316,1.0,0.0001,0.0,1.0,256,50.0,auto,auto,periodic,"Simulation diverged at t=0: eigenvalue Re(λ)=5.481e+00 predicts growth factor 1.07e+119 over Δt=50.0, exceeding threshold 1e+08. The system is physically unstable.",diverged,"Simulation diverged at t=0: eigenvalue Re(λ)=5.481e+00 predicts growth factor 1.07e+119 over Δt=50.0, exceeding threshold 1e+08. The system is physically unstable.",-1,,,,,,,,false
0.24137931034482762,-2.3421052631578947,1.0,0.0001,0.0,1.0,256,50.0,auto,auto,periodic,"Simulation diverged at t=0: eigenvalue Re(λ)=5.961e+00 predicts growth factor 2.83e+129 over Δt=50.0, exceeding threshold 1e+08. The system is physically unstable.",diverged,"Simulation diverged at t=0: eigenvalue Re(λ)=5.961e+00 predicts growth factor 2.83e+129 over Δt=50.0, exceeding threshold 1e+08. The system is physically unstable.",-1,,,,,,,,false
0.24137931034482762,-2.2105263157894735,1.0,0.0001,0.0,1.0,256,50.0,auto,auto,periodic,"Simulation diverged at t=0: eigenvalue Re(λ)=5.158e+00 predicts growth factor 1.03e+112 over Δt=50.0, exceeding threshold 1e+08. The system is physically unstable.",diverged,"Simulation diverged at t=0: eigenvalue Re(λ)=5.158e+00 predicts growth factor 1.03e+112 over Δt=50.0, exceeding threshold 1e+08. The system is physically unstable.",-1,,,,,,,,false
0.24137931034482762,-2.0789473684210527,1.0,0.0001,0.0,1.0,256,50.0,auto,auto,periodic,"Simulation diverged at t=0: eigenvalue Re(λ)=1.116e+01 predicts growth factor 2.19e+242 over Δt=50.0, exceeding threshold 1e+08. The system is physically unstable.",diverged,"Simulation diverged at t=0: eigenvalue Re(λ)=1.116e+01 predicts growth factor 2.19e+242 over Δt=50.0, exceeding threshold 1e+08. The system is physically unstable.",-1,,,,,,,,false
0.24137931034482762,-1.9473684210526316,1.0,0.0001,0.0,1.0,256,50.0,auto,auto,periodic,"Simulation diverged at t=0: eigenvalue Re(λ)=4.401e+00 predicts growth factor 3.76e+95 over Δt=50.0, exceeding threshold 1e+08. The system is physically unstable.",diverged,"Simulation diverged at t=0: eigenvalue Re(λ)=4.401e+00 predicts growth factor 3.76e+95 over Δt=50.0, exceeding threshold 1e+08. The system is physically unstable.",-1,,,,,,,,false
0.24137931034482762,-1.8157894736842106,1.0,0.0001,0.0,1.0,256,50.0,auto,auto,periodic,"Simulation diverged at t=0: eigenvalue Re(λ)=2.304e+00 predicts growth factor 1.09e+50 over Δt=50.0, exceeding threshold 1e+08. The system is physically unstable.",diverged,"Simulation diverged at t=0: eigenvalue Re(λ)=2.304e+00 predicts growth factor 1.09e+50 over Δt=50.0, exceeding threshold 1e+08. The system is physically unstable.",-1,,,,,,,,false
0.24137931034482762,-1.6842105263157896,1.0,0.0001,0.0,1.0,256,50.0,auto,auto,periodic,,success,,0,0.0012245466894042502,50.0,0.0012245466894042502,1.37,1.2245e+05,1.959279e+02,2.2921,true
0.24137931034482762,-1.5526315789473686,1.0,0.0001,0.0,1.0,256,50.0,auto,auto,periodic,,success,,0,2.642253092525027e-10,46.0,1.1729488477938417e-10,1.59,2.6423e-02,4.227614e-05,-4.3739,true
0.24137931034482762,-1.4210526315789473,1.0,0.0001,0.0,1.0,256,50.0,auto,auto,periodic,,success,,0,1.5198314838335982e-09,41.5,9.933428843924844e-10,1.39,1.5198e-01,2.431735e-04,-3.6141,true
0.24137931034482762,-1.2894736842105263,1.0,0.0001,0.0,1.0,256,50.0,auto,auto,periodic,,success,,0,3.826030915027803e-09,46.0,1.7323545634230642e-09,1.57,3.8260e-01,6.121662e-04,-3.2131,true
0.24137931034482762,-1.1578947368421053,1.0,0.0001,0.0,1.0,256,50.0,auto,auto,periodic,,success,,0,6.943859421293997e-09,36.5,6.574710898054458e-09,1.28,6.9439e-01,1.111020e-03,-2.9543,true
0.24137931034482762,-1.0263157894736843,1.0,0.0001,0.0,1.0,256,50.0,auto,auto,periodic,,success,,0,1.1178246612061806e-08,40.0,2.6381933099195613e-09,1.3,1.1178e+00,1.788523e-03,-2.7475,true
0.24137931034482762,-0.8947368421052633,1.0,0.0001,0.0,1.0,256,50.0,auto,auto,periodic,,success,,0,1.622171979933923e-08,43.0,3.931586905371498e-09,1.51,1.6222e+00,2.595481e-03,-2.5858,true
0.24137931034482762,-0.763157894736842,1.0,0.0001,0.0,1.0,256,50.0,auto,auto,periodic,,success,,0,2.2424832255368393e-08,47.5,1.79723946876977e-08,1.77,2.2425e+00,3.587981e-03,-2.4451,true
0.24137931034482762,-0.6315789473684212,1.0,0.0001,0.0,1.0,256,50.0,auto,auto,periodic,,success,,0,2.9536656208073618e-08,30.5,2.891686767367282e-08,1.86,2.9537e+00,4.725875e-03,-2.3255,true
0.24137931034482762,-0.5,1.0,0.0001,0.0,1.0,256,50.0,auto,auto,periodic,,success,,0,3.743809887323064e-08,32.0,2.632550398565277e-08,1.63,3.7438e+00,5.990108e-03,-2.2226,true
0.31034482758620685,-3.0,1.0,0.0001,0.0,1.0,256,50.0,auto,auto,periodic,"Simulation diverged at t=0: eigenvalue Re(λ)=9.572e+00 predicts growth factor 7.15e+207 over Δt=50.0, exceeding threshold 1e+08. The system is physically unstable.",diverged,"Simulation diverged at t=0: eigenvalue Re(λ)=9.572e+00 predicts growth factor 7.15e+207 over Δt=50.0, exceeding threshold 1e+08. The system is physically unstable.",-1,,,,,,,,false
0.31034482758620685,-2.8684210526315788,1.0,0.0001,0.0,1.0,256,50.0,auto,auto,periodic,"Simulation diverged at t=0: eigenvalue Re(λ)=5.468e+00 predicts growth factor 5.58e+118 over Δt=50.0, exceeding threshold 1e+08. The system is physically unstable.",diverged,"Simulation diverged at t=0: eigenvalue Re(λ)=5.468e+00 predicts growth factor 5.58e+118 over Δt=50.0, exceeding threshold 1e+08. The system is physically unstable.",-1,,,,,,,,false
0.31034482758620685,-2.736842105263158,1.0,0.0001,0.0,1.0,256,50.0,auto,auto,periodic,"Simulation diverged at t=0: eigenvalue Re(λ)=6.557e+00 predicts growth factor 2.39e+142 over Δt=50.0, exceeding threshold 1e+08. The system is physically unstable.",diverged,"Simulation diverged at t=0: eigenvalue Re(λ)=6.557e+00 predicts growth factor 2.39e+142 over Δt=50.0, exceeding threshold 1e+08. The system is physically unstable.",-1,,,,,,,,false
0.31034482758620685,-2.6052631578947367,1.0,0.0001,0.0,1.0,256,50.0,auto,auto,periodic,"Simulation diverged at t=0: eigenvalue Re(λ)=8.167e+00 predicts growth factor 2.21e+177 over Δt=50.0, exceeding threshold 1e+08. The system is physically unstable.",diverged,"Simulation diverged at t=0: eigenvalue Re(λ)=8.167e+00 predicts growth factor 2.21e+177 over Δt=50.0, exceeding threshold 1e+08. The system is physically unstable.",-1,,,,,,,,false
0.31034482758620685,-2.473684210526316,1.0,0.0001,0.0,1.0,256,50.0,auto,auto,periodic,"Simulation diverged at t=0: eigenvalue Re(λ)=9.175e+00 predicts growth factor 1.68e+199 over Δt=50.0, exceeding threshold 1e+08. The system is physically unstable.",diverged,"Simulation diverged at t=0: eigenvalue Re(λ)=9.175e+00 predicts growth factor 1.68e+199 over Δt=50.0, exceeding threshold 1e+08. The system is physically unstable.",-1,,,,,,,,false
0.31034482758620685,-2.3421052631578947,1.0,0.0001,0.0,1.0,256,50.0,auto,auto,periodic,"Simulation diverged at t=0: eigenvalue Re(λ)=6.830e+00 predicts growth factor 2.07e+148 over Δt=50.0, exceeding threshold 1e+08. The system is physically unstable.",diverged,"Simulation diverged at t=0: eigenvalue Re(λ)=6.830e+00 predicts growth factor 2.07e+148 over Δt=50.0, exceeding threshold 1e+08. The system is physically unstable.",-1,,,,,,,,false
0.31034482758620685,-2.2105263157894735,1.0,0.0001,0.0,1.0,256,50.0,auto,auto,periodic,"Simulation diverged at t=0: eigenvalue Re(λ)=4.016e+00 predicts growth factor 1.63e+87 over Δt=50.0, exceeding threshold 1e+08. The system is physically unstable.",diverged,"Simulation diverged at t=0: eigenvalue Re(λ)=4.016e+00 predicts growth factor 1.63e+87 over Δt=50.0, exceeding threshold 1e+08. The system is physically unstable.",-1,,,,,,,,false
0.31034482758620685,-2.0789473684210527,1.0,0.0001,0.0,1.0,256,50.0,auto,auto,periodic,"Simulation diverged at t=0: eigenvalue Re(λ)=4.845e+00 predicts growth factor 1.62e+105 over Δt=50.0, exceeding threshold 1e+08. The system is physically unstable.",diverged,"Simulation diverged at t=0: eigenvalue Re(λ)=4.845e+00 predicts growth factor 1.62e+105 over Δt=50.0, exceeding threshold 1e+08. The system is physically unstable.",-1,,,,,,,,false
0.31034482758620685,-1.9473684210526316,1.0,0.0001,0.0,1.0,256,50.0,auto,auto,periodic,"Simulation diverged at t=0: eigenvalue Re(λ)=2.714e+00 predicts growth factor 8.66e+58 over Δt=50.0, exceeding threshold 1e+08. The system is physically unstable.",diverged,"Simulation diverged at t=0: eigenvalue Re(λ)=2.714e+00 predicts growth factor 8.66e+58 over Δt=50.0, exceeding threshold 1e+08. The system is physically unstable.",-1,,,,,,,,false
0.31034482758620685,-1.8157894736842106,1.0,0.0001,0.0,1.0,256,50.0,auto,auto,periodic,"Simulation diverged at t=0: eigenvalue Re(λ)=2.213e+00 predicts growth factor 1.13e+48 over Δt=50.0, exceeding threshold 1e+08. The system is physically unstable.",diverged,"Simulation diverged at t=0: eigenvalue Re(λ)=2.213e+00 predicts growth factor 1.13e+48 over Δt=50.0, exceeding threshold 1e+08. The system is physically unstable.",-1,,,,,,,,false
0.31034482758620685,-1.6842105263157896,1.0,0.0001,0.0,1.0,256,50.0,auto,auto,periodic,,success,,0,426.64843357533533,50.0,426.64843357533533,1.54,4.2665e+10,,,false
0.31034482758620685,-1.5526315789473686,1.0,0.0001,0.0,1.0,256,50.0,auto,auto,periodic,,success,,0,6.003835281888578e-13,50.0,6.003835281888578e-13,2.09,6.0038e-05,9.606156e-08,-7.0175,true
0.31034482758620685,-1.4210526315789473,1.0,0.0001,0.0,1.0,256,50.0,auto,auto,periodic,,success,,0,2.729880106134725e-10,46.0,1.2537276085949506e-10,1.26,2.7299e-02,4.367817e-05,-4.3597,true
0.31034482758620685,-1.2894736842105263,1.0,0.0001,0.0,1.0,256,50.0,auto,auto,periodic,,success,,0,8.980192396406687e-10,50.0,8.980192396406687e-10,1.43,8.9802e-02,1.436834e-04,-3.8426,true
0.31034482758620685,-1.1578947368421053,1.0,0.0001,0.0,1.0,256,50.0,auto,auto,periodic,,success,,0,1.888059221627309e-09,30.5,7.050730777796428e-10,1.29,1.8881e-01,3.020901e-04,-3.5199,true
0.31034482758620685,-1.0263157894736843,1.0,0.0001,0.0,1.0,256,50.0,auto,auto,periodic,,success,,0,3.2692090990998706e-09,44.5,9.63042608795999e-10,1.31,3.2692e-01,5.230745e-04,-3.2814,true
0.31034482758620685,-0.8947368421052633,1.0,0.0001,0.0,1.0,256,50.0,auto,auto,periodic,,success,,0,5.01419414821083e-09,48.0,4.340358297779682e-09,1.99,5.0142e-01,8.022727e-04,-3.0957,true
0.31034482758620685,-0.763157894736842,1.0,0.0001,0.0,1.0,256,50.0,auto,auto,periodic,,success,,0,7.08662143291232e-09,36.5,6.602479341160344e-09,1.49,7.0866e-01,1.133862e-03,-2.9454,true
0.31034482758620685,-0.6315789473684212,1.0,0.0001,0.0,1.0,256,50.0,auto,auto,periodic,,success,,0,9.486545540160075e-09,38.5,4.763613445762834e-09,1.58,9.4865e-01,1.517850e-03,-2.8188,true
0.31034482758620685,-0.5,1.0,0.0001,0.0,1.0,256,50.0,auto,auto,periodic,,success,,0,1.2264911104730468e-08,41.5,1.569688764780455e-09,1.52,1.2265e+00,1.962390e-03,-2.7072,true
0.3793103448275863,-3.0,1.0,0.0001,0.0,1.0,256,50.0,auto,auto,periodic,"Simulation diverged at t=0: eigenvalue Re(λ)=5.851e+00 predicts growth factor 1.14e+127 over Δt=50.0, exceeding threshold 1e+08. The system is physically unstable.",diverged,"Simulation diverged at t=0: eigenvalue Re(λ)=5.851e+00 predicts growth factor 1.14e+127 over Δt=50.0, exceeding threshold 1e+08. The system is physically unstable.",-1,,,,,,,,false
0.3793103448275863,-2.8684210526315788,1.0,0.0001,0.0,1.0,256,50.0,auto,auto,periodic,"Simulation diverged at t=0: eigenvalue Re(λ)=4.489e+00 predicts growth factor 2.93e+97 over Δt=50.0, exceeding threshold 1e+08. The system is physically unstable.",diverged,"Simulation diverged at t=0: eigenvalue Re(λ)=4.489e+00 predicts growth factor 2.93e+97 over Δt=50.0, exceeding threshold 1e+08. The system is physically unstable.",-1,,,,,,,,false
0.3793103448275863,-2.736842105263158,1.0,0.0001,0.0,1.0,256,50.0,auto,auto,periodic,"Simulation diverged at t=0: eigenvalue Re(λ)=9.441e+00 predicts growth factor 1.01e+205 over Δt=50.0, exceeding threshold 1e+08. The system is physically unstable.",diverged,"Simulation diverged at t=0: eigenvalue Re(λ)=9.441e+00 predicts growth factor 1.01e+205 over Δt=50.0, exceeding threshold 1e+08. The system is physically unstable.",-1,,,,,,,,false
0.3793103448275863,-2.6052631578947367,1.0,0.0001,0.0,1.0,256,50.0,auto,auto,periodic,"Simulation diverged at t=0: eigenvalue Re(λ)=4.507e+00 predicts growth factor 7.30e+97 over Δt=50.0, exceeding threshold 1e+08. The system is physically unstable.",diverged,"Simulation diverged at t=0: eigenvalue Re(λ)=4.507e+00 predicts growth factor 7.30e+97 over Δt=50.0, exceeding threshold 1e+08. The system is physically unstable.",-1,,,,,,,,false
0.3793103448275863,-2.473684210526316,1.0,0.0001,0.0,1.0,256,50.0,auto,auto,periodic,"Simulation diverged at t=0: eigenvalue Re(λ)=8.132e+00 predicts growth factor 3.79e+176 over Δt=50.0, exceeding threshold 1e+08. The system is physically unstable.",diverged,"Simulation diverged at t=0: eigenvalue Re(λ)=8.132e+00 predicts growth factor 3.79e+176 over Δt=50.0, exceeding threshold 1e+08. The system is physically unstable.",-1,,,,,,,,false
0.3793103448275863,-2.3421052631578947,1.0,0.0001,0.0,1.0,256,50.0,auto,auto,periodic,"Simulation diverged at t=0: eigenvalue Re(λ)=3.123e+00 predicts growth factor 6.67e+67 over Δt=50.0, exceeding threshold 1e+08. The system is physically unstable.",diverged,"Simulation diverged at t=0: eigenvalue Re(λ)=3.123e+00 predicts growth factor 6.67e+67 over Δt=50.0, exceeding threshold 1e+08. The system is physically unstable.",-1,,,,,,,,false
0.3793103448275863,-2.2105263157894735,1.0,0.0001,0.0,1.0,256,50.0,auto,auto,periodic,"Simulation diverged at t=0: eigenvalue Re(λ)=2.939e+00 predicts growth factor 6.51e+63 over Δt=50.0, exceeding threshold 1e+08. The system is physically unstable.",diverged,"Simulation diverged at t=0: eigenvalue Re(λ)=2.939e+00 predicts growth factor 6.51e+63 over Δt=50.0, exceeding threshold 1e+08. The system is physically unstable.",-1,,,,,,,,false
0.3793103448275863,-2.0789473684210527,1.0,0.0001,0.0,1.0,256,50.0,auto,auto,periodic,"Simulation diverged at t=0: eigenvalue Re(λ)=2.269e+00 predicts growth factor 1.90e+49 over Δt=50.0, exceeding threshold 1e+08. The system is physically unstable.",diverged,"Simulation diverged at t=0: eigenvalue Re(λ)=2.269e+00 predicts growth factor 1.90e+49 over Δt=50.0, exceeding threshold 1e+08. The system is physically unstable.",-1,,,,,,,,false
0.3793103448275863,-1.9473684210526316,1.0,0.0001,0.0,1.0,256,50.0,auto,auto,periodic,"Simulation diverged at t=0: eigenvalue Re(λ)=2.217e+00 predicts growth factor 1.41e+48 over Δt=50.0, exceeding threshold 1e+08. The system is physically unstable.",diverged,"Simulation diverged at t=0: eigenvalue Re(λ)=2.217e+00 predicts growth factor 1.41e+48 over Δt=50.0, exceeding threshold 1e+08. The system is physically unstable.",-1,,,,,,,,false
0.3793103448275863,-1.8157894736842106,1.0,0.0001,0.0,1.0,256,50.0,auto,auto,periodic,"Simulation diverged at t=0: eigenvalue Re(λ)=1.666e+00 predicts growth factor 1.53e+36 over Δt=50.0, exceeding threshold 1e+08. The system is physically unstable.",diverged,"Simulation diverged at t=0: eigenvalue Re(λ)=1.666e+00 predicts growth factor 1.53e+36 over Δt=50.0, exceeding threshold 1e+08. The system is physically unstable.",-1,,,,,,,,false
0.3793103448275863,-1.6842105263157896,1.0,0.0001,0.0,1.0,256,50.0,auto,auto,periodic,"Simulation diverged at t=0: eigenvalue Re(λ)=3.948e-01 predicts growth factor 3.73e+08 over Δt=50.0, exceeding threshold 1e+08. The system is physically unstable.",diverged,"Simulation diverged at t=0: eigenvalue Re(λ)=3.948e-01 predicts growth factor 3.73e+08 over Δt=50.0, exceeding threshold 1e+08. The system is physically unstable.",-1,,,,,,,,false
0.3793103448275863,-1.5526315789473686,1.0,0.0001,0.0,1.0,256,50.0,auto,auto,periodic,,success,,0,2.1080697974435617e-06,50.0,2.1080697974435617e-06,3.17,2.1081e+02,3.372919e-01,-0.4720,true
0.3793103448275863,-1.4210526315789473,1.0,0.0001,0.0,1.0,256,50.0,auto,auto,periodic,,success,,0,1.529388371550963e-11,43.0,1.1766814248713333e-11,3.01,1.5294e-03,2.447026e-06,-5.6114,true
0.3793103448275863,-1.2894736842105263,1.0,0.0001,0.0,1.0,256,50.0,auto,auto,periodic,,success,,0,2.026222856137535e-10,46.0,7.564037889740514e-11,2.11,2.0262e-02,3.241963e-05,-4.4892,true
0.3793103448275863,-1.1578947368421053,1.0,0.0001,0.0,1.0,256,50.0,auto,auto,periodic,,success,,0,5.503587450511351e-10,48.0,4.776624103477787e-10,1.81,5.5036e-02,8.805758e-05,-4.0552,true
0.3793103448275863,-1.0263157894736843,1.0,0.0001,0.0,1.0,256,50.0,auto,auto,periodic,,success,,0,1.0761756453021218e-09,40.0,1.0043647324641758e-09,1.7,1.0762e-01,1.721885e-04,-3.7640,true
0.3793103448275863,-0.8947368421052633,1.0,0.0001,0.0,1.0,256,50.0,auto,auto,periodic,,success,,0,1.7688415591651427e-09,41.5,8.397572678544409e-10,1.46,1.7688e-01,2.830152e-04,-3.5482,true
0.3793103448275863,-0.763157894736842,1.0,0.0001,0.0,1.0,256,50.0,auto,auto,periodic,,success,,0,2.5547806744976048e-09,44.5,4.144377900120693e-10,1.35,2.5548e-01,4.087658e-04,-3.3885,true
0.3793103448275863,-0.6315789473684212,1.0,0.0001,0.0,1.0,256,50.0,auto,auto,periodic,,success,,0,3.652234067110569e-09,46.0,1.4438372122823305e-09,1.5,3.6522e-01,5.843587e-04,-3.2333,true
0.3793103448275863,-0.5,1.0,0.0001,0.0,1.0,256,50.0,auto,auto,periodic,,success,,0,4.830245708762692e-09,47.5,3.8171262019703385e-09,1.96,4.8302e-01,7.728409e-04,-3.1119,true
0.4482758620689655,-3.0,1.0,0.0001,0.0,1.0,256,50.0,auto,auto,periodic,"Simulation diverged at t=0: eigenvalue Re(λ)=9.119e+00 predicts growth factor 1.03e+198 over Δt=50.0, exceeding threshold 1e+08. The system is physically unstable.",diverged,"Simulation diverged at t=0: eigenvalue Re(λ)=9.119e+00 predicts growth factor 1.03e+198 over Δt=50.0, exceeding threshold 1e+08. The system is physically unstable.",-1,,,,,,,,false
0.4482758620689655,-2.8684210526315788,1.0,0.0001,0.0,1.0,256,50.0,auto,auto,periodic,"Simulation diverged at t=0: eigenvalue Re(λ)=7.054e+00 predicts growth factor 1.51e+153 over Δt=50.0, exceeding threshold 1e+08. The system is physically unstable.",diverged,"Simulation diverged at t=0: eigenvalue Re(λ)=7.054e+00 predicts growth factor 1.51e+153 over Δt=50.0, exceeding threshold 1e+08. The system is physically unstable.",-1,,,,,,,,false
0.4482758620689655,-2.736842105263158,1.0,0.0001,0.0,1.0,256,50.0,auto,auto,periodic,"Simulation diverged at t=0: eigenvalue Re(λ)=5.204e+00 predicts growth factor 1.03e+113 over Δt=50.0, exceeding threshold 1e+08. The system is physically unstable.",diverged,"Simulation diverged at t=0: eigenvalue Re(λ)=5.204e+00 predicts growth factor 1.03e+113 over Δt=50.0, exceeding threshold 1e+08. The system is physically unstable.",-1,,,,,,,,false
0.4482758620689655,-2.6052631578947367,1.0,0.0001,0.0,1.0,256,50.0,auto,auto,periodic,"Simulation diverged at t=0: eigenvalue Re(λ)=3.839e+00 predicts growth factor 2.33e+83 over Δt=50.0, exceeding threshold 1e+08. The system is physically unstable.",diverged,"Simulation diverged at t=0: eigenvalue Re(λ)=3.839e+00 predicts growth factor 2.33e+83 over Δt=50.0, exceeding threshold 1e+08. The system is physically unstable.",-1,,,,,,,,false
0.4482758620689655,-2.473684210526316,1.0,0.0001,0.0,1.0,256,50.0,auto,auto,periodic,"Simulation diverged at t=0: eigenvalue Re(λ)=2.863e+00 predicts growth factor 1.50e+62 over Δt=50.0, exceeding threshold 1e+08. The system is physically unstable.",diverged,"Simulation diverged at t=0: eigenvalue Re(λ)=2.863e+00 predicts growth factor 1.50e+62 over Δt=50.0, exceeding threshold 1e+08. The system is physically unstable.",-1,,,,,,,,false
0.4482758620689655,-2.3421052631578947,1.0,0.0001,0.0,1.0,256,50.0,auto,auto,periodic,"Simulation diverged at t=0: eigenvalue Re(λ)=4.207e+00 predicts growth factor 2.26e+91 over Δt=50.0, exceeding threshold 1e+08. The system is physically unstable.",diverged,"Simulation diverged at t=0: eigenvalue Re(λ)=4.207e+00 predicts growth factor 2.26e+91 over Δt=50.0, exceeding threshold 1e+08. The system is physically unstable.",-1,,,,,,,,false
0.4482758620689655,-2.2105263157894735,1.0,0.0001,0.0,1.0,256,50.0,auto,auto,periodic,"Simulation diverged at t=0: eigenvalue Re(λ)=2.288e+00 predicts growth factor 4.75e+49 over Δt=50.0, exceeding threshold 1e+08. The system is physically unstable.",diverged,"Simulation diverged at t=0: eigenvalue Re(λ)=2.288e+00 predicts growth factor 4.75e+49 over Δt=50.0, exceeding threshold 1e+08. The system is physically unstable.",-1,,,,,,,,false
0.4482758620689655,-2.0789473684210527,1.0,0.0001,0.0,1.0,256,50.0,auto,auto,periodic,"Simulation diverged at t=0: eigenvalue Re(λ)=2.163e+00 predicts growth factor 9.29e+46 over Δt=50.0, exceeding threshold 1e+08. The system is physically unstable.",diverged,"Simulation diverged at t=0: eigenvalue Re(λ)=2.163e+00 predicts growth factor 9.29e+46 over Δt=50.0, exceeding threshold 1e+08. The system is physically unstable.",-1,,,,,,,,false
0.4482758620689655,-1.9473684210526316,1.0,0.0001,0.0,1.0,256,50.0,auto,auto,periodic,"Simulation diverged at t=0: eigenvalue Re(λ)=4.688e+00 predicts growth factor 6.24e+101 over Δt=50.0, exceeding threshold 1e+08. The system is physically unstable.",diverged,"Simulation diverged at t=0: eigenvalue Re(λ)=4.688e+00 predicts growth factor 6.24e+101 over Δt=50.0, exceeding threshold 1e+08. The system is physically unstable.",-1,,,,,,,,false
0.4482758620689655,-1.8157894736842106,1.0,0.0001,0.0,1.0,256,50.0,auto,auto,periodic,"Simulation diverged at t=0: eigenvalue Re(λ)=1.766e+00 predicts growth factor 2.25e+38 over Δt=50.0, exceeding threshold 1e+08. The system is physically unstable.",diverged,"Simulation diverged at t=0: eigenvalue Re(λ)=1.766e+00 predicts growth factor 2.25e+38 over Δt=50.0, exceeding threshold 1e+08. The system is physically unstable.",-1,,,,,,,,false
0.4482758620689655,-1.6842105263157896,1.0,0.0001,0.0,1.0,256,50.0,auto,auto,periodic,"Simulation diverged at t=0: eigenvalue Re(λ)=4.103e-01 predicts growth factor 8.14e+08 over Δt=50.0, exceeding threshold 1e+08. The system is physically unstable.",diverged,"Simulation diverged at t=0: eigenvalue Re(λ)=4.103e-01 predicts growth factor 8.14e+08 over Δt=50.0, exceeding threshold 1e+08. The system is physically unstable.",-1,,,,,,,,false
0.4482758620689655,-1.5526315789473686,1.0,0.0001,0.0,1.0,256,50.0,auto,auto,periodic,,success,,0,0.06794030762280019,50.0,0.06794030762280019,1.81,6.7940e+06,1.087047e+04,4.0362,true
0.4482758620689655,-1.4210526315789473,1.0,0.0001,0.0,1.0,256,50.0,auto,auto,periodic,,success,,0,2.6998753516384257e-09,50.0,2.6998753516384257e-09,1.52,2.6999e-01,4.319810e-04,-3.3645,true
0.4482758620689655,-1.2894736842105263,1.0,0.0001,0.0,1.0,256,50.0,auto,auto,periodic,,success,,0,1.5810013362919305e-11,43.0,1.2092240244220697e-11,1.46,1.5810e-03,2.529607e-06,-5.5969,true
0.4482758620689655,-1.1578947368421053,1.0,0.0001,0.0,1.0,256,50.0,auto,auto,periodic,,success,,0,1.2941389050334597e-10,44.5,4.676822933897487e-11,1.6,1.2941e-02,2.070627e-05,-4.6839,true
0.4482758620689655,-1.0263157894736843,1.0,0.0001,0.0,1.0,256,50.0,auto,auto,periodic,,success,,0,3.32285697348548e-10,47.5,1.9229979585956483e-10,2.58,3.3229e-02,5.316582e-05,-4.2744,true
0.4482758620689655,-0.8947368421052633,1.0,0.0001,0.0,1.0,256,50.0,auto,auto,periodic,,success,,0,6.391612095902492e-10,49.0,5.70706927757264e-10,1.64,6.3916e-02,1.022660e-04,-3.9903,true
0.4482758620689655,-0.763157894736842,1.0,0.0001,0.0,1.0,256,50.0,auto,auto,periodic,,success,,0,9.853842562272322e-10,40.0,9.59502330963285e-10,1.5,9.8538e-02,1.576618e-04,-3.8023,true
0.4482758620689655,-0.6315789473684212,1.0,0.0001,0.0,1.0,256,50.0,auto,auto,periodic,,success,,0,1.4408784787385646e-09,41.5,1.0198563615478373e-09,1.42,1.4409e-01,2.305410e-04,-3.6373,true
0.4482758620689655,-0.5,1.0,0.0001,0.0,1.0,256,50.0,auto,auto,periodic,,success,,0,1.9734418978808066e-09,43.0,6.558899524961576e-10,1.68,1.9734e-01,3.157514e-04,-3.5007,true
0.5172413793103448,-3.0,1.0,0.0001,0.0,1.0,256,50.0,auto,auto,periodic,"Simulation diverged at t=0: eigenvalue Re(λ)=3.442e+00 predicts growth factor 5.51e+74 over Δt=50.0, exceeding threshold 1e+08. The system is physically unstable.",diverged,"Simulation diverged at t=0: eigenvalue Re(λ)=3.442e+00 predicts growth factor 5.51e+74 over Δt=50.0, exceeding threshold 1e+08. The system is physically unstable.",-1,,,,,,,,false
0.5172413793103448,-2.8684210526315788,1.0,0.0001,0.0,1.0,256,50.0,auto,auto,periodic,"Simulation diverged at t=0: eigenvalue Re(λ)=3.407e+00 predicts growth factor 9.38e+73 over Δt=50.0, exceeding threshold 1e+08. The system is physically unstable.",diverged,"Simulation diverged at t=0: eigenvalue Re(λ)=3.407e+00 predicts growth factor 9.38e+73 over Δt=50.0, exceeding threshold 1e+08. The system is physically unstable.",-1,,,,,,,,false
0.5172413793103448,-2.736842105263158,1.0,0.0001,0.0,1.0,256,50.0,auto,auto,periodic,"Simulation diverged at t=0: eigenvalue Re(λ)=3.236e+00 predicts growth factor 1.83e+70 over Δt=50.0, exceeding threshold 1e+08. The system is physically unstable.",diverged,"Simulation diverged at t=0: eigenvalue Re(λ)=3.236e+00 predicts growth factor 1.83e+70 over Δt=50.0, exceeding threshold 1e+08. The system is physically unstable.",-1,,,,,,,,false
0.5172413793103448,-2.6052631578947367,1.0,0.0001,0.0,1.0,256,50.0,auto,auto,periodic,"Simulation diverged at t=0: eigenvalue Re(λ)=2.920e+00 predicts growth factor 2.57e+63 over Δt=50.0, exceeding threshold 1e+08. The system is physically unstable.",diverged,"Simulation diverged at t=0: eigenvalue Re(λ)=2.920e+00 predicts growth factor 2.57e+63 over Δt=50.0, exceeding threshold 1e+08. The system is physically unstable.",-1,,,,,,,,false
0.5172413793103448,-2.473684210526316,1.0,0.0001,0.0,1.0,256,50.0,auto,auto,periodic,"Simulation diverged at t=0: eigenvalue Re(λ)=2.502e+00 predicts growth factor 2.19e+54 over Δt=50.0, exceeding threshold 1e+08. The system is physically unstable.",diverged,"Simulation diverged at t=0: eigenvalue Re(λ)=2.502e+00 predicts growth factor 2.19e+54 over Δt=50.0, exceeding threshold 1e+08. The system is physically unstable.",-1,,,,,,,,false
0.5172413793103448,-2.3421052631578947,1.0,0.0001,0.0,1.0,256,50.0,auto,auto,periodic,"Simulation diverged at t=0: eigenvalue Re(λ)=5.363e+00 predicts growth factor 2.88e+116 over Δt=50.0, exceeding threshold 1e+08. The system is physically unstable.",diverged,"Simulation diverged at t=0: eigenvalue Re(λ)=5.363e+00 predicts growth factor 2.88e+116 over Δt=50.0, exceeding threshold 1e+08. The system is physically unstable.",-1,,,,,,,,false
0.5172413793103448,-2.2105263157894735,1.0,0.0001,0.0,1.0,256,50.0,auto,auto,periodic,"Simulation diverged at t=0: eigenvalue Re(λ)=2.641e+00 predicts growth factor 2.25e+57 over Δt=50.0, exceeding threshold 1e+08. The system is physically unstable.",diverged,"Simulation diverged at t=0: eigenvalue Re(λ)=2.641e+00 predicts growth factor 2.25e+57 over Δt=50.0, exceeding threshold 1e+08. The system is physically unstable.",-1,,,,,,,,false
0.5172413793103448,-2.0789473684210527,1.0,0.0001,0.0,1.0,256,50.0,auto,auto,periodic,"Simulation diverged at t=0: eigenvalue Re(λ)=4.088e+00 predicts growth factor 5.77e+88 over Δt=50.0, exceeding threshold 1e+08. The system is physically unstable.",diverged,"Simulation diverged at t=0: eigenvalue Re(λ)=4.088e+00 predicts growth factor 5.77e+88 over Δt=50.0, exceeding threshold 1e+08. The system is physically unstable.",-1,,,,,,,,false
0.5172413793103448,-1.9473684210526316,1.0,0.0001,0.0,1.0,256,50.0,auto,auto,periodic,"Simulation diverged at t=0: eigenvalue Re(λ)=3.551e+00 predicts growth factor 1.31e+77 over Δt=50.0, exceeding threshold 1e+08. The system is physically unstable.",diverged,"Simulation diverged at t=0: eigenvalue Re(λ)=3.551e+00 predicts growth factor 1.31e+77 over Δt=50.0, exceeding threshold 1e+08. The system is physically unstable.",-1,,,,,,,,false
0.5172413793103448,-1.8157894736842106,1.0,0.0001,0.0,1.0,256,50.0,auto,auto,periodic,"Simulation diverged at t=0: eigenvalue Re(λ)=4.452e+00 predicts growth factor 4.68e+96 over Δt=50.0, exceeding threshold 1e+08. The system is physically unstable.",diverged,"Simulation diverged at t=0: eigenvalue Re(λ)=4.452e+00 predicts growth factor 4.68e+96 over Δt=50.0, exceeding threshold 1e+08. The system is physically unstable.",-1,,,,,,,,false
0.5172413793103448,-1.6842105263157896,1.0,0.0001,0.0,1.0,256,50.0,auto,auto,periodic,"Simulation diverged at t=0: eigenvalue Re(λ)=3.926e-01 predicts growth factor 3.35e+08 over Δt=50.0, exceeding threshold 1e+08. The system is physically unstable.",diverged,"Simulation diverged at t=0: eigenvalue Re(λ)=3.926e-01 predicts growth factor 3.35e+08 over Δt=50.0, exceeding threshold 1e+08. The system is physically unstable.",-1,,,,,,,,false
0.5172413793103448,-1.5526315789473686,1.0,0.0001,0.0,1.0,256,50.0,auto,auto,periodic,,success,,0,80.14456534319469,50.0,80.14456534319469,2.12,8.0145e+09,,,false
0.5172413793103448,-1.4210526315789473,1.0,0.0001,0.0,1.0,256,50.0,auto,auto,periodic,,success,,0,8.50108826724073e-05,50.0,8.50108826724073e-05,1.81,8.5011e+03,1.360177e+01,1.1336,true
0.5172413793103448,-1.2894736842105263,1.0,0.0001,0.0,1.0,256,50.0,auto,auto,periodic,,success,,0,3.549636454188135e-10,50.0,3.549636454188135e-10,1.77,3.5496e-02,5.679430e-05,-4.2457,true
0.5172413793103448,-1.1578947368421053,1.0,0.0001,0.0,1.0,256,50.0,auto,auto,periodic,,success,,0,9.017064812280585e-12,43.0,7.517990641954034e-12,2.02,9.0171e-04,1.442733e-06,-5.8408,true
0.5172413793103448,-1.0263157894736843,1.0,0.0001,0.0,1.0,256,50.0,auto,auto,periodic,,success,,0,7.750295960537818e-11,44.5,3.418738546407698e-11,2.38,7.7503e-03,1.240050e-05,-4.9066,true
0.5172413793103448,-0.8947368421052633,1.0,0.0001,0.0,1.0,256,50.0,auto,auto,periodic,,success,,0,2.0126253016339993e-10,46.0,7.495632913036319e-11,1.5,2.0126e-02,3.220207e-05,-4.4921,true
0.5172413793103448,-0.763157894736842,1.0,0.0001,0.0,1.0,256,50.0,auto,auto,periodic,,success,,0,3.741702084357017e-10,47.5,2.314012484661768e-10,1.52,3.7417e-02,5.986736e-05,-4.2228,true
0.5172413793103448,-0.6315789473684212,1.0,0.0001,0.0,1.0,256,50.0,auto,auto,periodic,,success,,0,5.917885312896174e-10,49.0,5.203684575835612e-10,1.57,5.9179e-02,9.468636e-05,-4.0237,true
0.5172413793103448,-0.5,1.0,0.0001,0.0,1.0,256,50.0,auto,auto,periodic,,success,,0,8.492919455263631e-10,49.5,8.377957426295114e-10,1.41,8.4929e-02,1.358870e-04,-3.8668,true
0.5862068965517242,-3.0,1.0,0.0001,0.0,1.0,256,50.0,auto,auto,periodic,"Simulation diverged at t=0: eigenvalue Re(λ)=3.004e+00 predicts growth factor 1.69e+65 over Δt=50.0, exceeding threshold 1e+08. The system is physically unstable.",diverged,"Simulation diverged at t=0: eigenvalue Re(λ)=3.004e+00 predicts growth factor 1.69e+65 over Δt=50.0, exceeding threshold 1e+08. The system is physically unstable.",-1,,,,,,,,false
0.5862068965517242,-2.8684210526315788,1.0,0.0001,0.0,1.0,256,50.0,auto,auto,periodic,"Simulation diverged at t=0: eigenvalue Re(λ)=3.218e+00 predicts growth factor 7.41e+69 over Δt=50.0, exceeding threshold 1e+08. The system is physically unstable.",diverged,"Simulation diverged at t=0: eigenvalue Re(λ)=3.218e+00 predicts growth factor 7.41e+69 over Δt=50.0, exceeding threshold 1e+08. The system is physically unstable.",-1,,,,,,,,false
0.5862068965517242,-2.736842105263158,1.0,0.0001,0.0,1.0,256,50.0,auto,auto,periodic,"Simulation diverged at t=0: eigenvalue Re(λ)=3.393e+00 predicts growth factor 4.88e+73 over Δt=50.0, exceeding threshold 1e+08. The system is physically unstable.",diverged,"Simulation diverged at t=0: eigenvalue Re(λ)=3.393e+00 predicts growth factor 4.88e+73 over Δt=50.0, exceeding threshold 1e+08. The system is physically unstable.",-1,,,,,,,,false
0.5862068965517242,-2.6052631578947367,1.0,0.0001,0.0,1.0,256,50.0,auto,auto,periodic,"Simulation diverged at t=0: eigenvalue Re(λ)=3.420e+00 predicts growth factor 1.87e+74 over Δt=50.0, exceeding threshold 1e+08. The system is physically unstable.",diverged,"Simulation diverged at t=0: eigenvalue Re(λ)=3.420e+00 predicts growth factor 1.87e+74 over Δt=50.0, exceeding threshold 1e+08. The system is physically unstable.",-1,,,,,,,,false
0.5862068965517242,-2.473684210526316,1.0,0.0001,0.0,1.0,256,50.0,auto,auto,periodic,"Simulation diverged at t=0: eigenvalue Re(λ)=3.170e+00 predicts growth factor 6.69e+68 over Δt=50.0, exceeding threshold 1e+08. The system is physically unstable.",diverged,"Simulation diverged at t=0: eigenvalue Re(λ)=3.170e+00 predicts growth factor 6.69e+68 over Δt=50.0, exceeding threshold 1e+08. The system is physically unstable.",-1,,,,,,,,false
0.5862068965517242,-2.3421052631578947,1.0,0.0001,0.0,1.0,256,50.0,auto,auto,periodic,"Simulation diverged at t=0: eigenvalue Re(λ)=2.654e+00 predicts growth factor 4.26e+57 over Δt=50.0, exceeding threshold 1e+08. The system is physically unstable.",diverged,"Simulation diverged at t=0: eigenvalue Re(λ)=2.654e+00 predicts growth factor 4.26e+57 over Δt=50.0, exceeding threshold 1e+08. The system is physically unstable.",-1,,,,,,,,false
0.5862068965517242,-2.2105263157894735,1.0,0.0001,0.0,1.0,256,50.0,auto,auto,periodic,"Simulation diverged at t=0: eigenvalue Re(λ)=2.053e+00 predicts growth factor 3.73e+44 over Δt=50.0, exceeding threshold 1e+08. The system is physically unstable.",diverged,"Simulation diverged at t=0: eigenvalue Re(λ)=2.053e+00 predicts growth factor 3.73e+44 over Δt=50.0, exceeding threshold 1e+08. The system is physically unstable.",-1,,,,,,,,false
0.5862068965517242,-2.0789473684210527,1.0,0.0001,0.0,1.0,256,50.0,auto,auto,periodic,"Simulation diverged at t=0: eigenvalue Re(λ)=3.406e+00 predicts growth factor 9.17e+73 over Δt=50.0, exceeding threshold 1e+08. The system is physically unstable.",diverged,"Simulation diverged at t=0: eigenvalue Re(λ)=3.406e+00 predicts growth factor 9.17e+73 over Δt=50.0, exceeding threshold 1e+08. The system is physically unstable.",-1,,,,,,,,false
0.5862068965517242,-1.9473684210526316,1.0,0.0001,0.0,1.0,256,50.0,auto,auto,periodic,"Simulation diverged at t=0: eigenvalue Re(λ)=1.457e+00 predicts growth factor 4.27e+31 over Δt=50.0, exceeding threshold 1e+08. The system is physically unstable.",diverged,"Simulation diverged at t=0: eigenvalue Re(λ)=1.457e+00 predicts growth factor 4.27e+31 over Δt=50.0, exceeding threshold 1e+08. The system is physically unstable.",-1,,,,,,,,false
0.5862068965517242,-1.8157894736842106,1.0,0.0001,0.0,1.0,256,50.0,auto,auto,periodic,"Simulation diverged at t=0: eigenvalue Re(λ)=1.460e+00 predicts growth factor 5.00e+31 over Δt=50.0, exceeding threshold 1e+08. The system is physically unstable.",diverged,"Simulation diverged at t=0: eigenvalue Re(λ)=1.460e+00 predicts growth factor 5.00e+31 over Δt=50.0, exceeding threshold 1e+08. The system is physically unstable.",-1,,,,,,,,false
0.5862068965517242,-1.6842105263157896,1.0,0.0001,0.0,1.0,256,50.0,auto,auto,periodic,"Simulation diverged at t=0: eigenvalue Re(λ)=4.302e-01 predicts growth factor 2.20e+09 over Δt=50.0, exceeding threshold 1e+08. The system is physically unstable.",diverged,"Simulation diverged at t=0: eigenvalue Re(λ)=4.302e-01 predicts growth factor 2.20e+09 over Δt=50.0, exceeding threshold 1e+08. The system is physically unstable.",-1,,,,,,,,false
0.5862068965517242,-1.5526315789473686,1.0,0.0001,0.0,1.0,256,50.0,auto,auto,periodic,"Simulation diverged at t=0: eigenvalue Re(λ)=3.768e-01 predicts growth factor 1.52e+08 over Δt=50.0, exceeding threshold 1e+08. The system is physically unstable.",diverged,"Simulation diverged at t=0: eigenvalue Re(λ)=3.768e-01 predicts growth factor 1.52e+08 over Δt=50.0, exceeding threshold 1e+08. The system is physically unstable.",-1,,,,,,,,false
0.5862068965517242,-1.4210526315789473,1.0,0.0001,0.0,1.0,256,50.0,auto,auto,periodic,,success,,0,0.13627887290079266,50.0,0.13627887290079266,1.77,1.3628e+07,,,false
0.5862068965517242,-1.2894736842105263,1.0,0.0001,0.0,1.0,256,50.0,auto,auto,periodic,,success,,0,4.761070860961253e-06,50.0,4.761070860961253e-06,1.54,4.7611e+02,7.617729e-01,-0.1182,true
0.5862068965517242,-1.1578947368421053,1.0,0.0001,0.0,1.0,256,50.0,auto,auto,periodic,,success,,0,3.410014198205583e-10,50.0,3.410014198205583e-10,1.7,3.4100e-02,5.456034e-05,-4.2631,true
0.5862068965517242,-1.0263157894736843,1.0,0.0001,0.0,1.0,256,50.0,auto,auto,periodic,,success,,0,2.5116288236751656e-12,43.0,2.36418611579464e-12,2.23,2.5116e-04,4.018614e-07,-6.3959,true
0.5862068965517242,-0.8947368421052633,1.0,0.0001,0.0,1.0,256,50.0,auto,auto,periodic,,success,,0,3.83270312161366e-11,44.5,2.373597382856512e-11,1.59,3.8327e-03,6.132338e-06,-5.2124,true
0.5862068965517242,-0.763157894736842,1.0,0.0001,0.0,1.0,256,50.0,auto,auto,periodic,,success,,0,1.1314395615007903e-10,44.5,4.2120241577904e-11,1.48,1.1314e-02,1.810307e-05,-4.7422,true
0.5862068965517242,-0.6315789473684212,1.0,0.0001,0.0,1.0,256,50.0,auto,auto,periodic,,success,,0,2.2064021477939124e-10,46.0,8.553860387102293e-11,1.68,2.2064e-02,3.530251e-05,-4.4522,true
0.5862068965517242,-0.5,1.0,0.0001,0.0,1.0,256,50.0,auto,auto,periodic,,success,,0,3.4968975644737603e-10,47.5,2.0796280589025898e-10,2.0,3.4969e-02,5.595048e-05,-4.2522,true
0.6551724137931034,-3.0,1.0,0.0001,0.0,1.0,256,50.0,auto,auto,periodic,"Simulation diverged at t=0: eigenvalue Re(λ)=3.771e+00 predicts growth factor 7.75e+81 over Δt=50.0, exceeding threshold 1e+08. The system is physically unstable.",diverged,"Simulation diverged at t=0: eigenvalue Re(λ)=3.771e+00 predicts growth factor 7.75e+81 over Δt=50.0, exceeding threshold 1e+08. The system is physically unstable.",-1,,,,,,,,false
0.6551724137931034,-2.8684210526315788,1.0,0.0001,0.0,1.0,256,50.0,auto,auto,periodic,"Simulation diverged at t=0: eigenvalue Re(λ)=5.875e+00 predicts growth factor 3.82e+127 over Δt=50.0, exceeding threshold 1e+08. The system is physically unstable.",diverged,"Simulation diverged at t=0: eigenvalue Re(λ)=5.875e+00 predicts growth factor 3.82e+127 over Δt=50.0, exceeding threshold 1e+08. The system is physically unstable.",-1,,,,,,,,false
0.6551724137931034,-2.736842105263158,1.0,0.0001,0.0,1.0,256,50.0,auto,auto,periodic,"Simulation diverged at t=0: eigenvalue Re(λ)=2.313e+00 predicts growth factor 1.67e+50 over Δt=50.0, exceeding threshold 1e+08. The system is physically unstable.",diverged,"Simulation diverged at t=0: eigenvalue Re(λ)=2.313e+00 predicts growth factor 1.67e+50 over Δt=50.0, exceeding threshold 1e+08. The system is physically unstable.",-1,,,,,,,,false
0.6551724137931034,-2.6052631578947367,1.0,0.0001,0.0,1.0,256,50.0,auto,auto,periodic,"Simulation diverged at t=0: eigenvalue Re(λ)=2.401e+00 predicts growth factor 1.40e+52 over Δt=50.0, exceeding threshold 1e+08. The system is physically unstable.",diverged,"Simulation diverged at t=0: eigenvalue Re(λ)=2.401e+00 predicts growth factor 1.40e+52 over Δt=50.0, exceeding threshold 1e+08. The system is physically unstable.",-1,,,,,,,,false
0.6551724137931034,-2.473684210526316,1.0,0.0001,0.0,1.0,256,50.0,auto,auto,periodic,"Simulation diverged at t=0: eigenvalue Re(λ)=2.409e+00 predicts growth factor 2.01e+52 over Δt=50.0, exceeding threshold 1e+08. The system is physically unstable.",diverged,"Simulation diverged at t=0: eigenvalue Re(λ)=2.409e+00 predicts growth factor 2.01e+52 over Δt=50.0, exceeding threshold 1e+08. The system is physically unstable.",-1,,,,,,,,false
0.6551724137931034,-2.3421052631578947,1.0,0.0001,0.0,1.0,256,50.0,auto,auto,periodic,"Simulation diverged at t=0: eigenvalue Re(λ)=2.262e+00 predicts growth factor 1.34e+49 over Δt=50.0, exceeding threshold 1e+08. The system is physically unstable.",diverged,"Simulation diverged at t=0: eigenvalue Re(λ)=2.262e+00 predicts growth factor 1.34e+49 over Δt=50.0, exceeding threshold 1e+08. The system is physically unstable.",-1,,,,,,,,false
0.6551724137931034,-2.2105263157894735,1.0,0.0001,0.0,1.0,256,50.0,auto,auto,periodic,"Simulation diverged at t=0: eigenvalue Re(λ)=1.942e+00 predicts growth factor 1.51e+42 over Δt=50.0, exceeding threshold 1e+08. The system is physically unstable.",diverged,"Simulation diverged at t=0: eigenvalue Re(λ)=1.942e+00 predicts growth factor 1.51e+42 over Δt=50.0, exceeding threshold 1e+08. The system is physically unstable.",-1,,,,,,,,false
0.6551724137931034,-2.0789473684210527,1.0,0.0001,0.0,1.0,256,50.0,auto,auto,periodic,"Simulation diverged at t=0: eigenvalue Re(λ)=7.861e+00 predicts growth factor 5.08e+170 over Δt=50.0, exceeding threshold 1e+08. The system is physically unstable.",diverged,"Simulation diverged at t=0: eigenvalue Re(λ)=7.861e+00 predicts growth factor 5.08e+170 over Δt=50.0, exceeding threshold 1e+08. The system is physically unstable.",-1,,,,,,,,false
0.6551724137931034,-1.9473684210526316,1.0,0.0001,0.0,1.0,256,50.0,auto,auto,periodic,"Simulation diverged at t=0: eigenvalue Re(λ)=1.687e+00 predicts growth factor 4.21e+36 over Δt=50.0, exceeding threshold 1e+08. The system is physically unstable.",diverged,"Simulation diverged at t=0: eigenvalue Re(λ)=1.687e+00 predicts growth factor 4.21e+36 over Δt=50.0, exceeding threshold 1e+08. The system is physically unstable.",-1,,,,,,,,false
0.6551724137931034,-1.8157894736842106,1.0,0.0001,0.0,1.0,256,50.0,auto,auto,periodic,"Simulation diverged at t=0: eigenvalue Re(λ)=1.135e+00 predicts growth factor 4.42e+24 over Δt=50.0, exceeding threshold 1e+08. The system is physically unstable.",diverged,"Simulation diverged at t=0: eigenvalue Re(λ)=1.135e+00 predicts growth factor 4.42e+24 over Δt=50.0, exceeding threshold 1e+08. The system is physically unstable.",-1,,,,,,,,false
0.6551724137931034,-1.6842105263157896,1.0,0.0001,0.0,1.0,256,50.0,auto,auto,periodic,"Simulation diverged at t=0: eigenvalue Re(λ)=4.622e-01 predicts growth factor 1.09e+10 over Δt=50.0, exceeding threshold 1e+08. The system is physically unstable.",diverged,"Simulation diverged at t=0: eigenvalue Re(λ)=4.622e-01 predicts growth factor 1.09e+10 over Δt=50.0, exceeding threshold 1e+08. The system is physically unstable.",-1,,,,,,,,false
0.6551724137931034,-1.5526315789473686,1.0,0.0001,0.0,1.0,256,50.0,auto,auto,periodic,"Simulation diverged at t=0: eigenvalue Re(λ)=3.938e-01 predicts growth factor 3.56e+08 over Δt=50.0, exceeding threshold 1e+08. The system is physically unstable.",diverged,"Simulation diverged at t=0: eigenvalue Re(λ)=3.938e-01 predicts growth factor 3.56e+08 over Δt=50.0, exceeding threshold 1e+08. The system is physically unstable.",-1,,,,,,,,false
0.6551724137931034,-1.4210526315789473,1.0,0.0001,0.0,1.0,256,50.0,auto,auto,periodic,,success,,0,33.91303403039353,50.0,33.91303403039353,1.9,3.3913e+09,,,false
0.6551724137931034,-1.2894736842105263,1.0,0.0001,0.0,1.0,256,50.0,auto,auto,periodic,,success,,0,0.0056070451234419665,50.0,0.0056070451234419665,1.82,5.6070e+05,8.971291e+02,2.9529,true
0.6551724137931034,-1.1578947368421053,1.0,0.0001,0.0,1.0,256,50.0,auto,auto,periodic,,success,,0,1.7345101762373386e-06,50.0,1.7345101762373386e-06,2.24,1.7345e+02,2.775222e-01,-0.5567,true
0.6551724137931034,-1.0263157894736843,1.0,0.0001,0.0,1.0,256,50.0,auto,auto,periodic,,success,,0,8.245819262737846e-10,50.0,8.245819262737846e-10,1.74,8.2458e-02,1.319334e-04,-3.8796,true
0.6551724137931034,-0.8947368421052633,1.0,0.0001,0.0,1.0,256,50.0,auto,auto,periodic,,success,,0,1.7417838547652886e-14,50.0,1.7417838547652886e-14,1.62,1.7418e-06,2.786860e-09,-8.5549,true
0.6551724137931034,-0.763157894736842,1.0,0.0001,0.0,1.0,256,50.0,auto,auto,periodic,,success,,0,1.6512435719729812e-11,43.0,1.2529891457977803e-11,1.72,1.6512e-03,2.641995e-06,-5.5781,true
0.6551724137931034,-0.6315789473684212,1.0,0.0001,0.0,1.0,256,50.0,auto,auto,periodic,,success,,0,5.809821291251361e-11,44.5,2.968267088467612e-11,1.67,5.8098e-03,9.295733e-06,-5.0317,true
0.6551724137931034,-0.5,1.0,0.0001,0.0,1.0,256,50.0,auto,auto,periodic,,success,,0,1.2194061409217312e-10,44.5,4.448929567223881e-11,1.51,1.2194e-02,1.951054e-05,-4.7097,true
0.7241379310344827,-3.0,1.0,0.0001,0.0,1.0,256,50.0,auto,auto,periodic,"Simulation diverged at t=0: eigenvalue Re(λ)=2.672e+00 predicts growth factor 1.05e+58 over Δt=50.0, exceeding threshold 1e+08. The system is physically unstable.",diverged,"Simulation diverged at t=0: eigenvalue Re(λ)=2.672e+00 predicts growth factor 1.05e+58 over Δt=50.0, exceeding threshold 1e+08. The system is physically unstable.",-1,,,,,,,,false
0.7241379310344827,-2.8684210526315788,1.0,0.0001,0.0,1.0,256,50.0,auto,auto,periodic,"Simulation diverged at t=0: eigenvalue Re(λ)=3.474e+00 predicts growth factor 2.78e+75 over Δt=50.0, exceeding threshold 1e+08. The system is physically unstable.",diverged,"Simulation diverged at t=0: eigenvalue Re(λ)=3.474e+00 predicts growth factor 2.78e+75 over Δt=50.0, exceeding threshold 1e+08. The system is physically unstable.",-1,,,,,,,,false
0.7241379310344827,-2.736842105263158,1.0,0.0001,0.0,1.0,256,50.0,auto,auto,periodic,"Simulation diverged at t=0: eigenvalue Re(λ)=6.965e+00 predicts growth factor 1.74e+151 over Δt=50.0, exceeding threshold 1e+08. The system is physically unstable.",diverged,"Simulation diverged at t=0: eigenvalue Re(λ)=6.965e+00 predicts growth factor 1.74e+151 over Δt=50.0, exceeding threshold 1e+08. The system is physically unstable.",-1,,,,,,,,false
0.7241379310344827,-2.6052631578947367,1.0,0.0001,0.0,1.0,256,50.0,auto,auto,periodic,"Simulation diverged at t=0: eigenvalue Re(λ)=2.137e+00 predicts growth factor 2.60e+46 over Δt=50.0, exceeding threshold 1e+08. The system is physically unstable.",diverged,"Simulation diverged at t=0: eigenvalue Re(λ)=2.137e+00 predicts growth factor 2.60e+46 over Δt=50.0, exceeding threshold 1e+08. The system is physically unstable.",-1,,,,,,,,false
0.7241379310344827,-2.473684210526316,1.0,0.0001,0.0,1.0,256,50.0,auto,auto,periodic,"Simulation diverged at t=0: eigenvalue Re(λ)=2.267e+00 predicts growth factor 1.66e+49 over Δt=50.0, exceeding threshold 1e+08. The system is physically unstable.",diverged,"Simulation diverged at t=0: eigenvalue Re(λ)=2.267e+00 predicts growth factor 1.66e+49 over Δt=50.0, exceeding threshold 1e+08. The system is physically unstable.",-1,,,,,,,,false
0.7241379310344827,-2.3421052631578947,1.0,0.0001,0.0,1.0,256,50.0,auto,auto,periodic,"Simulation diverged at t=0: eigenvalue Re(λ)=2.304e+00 predicts growth factor 1.09e+50 over Δt=50.0, exceeding threshold 1e+08. The system is physically unstable.",diverged,"Simulation diverged at t=0: eigenvalue Re(λ)=2.304e+00 predicts growth factor 1.09e+50 over Δt=50.0, exceeding threshold 1e+08. The system is physically unstable.",-1,,,,,,,,false
0.7241379310344827,-2.2105263157894735,1.0,0.0001,0.0,1.0,256,50.0,auto,auto,periodic,"Simulation diverged at t=0: eigenvalue Re(λ)=2.128e+00 predicts growth factor 1.61e+46 over Δt=50.0, exceeding threshold 1e+08. The system is physically unstable.",diverged,"Simulation diverged at t=0: eigenvalue Re(λ)=2.128e+00 predicts growth factor 1.61e+46 over Δt=50.0, exceeding threshold 1e+08. The system is physically unstable.",-1,,,,,,,,false
0.7241379310344827,-2.0789473684210527,1.0,0.0001,0.0,1.0,256,50.0,auto,auto,periodic,"Simulation diverged at t=0: eigenvalue Re(λ)=1.720e+00 predicts growth factor 2.26e+37 over Δt=50.0, exceeding threshold 1e+08. The system is physically unstable.",diverged,"Simulation diverged at t=0: eigenvalue Re(λ)=1.720e+00 predicts growth factor 2.26e+37 over Δt=50.0, exceeding threshold 1e+08. The system is physically unstable.",-1,,,,,,,,false
0.7241379310344827,-1.9473684210526316,1.0,0.0001,0.0,1.0,256,50.0,auto,auto,periodic,"Simulation diverged at t=0: eigenvalue Re(λ)=3.419e+00 predicts growth factor 1.75e+74 over Δt=50.0, exceeding threshold 1e+08. The system is physically unstable.",diverged,"Simulation diverged at t=0: eigenvalue Re(λ)=3.419e+00 predicts growth factor 1.75e+74 over Δt=50.0, exceeding threshold 1e+08. The system is physically unstable.",-1,,,,,,,,false
0.7241379310344827,-1.8157894736842106,1.0,0.0001,0.0,1.0,256,50.0,auto,auto,periodic,"Simulation diverged at t=0: eigenvalue Re(λ)=2.093e+00 predicts growth factor 2.84e+45 over Δt=50.0, exceeding threshold 1e+08. The system is physically unstable.",diverged,"Simulation diverged at t=0: eigenvalue Re(λ)=2.093e+00 predicts growth factor 2.84e+45 over Δt=50.0, exceeding threshold 1e+08. The system is physically unstable.",-1,,,,,,,,false
0.7241379310344827,-1.6842105263157896,1.0,0.0001,0.0,1.0,256,50.0,auto,auto,periodic,"Simulation diverged at t=0: eigenvalue Re(λ)=3.928e-01 predicts growth factor 3.38e+08 over Δt=50.0, exceeding threshold 1e+08. The system is physically unstable.",diverged,"Simulation diverged at t=0: eigenvalue Re(λ)=3.928e-01 predicts growth factor 3.38e+08 over Δt=50.0, exceeding threshold 1e+08. The system is physically unstable.",-1,,,,,,,,false
0.7241379310344827,-1.5526315789473686,1.0,0.0001,0.0,1.0,256,50.0,auto,auto,periodic,"Simulation diverged at t=0: eigenvalue Re(λ)=3.877e-01 predicts growth factor 2.63e+08 over Δt=50.0, exceeding threshold 1e+08. The system is physically unstable.",diverged,"Simulation diverged at t=0: eigenvalue Re(λ)=3.877e-01 predicts growth factor 2.63e+08 over Δt=50.0, exceeding threshold 1e+08. The system is physically unstable.",-1,,,,,,,,false
0.7241379310344827,-1.4210526315789473,1.0,0.0001,0.0,1.0,256,50.0,auto,auto,periodic,"Simulation diverged at t=0: eigenvalue Re(λ)=3.689e-01 predicts growth factor 1.03e+08 over Δt=50.0, exceeding threshold 1e+08. The system is physically unstable.",diverged,"Simulation diverged at t=0: eigenvalue Re(λ)=3.689e-01 predicts growth factor 1.03e+08 over Δt=50.0, exceeding threshold 1e+08. The system is physically unstable.",-1,,,,,,,,false
0.7241379310344827,-1.2894736842105263,1.0,0.0001,0.0,1.0,256,50.0,auto,auto,periodic,,success,,0,1.2810370357893408,50.0,1.2810370357893408,1.76,1.2810e+08,,,false
0.7241379310344827,-1.1578947368421053,1.0,0.0001,0.0,1.0,256,50.0,auto,auto,periodic,,success,,0,0.0012245466888624018,50.0,0.0012245466888624018,1.9,1.2245e+05,1.959279e+02,2.2921,true
0.7241379310344827,-1.0263157894736843,1.0,0.0001,0.0,1.0,256,50.0,auto,auto,periodic,,success,,0,1.7038629255065293e-06,50.0,1.7038629255065293e-06,2.19,1.7039e+02,2.726186e-01,-0.5644,true
0.7241379310344827,-0.8947368421052633,1.0,0.0001,0.0,1.0,256,50.0,auto,auto,periodic,,success,,0,3.121796258722532e-09,50.0,3.121796258722532e-09,1.5,3.1218e-01,4.994884e-04,-3.3015,true
0.7241379310344827,-0.763157894736842,1.0,0.0001,0.0,1.0,256,50.0,auto,auto,periodic,,success,,0,8.399224899282288e-12,50.0,8.399224899282288e-12,1.42,8.3992e-04,1.343879e-06,-5.8716,true
0.7241379310344827,-0.6315789473684212,1.0,0.0001,0.0,1.0,256,50.0,auto,auto,periodic,,success,,0,3.812768839531338e-12,43.0,3.4786159466961215e-12,1.97,3.8128e-04,6.100443e-07,-6.2146,true
0.7241379310344827,-0.5,1.0,0.0001,0.0,1.0,256,50.0,auto,auto,periodic,,success,,0,2.5528207651343376e-11,43.0,1.767030244180892e-11,1.99,2.5528e-03,4.084522e-06,-5.3889,true
0.7931034482758621,-3.0,1.0,0.0001,0.0,1.0,256,50.0,auto,auto,periodic,"Simulation diverged at t=0: eigenvalue Re(λ)=2.377e+00 predicts growth factor 4.18e+51 over Δt=50.0, exceeding threshold 1e+08. The system is physically unstable.",diverged,"Simulation diverged at t=0: eigenvalue Re(λ)=2.377e+00 predicts growth factor 4.18e+51 over Δt=50.0, exceeding threshold 1e+08. The system is physically unstable.",-1,,,,,,,,false
0.7931034482758621,-2.8684210526315788,1.0,0.0001,0.0,1.0,256,50.0,auto,auto,periodic,"Simulation diverged at t=0: eigenvalue Re(λ)=3.188e+00 predicts growth factor 1.66e+69 over Δt=50.0, exceeding threshold 1e+08. The system is physically unstable.",diverged,"Simulation diverged at t=0: eigenvalue Re(λ)=3.188e+00 predicts growth factor 1.66e+69 over Δt=50.0, exceeding threshold 1e+08. The system is physically unstable.",-1,,,,,,,,false
0.7931034482758621,-2.736842105263158,1.0,0.0001,0.0,1.0,256,50.0,auto,auto,periodic,"Simulation diverged at t=0: eigenvalue Re(λ)=1.034e+01 predicts growth factor 3.35e+224 over Δt=50.0, exceeding threshold 1e+08. The system is physically unstable.",diverged,"Simulation diverged at t=0: eigenvalue Re(λ)=1.034e+01 predicts growth factor 3.35e+224 over Δt=50.0, exceeding threshold 1e+08. The system is physically unstable.",-1,,,,,,,,false
0.7931034482758621,-2.6052631578947367,1.0,0.0001,0.0,1.0,256,50.0,auto,auto,periodic,"Simulation diverged at t=0: eigenvalue Re(λ)=2.150e+00 predicts growth factor 4.93e+46 over Δt=50.0, exceeding threshold 1e+08. The system is physically unstable.",diverged,"Simulation diverged at t=0: eigenvalue Re(λ)=2.150e+00 predicts growth factor 4.93e+46 over Δt=50.0, exceeding threshold 1e+08. The system is physically unstable.",-1,,,,,,,,false
0.7931034482758621,-2.473684210526316,1.0,0.0001,0.0,1.0,256,50.0,auto,auto,periodic,"Simulation diverged at t=0: eigenvalue Re(λ)=2.499e+00 predicts growth factor 1.82e+54 over Δt=50.0, exceeding threshold 1e+08. The system is physically unstable.",diverged,"Simulation diverged at t=0: eigenvalue Re(λ)=2.499e+00 predicts growth factor 1.82e+54 over Δt=50.0, exceeding threshold 1e+08. The system is physically unstable.",-1,,,,,,,,false
0.7931034482758621,-2.3421052631578947,1.0,0.0001,0.0,1.0,256,50.0,auto,auto,periodic,"Simulation diverged at t=0: eigenvalue Re(λ)=2.980e+00 predicts growth factor 5.04e+64 over Δt=50.0, exceeding threshold 1e+08. The system is physically unstable.",diverged,"Simulation diverged at t=0: eigenvalue Re(λ)=2.980e+00 predicts growth factor 5.04e+64 over Δt=50.0, exceeding threshold 1e+08. The system is physically unstable.",-1,,,,,,,,false
0.7931034482758621,-2.2105263157894735,1.0,0.0001,0.0,1.0,256,50.0,auto,auto,periodic,"Simulation diverged at t=0: eigenvalue Re(λ)=3.301e+00 predicts growth factor 4.78e+71 over Δt=50.0, exceeding threshold 1e+08. The system is physically unstable.",diverged,"Simulation diverged at t=0: eigenvalue Re(λ)=3.301e+00 predicts growth factor 4.78e+71 over Δt=50.0, exceeding threshold 1e+08. The system is physically unstable.",-1,,,,,,,,false
0.7931034482758621,-2.0789473684210527,1.0,0.0001,0.0,1.0,256,50.0,auto,auto,periodic,"Simulation diverged at t=0: eigenvalue Re(λ)=2.643e+00 predicts growth factor 2.53e+57 over Δt=50.0, exceeding threshold 1e+08. The system is physically unstable.",diverged,"Simulation diverged at t=0: eigenvalue Re(λ)=2.643e+00 predicts growth factor 2.53e+57 over Δt=50.0, exceeding threshold 1e+08. The system is physically unstable.",-1,,,,,,,,false
0.7931034482758621,-1.9473684210526316,1.0,0.0001,0.0,1.0,256,50.0,auto,auto,periodic,"Simulation diverged at t=0: eigenvalue Re(λ)=1.606e+00 predicts growth factor 7.39e+34 over Δt=50.0, exceeding threshold 1e+08. The system is physically unstable.",diverged,"Simulation diverged at t=0: eigenvalue Re(λ)=1.606e+00 predicts growth factor 7.39e+34 over Δt=50.0, exceeding threshold 1e+08. The system is physically unstable.",-1,,,,,,,,false
0.7931034482758621,-1.8157894736842106,1.0,0.0001,0.0,1.0,256,50.0,auto,auto,periodic,"Simulation diverged at t=0: eigenvalue Re(λ)=1.388e+00 predicts growth factor 1.35e+30 over Δt=50.0, exceeding threshold 1e+08. The system is physically unstable.",diverged,"Simulation diverged at t=0: eigenvalue Re(λ)=1.388e+00 predicts growth factor 1.35e+30 over Δt=50.0, exceeding threshold 1e+08. The system is physically unstable.",-1,,,,,,,,false
0.7931034482758621,-1.6842105263157896,1.0,0.0001,0.0,1.0,256,50.0,auto,auto,periodic,"Simulation diverged at t=0: eigenvalue Re(λ)=4.189e-01 predicts growth factor 1.25e+09 over Δt=50.0, exceeding threshold 1e+08. The system is physically unstable.",diverged,"Simulation diverged at t=0: eigenvalue Re(λ)=4.189e-01 predicts growth factor 1.25e+09 over Δt=50.0, exceeding threshold 1e+08. The system is physically unstable.",-1,,,,,,,,false
0.7931034482758621,-1.5526315789473686,1.0,0.0001,0.0,1.0,256,50.0,auto,auto,periodic,"Simulation diverged at t=0: eigenvalue Re(λ)=4.171e-01 predicts growth factor 1.14e+09 over Δt=50.0, exceeding threshold 1e+08. The system is physically unstable.",diverged,"Simulation diverged at t=0: eigenvalue Re(λ)=4.171e-01 predicts growth factor 1.14e+09 over Δt=50.0, exceeding threshold 1e+08. The system is physically unstable.",-1,,,,,,,,false
0.7931034482758621,-1.4210526315789473,1.0,0.0001,0.0,1.0,256,50.0,auto,auto,periodic,"Simulation diverged at t=0: eigenvalue Re(λ)=3.710e-01 predicts growth factor 1.14e+08 over Δt=50.0, exceeding threshold 1e+08. The system is physically unstable.",diverged,"Simulation diverged at t=0: eigenvalue Re(λ)=3.710e-01 predicts growth factor 1.14e+08 over Δt=50.0, exceeding threshold 1e+08. The system is physically unstable.",-1,,,,,,,,false
0.7931034482758621,-1.2894736842105263,1.0,0.0001,0.0,1.0,256,50.0,auto,auto,periodic,,success,,0,94.8887268646858,50.0,94.8887268646858,1.51,9.4889e+09,,,false
0.7931034482758621,-1.1578947368421053,1.0,0.0001,0.0,1.0,256,50.0,auto,auto,periodic,,success,,0,0.21315817384297173,50.0,0.21315817384297173,1.41,2.1316e+07,,,false
0.7931034482758621,-1.0263157894736843,1.0,0.0001,0.0,1.0,256,50.0,auto,auto,periodic,,success,,0,0.0006912074326524915,50.0,0.0006912074326524915,1.43,6.9121e+04,1.105934e+02,2.0437,true
0.7931034482758621,-0.8947368421052633,1.0,0.0001,0.0,1.0,256,50.0,auto,auto,periodic,,success,,0,2.8772606454442885e-06,50.0,2.8772606454442885e-06,2.22,2.8773e+02,4.603627e-01,-0.3369,true
0.7931034482758621,-0.763157894736842,1.0,0.0001,0.0,1.0,256,50.0,auto,auto,periodic,,success,,0,1.4460922683962428e-08,50.0,1.4460922683962428e-08,1.76,1.4461e+00,2.313752e-03,-2.6357,true
0.7931034482758621,-0.6315789473684212,1.0,0.0001,0.0,1.0,256,50.0,auto,auto,periodic,,success,,0,9.494579871890812e-11,50.0,9.494579871890812e-11,1.51,9.4946e-03,1.519136e-05,-4.8184,true
0.7931034482758621,-0.5,1.0,0.0001,0.0,1.0,256,50.0,auto,auto,periodic,,success,,0,5.0967010981551716e-14,50.0,5.0967010981551716e-14,1.66,5.0967e-06,8.154739e-09,-8.0886,true
0.8620689655172413,-3.0,1.0,0.0001,0.0,1.0,256,50.0,auto,auto,periodic,"Simulation diverged at t=0: eigenvalue Re(λ)=2.386e+00 predicts growth factor 6.53e+51 over Δt=50.0, exceeding threshold 1e+08. The system is physically unstable.",diverged,"Simulation diverged at t=0: eigenvalue Re(λ)=2.386e+00 predicts growth factor 6.53e+51 over Δt=50.0, exceeding threshold 1e+08. The system is physically unstable.",-1,,,,,,,,false
0.8620689655172413,-2.8684210526315788,1.0,0.0001,0.0,1.0,256,50.0,auto,auto,periodic,"Simulation diverged at t=0: eigenvalue Re(λ)=3.801e+00 predicts growth factor 3.49e+82 over Δt=50.0, exceeding threshold 1e+08. The system is physically unstable.",diverged,"Simulation diverged at t=0: eigenvalue Re(λ)=3.801e+00 predicts growth factor 3.49e+82 over Δt=50.0, exceeding threshold 1e+08. The system is physically unstable.",-1,,,,,,,,false
0.8620689655172413,-2.736842105263158,1.0,0.0001,0.0,1.0,256,50.0,auto,auto,periodic,"Simulation diverged at t=0: eigenvalue Re(λ)=1.997e+00 predicts growth factor 2.33e+43 over Δt=50.0, exceeding threshold 1e+08. The system is physically unstable.",diverged,"Simulation diverged at t=0: eigenvalue Re(λ)=1.997e+00 predicts growth factor 2.33e+43 over Δt=50.0, exceeding threshold 1e+08. The system is physically unstable.",-1,,,,,,,,false
0.8620689655172413,-2.6052631578947367,1.0,0.0001,0.0,1.0,256,50.0,auto,auto,periodic,"Simulation diverged at t=0: eigenvalue Re(λ)=2.502e+00 predicts growth factor 2.16e+54 over Δt=50.0, exceeding threshold 1e+08. The system is physically unstable.",diverged,"Simulation diverged at t=0: eigenvalue Re(λ)=2.502e+00 predicts growth factor 2.16e+54 over Δt=50.0, exceeding threshold 1e+08. The system is physically unstable.",-1,,,,,,,,false
0.8620689655172413,-2.473684210526316,1.0,0.0001,0.0,1.0,256,50.0,auto,auto,periodic,"Simulation diverged at t=0: eigenvalue Re(λ)=4.114e+00 predicts growth factor 2.11e+89 over Δt=50.0, exceeding threshold 1e+08. The system is physically unstable.",diverged,"Simulation diverged at t=0: eigenvalue Re(λ)=4.114e+00 predicts growth factor 2.11e+89 over Δt=50.0, exceeding threshold 1e+08. The system is physically unstable.",-1,,,,,,,,false
0.8620689655172413,-2.3421052631578947,1.0,0.0001,0.0,1.0,256,50.0,auto,auto,periodic,"Simulation diverged at t=0: eigenvalue Re(λ)=1.645e+00 predicts growth factor 5.30e+35 over Δt=50.0, exceeding threshold 1e+08. The system is physically unstable.",diverged,"Simulation diverged at t=0: eigenvalue Re(λ)=1.645e+00 predicts growth factor 5.30e+35 over Δt=50.0, exceeding threshold 1e+08. The system is physically unstable.",-1,,,,,,,,false
0.8620689655172413,-2.2105263157894735,1.0,0.0001,0.0,1.0,256,50.0,auto,auto,periodic,"Simulation diverged at t=0: eigenvalue Re(λ)=1.674e+00 predicts growth factor 2.27e+36 over Δt=50.0, exceeding threshold 1e+08. The system is physically unstable.",diverged,"Simulation diverged at t=0: eigenvalue Re(λ)=1.674e+00 predicts growth factor 2.27e+36 over Δt=50.0, exceeding threshold 1e+08. The system is physically unstable.",-1,,,,,,,,false
0.8620689655172413,-2.0789473684210527,1.0,0.0001,0.0,1.0,256,50.0,auto,auto,periodic,"Simulation diverged at t=0: eigenvalue Re(λ)=1.561e+00 predicts growth factor 7.96e+33 over Δt=50.0, exceeding threshold 1e+08. The system is physically unstable.",diverged,"Simulation diverged at t=0: eigenvalue Re(λ)=1.561e+00 predicts growth factor 7.96e+33 over Δt=50.0, exceeding threshold 1e+08. The system is physically unstable.",-1,,,,,,,,false
0.8620689655172413,-1.9473684210526316,1.0,0.0001,0.0,1.0,256,50.0,auto,auto,periodic,"Simulation diverged at t=0: eigenvalue Re(λ)=1.257e+00 predicts growth factor 1.97e+27 over Δt=50.0, exceeding threshold 1e+08. The system is physically unstable.",diverged,"Simulation diverged at t=0: eigenvalue Re(λ)=1.257e+00 predicts growth factor 1.97e+27 over Δt=50.0, exceeding threshold 1e+08. The system is physically unstable.",-1,,,,,,,,false
0.8620689655172413,-1.8157894736842106,1.0,0.0001,0.0,1.0,256,50.0,auto,auto,periodic,"Simulation diverged at t=0: eigenvalue Re(λ)=1.156e+00 predicts growth factor 1.30e+25 over Δt=50.0, exceeding threshold 1e+08. The system is physically unstable.",diverged,"Simulation diverged at t=0: eigenvalue Re(λ)=1.156e+00 predicts growth factor 1.30e+25 over Δt=50.0, exceeding threshold 1e+08. The system is physically unstable.",-1,,,,,,,,false
0.8620689655172413,-1.6842105263157896,1.0,0.0001,0.0,1.0,256,50.0,auto,auto,periodic,"Simulation diverged at t=0: eigenvalue Re(λ)=4.424e-01 predicts growth factor 4.04e+09 over Δt=50.0, exceeding threshold 1e+08. The system is physically unstable.",diverged,"Simulation diverged at t=0: eigenvalue Re(λ)=4.424e-01 predicts growth factor 4.04e+09 over Δt=50.0, exceeding threshold 1e+08. The system is physically unstable.",-1,,,,,,,,false
0.8620689655172413,-1.5526315789473686,1.0,0.0001,0.0,1.0,256,50.0,auto,auto,periodic,"Simulation diverged at t=0: eigenvalue Re(λ)=3.807e-01 predicts growth factor 1.85e+08 over Δt=50.0, exceeding threshold 1e+08. The system is physically unstable.",diverged,"Simulation diverged at t=0: eigenvalue Re(λ)=3.807e-01 predicts growth factor 1.85e+08 over Δt=50.0, exceeding threshold 1e+08. The system is physically unstable.",-1,,,,,,,,false
0.8620689655172413,-1.4210526315789473,1.0,0.0001,0.0,1.0,256,50.0,auto,auto,periodic,"Simulation diverged at t=0: eigenvalue Re(λ)=4.004e-01 predicts growth factor 4.94e+08 over Δt=50.0, exceeding threshold 1e+08. The system is physically unstable.",diverged,"Simulation diverged at t=0: eigenvalue Re(λ)=4.004e-01 predicts growth factor 4.94e+08 over Δt=50.0, exceeding threshold 1e+08. The system is physically unstable.",-1,,,,,,,,false
0.8620689655172413,-1.2894736842105263,1.0,0.0001,0.0,1.0,256,50.0,auto,auto,periodic,"Simulation diverged at t=0: eigenvalue Re(λ)=3.714e-01 predicts growth factor 1.16e+08 over Δt=50.0, exceeding threshold 1e+08. The system is physically unstable.",diverged,"Simulation diverged at t=0: eigenvalue Re(λ)=3.714e-01 predicts growth factor 1.16e+08 over Δt=50.0, exceeding threshold 1e+08. The system is physically unstable.",-1,,,,,,,,false
0.8620689655172413,-1.1578947368421053,1.0,0.0001,0.0,1.0,256,50.0,auto,auto,periodic,,success,,0,13.740401526441827,50.0,13.740401526441827,1.98,1.3740e+09,,,false
0.8620689655172413,-1.0263157894736843,1.0,0.0001,0.0,1.0,256,50.0,auto,auto,periodic,,success,,0,0.08581330705171997,50.0,0.08581330705171997,1.46,8.5813e+06,1.373016e+04,4.1377,true
0.8620689655172413,-0.8947368421052633,1.0,0.0001,0.0,1.0,256,50.0,auto,auto,periodic,,success,,0,0.0006850510934080986,50.0,0.0006850510934080986,1.77,6.8505e+04,1.096084e+02,2.0398,true
0.8620689655172413,-0.763157894736842,1.0,0.0001,0.0,1.0,256,50.0,auto,auto,periodic,,success,,0,6.534230096837233e-06,50.0,6.534230096837233e-06,2.43,6.5342e+02,1.045479e+00,0.0193,true
0.8620689655172413,-0.6315789473684212,1.0,0.0001,0.0,1.0,256,50.0,auto,auto,periodic,,success,,0,7.150129114765631e-08,50.0,7.150129114765631e-08,1.49,7.1501e+00,1.144023e-02,-1.9416,true
0.8620689655172413,-0.5,1.0,0.0001,0.0,1.0,256,50.0,auto,auto,periodic,,success,,0,9.060379130463714e-10,50.0,9.060379130463714e-10,1.69,9.0604e-02,1.449664e-04,-3.8387,true
0.9310344827586206,-3.0,1.0,0.0001,0.0,1.0,256,50.0,auto,auto,periodic,"Simulation diverged at t=0: eigenvalue Re(λ)=2.764e+00 predicts growth factor 1.03e+60 over Δt=50.0, exceeding threshold 1e+08. The system is physically unstable.",diverged,"Simulation diverged at t=0: eigenvalue Re(λ)=2.764e+00 predicts growth factor 1.03e+60 over Δt=50.0, exceeding threshold 1e+08. The system is physically unstable.",-1,,,,,,,,false
0.9310344827586206,-2.8684210526315788,1.0,0.0001,0.0,1.0,256,50.0,auto,auto,periodic,"Simulation diverged at t=0: eigenvalue Re(λ)=1.849e+00 predicts growth factor 1.39e+40 over Δt=50.0, exceeding threshold 1e+08. The system is physically unstable.",diverged,"Simulation diverged at t=0: eigenvalue Re(λ)=1.849e+00 predicts growth factor 1.39e+40 over Δt=50.0, exceeding threshold 1e+08. The system is physically unstable.",-1,,,,,,,,false
0.9310344827586206,-2.736842105263158,1.0,0.0001,0.0,1.0,256,50.0,auto,auto,periodic,"Simulation diverged at t=0: eigenvalue Re(λ)=2.384e+00 predicts growth factor 5.75e+51 over Δt=50.0, exceeding threshold 1e+08. The system is physically unstable.",diverged,"Simulation diverged at t=0: eigenvalue Re(λ)=2.384e+00 predicts growth factor 5.75e+51 over Δt=50.0, exceeding threshold 1e+08. The system is physically unstable.",-1,,,,,,,,false
0.9310344827586206,-2.6052631578947367,1.0,0.0001,0.0,1.0,256,50.0,auto,auto,periodic,"Simulation diverged at t=0: eigenvalue Re(λ)=5.113e+00 predicts growth factor 1.04e+111 over Δt=50.0, exceeding threshold 1e+08. The system is physically unstable.",diverged,"Simulation diverged at t=0: eigenvalue Re(λ)=5.113e+00 predicts growth factor 1.04e+111 over Δt=50.0, exceeding threshold 1e+08. The system is physically unstable.",-1,,,,,,,,false
0.9310344827586206,-2.473684210526316,1.0,0.0001,0.0,1.0,256,50.0,auto,auto,periodic,"Simulation diverged at t=0: eigenvalue Re(λ)=1.830e+00 predicts growth factor 5.43e+39 over Δt=50.0, exceeding threshold 1e+08. The system is physically unstable.",diverged,"Simulation diverged at t=0: eigenvalue Re(λ)=1.830e+00 predicts growth factor 5.43e+39 over Δt=50.0, exceeding threshold 1e+08. The system is physically unstable.",-1,,,,,,,,false
0.9310344827586206,-2.3421052631578947,1.0,0.0001,0.0,1.0,256,50.0,auto,auto,periodic,"Simulation diverged at t=0: eigenvalue Re(λ)=2.213e+00 predicts growth factor 1.13e+48 over Δt=50.0, exceeding threshold 1e+08. The system is physically unstable.",diverged,"Simulation diverged at t=0: eigenvalue Re(λ)=2.213e+00 predicts growth factor 1.13e+48 over Δt=50.0, exceeding threshold 1e+08. The system is physically unstable.",-1,,,,,,,,false
0.9310344827586206,-2.2105263157894735,1.0,0.0001,0.0,1.0,256,50.0,auto,auto,periodic,"Simulation diverged at t=0: eigenvalue Re(λ)=2.930e+00 predicts growth factor 4.12e+63 over Δt=50.0, exceeding threshold 1e+08. The system is physically unstable.",diverged,"Simulation diverged at t=0: eigenvalue Re(λ)=2.930e+00 predicts growth factor 4.12e+63 over Δt=50.0, exceeding threshold 1e+08. The system is physically unstable.",-1,,,,,,,,false
0.9310344827586206,-2.0789473684210527,1.0,0.0001,0.0,1.0,256,50.0,auto,auto,periodic,"Simulation diverged at t=0: eigenvalue Re(λ)=3.752e+00 predicts growth factor 2.97e+81 over Δt=50.0, exceeding threshold 1e+08. The system is physically unstable.",diverged,"Simulation diverged at t=0: eigenvalue Re(λ)=3.752e+00 predicts growth factor 2.97e+81 over Δt=50.0, exceeding threshold 1e+08. The system is physically unstable.",-1,,,,,,,,false
0.9310344827586206,-1.9473684210526316,1.0,0.0001,0.0,1.0,256,50.0,auto,auto,periodic,"Simulation diverged at t=0: eigenvalue Re(λ)=2.306e+00 predicts growth factor 1.16e+50 over Δt=50.0, exceeding threshold 1e+08. The system is physically unstable.",diverged,"Simulation diverged at t=0: eigenvalue Re(λ)=2.306e+00 predicts growth factor 1.16e+50 over Δt=50.0, exceeding threshold 1e+08. The system is physically unstable.",-1,,,,,,,,false
0.9310344827586206,-1.8157894736842106,1.0,0.0001,0.0,1.0,256,50.0,auto,auto,periodic,"Simulation diverged at t=0: eigenvalue Re(λ)=1.037e+00 predicts growth factor 3.32e+22 over Δt=50.0, exceeding threshold 1e+08. The system is physically unstable.",diverged,"Simulation diverged at t=0: eigenvalue Re(λ)=1.037e+00 predicts growth factor 3.32e+22 over Δt=50.0, exceeding threshold 1e+08. The system is physically unstable.",-1,,,,,,,,false
0.9310344827586206,-1.6842105263157896,1.0,0.0001,0.0,1.0,256,50.0,auto,auto,periodic,"Simulation diverged at t=0: eigenvalue Re(λ)=4.636e-01 predicts growth factor 1.17e+10 over Δt=50.0, exceeding threshold 1e+08. The system is physically unstable.",diverged,"Simulation diverged at t=0: eigenvalue Re(λ)=4.636e-01 predicts growth factor 1.17e+10 over Δt=50.0, exceeding threshold 1e+08. The system is physically unstable.",-1,,,,,,,,false
0.9310344827586206,-1.5526315789473686,1.0,0.0001,0.0,1.0,256,50.0,auto,auto,periodic,"Simulation diverged at t=0: eigenvalue Re(λ)=4.043e-01 predicts growth factor 6.01e+08 over Δt=50.0, exceeding threshold 1e+08. The system is physically unstable.",diverged,"Simulation diverged at t=0: eigenvalue Re(λ)=4.043e-01 predicts growth factor 6.01e+08 over Δt=50.0, exceeding threshold 1e+08. The system is physically unstable.",-1,,,,,,,,false
0.9310344827586206,-1.4210526315789473,1.0,0.0001,0.0,1.0,256,50.0,auto,auto,periodic,"Simulation diverged at t=0: eigenvalue Re(λ)=3.864e-01 predicts growth factor 2.46e+08 over Δt=50.0, exceeding threshold 1e+08. The system is physically unstable.",diverged,"Simulation diverged at t=0: eigenvalue Re(λ)=3.864e-01 predicts growth factor 2.46e+08 over Δt=50.0, exceeding threshold 1e+08. The system is physically unstable.",-1,,,,,,,,false
0.9310344827586206,-1.2894736842105263,1.0,0.0001,0.0,1.0,256,50.0,auto,auto,periodic,"Simulation diverged at t=0: eigenvalue Re(λ)=3.912e-01 predicts growth factor 3.13e+08 over Δt=50.0, exceeding threshold 1e+08. The system is physically unstable.",diverged,"Simulation diverged at t=0: eigenvalue Re(λ)=3.912e-01 predicts growth factor 3.13e+08 over Δt=50.0, exceeding threshold 1e+08. The system is physically unstable.",-1,,,,,,,,false
0.9310344827586206,-1.1578947368421053,1.0,0.0001,0.0,1.0,256,50.0,auto,auto,periodic,,success,,0,426.64843286184157,50.0,426.64843286184157,1.67,4.2665e+10,,,false
0.9310344827586206,-1.0263157894736843,1.0,0.0001,0.0,1.0,256,50.0,auto,auto,periodic,,success,,0,4.48996128468812,50.0,4.48996128468812,1.61,4.4900e+08,,,false
0.9310344827586206,-0.8947368421052633,1.0,0.0001,0.0,1.0,256,50.0,auto,auto,periodic,,success,,0,0.05996182829066219,50.0,0.05996182829066219,1.82,5.9962e+06,9.593913e+03,3.9820,true
0.9310344827586206,-0.763157894736842,1.0,0.0001,0.0,1.0,256,50.0,auto,auto,periodic,,success,,0,0.0009543317499627426,50.0,0.0009543317499627426,2.13,9.5433e+04,1.526934e+02,2.1838,true
0.9310344827586206,-0.6315789473684212,1.0,0.0001,0.0,1.0,256,50.0,auto,auto,periodic,,success,,0,1.7353313772338977e-05,50.0,1.7353313772338977e-05,1.69,1.7353e+03,2.776536e+00,0.4435,true
0.9310344827586206,-0.5,1.0,0.0001,0.0,1.0,256,50.0,auto,auto,periodic,,success,,0,3.505203188896317e-07,50.0,3.505203188896317e-07,2.06,3.5052e+01,5.608337e-02,-1.2512,true
1.0,-3.0,1.0,0.0001,0.0,1.0,256,50.0,auto,auto,periodic,"Simulation diverged at t=0: eigenvalue Re(λ)=5.356e+00 predicts growth factor 2.00e+116 over Δt=50.0, exceeding threshold 1e+08. The system is physically unstable.",diverged,"Simulation diverged at t=0: eigenvalue Re(λ)=5.356e+00 predicts growth factor 2.00e+116 over Δt=50.0, exceeding threshold 1e+08. The system is physically unstable.",-1,,,,,,,,false
1.0,-2.8684210526315788,1.0,0.0001,0.0,1.0,256,50.0,auto,auto,periodic,"Simulation diverged at t=0: eigenvalue Re(λ)=2.221e+00 predicts growth factor 1.70e+48 over Δt=50.0, exceeding threshold 1e+08. The system is physically unstable.",diverged,"Simulation diverged at t=0: eigenvalue Re(λ)=2.221e+00 predicts growth factor 1.70e+48 over Δt=50.0, exceeding threshold 1e+08. The system is physically unstable.",-1,,,,,,,,false
1.0,-2.736842105263158,1.0,0.0001,0.0,1.0,256,50.0,auto,auto,periodic,"Simulation diverged at t=0: eigenvalue Re(λ)=5.132e+00 predicts growth factor 2.76e+111 over Δt=50.0, exceeding threshold 1e+08. The system is physically unstable.",diverged,"Simulation diverged at t=0: eigenvalue Re(λ)=5.132e+00 predicts growth factor 2.76e+111 over Δt=50.0, exceeding threshold 1e+08. The system is physically unstable.",-1,,,,,,,,false
1.0,-2.6052631578947367,1.0,0.0001,0.0,1.0,256,50.0,auto,auto,periodic,"Simulation diverged at t=0: eigenvalue Re(λ)=1.955e+00 predicts growth factor 2.80e+42 over Δt=50.0, exceeding threshold 1e+08. The system is physically unstable.",diverged,"Simulation diverged at t=0: eigenvalue Re(λ)=1.955e+00 predicts growth factor 2.80e+42 over Δt=50.0, exceeding threshold 1e+08. The system is physically unstable.",-1,,,,,,,,false
1.0,-2.473684210526316,1.0,0.0001,0.0,1.0,256,50.0,auto,auto,periodic,"Simulation diverged at t=0: eigenvalue Re(λ)=3.004e+00 predicts growth factor 1.70e+65 over Δt=50.0, exceeding threshold 1e+08. The system is physically unstable.",diverged,"Simulation diverged at t=0: eigenvalue Re(λ)=3.004e+00 predicts growth factor 1.70e+65 over Δt=50.0, exceeding threshold 1e+08. The system is physically unstable.",-1,,,,,,,,false
1.0,-2.3421052631578947,1.0,0.0001,0.0,1.0,256,50.0,auto,auto,periodic,"Simulation diverged at t=0: eigenvalue Re(λ)=1.532e+00 predicts growth factor 1.88e+33 over Δt=50.0, exceeding threshold 1e+08. The system is physically unstable.",diverged,"Simulation diverged at t=0: eigenvalue Re(λ)=1.532e+00 predicts growth factor 1.88e+33 over Δt=50.0, exceeding threshold 1e+08. The system is physically unstable.",-1,,,,,,,,false
1.0,-2.2105263157894735,1.0,0.0001,0.0,1.0,256,50.0,auto,auto,periodic,"Simulation diverged at t=0: eigenvalue Re(λ)=1.693e+00 predicts growth factor 5.68e+36 over Δt=50.0, exceeding threshold 1e+08. The system is physically unstable.",diverged,"Simulation diverged at t=0: eigenvalue Re(λ)=1.693e+00 predicts growth factor 5.68e+36 over Δt=50.0, exceeding threshold 1e+08. The system is physically unstable.",-1,,,,,,,,false
1.0,-2.0789473684210527,1.0,0.0001,0.0,1.0,256,50.0,auto,auto,periodic,"Simulation diverged at t=0: eigenvalue Re(λ)=1.788e+00 predicts growth factor 6.56e+38 over Δt=50.0, exceeding threshold 1e+08. The system is physically unstable.",diverged,"Simulation diverged at t=0: eigenvalue Re(λ)=1.788e+00 predicts growth factor 6.56e+38 over Δt=50.0, exceeding threshold 1e+08. The system is physically unstable.",-1,,,,,,,,false
1.0,-1.9473684210526316,1.0,0.0001,0.0,1.0,256,50.0,auto,auto,periodic,"Simulation diverged at t=0: eigenvalue Re(λ)=1.538e+00 predicts growth factor 2.51e+33 over Δt=50.0, exceeding threshold 1e+08. The system is physically unstable.",diverged,"Simulation diverged at t=0: eigenvalue Re(λ)=1.538e+00 predicts growth factor 2.51e+33 over Δt=50.0, exceeding threshold 1e+08. The system is physically unstable.",-1,,,,,,,,false
1.0,-1.8157894736842106,1.0,0.0001,0.0,1.0,256,50.0,auto,auto,periodic,"Simulation diverged at t=0: eigenvalue Re(λ)=9.636e-01 predicts growth factor 8.39e+20 over Δt=50.0, exceeding threshold 1e+08. The system is physically unstable.",diverged,"Simulation diverged at t=0: eigenvalue Re(λ)=9.636e-01 predicts growth factor 8.39e+20 over Δt=50.0, exceeding threshold 1e+08. The system is physically unstable.",-1,,,,,,,,false
1.0,-1.6842105263157896,1.0,0.0001,0.0,1.0,256,50.0,auto,auto,periodic,"Simulation diverged at t=0: eigenvalue Re(λ)=4.827e-01 predicts growth factor 3.03e+10 over Δt=50.0, exceeding threshold 1e+08. The system is physically unstable.",diverged,"Simulation diverged at t=0: eigenvalue Re(λ)=4.827e-01 predicts growth factor 3.03e+10 over Δt=50.0, exceeding threshold 1e+08. The system is physically unstable.",-1,,,,,,,,false
1.0,-1.5526315789473686,1.0,0.0001,0.0,1.0,256,50.0,auto,auto,periodic,"Simulation diverged at t=0: eigenvalue Re(λ)=4.257e-01 predicts growth factor 1.75e+09 over Δt=50.0, exceeding threshold 1e+08. The system is physically unstable.",diverged,"Simulation diverged at t=0: eigenvalue Re(λ)=4.257e-01 predicts growth factor 1.75e+09 over Δt=50.0, exceeding threshold 1e+08. The system is physically unstable.",-1,,,,,,,,false
1.0,-1.4210526315789473,1.0,0.0001,0.0,1.0,256,50.0,auto,auto,periodic,"Simulation diverged at t=0: eigenvalue Re(λ)=4.096e-01 predicts growth factor 7.84e+08 over Δt=50.0, exceeding threshold 1e+08. The system is physically unstable.",diverged,"Simulation diverged at t=0: eigenvalue Re(λ)=4.096e-01 predicts growth factor 7.84e+08 over Δt=50.0, exceeding threshold 1e+08. The system is physically unstable.",-1,,,,,,,,false
1.0,-1.2894736842105263,1.0,0.0001,0.0,1.0,256,50.0,auto,auto,periodic,"Simulation diverged at t=0: eigenvalue Re(λ)=3.935e-01 predicts growth factor 3.51e+08 over Δt=50.0, exceeding threshold 1e+08. The system is physically unstable.",diverged,"Simulation diverged at t=0: eigenvalue Re(λ)=3.935e-01 predicts growth factor 3.51e+08 over Δt=50.0, exceeding threshold 1e+08. The system is physically unstable.",-1,,,,,,,,false
1.0,-1.1578947368421053,1.0,0.0001,0.0,1.0,256,50.0,auto,auto,periodic,"Simulation diverged at t=0: eigenvalue Re(λ)=3.709e-01 predicts growth factor 1.13e+08 over Δt=50.0, exceeding threshold 1e+08. The system is physically unstable.",diverged,"Simulation diverged at t=0: eigenvalue Re(λ)=3.709e-01 predicts growth factor 1.13e+08 over Δt=50.0, exceeding threshold 1e+08. The system is physically unstable.",-1,,,,,,,,false
1.0,-1.0263157894736843,1.0,0.0001,0.0,1.0,256,50.0,auto,auto,periodic,,success,,0,122.66877018522521,50.0,122.66877018522521,1.62,1.2267e+10,,,false
1.0,-0.8947368421052633,1.0,0.0001,0.0,1.0,256,50.0,auto,auto,periodic,,success,,0,2.4837012003264927,50.0,2.4837012003264927,1.43,2.4837e+08,,,false
1.0,-0.763157894736842,1.0,0.0001,0.0,1.0,256,50.0,auto,auto,periodic,,success,,0,0.0596617274718385,50.0,0.0596617274718385,1.51,5.9662e+06,9.545896e+03,3.9798,true
1.0,-0.6315789473684212,1.0,0.0001,0.0,1.0,256,50.0,auto,auto,periodic,,success,,0,0.0016345178608395223,50.0,0.0016345178608395223,1.69,1.6345e+05,2.615234e+02,2.4175,true
1.0,-0.5,1.0,0.0001,0.0,1.0,256,50.0,auto,auto,periodic,,success,,0,4.965901924632012e-05,50.0,4.965901924632012e-05,1.5,4.9659e+03,7.945460e+00,0.9001,true
